date,time,V0,V1,V2,V3,source_file,datetime
2026-03-20,14:14:34,108.75,-113.25,-90.125,529.125,20260802_soil_log.txt,2026-03-20 14:14:34
2026-03-20,14:19:04,77.375,-120.125,-75.75,531.5,20260802_soil_log.txt,2026-03-20 14:19:04
2026-03-20,14:19:35,100.125,-117.75000000000001,-88.125,527.5,20260802_soil_log.txt,2026-03-20 14:19:35
2026-03-20,14:24:05,65.375,-121.125,-86.25000000000001,520.375,20260802_soil_log.txt,2026-03-20 14:24:05
2026-03-20,14:29:05,65.375,-127.62500000000001,-91.75,519.625,20260802_soil_log.txt,2026-03-20 14:29:05
2026-03-20,14:34:05,55.0,-130.125,-98.625,532.5,20260802_soil_log.txt,2026-03-20 14:34:05
2026-03-20,14:39:05,58.87500000000001,-131.125,-99.5,509.25,20260802_soil_log.txt,2026-03-20 14:39:05
2026-03-20,14:44:06,55.125,-131.75,-99.625,527.75,20260802_soil_log.txt,2026-03-20 14:44:06
2026-03-20,14:49:06,54.625,-132.25,-100.375,534.375,20260802_soil_log.txt,2026-03-20 14:49:06
2026-03-20,14:54:06,52.875,-132.75,-101.625,533.0,20260802_soil_log.txt,2026-03-20 14:54:06
2026-03-20,14:59:06,56.25,-133.125,-102.37500000000001,529.875,20260802_soil_log.txt,2026-03-20 14:59:06
2026-03-20,15:04:06,52.00000000000001,-133.75,-103.12500000000001,518.5,20260802_soil_log.txt,2026-03-20 15:04:06
2026-03-20,15:09:07,53.75,-134.625,-103.00000000000001,513.375,20260802_soil_log.txt,2026-03-20 15:09:07
2026-03-20,15:14:07,52.25,-135.875,-103.37500000000001,529.5,20260802_soil_log.txt,2026-03-20 15:14:07
2026-03-20,15:19:07,54.125,-135.875,-103.62500000000001,511.12500000000006,20260802_soil_log.txt,2026-03-20 15:19:07
2026-03-20,15:24:07,51.75000000000001,-137.125,-104.375,508.625,20260802_soil_log.txt,2026-03-20 15:24:07
2026-03-20,15:29:08,50.25,-137.875,-104.75,504.87499999999994,20260802_soil_log.txt,2026-03-20 15:29:08
2026-03-20,15:34:08,46.625,-138.875,-105.25,526.875,20260802_soil_log.txt,2026-03-20 15:34:08
2026-03-20,15:39:08,48.625,-140.375,-105.75,519.25,20260802_soil_log.txt,2026-03-20 15:39:08
2026-03-20,15:44:08,44.25,-140.25,-106.5,503.50000000000006,20260802_soil_log.txt,2026-03-20 15:44:08
2026-03-20,15:49:08,39.75,-140.5,-107.25,516.375,20260802_soil_log.txt,2026-03-20 15:49:08
2026-03-20,15:54:09,39.625,-140.5,-107.5,510.0,20260802_soil_log.txt,2026-03-20 15:54:09
2026-03-20,15:59:09,45.375,-139.875,-107.75,524.625,20260802_soil_log.txt,2026-03-20 15:59:09
2026-03-20,16:04:09,44.625,-140.625,-108.125,501.12500000000006,20260802_soil_log.txt,2026-03-20 16:04:09
2026-03-20,16:09:09,42.0,-141.0,-108.75,502.25,20260802_soil_log.txt,2026-03-20 16:09:09
2026-03-20,16:14:10,36.5,-141.125,-109.375,519.375,20260802_soil_log.txt,2026-03-20 16:14:10
2026-03-20,16:19:10,39.5,-141.375,-109.75,526.0,20260802_soil_log.txt,2026-03-20 16:19:10
2026-03-20,16:24:10,41.5,-141.375,-110.125,515.25,20260802_soil_log.txt,2026-03-20 16:24:10
2026-03-20,16:29:10,34.25,-141.50000000000003,-110.75,526.1250000000001,20260802_soil_log.txt,2026-03-20 16:29:10
2026-03-20,16:34:10,34.125,-144.75,-111.625,506.75000000000006,20260802_soil_log.txt,2026-03-20 16:34:10
2026-03-20,16:39:11,32.375,-143.50000000000003,-112.125,509.50000000000006,20260802_soil_log.txt,2026-03-20 16:39:11
2026-03-20,16:44:11,32.875,-143.25000000000003,-112.625,509.50000000000006,20260802_soil_log.txt,2026-03-20 16:44:11
2026-03-20,16:49:11,33.0,-143.125,-113.0,523.1250000000001,20260802_soil_log.txt,2026-03-20 16:49:11
2026-03-20,16:54:11,35.87500000000001,-143.25000000000003,-113.5,498.625,20260802_soil_log.txt,2026-03-20 16:54:11
2026-03-20,16:59:12,35.125,-143.375,-114.25,499.625,20260802_soil_log.txt,2026-03-20 16:59:12
2026-03-20,17:04:12,32.0,-143.50000000000003,-114.625,522.25,20260802_soil_log.txt,2026-03-20 17:04:12
2026-03-20,17:09:12,27.75,-143.625,-115.125,524.25,20260802_soil_log.txt,2026-03-20 17:09:12
2026-03-20,17:14:12,33.25,-143.75000000000003,-115.375,499.0,20260802_soil_log.txt,2026-03-20 17:14:12
2026-03-20,17:19:13,32.5,-144.00000000000003,-115.75,495.5,20260802_soil_log.txt,2026-03-20 17:19:13
2026-03-20,17:24:13,31.125,-144.125,-116.375,495.62500000000006,20260802_soil_log.txt,2026-03-20 17:24:13
2026-03-20,17:29:13,27.75,-144.375,-116.875,522.75,20260802_soil_log.txt,2026-03-20 17:29:13
2026-03-20,17:34:13,27.875,-144.625,-117.0,517.125,20260802_soil_log.txt,2026-03-20 17:34:13
2026-03-20,17:39:13,29.500000000000004,-145.0,-117.87500000000001,497.125,20260802_soil_log.txt,2026-03-20 17:39:13
2026-03-20,17:44:14,28.875,-145.25,-118.50000000000001,503.75000000000006,20260802_soil_log.txt,2026-03-20 17:44:14
2026-03-20,17:49:14,27.875,-145.625,-119.25000000000001,518.625,20260802_soil_log.txt,2026-03-20 17:49:14
2026-03-20,17:54:14,24.0,-145.875,-119.75000000000001,499.0,20260802_soil_log.txt,2026-03-20 17:54:14
2026-03-20,17:59:14,21.0,-146.25,-120.25,507.50000000000006,20260802_soil_log.txt,2026-03-20 17:59:14
2026-03-20,18:04:15,24.625,-146.625,-120.75,491.12500000000006,20260802_soil_log.txt,2026-03-20 18:04:15
2026-03-20,18:09:15,23.25,-146.875,-121.125,516.375,20260802_soil_log.txt,2026-03-20 18:09:15
2026-03-20,18:14:15,24.25,-147.25,-121.625,496.625,20260802_soil_log.txt,2026-03-20 18:14:15
2026-03-20,18:19:15,17.5,-147.5,-122.125,502.12500000000006,20260802_soil_log.txt,2026-03-20 18:19:15
2026-03-20,18:24:16,16.125,-148.0,-122.75,514.75,20260802_soil_log.txt,2026-03-20 18:24:16
2026-03-20,18:29:16,15.875,-147.25,-123.375,519.375,20260802_soil_log.txt,2026-03-20 18:29:16
2026-03-20,18:34:16,21.375,-148.125,-124.0,500.625,20260802_soil_log.txt,2026-03-20 18:34:16
2026-03-20,18:39:16,20.75,-148.875,-124.5,504.12500000000006,20260802_soil_log.txt,2026-03-20 18:39:16
2026-03-20,18:44:16,16.25,-149.5,-125.5,513.375,20260802_soil_log.txt,2026-03-20 18:44:16
2026-03-20,18:49:17,15.125,-150.0,-126.12500000000001,512.25,20260802_soil_log.txt,2026-03-20 18:49:17
2026-03-20,18:54:17,12.625,-150.625,-126.5,515.0,20260802_soil_log.txt,2026-03-20 18:54:17
2026-03-20,18:59:17,13.5,-151.125,-127.0,490.5,20260802_soil_log.txt,2026-03-20 18:59:17
2026-03-20,19:04:17,9.5,-151.75,-127.62500000000001,511.50000000000006,20260802_soil_log.txt,2026-03-20 19:04:17
2026-03-20,19:09:18,11.5,-152.125,-128.25,512.75,20260802_soil_log.txt,2026-03-20 19:09:18
2026-03-20,19:14:18,13.625,-152.75,-128.75,490.875,20260802_soil_log.txt,2026-03-20 19:14:18
2026-03-20,19:19:18,9.125,-153.125,-129.375,488.875,20260802_soil_log.txt,2026-03-20 19:19:18
2026-03-20,19:24:18,8.75,-153.75,-130.0,507.375,20260802_soil_log.txt,2026-03-20 19:24:18
2026-03-20,19:29:18,8.75,-154.125,-130.5,503.87499999999994,20260802_soil_log.txt,2026-03-20 19:29:18
2026-03-20,19:34:19,10.0,-154.75,-131.125,487.12500000000006,20260802_soil_log.txt,2026-03-20 19:34:19
2026-03-20,19:39:19,9.125,-155.25,-131.75,507.12500000000006,20260802_soil_log.txt,2026-03-20 19:39:19
2026-03-20,19:44:19,5.5,-155.625,-132.125,504.87499999999994,20260802_soil_log.txt,2026-03-20 19:44:19
2026-03-20,19:49:19,4.875,-156.125,-132.75,498.875,20260802_soil_log.txt,2026-03-20 19:49:19
2026-03-20,19:54:20,0.5,-156.625,-133.375,491.12500000000006,20260802_soil_log.txt,2026-03-20 19:54:20
2026-03-20,19:59:20,0.75,-156.87500000000003,-133.875,504.12500000000006,20260802_soil_log.txt,2026-03-20 19:59:20
2026-03-20,20:04:20,-0.375,-157.37500000000003,-134.375,500.375,20260802_soil_log.txt,2026-03-20 20:04:20
2026-03-20,20:09:20,1.5,-157.87500000000003,-135.0,472.375,20260802_soil_log.txt,2026-03-20 20:09:20
2026-03-20,20:14:20,-0.375,-158.37500000000003,-135.5,500.75,20260802_soil_log.txt,2026-03-20 20:14:20
2026-03-20,20:19:21,1.0,-158.75,-136.125,492.62500000000006,20260802_soil_log.txt,2026-03-20 20:19:21
2026-03-20,20:24:21,-0.25,-159.25,-136.75,478.125,20260802_soil_log.txt,2026-03-20 20:24:21
2026-03-20,20:29:21,-0.125,-159.62500000000003,-137.25,471.00000000000006,20260802_soil_log.txt,2026-03-20 20:29:21
2026-03-20,20:34:21,-7.125,-160.125,-137.75,479.875,20260802_soil_log.txt,2026-03-20 20:34:21
2026-03-20,20:39:22,-7.75,-160.5,-138.125,480.875,20260802_soil_log.txt,2026-03-20 20:39:22
2026-03-20,20:44:22,-7.75,-161.0,-138.625,494.25,20260802_soil_log.txt,2026-03-20 20:44:22
2026-03-20,20:49:22,-5.0,-161.25,-139.25,493.375,20260802_soil_log.txt,2026-03-20 20:49:22
2026-03-20,20:54:22,-7.25,-161.75,-139.5,485.375,20260802_soil_log.txt,2026-03-20 20:54:22
2026-03-20,20:59:22,-6.875,-162.125,-140.0,460.75,20260802_soil_log.txt,2026-03-20 20:59:22
2026-03-20,21:04:23,-10.75,-162.5,-140.5,467.375,20260802_soil_log.txt,2026-03-20 21:04:23
2026-03-20,21:09:23,-7.625,-162.875,-140.875,486.75,20260802_soil_log.txt,2026-03-20 21:09:23
2026-03-20,21:14:23,-10.5,-163.375,-141.375,486.0,20260802_soil_log.txt,2026-03-20 21:14:23
2026-03-20,21:19:23,-14.750000000000002,-163.625,-142.00000000000003,465.375,20260802_soil_log.txt,2026-03-20 21:19:23
2026-03-20,21:24:24,-9.75,-164.0,-142.50000000000003,476.25,20260802_soil_log.txt,2026-03-20 21:24:24
2026-03-20,21:29:24,-16.5,-164.375,-142.875,482.625,20260802_soil_log.txt,2026-03-20 21:29:24
2026-03-20,21:34:24,-13.5,-164.625,-143.25000000000003,483.875,20260802_soil_log.txt,2026-03-20 21:34:24
2026-03-20,21:39:24,-15.625,-164.875,-143.625,457.625,20260802_soil_log.txt,2026-03-20 21:39:24
2026-03-20,21:44:24,-12.0,-165.125,-144.00000000000003,453.375,20260802_soil_log.txt,2026-03-20 21:44:24
2026-03-20,21:49:25,-15.0,-165.375,-144.125,452.5,20260802_soil_log.txt,2026-03-20 21:49:25
2026-03-20,21:54:25,-14.625,-165.5,-144.5,466.375,20260802_soil_log.txt,2026-03-20 21:54:25
2026-03-20,21:59:25,-21.750000000000004,-165.75,-144.875,471.50000000000006,20260802_soil_log.txt,2026-03-20 21:59:25
2026-03-20,22:04:25,-17.625,-165.875,-145.0,463.87500000000006,20260802_soil_log.txt,2026-03-20 22:04:25
2026-03-20,22:09:26,-17.5,-166.125,-145.375,450.375,20260802_soil_log.txt,2026-03-20 22:09:26
2026-03-20,22:14:26,-16.5,-166.125,-145.75,476.875,20260802_soil_log.txt,2026-03-20 22:14:26
2026-03-20,22:19:26,-17.750000000000004,-166.25,-146.0,451.25,20260802_soil_log.txt,2026-03-20 22:19:26
2026-03-20,22:24:26,-20.375,-166.375,-146.125,450.0,20260802_soil_log.txt,2026-03-20 22:24:26
2026-03-20,22:29:27,-23.375,-166.5,-146.375,476.25,20260802_soil_log.txt,2026-03-20 22:29:27
2026-03-20,22:34:27,-17.875000000000004,-166.625,-146.5,463.87500000000006,20260802_soil_log.txt,2026-03-20 22:34:27
2026-03-20,22:39:27,-24.625,-166.5,-146.625,479.00000000000006,20260802_soil_log.txt,2026-03-20 22:39:27
2026-03-20,22:44:27,-24.125,-166.75,-146.875,453.0,20260802_soil_log.txt,2026-03-20 22:44:27
2026-03-20,22:49:27,-19.75,-167.0,-146.875,446.375,20260802_soil_log.txt,2026-03-20 22:49:27
2026-03-20,22:54:28,-24.125,-167.0,-147.125,451.75,20260802_soil_log.txt,2026-03-20 22:54:28
2026-03-20,22:59:28,-19.25,-167.0,-147.25,462.125,20260802_soil_log.txt,2026-03-20 22:59:28
2026-03-20,23:04:28,-23.125,-167.125,-147.25,475.125,20260802_soil_log.txt,2026-03-20 23:04:28
2026-03-20,23:09:28,-25.375,-167.125,-147.375,466.25,20260802_soil_log.txt,2026-03-20 23:09:28
2026-03-20,23:14:28,-25.625000000000004,-167.125,-147.5,466.0,20260802_soil_log.txt,2026-03-20 23:14:28
2026-03-20,23:19:29,-24.625,-167.0,-147.625,461.625,20260802_soil_log.txt,2026-03-20 23:19:29
2026-03-20,23:24:29,-25.25,-167.0,-147.625,458.25,20260802_soil_log.txt,2026-03-20 23:24:29
2026-03-20,23:29:29,-25.750000000000004,-167.0,-147.625,470.625,20260802_soil_log.txt,2026-03-20 23:29:29
2026-03-20,23:34:29,-25.125,-166.875,-147.75,478.875,20260802_soil_log.txt,2026-03-20 23:34:29
2026-03-20,23:39:30,-23.875,-166.875,-147.625,476.875,20260802_soil_log.txt,2026-03-20 23:39:30
2026-03-20,23:44:30,-22.25,-166.75,-147.625,471.625,20260802_soil_log.txt,2026-03-20 23:44:30
2026-03-20,23:49:30,-23.125,-166.75,-147.625,449.375,20260802_soil_log.txt,2026-03-20 23:49:30
2026-03-20,23:54:30,-24.625,-166.875,-147.625,457.625,20260802_soil_log.txt,2026-03-20 23:54:30
2026-03-20,23:59:31,-20.25,-166.75,-147.75,457.125,20260802_soil_log.txt,2026-03-20 23:59:31
2026-03-21,00:04:31,-21.750000000000004,-166.625,-147.625,473.00000000000006,20260802_soil_log.txt,2026-03-21 00:04:31
2026-03-21,00:09:31,-21.750000000000004,-166.625,-147.625,462.125,20260802_soil_log.txt,2026-03-21 00:09:31
2026-03-21,00:14:31,-25.625000000000004,-166.625,-147.5,452.25,20260802_soil_log.txt,2026-03-21 00:14:31
2026-03-21,00:19:31,-22.125,-166.5,-147.5,480.25,20260802_soil_log.txt,2026-03-21 00:19:31
2026-03-21,00:24:32,-21.750000000000004,-166.5,-147.375,479.375,20260802_soil_log.txt,2026-03-21 00:24:32
2026-03-21,00:29:32,-24.0,-166.5,-147.25,456.0,20260802_soil_log.txt,2026-03-21 00:29:32
2026-03-21,00:34:32,-26.375,-166.5,-147.125,479.25,20260802_soil_log.txt,2026-03-21 00:34:32
2026-03-21,00:39:32,-25.125,-166.25,-146.875,452.625,20260802_soil_log.txt,2026-03-21 00:39:32
2026-03-21,00:44:33,-23.375,-166.125,-147.125,459.37500000000006,20260802_soil_log.txt,2026-03-21 00:44:33
2026-03-21,00:49:33,-24.875,-166.375,-146.875,453.375,20260802_soil_log.txt,2026-03-21 00:49:33
2026-03-21,00:54:33,-21.5,-166.25,-147.125,458.25,20260802_soil_log.txt,2026-03-21 00:54:33
2026-03-21,00:59:33,-21.375,-166.25,-147.125,473.625,20260802_soil_log.txt,2026-03-21 00:59:33
2026-03-21,01:04:33,-26.25,-166.375,-147.0,478.00000000000006,20260802_soil_log.txt,2026-03-21 01:04:33
2026-03-21,01:09:34,-26.5,-166.375,-147.125,476.125,20260802_soil_log.txt,2026-03-21 01:09:34
2026-03-21,01:14:34,-20.875,-166.375,-146.875,460.87500000000006,20260802_soil_log.txt,2026-03-21 01:14:34
2026-03-21,01:19:34,-27.375,-166.25,-146.875,471.75,20260802_soil_log.txt,2026-03-21 01:19:34
2026-03-21,01:24:34,-23.125,-166.375,-146.75,455.5,20260802_soil_log.txt,2026-03-21 01:24:34
2026-03-21,01:29:34,-26.875,-166.25,-146.625,452.5,20260802_soil_log.txt,2026-03-21 01:29:34
2026-03-21,01:34:35,-21.375,-166.25,-146.5,462.125,20260802_soil_log.txt,2026-03-21 01:34:35
2026-03-21,01:39:35,-21.625000000000004,-166.125,-146.5,452.25,20260802_soil_log.txt,2026-03-21 01:39:35
2026-03-21,01:44:35,-22.875,-166.0,-146.5,451.375,20260802_soil_log.txt,2026-03-21 01:44:35
2026-03-21,01:49:35,-26.125,-166.0,-146.375,464.25,20260802_soil_log.txt,2026-03-21 01:49:35
2026-03-21,01:54:35,-21.750000000000004,-166.0,-146.375,475.50000000000006,20260802_soil_log.txt,2026-03-21 01:54:35
2026-03-21,01:59:36,-21.750000000000004,-166.0,-146.25,452.25,20260802_soil_log.txt,2026-03-21 01:59:36
2026-03-21,02:04:36,-26.25,-165.875,-146.125,462.25,20260802_soil_log.txt,2026-03-21 02:04:36
2026-03-21,02:09:36,-21.125,-165.75,-146.0,473.875,20260802_soil_log.txt,2026-03-21 02:09:36
2026-03-21,02:14:36,-24.5,-173.00000000000003,-146.25,452.0,20260802_soil_log.txt,2026-03-21 02:14:36
2026-03-21,02:19:37,-25.25,-165.375,-145.75,457.125,20260802_soil_log.txt,2026-03-21 02:19:37
2026-03-21,02:24:37,-22.125,-165.0,-145.5,453.5,20260802_soil_log.txt,2026-03-21 02:24:37
2026-03-21,02:29:37,-25.500000000000004,-164.75,-145.625,460.75,20260802_soil_log.txt,2026-03-21 02:29:37
2026-03-21,02:34:37,-20.25,-164.75,-145.625,464.375,20260802_soil_log.txt,2026-03-21 02:34:37
2026-03-21,02:39:38,-26.000000000000004,-164.625,-145.5,455.5,20260802_soil_log.txt,2026-03-21 02:39:38
2026-03-21,02:44:38,-21.625000000000004,-164.5,-145.875,484.0,20260802_soil_log.txt,2026-03-21 02:44:38
2026-03-21,02:49:38,-23.0,-164.5,-145.75,484.125,20260802_soil_log.txt,2026-03-21 02:49:38
2026-03-21,02:54:38,-22.25,-164.375,-145.625,484.75,20260802_soil_log.txt,2026-03-21 02:54:38
2026-03-21,02:59:38,-24.0,-164.125,-145.5,458.37500000000006,20260802_soil_log.txt,2026-03-21 02:59:38
2026-03-21,03:04:39,-25.500000000000004,-164.125,-145.375,472.25,20260802_soil_log.txt,2026-03-21 03:04:39
2026-03-21,03:09:39,-20.25,-163.875,-145.25,487.375,20260802_soil_log.txt,2026-03-21 03:09:39
2026-03-21,03:14:39,-21.125,-163.875,-145.125,456.87500000000006,20260802_soil_log.txt,2026-03-21 03:14:39
2026-03-21,03:19:39,-26.25,-163.75,-145.125,479.375,20260802_soil_log.txt,2026-03-21 03:19:39
2026-03-21,03:24:39,-22.25,-163.75,-145.0,457.87500000000006,20260802_soil_log.txt,2026-03-21 03:24:39
2026-03-21,03:29:40,-21.625000000000004,-163.5,-144.875,457.75,20260802_soil_log.txt,2026-03-21 03:29:40
2026-03-21,03:34:40,-21.25,-163.5,-144.875,485.375,20260802_soil_log.txt,2026-03-21 03:34:40
2026-03-21,03:39:40,-24.0,-163.25,-144.75,457.37500000000006,20260802_soil_log.txt,2026-03-21 03:39:40
2026-03-21,03:44:40,-19.5,-163.25,-144.625,473.75,20260802_soil_log.txt,2026-03-21 03:44:40
2026-03-21,03:49:41,-23.5,-163.25,-144.625,490.25,20260802_soil_log.txt,2026-03-21 03:49:41
2026-03-21,03:54:41,-19.5,-163.125,-144.5,473.75,20260802_soil_log.txt,2026-03-21 03:54:41
2026-03-21,03:59:41,-25.500000000000004,-163.0,-144.375,470.50000000000006,20260802_soil_log.txt,2026-03-21 03:59:41
2026-03-21,04:04:41,-25.375,-163.0,-144.25,483.0,20260802_soil_log.txt,2026-03-21 04:04:41
2026-03-21,04:09:42,-22.25,-162.75,-144.25,460.87500000000006,20260802_soil_log.txt,2026-03-21 04:09:42
2026-03-21,04:14:42,-18.75,-162.875,-144.25,472.75,20260802_soil_log.txt,2026-03-21 04:14:42
2026-03-21,04:19:42,-20.625,-162.75,-144.25,488.375,20260802_soil_log.txt,2026-03-21 04:19:42
2026-03-21,04:24:42,-22.375,-162.625,-144.25,477.25,20260802_soil_log.txt,2026-03-21 04:24:42
2026-03-21,04:29:42,-17.25,-162.625,-144.00000000000003,479.125,20260802_soil_log.txt,2026-03-21 04:29:42
2026-03-21,04:34:43,-20.375,-162.5,-143.875,461.0,20260802_soil_log.txt,2026-03-21 04:34:43
2026-03-21,04:39:43,-23.375,-162.375,-143.875,492.62500000000006,20260802_soil_log.txt,2026-03-21 04:39:43
2026-03-21,04:44:43,-24.125,-162.375,-143.625,491.875,20260802_soil_log.txt,2026-03-21 04:44:43
2026-03-21,04:49:43,-19.0,-162.25,-143.50000000000003,462.87500000000006,20260802_soil_log.txt,2026-03-21 04:49:43
2026-03-21,04:54:44,-24.125,-162.125,-143.50000000000003,490.5,20260802_soil_log.txt,2026-03-21 04:54:44
2026-03-21,04:59:44,-21.875000000000004,-162.125,-143.375,492.5,20260802_soil_log.txt,2026-03-21 04:59:44
2026-03-21,05:04:44,-18.875,-162.0,-143.25000000000003,474.25,20260802_soil_log.txt,2026-03-21 05:04:44
2026-03-21,05:09:44,-20.875,-161.875,-143.125,461.37500000000006,20260802_soil_log.txt,2026-03-21 05:09:44
2026-03-21,05:14:45,-24.625,-161.875,-143.00000000000003,492.375,20260802_soil_log.txt,2026-03-21 05:14:45
2026-03-21,05:19:45,-18.625,-161.75,-142.875,469.5,20260802_soil_log.txt,2026-03-21 05:19:45
2026-03-21,05:24:45,-22.0,-161.625,-142.875,468.0,20260802_soil_log.txt,2026-03-21 05:24:45
2026-03-21,05:29:45,-21.875000000000004,-161.5,-142.75000000000003,473.00000000000006,20260802_soil_log.txt,2026-03-21 05:29:45
2026-03-21,05:34:45,-18.75,-161.5,-142.625,461.0,20260802_soil_log.txt,2026-03-21 05:34:45
2026-03-21,05:39:46,-18.375,-161.375,-142.625,461.125,20260802_soil_log.txt,2026-03-21 05:39:46
2026-03-21,05:44:46,-21.5,-161.25,-142.50000000000003,470.50000000000006,20260802_soil_log.txt,2026-03-21 05:44:46
2026-03-21,05:49:46,-17.750000000000004,-161.25,-142.375,483.625,20260802_soil_log.txt,2026-03-21 05:49:46
2026-03-21,05:54:46,-19.625,-161.125,-142.375,460.5,20260802_soil_log.txt,2026-03-21 05:54:46
2026-03-21,05:59:46,-22.75,-161.125,-142.00000000000003,467.625,20260802_soil_log.txt,2026-03-21 05:59:46
2026-03-21,06:04:47,-17.750000000000004,-161.125,-141.875,464.5,20260802_soil_log.txt,2026-03-21 06:04:47
2026-03-21,06:09:47,-24.375,-160.875,-142.25000000000003,480.5,20260802_soil_log.txt,2026-03-21 06:09:47
2026-03-21,06:14:47,-18.875,-161.0,-142.125,465.125,20260802_soil_log.txt,2026-03-21 06:14:47
2026-03-21,06:19:47,-22.25,-160.875,-142.00000000000003,466.75,20260802_soil_log.txt,2026-03-21 06:19:47
2026-03-21,06:24:47,-21.625000000000004,-160.75,-141.875,492.0,20260802_soil_log.txt,2026-03-21 06:24:47
2026-03-21,06:29:48,-20.75,-160.75,-141.75000000000003,489.5,20260802_soil_log.txt,2026-03-21 06:29:48
2026-03-21,06:34:48,-22.25,-160.75,-141.75000000000003,462.125,20260802_soil_log.txt,2026-03-21 06:34:48
2026-03-21,06:39:48,-21.25,-160.625,-141.625,484.375,20260802_soil_log.txt,2026-03-21 06:39:48
2026-03-21,06:44:48,-18.5,-160.625,-141.625,466.375,20260802_soil_log.txt,2026-03-21 06:44:48
2026-03-21,06:49:49,-18.875,-160.5,-141.50000000000003,490.25,20260802_soil_log.txt,2026-03-21 06:49:49
2026-03-21,06:54:49,-18.75,-160.5,-141.50000000000003,484.0,20260802_soil_log.txt,2026-03-21 06:54:49
2026-03-21,06:59:49,-23.125,-160.375,-141.50000000000003,466.75,20260802_soil_log.txt,2026-03-21 06:59:49
2026-03-21,07:04:49,-19.625,-160.375,-141.375,481.375,20260802_soil_log.txt,2026-03-21 07:04:49
2026-03-21,07:09:49,-18.625,-160.375,-141.375,471.875,20260802_soil_log.txt,2026-03-21 07:09:49
2026-03-21,07:14:50,-24.75,-160.375,-141.25000000000003,490.5,20260802_soil_log.txt,2026-03-21 07:14:50
2026-03-21,07:19:50,-24.125,-160.25,-141.25000000000003,479.375,20260802_soil_log.txt,2026-03-21 07:19:50
2026-03-21,07:24:50,-22.5,-160.125,-141.125,467.75,20260802_soil_log.txt,2026-03-21 07:24:50
2026-03-21,07:29:50,-20.5,-160.125,-141.125,461.0,20260802_soil_log.txt,2026-03-21 07:29:50
2026-03-21,07:34:50,-20.125,-160.125,-141.0,462.0,20260802_soil_log.txt,2026-03-21 07:34:50
2026-03-21,07:39:51,-19.375,-160.125,-141.0,461.125,20260802_soil_log.txt,2026-03-21 07:39:51
2026-03-21,07:44:51,-24.125,-160.0,-140.875,493.5,20260802_soil_log.txt,2026-03-21 07:44:51
2026-03-21,07:49:51,-22.375,-159.87500000000003,-140.875,472.375,20260802_soil_log.txt,2026-03-21 07:49:51
2026-03-21,07:54:51,-21.5,-160.0,-140.75,493.375,20260802_soil_log.txt,2026-03-21 07:54:51
2026-03-21,07:59:52,-22.125,-159.87500000000003,-140.625,494.375,20260802_soil_log.txt,2026-03-21 07:59:52
2026-03-21,08:04:52,-18.5,-159.87500000000003,-140.625,470.75,20260802_soil_log.txt,2026-03-21 08:04:52
2026-03-21,08:09:52,-22.25,-159.75,-140.5,469.75,20260802_soil_log.txt,2026-03-21 08:09:52
2026-03-21,08:14:52,-23.25,-159.75,-140.25,493.75,20260802_soil_log.txt,2026-03-21 08:14:52
2026-03-21,08:19:52,-19.0,-159.62500000000003,-140.125,465.5,20260802_soil_log.txt,2026-03-21 08:19:52
2026-03-21,08:24:53,-18.875,-159.5,-140.125,464.25,20260802_soil_log.txt,2026-03-21 08:24:53
2026-03-21,08:29:53,-22.125,-159.37500000000003,-140.0,493.5,20260802_soil_log.txt,2026-03-21 08:29:53
2026-03-21,08:34:53,-21.5,-159.25,-140.0,463.87500000000006,20260802_soil_log.txt,2026-03-21 08:34:53
2026-03-21,08:39:53,-18.125,-159.25,-139.875,470.00000000000006,20260802_soil_log.txt,2026-03-21 08:39:53
2026-03-21,08:44:54,-23.625,-159.0,-139.75,481.0,20260802_soil_log.txt,2026-03-21 08:44:54
2026-03-21,08:49:54,-18.125,-158.87500000000003,-139.75,477.00000000000006,20260802_soil_log.txt,2026-03-21 08:49:54
2026-03-21,08:54:54,-22.75,-158.87500000000003,-139.875,476.50000000000006,20260802_soil_log.txt,2026-03-21 08:54:54
2026-03-21,08:59:54,-23.25,-158.75,-139.625,472.375,20260802_soil_log.txt,2026-03-21 08:59:54
2026-03-21,09:04:54,-21.125,-158.75,-139.5,466.0,20260802_soil_log.txt,2026-03-21 09:04:54
2026-03-21,09:09:55,-19.125,-158.62500000000003,-139.375,490.12500000000006,20260802_soil_log.txt,2026-03-21 09:09:55
2026-03-21,09:14:55,-19.125,-158.37500000000003,-139.25,492.875,20260802_soil_log.txt,2026-03-21 09:14:55
2026-03-21,09:19:55,-20.25,-158.25,-139.125,466.375,20260802_soil_log.txt,2026-03-21 09:19:55
2026-03-21,09:24:55,-20.75,-158.0,-139.125,497.625,20260802_soil_log.txt,2026-03-21 09:24:55
2026-03-21,09:29:55,-18.5,-157.75,-139.125,492.75,20260802_soil_log.txt,2026-03-21 09:29:55
2026-03-21,09:34:56,-19.375,-157.75,-139.0,465.875,20260802_soil_log.txt,2026-03-21 09:34:56
2026-03-21,09:39:56,-16.625,-157.75,-139.0,475.50000000000006,20260802_soil_log.txt,2026-03-21 09:39:56
2026-03-21,09:44:56,-18.625,-157.62500000000003,-139.0,496.875,20260802_soil_log.txt,2026-03-21 09:44:56
2026-03-21,09:49:56,-20.875,-157.62500000000003,-138.875,498.25,20260802_soil_log.txt,2026-03-21 09:49:56
2026-03-21,09:54:57,-17.625,-157.5,-138.75,498.5,20260802_soil_log.txt,2026-03-21 09:54:57
2026-03-21,09:59:57,-20.875,-157.37500000000003,-138.75,497.625,20260802_soil_log.txt,2026-03-21 09:59:57
2026-03-21,10:04:57,-22.625,-157.37500000000003,-138.75,494.5,20260802_soil_log.txt,2026-03-21 10:04:57
2026-03-21,10:09:57,-20.5,-157.37500000000003,-138.5,499.625,20260802_soil_log.txt,2026-03-21 10:09:57
2026-03-21,10:14:57,-19.25,-157.37500000000003,-138.625,498.25,20260802_soil_log.txt,2026-03-21 10:14:57
2026-03-21,10:19:58,-18.000000000000004,-157.25,-138.375,487.0,20260802_soil_log.txt,2026-03-21 10:19:58
2026-03-21,10:24:58,-20.125,-157.12500000000003,-138.375,474.375,20260802_soil_log.txt,2026-03-21 10:24:58
2026-03-21,10:29:58,-21.625000000000004,-156.87500000000003,-138.25,483.375,20260802_soil_log.txt,2026-03-21 10:29:58
2026-03-21,10:34:58,-22.25,-157.0,-138.375,468.625,20260802_soil_log.txt,2026-03-21 10:34:58
2026-03-21,10:39:59,-19.0,-156.625,-138.25,472.125,20260802_soil_log.txt,2026-03-21 10:39:59
2026-03-21,10:44:59,-20.75,-156.625,-138.125,500.75,20260802_soil_log.txt,2026-03-21 10:44:59
2026-03-21,10:49:59,-15.25,-156.625,-138.0,479.75,20260802_soil_log.txt,2026-03-21 10:49:59
2026-03-21,10:54:59,-18.25,-156.5,-138.0,499.125,20260802_soil_log.txt,2026-03-21 10:54:59
2026-03-21,10:59:59,-21.875000000000004,-156.5,-138.0,491.375,20260802_soil_log.txt,2026-03-21 10:59:59
2026-03-21,11:05:00,-21.0,-156.375,-138.0,481.25,20260802_soil_log.txt,2026-03-21 11:05:00
2026-03-21,11:10:00,-17.0,-156.5,-138.0,467.875,20260802_soil_log.txt,2026-03-21 11:10:00
2026-03-21,11:15:00,-20.5,-156.5,-138.125,469.5,20260802_soil_log.txt,2026-03-21 11:15:00
2026-03-21,11:20:00,-14.375,-156.5,-137.875,472.125,20260802_soil_log.txt,2026-03-21 11:20:00
2026-03-21,11:25:01,-19.625,-156.625,-137.75,494.62500000000006,20260802_soil_log.txt,2026-03-21 11:25:01
2026-03-21,11:30:01,-16.875,-156.75,-138.125,494.75,20260802_soil_log.txt,2026-03-21 11:30:01
2026-03-21,11:35:01,-15.5,-156.87500000000003,-137.625,467.25,20260802_soil_log.txt,2026-03-21 11:35:01
2026-03-21,11:40:01,-19.875,-156.87500000000003,-137.625,494.25,20260802_soil_log.txt,2026-03-21 11:40:01
2026-03-21,11:45:01,-14.125,-157.0,-137.5,473.125,20260802_soil_log.txt,2026-03-21 11:45:01
2026-03-21,11:50:02,-17.375,-157.25,-137.5,497.75,20260802_soil_log.txt,2026-03-21 11:50:02
2026-03-21,11:55:02,-19.75,-157.25,-137.5,499.875,20260802_soil_log.txt,2026-03-21 11:55:02
2026-03-21,12:00:02,-16.5,-157.25,-137.5,466.875,20260802_soil_log.txt,2026-03-21 12:00:02
2026-03-21,12:05:02,-21.750000000000004,-157.25,-137.375,496.625,20260802_soil_log.txt,2026-03-21 12:05:02
2026-03-21,12:10:03,-18.25,-157.12500000000003,-137.375,469.625,20260802_soil_log.txt,2026-03-21 12:10:03
2026-03-21,12:15:03,-20.0,-157.25,-137.25,498.625,20260802_soil_log.txt,2026-03-21 12:15:03
2026-03-21,12:20:03,-19.25,-157.12500000000003,-137.125,468.5,20260802_soil_log.txt,2026-03-21 12:20:03
2026-03-21,12:25:03,-19.75,-157.0,-137.125,473.875,20260802_soil_log.txt,2026-03-21 12:25:03
2026-03-21,12:30:03,-17.125,-157.12500000000003,-137.125,466.75,20260802_soil_log.txt,2026-03-21 12:30:03
2026-03-21,12:35:04,-21.625000000000004,-157.0,-137.125,496.125,20260802_soil_log.txt,2026-03-21 12:35:04
2026-03-21,12:40:04,-15.375,-157.0,-137.0,500.12500000000006,20260802_soil_log.txt,2026-03-21 12:40:04
2026-03-21,12:45:04,-16.25,-156.87500000000003,-137.0,468.75,20260802_soil_log.txt,2026-03-21 12:45:04
2026-03-21,12:50:04,-16.25,-156.87500000000003,-137.0,499.25,20260802_soil_log.txt,2026-03-21 12:50:04
2026-03-21,12:55:04,-19.875,-156.75,-136.875,469.125,20260802_soil_log.txt,2026-03-21 12:55:04
2026-03-21,13:00:05,-19.625,-156.75,-137.0,500.87499999999994,20260802_soil_log.txt,2026-03-21 13:00:05
2026-03-21,13:05:05,-19.875,-156.75,-137.0,499.875,20260802_soil_log.txt,2026-03-21 13:05:05
2026-03-21,13:10:05,-15.625,-156.75,-137.0,470.875,20260802_soil_log.txt,2026-03-21 13:10:05
2026-03-21,13:15:05,-19.625,-156.75,-136.875,472.625,20260802_soil_log.txt,2026-03-21 13:15:05
2026-03-21,13:20:06,-20.0,-156.75,-136.875,479.50000000000006,20260802_soil_log.txt,2026-03-21 13:20:06
2026-03-21,13:25:06,-18.000000000000004,-156.75,-136.875,499.75,20260802_soil_log.txt,2026-03-21 13:25:06
2026-03-21,13:30:06,-21.5,-156.625,-136.875,499.25,20260802_soil_log.txt,2026-03-21 13:30:06
2026-03-21,13:35:06,-15.75,-156.625,-136.875,478.375,20260802_soil_log.txt,2026-03-21 13:35:06
2026-03-21,13:40:07,-19.375,-156.625,-136.75,502.375,20260802_soil_log.txt,2026-03-21 13:40:07
2026-03-21,13:45:07,-19.875,-156.625,-136.875,474.125,20260802_soil_log.txt,2026-03-21 13:45:07
2026-03-21,13:50:07,-21.375,-156.625,-136.75,473.875,20260802_soil_log.txt,2026-03-21 13:50:07
2026-03-21,13:55:07,-20.25,-156.625,-136.75,499.0,20260802_soil_log.txt,2026-03-21 13:55:07
2026-03-21,14:00:07,-16.625,-156.75,-136.625,468.875,20260802_soil_log.txt,2026-03-21 14:00:07
2026-03-21,14:05:07,-18.75,-156.625,-136.625,499.25,20260802_soil_log.txt,2026-03-21 14:05:07
2026-03-21,14:10:08,-17.625,-156.625,-136.625,471.50000000000006,20260802_soil_log.txt,2026-03-21 14:10:08
2026-03-21,14:15:08,-20.5,-156.625,-136.625,477.25,20260802_soil_log.txt,2026-03-21 14:15:08
2026-03-21,14:20:08,-17.750000000000004,-156.5,-136.5,469.5,20260802_soil_log.txt,2026-03-21 14:20:08
2026-03-21,14:25:08,-21.125,-156.5,-136.5,499.0,20260802_soil_log.txt,2026-03-21 14:25:08
2026-03-21,14:30:08,-19.875,-156.5,-136.375,471.00000000000006,20260802_soil_log.txt,2026-03-21 14:30:08
2026-03-21,14:35:09,-19.125,-156.5,-136.625,470.375,20260802_soil_log.txt,2026-03-21 14:35:09
2026-03-21,14:40:09,-20.375,-156.5,-136.5,476.00000000000006,20260802_soil_log.txt,2026-03-21 14:40:09
2026-03-21,14:45:09,-16.375,-156.5,-136.375,494.875,20260802_soil_log.txt,2026-03-21 14:45:09
2026-03-21,14:50:09,-15.75,-156.625,-136.375,492.12500000000006,20260802_soil_log.txt,2026-03-21 14:50:09
2026-03-21,14:55:10,-17.375,-156.5,-136.375,468.375,20260802_soil_log.txt,2026-03-21 14:55:10
2026-03-21,15:00:10,-16.5,-156.5,-136.375,495.75,20260802_soil_log.txt,2026-03-21 15:00:10
2026-03-21,15:05:10,-16.25,-156.375,-136.25,476.375,20260802_soil_log.txt,2026-03-21 15:05:10
2026-03-21,15:10:10,-15.875,-156.5,-136.125,487.875,20260802_soil_log.txt,2026-03-21 15:10:10
2026-03-21,15:15:10,-20.375,-156.5,-136.25,499.125,20260802_soil_log.txt,2026-03-21 15:15:10
2026-03-21,15:20:11,-20.125,-156.5,-136.25,501.375,20260802_soil_log.txt,2026-03-21 15:20:11
2026-03-21,15:25:11,-15.625,-156.5,-136.125,484.75,20260802_soil_log.txt,2026-03-21 15:25:11
2026-03-21,15:30:11,-15.5,-156.5,-136.0,484.0,20260802_soil_log.txt,2026-03-21 15:30:11
2026-03-21,15:35:11,-21.750000000000004,-156.375,-136.125,495.0,20260802_soil_log.txt,2026-03-21 15:35:11
2026-03-21,15:40:12,-20.5,-156.375,-136.0,479.25,20260802_soil_log.txt,2026-03-21 15:40:12
2026-03-21,15:45:12,-16.625,-156.375,-136.0,491.12500000000006,20260802_soil_log.txt,2026-03-21 15:45:12
2026-03-21,15:50:12,-21.375,-156.375,-136.0,494.5,20260802_soil_log.txt,2026-03-21 15:50:12
2026-03-21,15:55:12,-15.75,-156.25,-136.0,472.125,20260802_soil_log.txt,2026-03-21 15:55:12
2026-03-21,16:00:13,-16.75,-156.375,-135.875,495.375,20260802_soil_log.txt,2026-03-21 16:00:13
2026-03-21,16:05:13,-16.625,-156.375,-135.875,469.125,20260802_soil_log.txt,2026-03-21 16:05:13
2026-03-21,16:10:13,-16.375,-156.5,-136.0,476.375,20260802_soil_log.txt,2026-03-21 16:10:13
2026-03-21,16:15:13,-20.375,-156.375,-136.0,482.125,20260802_soil_log.txt,2026-03-21 16:15:13
2026-03-21,16:20:13,-16.75,-156.375,-135.875,469.625,20260802_soil_log.txt,2026-03-21 16:20:13
2026-03-21,16:25:14,-19.875,-156.375,-135.875,500.0,20260802_soil_log.txt,2026-03-21 16:25:14
2026-03-21,16:30:14,-18.000000000000004,-156.25,-135.875,469.375,20260802_soil_log.txt,2026-03-21 16:30:14
2026-03-21,16:35:14,-20.875,-156.25,-135.75,502.625,20260802_soil_log.txt,2026-03-21 16:35:14
2026-03-21,16:40:14,-16.625,-156.25,-135.75,471.50000000000006,20260802_soil_log.txt,2026-03-21 16:40:14
2026-03-21,16:45:14,-16.625,-156.25,-136.25,472.75,20260802_soil_log.txt,2026-03-21 16:45:14
2026-03-21,16:50:15,-17.875000000000004,-156.375,-136.25,500.0,20260802_soil_log.txt,2026-03-21 16:50:15
2026-03-21,16:55:15,-21.875000000000004,-156.25,-136.125,470.00000000000006,20260802_soil_log.txt,2026-03-21 16:55:15
2026-03-21,17:00:15,-17.750000000000004,-156.25,-136.0,501.12500000000006,20260802_soil_log.txt,2026-03-21 17:00:15
2026-03-21,17:05:15,-17.25,-156.375,-135.75,493.375,20260802_soil_log.txt,2026-03-21 17:05:15
2026-03-21,17:10:15,-23.0,-156.375,-135.625,486.75,20260802_soil_log.txt,2026-03-21 17:10:15
2026-03-21,17:15:16,-21.0,-156.25,-135.625,481.5,20260802_soil_log.txt,2026-03-21 17:15:16
2026-03-21,17:20:16,-22.625,-156.375,-135.875,492.12500000000006,20260802_soil_log.txt,2026-03-21 17:20:16
2026-03-21,17:25:16,-16.375,-156.375,-135.875,471.75,20260802_soil_log.txt,2026-03-21 17:25:16
2026-03-21,17:30:16,-17.5,-156.375,-135.875,470.625,20260802_soil_log.txt,2026-03-21 17:30:16
2026-03-21,17:35:17,-20.125,-156.25,-135.875,498.5,20260802_soil_log.txt,2026-03-21 17:35:17
2026-03-21,17:40:17,-21.375,-156.25,-135.875,502.87499999999994,20260802_soil_log.txt,2026-03-21 17:40:17
2026-03-21,17:45:17,-18.25,-156.25,-135.75,469.375,20260802_soil_log.txt,2026-03-21 17:45:17
2026-03-21,17:50:17,-17.125,-156.125,-135.625,471.875,20260802_soil_log.txt,2026-03-21 17:50:17
2026-03-21,17:55:17,-21.125,-156.125,-135.5,469.75,20260802_soil_log.txt,2026-03-21 17:55:17
2026-03-21,18:00:18,-22.5,-156.125,-135.75,496.25,20260802_soil_log.txt,2026-03-21 18:00:18
2026-03-21,18:05:18,-18.375,-156.125,-135.625,470.625,20260802_soil_log.txt,2026-03-21 18:05:18
2026-03-21,18:10:18,-20.25,-156.0,-135.375,502.87499999999994,20260802_soil_log.txt,2026-03-21 18:10:18
2026-03-21,18:15:18,-16.5,-156.0,-135.25,486.5,20260802_soil_log.txt,2026-03-21 18:15:18
2026-03-21,18:20:19,-21.0,-156.0,-135.25,501.25,20260802_soil_log.txt,2026-03-21 18:20:19
2026-03-21,18:25:19,-22.5,-156.0,-135.25,480.125,20260802_soil_log.txt,2026-03-21 18:25:19
2026-03-21,18:30:19,-18.25,-156.0,-135.125,497.5,20260802_soil_log.txt,2026-03-21 18:30:19
2026-03-21,18:35:19,-21.875000000000004,-156.0,-135.125,488.5,20260802_soil_log.txt,2026-03-21 18:35:19
2026-03-21,18:40:19,-19.875,-156.0,-135.125,504.25,20260802_soil_log.txt,2026-03-21 18:40:19
2026-03-21,18:45:20,-15.75,-156.0,-135.0,482.625,20260802_soil_log.txt,2026-03-21 18:45:20
2026-03-21,18:50:20,-20.875,-156.0,-135.0,502.12500000000006,20260802_soil_log.txt,2026-03-21 18:50:20
2026-03-21,18:55:20,-19.0,-155.875,-134.875,471.25,20260802_soil_log.txt,2026-03-21 18:55:20
2026-03-21,19:00:20,-17.5,-155.875,-134.875,470.625,20260802_soil_log.txt,2026-03-21 19:00:20
2026-03-21,19:05:21,-22.0,-155.875,-134.875,503.50000000000006,20260802_soil_log.txt,2026-03-21 19:05:21
2026-03-21,19:10:21,-22.125,-155.875,-134.875,501.375,20260802_soil_log.txt,2026-03-21 19:10:21
2026-03-21,19:15:21,-17.375,-155.875,-134.875,485.125,20260802_soil_log.txt,2026-03-21 19:15:21
2026-03-21,19:20:21,-17.125,-155.875,-134.75,470.875,20260802_soil_log.txt,2026-03-21 19:20:21
2026-03-21,19:25:22,-20.5,-155.875,-134.875,503.12500000000006,20260802_soil_log.txt,2026-03-21 19:25:22
2026-03-21,19:30:22,-16.125,-155.875,-134.75,499.375,20260802_soil_log.txt,2026-03-21 19:30:22
2026-03-21,19:35:22,-19.625,-155.75,-134.875,475.375,20260802_soil_log.txt,2026-03-21 19:35:22
2026-03-21,19:40:22,-21.125,-155.75,-134.625,503.87499999999994,20260802_soil_log.txt,2026-03-21 19:40:22
2026-03-21,19:45:22,-22.875,-155.75,-134.625,497.625,20260802_soil_log.txt,2026-03-21 19:45:22
2026-03-21,19:50:22,-20.875,-155.75,-134.625,503.625,20260802_soil_log.txt,2026-03-21 19:50:22
2026-03-21,19:55:23,-17.25,-155.625,-134.875,502.87499999999994,20260802_soil_log.txt,2026-03-21 19:55:23
2026-03-21,20:00:23,-21.5,-155.75,-134.75,478.75,20260802_soil_log.txt,2026-03-21 20:00:23
2026-03-21,20:05:23,-16.25,-155.75,-135.125,489.5,20260802_soil_log.txt,2026-03-21 20:05:23
2026-03-21,20:10:23,-17.0,-155.625,-135.0,472.75,20260802_soil_log.txt,2026-03-21 20:10:23
2026-03-21,20:15:24,-22.25,-155.625,-135.125,489.375,20260802_soil_log.txt,2026-03-21 20:15:24
2026-03-21,20:20:24,-22.375,-155.625,-135.0,488.75,20260802_soil_log.txt,2026-03-21 20:20:24
2026-03-21,20:25:24,-21.875000000000004,-155.5,-134.875,490.25,20260802_soil_log.txt,2026-03-21 20:25:24
2026-03-21,20:30:24,-19.375,-155.5,-134.75,478.00000000000006,20260802_soil_log.txt,2026-03-21 20:30:24
2026-03-21,20:35:24,-21.750000000000004,-155.5,-134.625,486.12500000000006,20260802_soil_log.txt,2026-03-21 20:35:24
2026-03-21,20:40:25,-16.125,-155.375,-134.375,495.25,20260802_soil_log.txt,2026-03-21 20:40:25
2026-03-21,20:45:25,-18.25,-155.375,-134.375,503.25,20260802_soil_log.txt,2026-03-21 20:45:25
2026-03-21,20:50:25,-20.375,-155.375,-134.625,505.12500000000006,20260802_soil_log.txt,2026-03-21 20:50:25
2026-03-21,20:55:25,-21.0,-155.25,-134.625,476.875,20260802_soil_log.txt,2026-03-21 20:55:25
2026-03-21,21:00:26,-21.750000000000004,-155.25,-134.375,505.375,20260802_soil_log.txt,2026-03-21 21:00:26
2026-03-21,21:05:26,-21.750000000000004,-155.25,-134.5,495.875,20260802_soil_log.txt,2026-03-21 21:05:26
2026-03-21,21:10:26,-20.125,-155.25,-134.375,482.25,20260802_soil_log.txt,2026-03-21 21:10:26
2026-03-21,21:15:26,-21.375,-155.25,-134.25,506.625,20260802_soil_log.txt,2026-03-21 21:15:26
2026-03-21,21:20:26,-22.25,-155.125,-134.125,490.875,20260802_soil_log.txt,2026-03-21 21:20:26
2026-03-21,21:25:27,-22.0,-155.125,-133.875,506.375,20260802_soil_log.txt,2026-03-21 21:25:27
2026-03-21,21:30:27,-22.75,-155.125,-133.875,490.62500000000006,20260802_soil_log.txt,2026-03-21 21:30:27
2026-03-21,21:35:27,-21.125,-155.0,-133.75,507.25,20260802_soil_log.txt,2026-03-21 21:35:27
2026-03-21,21:40:27,-19.625,-155.0,-133.75,475.625,20260802_soil_log.txt,2026-03-21 21:40:27
2026-03-21,21:45:28,-20.75,-155.0,-134.125,474.25,20260802_soil_log.txt,2026-03-21 21:45:28
2026-03-21,21:50:28,-19.25,-155.0,-133.75,475.625,20260802_soil_log.txt,2026-03-21 21:50:28
2026-03-21,21:55:28,-15.75,-154.875,-133.625,485.62500000000006,20260802_soil_log.txt,2026-03-21 21:55:28
2026-03-21,22:00:28,-17.5,-154.875,-133.5,506.12500000000006,20260802_soil_log.txt,2026-03-21 22:00:28
2026-03-21,22:05:29,-18.125,-154.875,-133.5,507.75000000000006,20260802_soil_log.txt,2026-03-21 22:05:29
2026-03-21,22:10:29,-17.625,-154.875,-133.375,479.875,20260802_soil_log.txt,2026-03-21 22:10:29
2026-03-21,22:15:29,-17.750000000000004,-154.75,-133.375,476.50000000000006,20260802_soil_log.txt,2026-03-21 22:15:29
2026-03-21,22:20:29,-18.125,-154.75,-133.25,500.12500000000006,20260802_soil_log.txt,2026-03-21 22:20:29
2026-03-21,22:25:29,-22.5,-154.75,-133.25,503.0,20260802_soil_log.txt,2026-03-21 22:25:29
2026-03-21,22:30:30,-20.875,-154.625,-133.125,494.375,20260802_soil_log.txt,2026-03-21 22:30:30
2026-03-21,22:35:30,-21.5,-154.625,-133.125,508.0,20260802_soil_log.txt,2026-03-21 22:35:30
2026-03-21,22:40:30,-16.5,-154.5,-133.25,481.25,20260802_soil_log.txt,2026-03-21 22:40:30
2026-03-21,22:45:30,-21.25,-154.5,-133.0,484.375,20260802_soil_log.txt,2026-03-21 22:45:30
2026-03-21,22:50:30,-16.75,-154.375,-133.0,474.375,20260802_soil_log.txt,2026-03-21 22:50:30
2026-03-21,22:55:31,-18.000000000000004,-154.5,-132.875,509.75000000000006,20260802_soil_log.txt,2026-03-21 22:55:31
2026-03-21,23:00:31,-17.875000000000004,-154.5,-132.875,485.125,20260802_soil_log.txt,2026-03-21 23:00:31
2026-03-21,23:05:31,-19.5,-154.375,-132.75,481.75,20260802_soil_log.txt,2026-03-21 23:05:31
2026-03-21,23:10:31,-21.875000000000004,-154.25,-132.75,507.12500000000006,20260802_soil_log.txt,2026-03-21 23:10:31
2026-03-21,23:15:31,-21.25,-154.25,-133.125,489.62500000000006,20260802_soil_log.txt,2026-03-21 23:15:31
2026-03-21,23:20:32,-15.875,-154.25,-132.75,488.375,20260802_soil_log.txt,2026-03-21 23:20:32
2026-03-21,23:25:32,-15.75,-154.125,-132.625,492.375,20260802_soil_log.txt,2026-03-21 23:25:32
2026-03-21,23:30:32,-17.0,-154.125,-132.5,477.50000000000006,20260802_soil_log.txt,2026-03-21 23:30:32
2026-03-21,23:35:32,-20.125,-154.0,-132.375,509.75000000000006,20260802_soil_log.txt,2026-03-21 23:35:32
2026-03-21,23:40:33,-21.0,-154.0,-132.375,506.0,20260802_soil_log.txt,2026-03-21 23:40:33
2026-03-21,23:45:33,-17.750000000000004,-153.875,-132.25,476.125,20260802_soil_log.txt,2026-03-21 23:45:33
2026-03-21,23:50:33,-20.25,-153.875,-132.25,478.875,20260802_soil_log.txt,2026-03-21 23:50:33
2026-03-21,23:55:33,-18.25,-153.75,-132.25,507.87499999999994,20260802_soil_log.txt,2026-03-21 23:55:33
2026-03-22,00:00:33,-20.875,-153.75,-132.25,508.0,20260802_soil_log.txt,2026-03-22 00:00:33
2026-03-22,00:05:34,-20.75,-153.75,-132.125,500.25,20260802_soil_log.txt,2026-03-22 00:05:34
2026-03-22,00:10:34,-15.0,-153.875,-132.125,487.62500000000006,20260802_soil_log.txt,2026-03-22 00:10:34
2026-03-22,00:15:34,-16.875,-153.75,-132.0,478.25,20260802_soil_log.txt,2026-03-22 00:15:34
2026-03-22,00:20:34,-19.5,-153.625,-132.0,509.25,20260802_soil_log.txt,2026-03-22 00:20:34
2026-03-22,00:25:34,-17.375,-153.625,-131.875,492.5,20260802_soil_log.txt,2026-03-22 00:25:34
2026-03-22,00:30:35,-20.875,-153.625,-131.875,502.12500000000006,20260802_soil_log.txt,2026-03-22 00:30:35
2026-03-22,00:35:35,-20.875,-153.5,-131.875,494.5,20260802_soil_log.txt,2026-03-22 00:35:35
2026-03-22,00:40:35,-15.875,-153.5,-131.75,478.00000000000006,20260802_soil_log.txt,2026-03-22 00:40:35
2026-03-22,00:45:35,-16.875,-153.625,-131.75,479.375,20260802_soil_log.txt,2026-03-22 00:45:35
2026-03-22,00:50:36,-20.875,-153.5,-131.75,493.12500000000006,20260802_soil_log.txt,2026-03-22 00:50:36
2026-03-22,00:55:36,-21.125,-153.5,-131.625,492.0,20260802_soil_log.txt,2026-03-22 00:55:36
2026-03-22,01:00:36,-17.25,-153.375,-131.5,512.0,20260802_soil_log.txt,2026-03-22 01:00:36
2026-03-22,01:05:36,-20.5,-153.25,-131.5,489.12500000000006,20260802_soil_log.txt,2026-03-22 01:05:36
2026-03-22,01:10:36,-20.25,-153.25,-131.375,512.125,20260802_soil_log.txt,2026-03-22 01:10:36
2026-03-22,01:15:37,-16.5,-153.25,-131.375,478.00000000000006,20260802_soil_log.txt,2026-03-22 01:15:37
2026-03-22,01:20:37,-15.5,-153.125,-131.25,480.875,20260802_soil_log.txt,2026-03-22 01:20:37
2026-03-22,01:25:37,-17.125,-153.125,-131.25,503.375,20260802_soil_log.txt,2026-03-22 01:25:37
2026-03-22,01:30:37,-19.125,-163.5,-131.375,463.25,20260802_soil_log.txt,2026-03-22 01:30:37
2026-03-22,01:35:38,-17.750000000000004,-155.5,-131.375,481.625,20260802_soil_log.txt,2026-03-22 01:35:38
2026-03-22,01:40:38,-20.5,-154.625,-131.125,479.25,20260802_soil_log.txt,2026-03-22 01:40:38
2026-03-22,01:45:38,-16.75,-154.25,-131.125,484.625,20260802_soil_log.txt,2026-03-22 01:45:38
2026-03-22,01:50:38,-16.375,-153.875,-131.125,477.375,20260802_soil_log.txt,2026-03-22 01:50:38
2026-03-22,01:55:38,-20.5,-153.625,-131.0,512.125,20260802_soil_log.txt,2026-03-22 01:55:38
2026-03-22,02:00:39,-15.25,-153.5,-130.875,492.5,20260802_soil_log.txt,2026-03-22 02:00:39
2026-03-22,02:05:39,-16.625,-153.25,-130.875,501.0,20260802_soil_log.txt,2026-03-22 02:05:39
2026-03-22,02:10:39,-16.0,-153.125,-130.75,481.25,20260802_soil_log.txt,2026-03-22 02:10:39
2026-03-22,02:15:39,-19.75,-153.0,-130.75,493.75,20260802_soil_log.txt,2026-03-22 02:15:39
2026-03-22,02:20:39,-16.125,-152.875,-130.625,481.75,20260802_soil_log.txt,2026-03-22 02:20:39
2026-03-22,02:25:40,-18.875,-152.75,-130.625,513.625,20260802_soil_log.txt,2026-03-22 02:25:40
2026-03-22,02:30:40,-19.125,-152.625,-130.5,512.75,20260802_soil_log.txt,2026-03-22 02:30:40
2026-03-22,02:35:40,-14.5,-152.5,-130.375,488.0,20260802_soil_log.txt,2026-03-22 02:35:40
2026-03-22,02:40:40,-19.375,-152.5,-130.375,492.25,20260802_soil_log.txt,2026-03-22 02:40:40
2026-03-22,02:45:41,-14.25,-152.375,-130.25,487.875,20260802_soil_log.txt,2026-03-22 02:45:41
2026-03-22,02:50:41,-15.625,-152.25,-130.25,505.50000000000006,20260802_soil_log.txt,2026-03-22 02:50:41
2026-03-22,02:55:41,-17.625,-152.25,-130.125,514.375,20260802_soil_log.txt,2026-03-22 02:55:41
2026-03-22,03:00:41,-18.875,-152.125,-130.125,512.25,20260802_soil_log.txt,2026-03-22 03:00:41
2026-03-22,03:05:42,-14.375,-152.125,-130.0,482.75,20260802_soil_log.txt,2026-03-22 03:05:42
2026-03-22,03:10:42,-15.375,-151.875,-130.0,481.75,20260802_soil_log.txt,2026-03-22 03:10:42
2026-03-22,03:15:42,-15.875,-152.0,-129.875,506.87499999999994,20260802_soil_log.txt,2026-03-22 03:15:42
2026-03-22,03:20:42,-16.375,-151.875,-129.875,491.62500000000006,20260802_soil_log.txt,2026-03-22 03:20:42
2026-03-22,03:25:42,-14.125,-151.875,-129.75,499.5,20260802_soil_log.txt,2026-03-22 03:25:42
2026-03-22,03:30:43,-17.875000000000004,-151.75,-129.75,513.375,20260802_soil_log.txt,2026-03-22 03:30:43
2026-03-22,03:35:43,-14.5,-151.625,-129.625,500.0,20260802_soil_log.txt,2026-03-22 03:35:43
2026-03-22,03:40:43,-20.625,-151.625,-129.625,509.12500000000006,20260802_soil_log.txt,2026-03-22 03:40:43
2026-03-22,03:45:43,-14.0,-151.5,-129.5,489.75,20260802_soil_log.txt,2026-03-22 03:45:43
2026-03-22,03:50:44,-18.000000000000004,-151.5,-129.5,483.125,20260802_soil_log.txt,2026-03-22 03:50:44
2026-03-22,03:55:44,-19.375,-151.375,-129.375,497.625,20260802_soil_log.txt,2026-03-22 03:55:44
2026-03-22,04:00:44,-13.25,-151.25,-129.375,496.75,20260802_soil_log.txt,2026-03-22 04:00:44
2026-03-22,04:05:44,-16.0,-151.25,-129.375,515.75,20260802_soil_log.txt,2026-03-22 04:05:44
2026-03-22,04:10:44,-13.000000000000002,-151.125,-129.25,492.75,20260802_soil_log.txt,2026-03-22 04:10:44
2026-03-22,04:15:45,-13.375,-151.125,-129.125,500.25,20260802_soil_log.txt,2026-03-22 04:15:45
2026-03-22,04:20:45,-18.875,-151.0,-129.125,507.12500000000006,20260802_soil_log.txt,2026-03-22 04:20:45
2026-03-22,04:25:45,-18.625,-151.0,-129.125,515.25,20260802_soil_log.txt,2026-03-22 04:25:45
2026-03-22,04:30:45,-14.875000000000002,-150.875,-129.0,509.50000000000006,20260802_soil_log.txt,2026-03-22 04:30:45
2026-03-22,04:35:46,-18.125,-150.875,-128.875,501.0,20260802_soil_log.txt,2026-03-22 04:35:46
2026-03-22,04:40:46,-13.875,-150.875,-128.875,484.0,20260802_soil_log.txt,2026-03-22 04:40:46
2026-03-22,04:45:46,-12.875000000000002,-150.75,-128.75,492.5,20260802_soil_log.txt,2026-03-22 04:45:46
2026-03-22,04:50:46,-17.5,-150.75,-128.75,511.75000000000006,20260802_soil_log.txt,2026-03-22 04:50:46
2026-03-22,04:55:46,-13.875,-150.875,-128.75,509.0,20260802_soil_log.txt,2026-03-22 04:55:46
2026-03-22,05:00:47,-17.375,-150.75,-128.625,490.62500000000006,20260802_soil_log.txt,2026-03-22 05:00:47
2026-03-22,05:05:47,-14.5,-150.625,-128.5,486.375,20260802_soil_log.txt,2026-03-22 05:05:47
2026-03-22,05:10:47,-16.125,-150.5,-128.5,517.25,20260802_soil_log.txt,2026-03-22 05:10:47
2026-03-22,05:15:47,-15.875,-150.5,-128.5,516.625,20260802_soil_log.txt,2026-03-22 05:15:47
2026-03-22,05:20:48,-16.125,-150.375,-128.375,516.375,20260802_soil_log.txt,2026-03-22 05:20:48
2026-03-22,05:25:48,-14.125,-150.375,-128.375,488.25,20260802_soil_log.txt,2026-03-22 05:25:48
2026-03-22,05:30:48,-14.875000000000002,-150.375,-128.25,486.75,20260802_soil_log.txt,2026-03-22 05:30:48
2026-03-22,05:35:48,-18.5,-150.375,-128.25,506.375,20260802_soil_log.txt,2026-03-22 05:35:48
2026-03-22,05:40:49,-17.625,-150.25,-128.125,513.375,20260802_soil_log.txt,2026-03-22 05:40:49
2026-03-22,05:45:49,-15.75,-150.25,-128.125,491.5,20260802_soil_log.txt,2026-03-22 05:45:49
2026-03-22,05:50:49,-17.875000000000004,-150.125,-128.0,505.12500000000006,20260802_soil_log.txt,2026-03-22 05:50:49
2026-03-22,05:55:49,-12.25,-150.125,-128.0,509.375,20260802_soil_log.txt,2026-03-22 05:55:49
2026-03-22,06:00:49,-11.5,-150.125,-128.0,483.875,20260802_soil_log.txt,2026-03-22 06:00:49
2026-03-22,06:05:50,-16.625,-150.0,-127.87500000000001,515.375,20260802_soil_log.txt,2026-03-22 06:05:50
2026-03-22,06:10:50,-15.75,-150.0,-127.75,515.75,20260802_soil_log.txt,2026-03-22 06:10:50
2026-03-22,06:15:50,-13.25,-150.0,-127.75,503.75000000000006,20260802_soil_log.txt,2026-03-22 06:15:50
2026-03-22,06:20:50,-13.5,-149.875,-127.62500000000001,511.12500000000006,20260802_soil_log.txt,2026-03-22 06:20:50
2026-03-22,06:25:51,-15.0,-149.875,-127.62500000000001,488.5,20260802_soil_log.txt,2026-03-22 06:25:51
2026-03-22,06:30:51,-14.750000000000002,-149.875,-127.5,508.375,20260802_soil_log.txt,2026-03-22 06:30:51
2026-03-22,06:35:51,-16.375,-149.875,-127.62500000000001,490.25,20260802_soil_log.txt,2026-03-22 06:35:51
2026-03-22,06:40:51,-16.25,-149.75,-127.5,497.125,20260802_soil_log.txt,2026-03-22 06:40:51
2026-03-22,06:45:51,-12.625,-149.75,-127.37500000000001,486.375,20260802_soil_log.txt,2026-03-22 06:45:51
2026-03-22,06:50:52,-12.875000000000002,-149.75,-127.37500000000001,483.625,20260802_soil_log.txt,2026-03-22 06:50:52
2026-03-22,06:55:52,-13.000000000000002,-149.625,-127.5,484.625,20260802_soil_log.txt,2026-03-22 06:55:52
2026-03-22,07:00:52,-14.0,-149.625,-127.25,488.12500000000006,20260802_soil_log.txt,2026-03-22 07:00:52
2026-03-22,07:05:52,-16.75,-149.5,-127.25,504.50000000000006,20260802_soil_log.txt,2026-03-22 07:05:52
2026-03-22,07:10:53,-17.375,-149.5,-127.25,510.75000000000006,20260802_soil_log.txt,2026-03-22 07:10:53
2026-03-22,07:15:53,-15.875,-149.5,-127.12500000000001,510.50000000000006,20260802_soil_log.txt,2026-03-22 07:15:53
2026-03-22,07:20:53,-13.000000000000002,-149.375,-127.12500000000001,491.5,20260802_soil_log.txt,2026-03-22 07:20:53
2026-03-22,07:25:53,-12.375,-149.375,-127.12500000000001,491.375,20260802_soil_log.txt,2026-03-22 07:25:53
2026-03-22,07:30:53,-17.750000000000004,-149.375,-127.12500000000001,505.375,20260802_soil_log.txt,2026-03-22 07:30:53
2026-03-22,07:35:54,-13.000000000000002,-149.375,-127.0,498.75,20260802_soil_log.txt,2026-03-22 07:35:54
2026-03-22,07:40:54,-16.375,-149.375,-127.0,515.5,20260802_soil_log.txt,2026-03-22 07:40:54
2026-03-22,07:45:54,-16.375,-149.375,-127.0,495.75,20260802_soil_log.txt,2026-03-22 07:45:54
2026-03-22,07:50:54,-18.375,-149.375,-126.87500000000001,515.25,20260802_soil_log.txt,2026-03-22 07:50:54
2026-03-22,07:55:55,-16.875,-149.25,-127.0,489.25,20260802_soil_log.txt,2026-03-22 07:55:55
2026-03-22,08:00:55,-17.125,-149.25,-126.87500000000001,516.875,20260802_soil_log.txt,2026-03-22 08:00:55
2026-03-22,08:05:55,-14.25,-149.25,-126.75,510.0,20260802_soil_log.txt,2026-03-22 08:05:55
2026-03-22,08:10:55,-14.875000000000002,-149.25,-126.87500000000001,483.25,20260802_soil_log.txt,2026-03-22 08:10:55
2026-03-22,08:15:55,-16.25,-149.125,-126.87500000000001,486.12500000000006,20260802_soil_log.txt,2026-03-22 08:15:55
2026-03-22,08:20:56,-14.5,-149.125,-126.62500000000001,505.87499999999994,20260802_soil_log.txt,2026-03-22 08:20:56
2026-03-22,08:25:56,-16.125,-149.125,-126.62500000000001,515.125,20260802_soil_log.txt,2026-03-22 08:25:56
2026-03-22,08:30:56,-14.750000000000002,-149.125,-126.75,502.25,20260802_soil_log.txt,2026-03-22 08:30:56
2026-03-22,08:35:56,-15.5,-149.125,-126.62500000000001,487.0,20260802_soil_log.txt,2026-03-22 08:35:56
2026-03-22,08:40:57,-17.25,-149.0,-126.5,516.375,20260802_soil_log.txt,2026-03-22 08:40:57
2026-03-22,08:45:57,-13.000000000000002,-149.0,-126.5,490.25,20260802_soil_log.txt,2026-03-22 08:45:57
2026-03-22,08:50:57,-13.000000000000002,-148.875,-126.5,512.75,20260802_soil_log.txt,2026-03-22 08:50:57
2026-03-22,08:55:57,-18.25,-148.875,-126.5,500.12500000000006,20260802_soil_log.txt,2026-03-22 08:55:57
2026-03-22,09:00:57,-14.25,-148.875,-126.37500000000001,484.25,20260802_soil_log.txt,2026-03-22 09:00:57
2026-03-22,09:05:58,-17.5,-148.75,-126.37500000000001,504.50000000000006,20260802_soil_log.txt,2026-03-22 09:05:58
2026-03-22,09:10:58,-15.125,-148.75,-126.25,491.5,20260802_soil_log.txt,2026-03-22 09:10:58
2026-03-22,09:15:58,-12.750000000000002,-148.75,-126.25,488.25,20260802_soil_log.txt,2026-03-22 09:15:58
2026-03-22,09:20:58,-13.375,-148.625,-126.12500000000001,505.50000000000006,20260802_soil_log.txt,2026-03-22 09:20:58
2026-03-22,09:25:59,-17.875000000000004,-148.5,-126.25,516.5,20260802_soil_log.txt,2026-03-22 09:25:59
2026-03-22,09:30:59,-16.125,-148.625,-126.12500000000001,497.875,20260802_soil_log.txt,2026-03-22 09:30:59
2026-03-22,09:35:59,-13.875,-148.5,-126.0,483.75,20260802_soil_log.txt,2026-03-22 09:35:59
2026-03-22,09:40:59,-17.875000000000004,-148.5,-126.0,490.12500000000006,20260802_soil_log.txt,2026-03-22 09:40:59
2026-03-22,09:45:59,-12.875000000000002,-148.375,-126.0,501.75000000000006,20260802_soil_log.txt,2026-03-22 09:45:59
2026-03-22,09:51:00,-18.000000000000004,-148.375,-125.87500000000001,501.625,20260802_soil_log.txt,2026-03-22 09:51:00
2026-03-22,09:56:00,-17.0,-148.375,-125.87500000000001,516.0,20260802_soil_log.txt,2026-03-22 09:56:00
2026-03-22,10:01:00,-15.875,-148.375,-125.87500000000001,514.0,20260802_soil_log.txt,2026-03-22 10:01:00
2026-03-22,10:06:00,-15.75,-148.25,-125.87500000000001,500.50000000000006,20260802_soil_log.txt,2026-03-22 10:06:00
2026-03-22,10:11:01,-12.875000000000002,-148.125,-125.75,504.87499999999994,20260802_soil_log.txt,2026-03-22 10:11:01
2026-03-22,10:16:01,-12.625,-148.125,-125.75,500.25,20260802_soil_log.txt,2026-03-22 10:16:01
2026-03-22,10:21:01,-13.000000000000002,-148.125,-125.75,485.125,20260802_soil_log.txt,2026-03-22 10:21:01
2026-03-22,10:26:01,-16.25,-148.0,-125.62500000000001,503.75000000000006,20260802_soil_log.txt,2026-03-22 10:26:01
2026-03-22,10:31:01,-13.875,-148.0,-125.62500000000001,515.875,20260802_soil_log.txt,2026-03-22 10:31:01
2026-03-22,10:36:02,-17.750000000000004,-148.0,-125.62500000000001,505.50000000000006,20260802_soil_log.txt,2026-03-22 10:36:02
2026-03-22,10:41:02,-17.875000000000004,-147.875,-125.5,517.875,20260802_soil_log.txt,2026-03-22 10:41:02
2026-03-22,10:46:02,-12.0,-147.875,-125.5,493.62500000000006,20260802_soil_log.txt,2026-03-22 10:46:02
2026-03-22,10:51:02,-12.750000000000002,-147.75,-125.5,487.12500000000006,20260802_soil_log.txt,2026-03-22 10:51:02
2026-03-22,10:56:03,-12.875000000000002,-147.75,-125.37500000000001,509.625,20260802_soil_log.txt,2026-03-22 10:56:03
2026-03-22,11:01:03,-14.875000000000002,-147.625,-125.37500000000001,517.25,20260802_soil_log.txt,2026-03-22 11:01:03
2026-03-22,11:06:03,-17.875000000000004,-147.625,-125.25,512.875,20260802_soil_log.txt,2026-03-22 11:06:03
2026-03-22,11:11:03,-12.625,-147.75,-125.25,508.375,20260802_soil_log.txt,2026-03-22 11:11:03
2026-03-22,11:16:03,-13.625,-147.75,-125.25,506.25,20260802_soil_log.txt,2026-03-22 11:16:03
2026-03-22,11:21:04,-18.25,-147.75,-125.0,517.0,20260802_soil_log.txt,2026-03-22 11:21:04
2026-03-22,11:26:04,-14.0,-147.625,-125.0,515.5,20260802_soil_log.txt,2026-03-22 11:26:04
2026-03-22,11:31:04,-12.5,-147.625,-125.0,512.125,20260802_soil_log.txt,2026-03-22 11:31:04
2026-03-22,11:36:04,-17.375,-147.5,-124.875,512.75,20260802_soil_log.txt,2026-03-22 11:36:04
2026-03-22,11:41:05,-12.25,-147.5,-124.875,501.0,20260802_soil_log.txt,2026-03-22 11:41:05
2026-03-22,11:46:05,-18.125,-147.5,-124.75,511.375,20260802_soil_log.txt,2026-03-22 11:46:05
2026-03-22,11:51:05,-17.0,-147.5,-124.75,517.75,20260802_soil_log.txt,2026-03-22 11:51:05
2026-03-22,11:56:05,-14.5,-147.375,-124.75,490.12500000000006,20260802_soil_log.txt,2026-03-22 11:56:05
2026-03-22,12:01:05,-17.625,-147.25,-124.625,491.75,20260802_soil_log.txt,2026-03-22 12:01:05
2026-03-22,12:06:06,-14.5,-147.25,-124.625,516.625,20260802_soil_log.txt,2026-03-22 12:06:06
2026-03-22,12:11:06,-12.375,-147.25,-124.625,497.625,20260802_soil_log.txt,2026-03-22 12:11:06
2026-03-22,12:16:06,-14.5,-147.25,-124.5,486.0,20260802_soil_log.txt,2026-03-22 12:16:06
2026-03-22,12:21:06,-14.875000000000002,-147.125,-124.5,518.875,20260802_soil_log.txt,2026-03-22 12:21:06
2026-03-22,12:26:07,-14.125,-147.125,-124.375,515.625,20260802_soil_log.txt,2026-03-22 12:26:07
2026-03-22,12:31:07,-14.625,-147.125,-124.375,496.375,20260802_soil_log.txt,2026-03-22 12:31:07
2026-03-22,12:36:07,-11.875,-147.0,-124.375,496.75,20260802_soil_log.txt,2026-03-22 12:36:07
2026-03-22,12:41:07,-16.875,-147.0,-124.25,517.375,20260802_soil_log.txt,2026-03-22 12:41:07
2026-03-22,12:46:07,-12.625,-147.0,-124.25,486.5,20260802_soil_log.txt,2026-03-22 12:46:07
2026-03-22,12:51:08,-17.0,-146.875,-124.25,509.75000000000006,20260802_soil_log.txt,2026-03-22 12:51:08
2026-03-22,12:56:08,-14.0,-146.875,-124.125,518.0,20260802_soil_log.txt,2026-03-22 12:56:08
2026-03-22,13:01:08,-15.0,-146.75,-124.125,517.875,20260802_soil_log.txt,2026-03-22 13:01:08
2026-03-22,13:06:08,-16.375,-146.75,-124.0,515.875,20260802_soil_log.txt,2026-03-22 13:06:08
2026-03-22,13:11:08,-13.000000000000002,-146.75,-124.0,487.0,20260802_soil_log.txt,2026-03-22 13:11:08
2026-03-22,13:16:09,-12.0,-146.625,-124.0,512.125,20260802_soil_log.txt,2026-03-22 13:16:09
2026-03-22,13:21:09,-11.75,-146.625,-124.0,494.875,20260802_soil_log.txt,2026-03-22 13:21:09
2026-03-22,13:26:09,-16.25,-146.625,-123.875,519.1250000000001,20260802_soil_log.txt,2026-03-22 13:26:09
2026-03-22,13:31:09,-11.125,-146.625,-123.875,505.625,20260802_soil_log.txt,2026-03-22 13:31:09
2026-03-22,13:36:09,-16.625,-146.625,-123.75,517.25,20260802_soil_log.txt,2026-03-22 13:36:09
2026-03-22,13:41:10,-16.625,-146.5,-123.75,514.625,20260802_soil_log.txt,2026-03-22 13:41:10
2026-03-22,13:46:10,-16.25,-146.5,-123.75,518.1250000000001,20260802_soil_log.txt,2026-03-22 13:46:10
2026-03-22,13:51:10,-16.125,-146.375,-123.625,504.0,20260802_soil_log.txt,2026-03-22 13:51:10
2026-03-22,13:56:10,-15.625,-146.375,-123.625,508.75000000000006,20260802_soil_log.txt,2026-03-22 13:56:10
2026-03-22,14:01:11,-10.125,-146.375,-123.5,501.12500000000006,20260802_soil_log.txt,2026-03-22 14:01:11
2026-03-22,14:06:11,-15.625,-146.25,-123.5,508.625,20260802_soil_log.txt,2026-03-22 14:06:11
2026-03-22,14:11:11,-14.625,-146.25,-123.5,489.75,20260802_soil_log.txt,2026-03-22 14:11:11
2026-03-22,14:16:11,-10.625,-146.125,-123.375,493.875,20260802_soil_log.txt,2026-03-22 14:16:11
2026-03-22,14:21:11,-12.625,-146.125,-123.375,500.75,20260802_soil_log.txt,2026-03-22 14:21:11
2026-03-22,14:26:12,-11.75,-146.125,-123.375,496.375,20260802_soil_log.txt,2026-03-22 14:26:12
2026-03-22,14:31:12,-16.375,-146.0,-123.25,501.375,20260802_soil_log.txt,2026-03-22 14:31:12
2026-03-22,14:36:12,-15.25,-146.0,-123.375,497.0,20260802_soil_log.txt,2026-03-22 14:36:12
2026-03-22,14:41:12,-15.0,-146.0,-123.25,497.625,20260802_soil_log.txt,2026-03-22 14:41:12
2026-03-22,14:46:13,-15.625,-145.875,-123.125,507.625,20260802_soil_log.txt,2026-03-22 14:46:13
2026-03-22,14:51:13,-15.125,-145.875,-123.125,503.625,20260802_soil_log.txt,2026-03-22 14:51:13
2026-03-22,14:56:13,-11.75,-145.875,-123.125,510.0,20260802_soil_log.txt,2026-03-22 14:56:13
2026-03-22,15:01:13,-14.5,-145.875,-123.25,505.87499999999994,20260802_soil_log.txt,2026-03-22 15:01:13
2026-03-22,15:06:13,-9.75,-145.875,-123.0,503.75000000000006,20260802_soil_log.txt,2026-03-22 15:06:13
2026-03-22,15:11:14,-15.25,-145.75,-123.0,514.125,20260802_soil_log.txt,2026-03-22 15:11:14
2026-03-22,15:16:14,-11.0,-145.75,-123.0,514.125,20260802_soil_log.txt,2026-03-22 15:16:14
2026-03-22,15:21:14,-12.750000000000002,-145.75,-122.875,519.625,20260802_soil_log.txt,2026-03-22 15:21:14
2026-03-22,15:26:14,-13.125,-145.5,-122.75,498.625,20260802_soil_log.txt,2026-03-22 15:26:14
2026-03-22,15:31:14,-9.625,-145.5,-123.125,517.25,20260802_soil_log.txt,2026-03-22 15:31:14
2026-03-22,15:36:15,-11.625,-145.375,-123.0,487.62500000000006,20260802_soil_log.txt,2026-03-22 15:36:15
2026-03-22,15:41:15,-13.000000000000002,-145.375,-123.0,520.25,20260802_soil_log.txt,2026-03-22 15:41:15
2026-03-22,15:46:15,-12.625,-145.25,-123.0,491.875,20260802_soil_log.txt,2026-03-22 15:46:15
2026-03-22,15:51:15,-10.125,-145.25,-122.875,518.25,20260802_soil_log.txt,2026-03-22 15:51:15
2026-03-22,15:56:16,-9.75,-145.25,-122.75,498.375,20260802_soil_log.txt,2026-03-22 15:56:16
2026-03-22,16:01:16,-15.125,-145.25,-122.875,519.5,20260802_soil_log.txt,2026-03-22 16:01:16
2026-03-22,16:06:16,-9.125,-145.25,-122.75,511.375,20260802_soil_log.txt,2026-03-22 16:06:16
2026-03-22,16:11:16,-12.625,-145.125,-122.75,507.87499999999994,20260802_soil_log.txt,2026-03-22 16:11:16
2026-03-22,16:16:16,-11.0,-145.125,-122.75,489.5,20260802_soil_log.txt,2026-03-22 16:16:16
2026-03-22,16:21:17,-12.375,-145.125,-122.625,516.25,20260802_soil_log.txt,2026-03-22 16:21:17
2026-03-22,16:26:17,-9.625,-145.125,-122.625,514.125,20260802_soil_log.txt,2026-03-22 16:26:17
2026-03-22,16:31:17,-11.375,-145.125,-122.625,504.375,20260802_soil_log.txt,2026-03-22 16:31:17
2026-03-22,16:36:17,-9.375,-145.0,-122.5,511.25,20260802_soil_log.txt,2026-03-22 16:36:17
2026-03-22,16:41:17,-9.5,-145.0,-122.625,501.625,20260802_soil_log.txt,2026-03-22 16:41:17
2026-03-22,16:46:18,-14.750000000000002,-145.0,-122.5,499.5,20260802_soil_log.txt,2026-03-22 16:46:18
2026-03-22,16:51:18,-9.75,-145.0,-122.5,488.75,20260802_soil_log.txt,2026-03-22 16:51:18
2026-03-22,16:56:18,-10.5,-144.625,-122.375,490.12500000000006,20260802_soil_log.txt,2026-03-22 16:56:18
2026-03-22,17:01:18,-12.5,-144.75,-122.375,494.12500000000006,20260802_soil_log.txt,2026-03-22 17:01:18
2026-03-22,17:06:19,-8.5,-144.625,-122.375,499.5,20260802_soil_log.txt,2026-03-22 17:06:19
2026-03-22,17:11:19,-9.875,-144.625,-122.25,503.50000000000006,20260802_soil_log.txt,2026-03-22 17:11:19
2026-03-22,17:16:19,-11.5,-144.625,-122.25,517.5,20260802_soil_log.txt,2026-03-22 17:16:19
2026-03-22,17:21:19,-9.75,-144.625,-122.25,519.875,20260802_soil_log.txt,2026-03-22 17:21:19
2026-03-22,17:26:19,-13.625,-144.5,-122.25,492.875,20260802_soil_log.txt,2026-03-22 17:26:19
2026-03-22,17:31:20,-14.375,-144.625,-122.125,515.875,20260802_soil_log.txt,2026-03-22 17:31:20
2026-03-22,17:36:20,-10.375,-144.5,-122.125,490.0,20260802_soil_log.txt,2026-03-22 17:36:20
2026-03-22,17:41:20,-14.625,-144.5,-122.125,514.875,20260802_soil_log.txt,2026-03-22 17:41:20
2026-03-22,17:46:20,-9.5,-144.5,-122.125,490.5,20260802_soil_log.txt,2026-03-22 17:46:20
2026-03-22,17:51:20,-9.375,-144.375,-122.0,502.75000000000006,20260802_soil_log.txt,2026-03-22 17:51:20
2026-03-22,17:56:21,-12.5,-144.375,-122.0,518.0,20260802_soil_log.txt,2026-03-22 17:56:21
2026-03-22,18:01:21,-14.0,-144.375,-122.0,498.625,20260802_soil_log.txt,2026-03-22 18:01:21
2026-03-22,18:06:21,-15.25,-144.25,-121.875,509.50000000000006,20260802_soil_log.txt,2026-03-22 18:06:21
2026-03-22,18:11:21,-9.875,-144.25,-121.875,494.875,20260802_soil_log.txt,2026-03-22 18:11:21
2026-03-22,18:16:21,-9.625,-144.25,-121.875,489.75,20260802_soil_log.txt,2026-03-22 18:16:21
2026-03-22,18:21:22,-14.375,-144.25,-121.875,501.87499999999994,20260802_soil_log.txt,2026-03-22 18:21:22
2026-03-22,18:26:22,-14.375,-144.25,-121.75,517.25,20260802_soil_log.txt,2026-03-22 18:26:22
2026-03-22,18:31:22,-14.375,-144.125,-121.75,509.87499999999994,20260802_soil_log.txt,2026-03-22 18:31:22
2026-03-22,18:36:22,-8.625,-144.125,-121.625,502.375,20260802_soil_log.txt,2026-03-22 18:36:22
2026-03-22,18:41:23,-8.875000000000002,-144.125,-121.5,501.87499999999994,20260802_soil_log.txt,2026-03-22 18:41:23
2026-03-22,18:46:23,-11.125,-144.00000000000003,-121.625,499.625,20260802_soil_log.txt,2026-03-22 18:46:23
2026-03-22,18:51:23,-9.125,-144.00000000000003,-121.5,504.0,20260802_soil_log.txt,2026-03-22 18:51:23
2026-03-22,18:56:23,-11.125,-144.00000000000003,-121.5,495.0,20260802_soil_log.txt,2026-03-22 18:56:23
2026-03-22,19:01:23,-8.75,-144.00000000000003,-121.5,508.75000000000006,20260802_soil_log.txt,2026-03-22 19:01:23
2026-03-22,19:06:24,-9.375,-143.875,-121.375,489.75,20260802_soil_log.txt,2026-03-22 19:06:24
2026-03-22,19:11:24,-13.875,-143.875,-121.375,514.375,20260802_soil_log.txt,2026-03-22 19:11:24
2026-03-22,19:16:24,-11.875,-143.875,-121.25,522.75,20260802_soil_log.txt,2026-03-22 19:16:24
2026-03-22,19:21:24,-14.0,-143.875,-121.25,503.25,20260802_soil_log.txt,2026-03-22 19:21:24
2026-03-22,19:26:25,-11.25,-143.875,-121.25,519.625,20260802_soil_log.txt,2026-03-22 19:26:25
2026-03-22,19:31:25,-14.625,-143.875,-121.25,519.875,20260802_soil_log.txt,2026-03-22 19:31:25
2026-03-22,19:36:25,-9.125,-143.75000000000003,-121.25,488.375,20260802_soil_log.txt,2026-03-22 19:36:25
2026-03-22,19:41:25,-12.125,-143.75000000000003,-121.25,519.25,20260802_soil_log.txt,2026-03-22 19:41:25
2026-03-22,19:46:25,-9.125,-143.625,-121.125,503.12500000000006,20260802_soil_log.txt,2026-03-22 19:46:25
2026-03-22,19:51:26,-10.5,-143.625,-121.125,517.75,20260802_soil_log.txt,2026-03-22 19:51:26
2026-03-22,19:56:26,-14.25,-143.625,-121.0,511.87499999999994,20260802_soil_log.txt,2026-03-22 19:56:26
2026-03-22,20:01:26,-11.0,-143.625,-121.0,497.0,20260802_soil_log.txt,2026-03-22 20:01:26
2026-03-22,20:06:26,-9.875,-143.50000000000003,-120.875,491.5,20260802_soil_log.txt,2026-03-22 20:06:26
2026-03-22,20:11:27,-14.625,-143.50000000000003,-120.875,521.25,20260802_soil_log.txt,2026-03-22 20:11:27
2026-03-22,20:16:27,-14.750000000000002,-143.50000000000003,-120.875,516.125,20260802_soil_log.txt,2026-03-22 20:16:27
2026-03-22,20:21:27,-14.0,-143.375,-120.75,506.50000000000006,20260802_soil_log.txt,2026-03-22 20:21:27
2026-03-22,20:26:27,-9.875,-143.375,-120.875,490.375,20260802_soil_log.txt,2026-03-22 20:26:27
2026-03-22,20:31:27,-11.125,-143.375,-120.75,520.5,20260802_soil_log.txt,2026-03-22 20:31:27
2026-03-22,20:36:28,-14.5,-143.375,-120.75,510.75000000000006,20260802_soil_log.txt,2026-03-22 20:36:28
2026-03-22,20:41:28,-12.750000000000002,-143.375,-120.625,522.375,20260802_soil_log.txt,2026-03-22 20:41:28
2026-03-22,20:46:28,-14.625,-143.25000000000003,-120.625,519.5,20260802_soil_log.txt,2026-03-22 20:46:28
2026-03-22,20:51:28,-14.625,-143.25000000000003,-120.625,522.0,20260802_soil_log.txt,2026-03-22 20:51:28
2026-03-22,20:56:29,-9.125,-143.25000000000003,-120.625,497.0,20260802_soil_log.txt,2026-03-22 20:56:29
2026-03-22,21:01:29,-9.000000000000002,-143.25000000000003,-120.625,505.0,20260802_soil_log.txt,2026-03-22 21:01:29
2026-03-22,21:06:29,-14.625,-143.125,-120.5,512.875,20260802_soil_log.txt,2026-03-22 21:06:29
2026-03-22,21:11:29,-14.375,-143.125,-120.5,518.75,20260802_soil_log.txt,2026-03-22 21:11:29
2026-03-22,21:16:29,-14.375,-143.00000000000003,-120.5,519.25,20260802_soil_log.txt,2026-03-22 21:16:29
2026-03-22,21:21:30,-13.000000000000002,-143.00000000000003,-120.375,504.375,20260802_soil_log.txt,2026-03-22 21:21:30
2026-03-22,21:26:30,-9.125,-143.125,-120.375,494.12500000000006,20260802_soil_log.txt,2026-03-22 21:26:30
2026-03-22,21:31:30,-9.25,-143.00000000000003,-120.375,516.625,20260802_soil_log.txt,2026-03-22 21:31:30
2026-03-22,21:36:30,-11.75,-142.875,-120.25,502.25,20260802_soil_log.txt,2026-03-22 21:36:30
2026-03-22,21:41:31,-8.75,-142.875,-120.25,495.375,20260802_soil_log.txt,2026-03-22 21:41:31
2026-03-22,21:46:31,-10.875000000000002,-142.875,-120.25,504.87499999999994,20260802_soil_log.txt,2026-03-22 21:46:31
2026-03-22,21:51:31,-8.5,-142.75000000000003,-120.125,505.87499999999994,20260802_soil_log.txt,2026-03-22 21:51:31
2026-03-22,21:56:31,-11.75,-142.75000000000003,-120.125,505.25,20260802_soil_log.txt,2026-03-22 21:56:31
2026-03-22,22:01:32,-11.625,-142.75000000000003,-120.125,525.75,20260802_soil_log.txt,2026-03-22 22:01:32
2026-03-22,22:06:32,-10.25,-142.625,-120.125,520.5,20260802_soil_log.txt,2026-03-22 22:06:32
2026-03-22,22:11:32,-13.000000000000002,-142.50000000000003,-120.0,497.25,20260802_soil_log.txt,2026-03-22 22:11:32
2026-03-22,22:16:32,-10.25,-142.625,-120.0,520.75,20260802_soil_log.txt,2026-03-22 22:16:32
2026-03-22,22:21:32,-12.750000000000002,-142.50000000000003,-119.87500000000001,524.75,20260802_soil_log.txt,2026-03-22 22:21:32
2026-03-22,22:26:33,-9.125,-142.50000000000003,-119.87500000000001,495.375,20260802_soil_log.txt,2026-03-22 22:26:33
2026-03-22,22:31:33,-11.625,-142.50000000000003,-119.87500000000001,523.25,20260802_soil_log.txt,2026-03-22 22:31:33
2026-03-22,22:36:33,-13.625,-142.50000000000003,-119.75000000000001,518.25,20260802_soil_log.txt,2026-03-22 22:36:33
2026-03-22,22:41:33,-13.25,-142.375,-119.87500000000001,525.0,20260802_soil_log.txt,2026-03-22 22:41:33
2026-03-22,22:46:33,-8.5,-142.375,-119.75000000000001,513.125,20260802_soil_log.txt,2026-03-22 22:46:33
2026-03-22,22:51:34,-8.625,-142.375,-119.75000000000001,520.0,20260802_soil_log.txt,2026-03-22 22:51:34
2026-03-22,22:56:34,-11.375,-142.25000000000003,-119.75000000000001,520.375,20260802_soil_log.txt,2026-03-22 22:56:34
2026-03-22,23:01:34,-8.0,-142.25000000000003,-119.62500000000001,504.75000000000006,20260802_soil_log.txt,2026-03-22 23:01:34
2026-03-22,23:06:34,-8.875000000000002,-142.125,-119.62500000000001,515.25,20260802_soil_log.txt,2026-03-22 23:06:34
2026-03-22,23:11:35,-13.625,-142.125,-119.62500000000001,520.875,20260802_soil_log.txt,2026-03-22 23:11:35
2026-03-22,23:16:35,-12.375,-142.00000000000003,-119.62500000000001,525.875,20260802_soil_log.txt,2026-03-22 23:16:35
2026-03-22,23:21:35,-8.625,-142.125,-119.50000000000001,515.375,20260802_soil_log.txt,2026-03-22 23:21:35
2026-03-22,23:26:35,-8.875000000000002,-142.00000000000003,-119.50000000000001,494.0,20260802_soil_log.txt,2026-03-22 23:26:35
2026-03-22,23:31:35,-8.625,-142.00000000000003,-119.50000000000001,510.75000000000006,20260802_soil_log.txt,2026-03-22 23:31:35
2026-03-22,23:36:36,-13.5,-141.875,-119.50000000000001,523.25,20260802_soil_log.txt,2026-03-22 23:36:36
2026-03-22,23:41:36,-8.5,-141.875,-119.37500000000001,502.375,20260802_soil_log.txt,2026-03-22 23:41:36
2026-03-22,23:46:36,-9.25,-141.875,-119.37500000000001,497.0,20260802_soil_log.txt,2026-03-22 23:46:36
2026-03-22,23:51:36,-8.5,-141.875,-119.25000000000001,494.75,20260802_soil_log.txt,2026-03-22 23:51:36
2026-03-22,23:56:37,-13.75,-141.75000000000003,-119.25000000000001,519.5,20260802_soil_log.txt,2026-03-22 23:56:37
2026-03-23,00:01:37,-11.0,-141.75000000000003,-119.25000000000001,526.875,20260802_soil_log.txt,2026-03-23 00:01:37
2026-03-23,00:06:37,-12.125,-141.625,-119.12500000000001,526.625,20260802_soil_log.txt,2026-03-23 00:06:37
2026-03-23,00:11:37,-10.25,-141.625,-119.12500000000001,511.75000000000006,20260802_soil_log.txt,2026-03-23 00:11:37
2026-03-23,00:16:37,-13.125,-141.625,-119.12500000000001,502.375,20260802_soil_log.txt,2026-03-23 00:16:37
2026-03-23,00:21:38,-11.375,-141.625,-119.12500000000001,504.625,20260802_soil_log.txt,2026-03-23 00:21:38
2026-03-23,00:26:38,-12.625,-141.50000000000003,-119.00000000000001,525.75,20260802_soil_log.txt,2026-03-23 00:26:38
2026-03-23,00:31:38,-11.5,-141.50000000000003,-119.00000000000001,502.50000000000006,20260802_soil_log.txt,2026-03-23 00:31:38
2026-03-23,00:36:38,-13.75,-141.50000000000003,-118.87500000000001,516.0,20260802_soil_log.txt,2026-03-23 00:36:38
2026-03-23,00:41:38,-9.625,-141.375,-118.87500000000001,494.75,20260802_soil_log.txt,2026-03-23 00:41:38
2026-03-23,00:46:39,-11.625,-141.25000000000003,-118.75000000000001,525.625,20260802_soil_log.txt,2026-03-23 00:46:39
2026-03-23,00:51:39,-14.125,-141.25000000000003,-118.75000000000001,502.12500000000006,20260802_soil_log.txt,2026-03-23 00:51:39
2026-03-23,00:56:39,-9.25,-141.25000000000003,-118.75000000000001,494.62500000000006,20260802_soil_log.txt,2026-03-23 00:56:39
2026-03-23,01:01:39,-11.125,-141.125,-118.75000000000001,521.375,20260802_soil_log.txt,2026-03-23 01:01:39
2026-03-23,01:06:40,-12.625,-141.25000000000003,-118.62500000000001,527.625,20260802_soil_log.txt,2026-03-23 01:06:40
2026-03-23,01:11:40,-14.25,-141.25000000000003,-118.62500000000001,517.875,20260802_soil_log.txt,2026-03-23 01:11:40
2026-03-23,01:16:40,-8.75,-141.125,-118.62500000000001,507.625,20260802_soil_log.txt,2026-03-23 01:16:40
2026-03-23,01:21:40,-8.0,-141.125,-118.62500000000001,505.625,20260802_soil_log.txt,2026-03-23 01:21:40
2026-03-23,01:26:40,-9.125,-141.125,-118.50000000000001,495.5,20260802_soil_log.txt,2026-03-23 01:26:40
2026-03-23,01:31:41,-13.875,-141.125,-118.50000000000001,527.625,20260802_soil_log.txt,2026-03-23 01:31:41
2026-03-23,01:36:41,-14.5,-141.0,-118.50000000000001,499.375,20260802_soil_log.txt,2026-03-23 01:36:41
2026-03-23,01:41:41,-15.125,-141.125,-118.50000000000001,505.625,20260802_soil_log.txt,2026-03-23 01:41:41
2026-03-23,01:46:41,-10.0,-141.0,-118.37500000000001,505.12500000000006,20260802_soil_log.txt,2026-03-23 01:46:41
2026-03-23,01:51:42,-12.750000000000002,-141.0,-118.37500000000001,528.125,20260802_soil_log.txt,2026-03-23 01:51:42
2026-03-23,01:56:42,-9.25,-140.875,-118.37500000000001,508.12500000000006,20260802_soil_log.txt,2026-03-23 01:56:42
2026-03-23,02:01:42,-15.75,-140.875,-118.37500000000001,527.0,20260802_soil_log.txt,2026-03-23 02:01:42
2026-03-23,02:06:42,-16.25,-140.875,-118.25000000000001,527.0,20260802_soil_log.txt,2026-03-23 02:06:42
2026-03-23,02:11:43,-11.125,-140.875,-118.25000000000001,501.25,20260802_soil_log.txt,2026-03-23 02:11:43
2026-03-23,02:16:43,-9.5,-140.75,-118.25000000000001,513.125,20260802_soil_log.txt,2026-03-23 02:16:43
2026-03-23,02:21:43,-13.625,-140.75,-118.25000000000001,504.87499999999994,20260802_soil_log.txt,2026-03-23 02:21:43
2026-03-23,02:26:43,-14.0,-140.75,-118.12500000000001,506.50000000000006,20260802_soil_log.txt,2026-03-23 02:26:43
2026-03-23,02:31:43,-8.625,-140.75,-118.00000000000001,510.25,20260802_soil_log.txt,2026-03-23 02:31:43
2026-03-23,02:36:44,-14.0,-140.625,-118.12500000000001,519.5,20260802_soil_log.txt,2026-03-23 02:36:44
2026-03-23,02:41:44,-8.75,-140.625,-118.00000000000001,511.0,20260802_soil_log.txt,2026-03-23 02:41:44
2026-03-23,02:46:44,-11.5,-140.625,-118.00000000000001,527.875,20260802_soil_log.txt,2026-03-23 02:46:44
2026-03-23,02:51:44,-13.75,-140.5,-117.87500000000001,521.5,20260802_soil_log.txt,2026-03-23 02:51:44
2026-03-23,02:56:44,-10.125,-140.5,-117.87500000000001,518.375,20260802_soil_log.txt,2026-03-23 02:56:44
2026-03-23,03:01:45,-8.0,-140.5,-117.87500000000001,511.25,20260802_soil_log.txt,2026-03-23 03:01:45
2026-03-23,03:06:45,-13.125,-140.5,-117.87500000000001,512.25,20260802_soil_log.txt,2026-03-23 03:06:45
2026-03-23,03:11:45,-12.25,-140.5,-117.87500000000001,512.25,20260802_soil_log.txt,2026-03-23 03:11:45
2026-03-23,03:16:45,-9.375,-140.375,-117.75000000000001,515.5,20260802_soil_log.txt,2026-03-23 03:16:45
2026-03-23,03:21:45,-8.375,-140.375,-117.75000000000001,528.5,20260802_soil_log.txt,2026-03-23 03:21:45
2026-03-23,03:26:46,-8.125,-140.375,-117.75000000000001,517.875,20260802_soil_log.txt,2026-03-23 03:26:46
2026-03-23,03:31:46,-9.5,-140.375,-117.75000000000001,520.625,20260802_soil_log.txt,2026-03-23 03:31:46
2026-03-23,03:36:46,-10.875000000000002,-140.25,-117.62500000000001,498.0,20260802_soil_log.txt,2026-03-23 03:36:46
2026-03-23,03:41:46,-8.375,-140.25,-117.62500000000001,518.75,20260802_soil_log.txt,2026-03-23 03:41:46
2026-03-23,03:46:47,-7.875,-140.25,-117.50000000000001,504.87499999999994,20260802_soil_log.txt,2026-03-23 03:46:47
2026-03-23,03:51:47,-9.25,-140.25,-117.50000000000001,506.87499999999994,20260802_soil_log.txt,2026-03-23 03:51:47
2026-03-23,03:56:47,-7.125,-140.25,-117.50000000000001,505.75000000000006,20260802_soil_log.txt,2026-03-23 03:56:47
2026-03-23,04:01:47,-8.0,-140.125,-117.375,516.5,20260802_soil_log.txt,2026-03-23 04:01:47
2026-03-23,04:06:47,-12.375,-140.125,-117.50000000000001,526.875,20260802_soil_log.txt,2026-03-23 04:06:47
2026-03-23,04:11:48,-8.5,-140.0,-117.75000000000001,498.0,20260802_soil_log.txt,2026-03-23 04:11:48
2026-03-23,04:16:48,-10.125,-140.125,-117.62500000000001,511.87499999999994,20260802_soil_log.txt,2026-03-23 04:16:48
2026-03-23,04:21:48,-7.125,-140.125,-117.50000000000001,511.375,20260802_soil_log.txt,2026-03-23 04:21:48
2026-03-23,04:26:48,-8.5,-140.0,-117.375,502.12500000000006,20260802_soil_log.txt,2026-03-23 04:26:48
2026-03-23,04:31:48,-11.625,-140.0,-117.375,510.375,20260802_soil_log.txt,2026-03-23 04:31:48
2026-03-23,04:36:49,-12.125,-140.0,-117.375,526.25,20260802_soil_log.txt,2026-03-23 04:36:49
2026-03-23,04:41:49,-11.875,-140.0,-117.375,525.1250000000001,20260802_soil_log.txt,2026-03-23 04:41:49
2026-03-23,04:46:49,-12.25,-139.875,-117.375,523.5,20260802_soil_log.txt,2026-03-23 04:46:49
2026-03-23,04:51:49,-12.5,-139.875,-117.25,512.25,20260802_soil_log.txt,2026-03-23 04:51:49
2026-03-23,04:56:50,-10.0,-139.875,-117.25,527.0,20260802_soil_log.txt,2026-03-23 04:56:50
2026-03-23,05:01:50,-10.75,-139.875,-117.125,510.75000000000006,20260802_soil_log.txt,2026-03-23 05:01:50
2026-03-23,05:06:50,-7.125,-139.875,-117.125,515.125,20260802_soil_log.txt,2026-03-23 05:06:50
2026-03-23,05:11:50,-8.625,-139.875,-117.125,497.875,20260802_soil_log.txt,2026-03-23 05:11:50
2026-03-23,05:16:50,-8.125,-139.875,-117.0,524.375,20260802_soil_log.txt,2026-03-23 05:16:50
2026-03-23,05:21:51,-12.625,-139.75,-117.0,524.875,20260802_soil_log.txt,2026-03-23 05:21:51
2026-03-23,05:26:51,-10.875000000000002,-139.75,-117.0,510.87499999999994,20260802_soil_log.txt,2026-03-23 05:26:51
2026-03-23,05:31:51,-10.875000000000002,-139.625,-117.0,507.0,20260802_soil_log.txt,2026-03-23 05:31:51
2026-03-23,05:36:51,-8.0,-139.75,-116.875,512.5,20260802_soil_log.txt,2026-03-23 05:36:51
2026-03-23,05:41:52,-7.625,-139.625,-117.0,502.625,20260802_soil_log.txt,2026-03-23 05:41:52
2026-03-23,05:46:52,-12.5,-139.625,-116.875,504.50000000000006,20260802_soil_log.txt,2026-03-23 05:46:52
2026-03-23,05:51:52,-10.75,-139.625,-116.875,525.75,20260802_soil_log.txt,2026-03-23 05:51:52
2026-03-23,05:56:52,-13.125,-139.5,-116.875,525.5,20260802_soil_log.txt,2026-03-23 05:56:52
2026-03-23,06:01:53,-8.5,-139.625,-116.875,516.875,20260802_soil_log.txt,2026-03-23 06:01:53
2026-03-23,06:06:53,-8.375,-139.625,-116.75,518.875,20260802_soil_log.txt,2026-03-23 06:06:53
2026-03-23,06:11:53,-13.625,-139.5,-116.75,519.0,20260802_soil_log.txt,2026-03-23 06:11:53
2026-03-23,06:16:53,-8.875000000000002,-139.5,-116.75,517.25,20260802_soil_log.txt,2026-03-23 06:16:53
2026-03-23,06:21:53,-13.375,-139.5,-116.75,518.0,20260802_soil_log.txt,2026-03-23 06:21:53
2026-03-23,06:26:54,-10.75,-139.5,-116.75,522.1250000000001,20260802_soil_log.txt,2026-03-23 06:26:54
2026-03-23,06:31:54,-11.125,-139.5,-116.625,511.0,20260802_soil_log.txt,2026-03-23 06:31:54
2026-03-23,06:36:54,-10.125,-139.5,-116.625,501.25,20260802_soil_log.txt,2026-03-23 06:36:54
2026-03-23,06:41:54,-12.875000000000002,-139.5,-116.625,500.625,20260802_soil_log.txt,2026-03-23 06:41:54
2026-03-23,06:46:54,-9.25,-139.5,-116.5,496.375,20260802_soil_log.txt,2026-03-23 06:46:54
2026-03-23,06:51:55,-13.625,-139.5,-116.5,516.875,20260802_soil_log.txt,2026-03-23 06:51:55
2026-03-23,06:56:55,-13.25,-139.5,-116.5,512.0,20260802_soil_log.txt,2026-03-23 06:56:55
2026-03-23,07:01:55,-12.125,-139.5,-116.375,527.875,20260802_soil_log.txt,2026-03-23 07:01:55
2026-03-23,07:06:55,-13.625,-139.375,-116.5,511.375,20260802_soil_log.txt,2026-03-23 07:06:55
2026-03-23,07:11:56,-13.125,-139.375,-116.5,513.5,20260802_soil_log.txt,2026-03-23 07:11:56
2026-03-23,07:16:56,-10.875000000000002,-139.375,-116.375,524.625,20260802_soil_log.txt,2026-03-23 07:16:56
2026-03-23,07:21:56,-8.75,-139.375,-116.375,498.625,20260802_soil_log.txt,2026-03-23 07:21:56
2026-03-23,07:26:56,-9.375,-139.375,-116.375,498.375,20260802_soil_log.txt,2026-03-23 07:26:56
2026-03-23,07:31:56,-8.5,-139.25,-116.375,502.25,20260802_soil_log.txt,2026-03-23 07:31:56
2026-03-23,07:36:57,-8.625,-139.25,-116.375,497.25,20260802_soil_log.txt,2026-03-23 07:36:57
2026-03-23,07:41:57,-9.5,-139.25,-116.375,496.125,20260802_soil_log.txt,2026-03-23 07:41:57
2026-03-23,07:46:57,-8.125,-139.25,-116.375,507.75000000000006,20260802_soil_log.txt,2026-03-23 07:46:57
2026-03-23,07:51:57,-13.25,-139.25,-116.375,520.0,20260802_soil_log.txt,2026-03-23 07:51:57
2026-03-23,07:56:58,-8.5,-139.25,-116.25,518.5,20260802_soil_log.txt,2026-03-23 07:56:58
2026-03-23,08:01:58,-10.0,-139.25,-116.25,517.5,20260802_soil_log.txt,2026-03-23 08:01:58
2026-03-23,08:06:58,-12.5,-139.125,-116.25,508.12500000000006,20260802_soil_log.txt,2026-03-23 08:06:58
2026-03-23,08:11:58,-9.5,-139.125,-116.125,499.5,20260802_soil_log.txt,2026-03-23 08:11:58
2026-03-23,08:16:59,-13.5,-139.125,-116.125,520.875,20260802_soil_log.txt,2026-03-23 08:16:59
2026-03-23,08:21:59,-12.875000000000002,-139.125,-116.125,516.375,20260802_soil_log.txt,2026-03-23 08:21:59
2026-03-23,08:26:59,-8.375,-139.0,-116.125,496.25,20260802_soil_log.txt,2026-03-23 08:26:59
2026-03-23,08:31:59,-8.25,-139.0,-116.125,516.25,20260802_soil_log.txt,2026-03-23 08:31:59
2026-03-23,08:36:59,-13.5,-139.0,-116.0,512.625,20260802_soil_log.txt,2026-03-23 08:36:59
2026-03-23,08:42:00,-13.25,-139.0,-116.0,511.87499999999994,20260802_soil_log.txt,2026-03-23 08:42:00
2026-03-23,08:47:00,-8.875000000000002,-138.875,-116.0,523.0,20260802_soil_log.txt,2026-03-23 08:47:00
2026-03-23,08:52:00,-13.125,-139.0,-116.0,527.25,20260802_soil_log.txt,2026-03-23 08:52:00
2026-03-23,08:57:00,-13.25,-138.875,-116.0,514.875,20260802_soil_log.txt,2026-03-23 08:57:00
2026-03-23,09:02:01,-13.25,-139.0,-115.875,526.25,20260802_soil_log.txt,2026-03-23 09:02:01
2026-03-23,09:07:01,-9.000000000000002,-138.875,-115.875,498.125,20260802_soil_log.txt,2026-03-23 09:07:01
2026-03-23,09:12:01,-11.0,-138.875,-115.875,514.75,20260802_soil_log.txt,2026-03-23 09:12:01
2026-03-23,09:17:01,-9.875,-138.875,-115.875,504.25,20260802_soil_log.txt,2026-03-23 09:17:01
2026-03-23,09:22:01,-12.875000000000002,-138.875,-115.875,506.375,20260802_soil_log.txt,2026-03-23 09:22:01
2026-03-23,09:27:02,-10.375,-138.875,-115.75,514.5,20260802_soil_log.txt,2026-03-23 09:27:02
2026-03-23,09:32:02,-13.75,-138.875,-115.875,527.875,20260802_soil_log.txt,2026-03-23 09:32:02
2026-03-23,09:37:02,-15.375,-138.875,-115.75,521.0,20260802_soil_log.txt,2026-03-23 09:37:02
2026-03-23,09:42:02,-15.75,-138.75,-115.625,526.0,20260802_soil_log.txt,2026-03-23 09:42:02
2026-03-23,09:47:03,-11.0,-138.75,-115.75,498.0,20260802_soil_log.txt,2026-03-23 09:47:03
2026-03-23,09:52:03,-15.625,-138.75,-115.625,526.1250000000001,20260802_soil_log.txt,2026-03-23 09:52:03
2026-03-23,09:57:03,-15.25,-138.625,-115.75,524.75,20260802_soil_log.txt,2026-03-23 09:57:03
2026-03-23,10:02:03,-14.125,-138.625,-115.625,528.375,20260802_soil_log.txt,2026-03-23 10:02:03
2026-03-23,10:07:03,-9.5,-138.625,-115.625,503.75000000000006,20260802_soil_log.txt,2026-03-23 10:07:03
2026-03-23,10:12:04,-12.125,-138.625,-115.5,528.25,20260802_soil_log.txt,2026-03-23 10:12:04
2026-03-23,10:17:04,-12.0,-138.5,-115.5,528.75,20260802_soil_log.txt,2026-03-23 10:17:04
2026-03-23,10:22:04,-10.5,-138.5,-115.5,500.75,20260802_soil_log.txt,2026-03-23 10:22:04
2026-03-23,10:27:04,-10.0,-138.5,-115.5,503.75000000000006,20260802_soil_log.txt,2026-03-23 10:27:04
2026-03-23,10:32:04,-10.375,-138.5,-115.375,516.625,20260802_soil_log.txt,2026-03-23 10:32:04
2026-03-23,10:37:05,-9.125,-138.5,-126.37500000000001,507.625,20260802_soil_log.txt,2026-03-23 10:37:05
2026-03-23,10:41:03,-18.25,-138.5,-141.375,497.375,20260805_soil_log.txt,2026-03-23 10:41:03
2026-03-23,10:46:04,-29.500000000000004,-167.5,-147.75,436.25,20260805_soil_log.txt,2026-03-23 10:46:04
2026-03-23,10:51:04,-25.750000000000004,-162.125,-151.5,460.75,20260805_soil_log.txt,2026-03-23 10:51:04
2026-03-23,10:56:04,-30.75,-167.875,-154.25,456.125,20260805_soil_log.txt,2026-03-23 10:56:04
2026-03-23,11:01:04,-34.25,-172.875,-156.25,429.25,20260805_soil_log.txt,2026-03-23 11:01:04
2026-03-23,11:06:05,-38.5,-174.25000000000003,-157.37500000000003,415.375,20260805_soil_log.txt,2026-03-23 11:06:05
2026-03-23,11:11:05,-46.5,-174.75000000000003,-158.25,401.375,20260805_soil_log.txt,2026-03-23 11:11:05
2026-03-23,11:16:05,-44.125,-175.125,-158.87500000000003,405.375,20260805_soil_log.txt,2026-03-23 11:16:05
2026-03-23,11:21:05,-48.375,-175.00000000000003,-159.25,401.0,20260805_soil_log.txt,2026-03-23 11:21:05
2026-03-23,11:26:05,-45.5,-175.375,-159.5,406.5,20260805_soil_log.txt,2026-03-23 11:26:05
2026-03-23,11:31:06,-48.125,-175.75000000000003,-159.75,397.87500000000006,20260805_soil_log.txt,2026-03-23 11:31:06
2026-03-23,11:36:06,-49.375,-175.625,-160.0,410.25,20260805_soil_log.txt,2026-03-23 11:36:06
2026-03-23,11:41:06,-50.875,-175.75000000000003,-160.25,396.5,20260805_soil_log.txt,2026-03-23 11:41:06
2026-03-23,11:46:06,-44.0,-171.625,-160.25,439.625,20260805_soil_log.txt,2026-03-23 11:46:06
2026-03-23,11:51:07,-48.25,-172.25,-159.87500000000003,428.0,20260805_soil_log.txt,2026-03-23 11:51:07
2026-03-23,11:56:07,-45.875,-174.50000000000003,-160.625,405.125,20260805_soil_log.txt,2026-03-23 11:56:07
2026-03-23,12:01:07,-50.875,-175.50000000000003,-160.875,427.25,20260805_soil_log.txt,2026-03-23 12:01:07
2026-03-23,12:06:07,-51.25000000000001,-176.25,-161.0,429.375,20260805_soil_log.txt,2026-03-23 12:06:07
2026-03-23,12:11:07,-48.125,-176.625,-161.375,415.125,20260805_soil_log.txt,2026-03-23 12:11:07
2026-03-23,12:16:08,-53.25,-176.875,-161.625,403.75,20260805_soil_log.txt,2026-03-23 12:16:08
2026-03-23,12:21:08,-48.875,-177.25,-161.75,413.125,20260805_soil_log.txt,2026-03-23 12:21:08
2026-03-23,12:26:08,-53.75,-177.5,-162.375,417.125,20260805_soil_log.txt,2026-03-23 12:26:08
2026-03-23,12:31:08,-50.5,-177.75,-162.75,409.375,20260805_soil_log.txt,2026-03-23 12:31:08
2026-03-23,12:36:09,-54.875,-178.125,-163.375,419.75,20260805_soil_log.txt,2026-03-23 12:36:09
2026-03-23,12:41:09,-56.5,-178.5,-163.625,389.375,20260805_soil_log.txt,2026-03-23 12:41:09
2026-03-23,12:46:09,-53.25,-178.875,-164.125,413.25,20260805_soil_log.txt,2026-03-23 12:46:09
2026-03-23,12:51:09,-58.0,-179.25,-164.5,380.75000000000006,20260805_soil_log.txt,2026-03-23 12:51:09
2026-03-23,12:56:09,-58.5,-179.75,-164.875,387.0,20260805_soil_log.txt,2026-03-23 12:56:09
2026-03-23,13:01:10,-54.875,-180.125,-165.375,387.375,20260805_soil_log.txt,2026-03-23 13:01:10
2026-03-23,13:06:10,-60.875,-180.625,-165.75,380.625,20260805_soil_log.txt,2026-03-23 13:06:10
2026-03-23,13:11:10,-55.75,-181.0,-166.125,384.625,20260805_soil_log.txt,2026-03-23 13:11:10
2026-03-23,13:16:10,-60.75,-181.5,-166.625,375.5,20260805_soil_log.txt,2026-03-23 13:16:10
2026-03-23,13:21:10,-62.875,-182.0,-167.125,389.125,20260805_soil_log.txt,2026-03-23 13:21:10
2026-03-23,13:26:11,-63.25,-182.5,-167.5,371.875,20260805_soil_log.txt,2026-03-23 13:26:11
2026-03-23,13:31:11,-61.375,-183.0,-167.75,395.5,20260805_soil_log.txt,2026-03-23 13:31:11
2026-03-23,13:36:11,-62.375,-183.5,-168.125,361.75,20260805_soil_log.txt,2026-03-23 13:36:11
2026-03-23,13:41:11,-60.75,-184.125,-168.5,375.875,20260805_soil_log.txt,2026-03-23 13:41:11
2026-03-23,13:46:11,-62.25,-184.625,-168.875,357.375,20260805_soil_log.txt,2026-03-23 13:46:11
2026-03-23,13:51:12,-63.0,-185.125,-169.375,376.75000000000006,20260805_soil_log.txt,2026-03-23 13:51:12
2026-03-23,13:56:12,-63.75,-185.625,-169.875,376.875,20260805_soil_log.txt,2026-03-23 13:56:12
2026-03-23,14:01:12,-64.375,-186.25,-170.25,376.625,20260805_soil_log.txt,2026-03-23 14:01:12
2026-03-23,14:06:12,-68.875,-186.75,-170.75,343.25,20260805_soil_log.txt,2026-03-23 14:06:12
2026-03-23,14:11:13,-70.25,-187.125,-171.25,364.5,20260805_soil_log.txt,2026-03-23 14:11:13
2026-03-23,14:16:13,-66.125,-187.625,-171.625,353.625,20260805_soil_log.txt,2026-03-23 14:16:13
2026-03-23,14:21:13,-68.125,-188.12500000000003,-172.125,348.25,20260805_soil_log.txt,2026-03-23 14:21:13
2026-03-23,14:26:13,-72.125,-188.5,-172.50000000000003,335.25,20260805_soil_log.txt,2026-03-23 14:26:13
2026-03-23,14:31:13,-71.25000000000001,-188.87500000000003,-172.875,330.0,20260805_soil_log.txt,2026-03-23 14:31:13
2026-03-23,14:36:14,-73.5,-189.37500000000003,-173.25000000000003,334.125,20260805_soil_log.txt,2026-03-23 14:36:14
2026-03-23,14:41:14,-69.75,-189.75,-173.50000000000003,347.00000000000006,20260805_soil_log.txt,2026-03-23 14:41:14
2026-03-23,14:46:14,-70.62500000000001,-190.25,-173.875,341.375,20260805_soil_log.txt,2026-03-23 14:46:14
2026-03-23,14:51:14,-72.875,-190.5,-174.125,322.5,20260805_soil_log.txt,2026-03-23 14:51:14
2026-03-23,14:56:15,-73.125,-191.0,-174.50000000000003,340.875,20260805_soil_log.txt,2026-03-23 14:56:15
2026-03-23,15:01:15,-72.125,-191.25,-174.625,341.75,20260805_soil_log.txt,2026-03-23 15:01:15
2026-03-23,15:06:15,-76.875,-191.62500000000003,-174.875,311.125,20260805_soil_log.txt,2026-03-23 15:06:15
2026-03-23,15:11:15,-73.625,-191.87500000000003,-175.00000000000003,320.0,20260805_soil_log.txt,2026-03-23 15:11:15
2026-03-23,15:16:16,-78.5,-192.125,-175.25000000000003,312.875,20260805_soil_log.txt,2026-03-23 15:16:16
2026-03-23,15:21:16,-74.375,-192.25,-175.25000000000003,336.875,20260805_soil_log.txt,2026-03-23 15:21:16
2026-03-23,15:26:16,-79.25,-192.5,-175.375,327.25,20260805_soil_log.txt,2026-03-23 15:26:16
2026-03-23,15:31:16,-79.25,-192.75,-175.375,314.75000000000006,20260805_soil_log.txt,2026-03-23 15:31:16
2026-03-23,15:36:16,-75.0,-193.0,-175.375,330.25,20260805_soil_log.txt,2026-03-23 15:36:16
2026-03-23,15:41:17,-76.0,-193.125,-175.375,328.0,20260805_soil_log.txt,2026-03-23 15:41:17
2026-03-23,15:46:17,-80.25,-193.25,-175.375,310.375,20260805_soil_log.txt,2026-03-23 15:46:17
2026-03-23,15:51:17,-80.125,-193.25,-175.25000000000003,309.875,20260805_soil_log.txt,2026-03-23 15:51:17
2026-03-23,15:56:17,-76.25,-193.375,-175.25000000000003,304.125,20260805_soil_log.txt,2026-03-23 15:56:17
2026-03-23,16:01:18,-78.875,-193.375,-175.375,310.25,20260805_soil_log.txt,2026-03-23 16:01:18
2026-03-23,16:06:18,-79.125,-193.625,-175.375,300.75,20260805_soil_log.txt,2026-03-23 16:06:18
2026-03-23,16:11:18,-76.125,-193.625,-175.375,317.25000000000006,20260805_soil_log.txt,2026-03-23 16:11:18
2026-03-23,16:16:18,-81.125,-193.625,-175.50000000000003,303.375,20260805_soil_log.txt,2026-03-23 16:16:18
2026-03-23,16:21:18,-80.0,-193.75,-175.625,298.75,20260805_soil_log.txt,2026-03-23 16:21:18
2026-03-23,16:26:19,-77.25,-193.875,-175.625,314.875,20260805_soil_log.txt,2026-03-23 16:26:19
2026-03-23,16:31:19,-80.75,-193.875,-175.75000000000003,301.75,20260805_soil_log.txt,2026-03-23 16:31:19
2026-03-23,16:36:19,-78.625,-194.0,-175.875,305.0,20260805_soil_log.txt,2026-03-23 16:36:19
2026-03-23,16:41:19,-82.125,-194.125,-175.75000000000003,302.5,20260805_soil_log.txt,2026-03-23 16:41:19
2026-03-23,16:46:19,-80.125,-194.25,-175.75000000000003,320.625,20260805_soil_log.txt,2026-03-23 16:46:19
2026-03-23,16:51:20,-81.875,-194.375,-175.75000000000003,318.375,20260805_soil_log.txt,2026-03-23 16:51:20
2026-03-23,16:56:20,-82.125,-194.5,-175.75000000000003,300.5,20260805_soil_log.txt,2026-03-23 16:56:20
2026-03-23,17:01:20,-81.5,-194.625,-176.0,316.5,20260805_soil_log.txt,2026-03-23 17:01:20
2026-03-23,17:06:20,-78.125,-194.875,-176.125,315.5,20260805_soil_log.txt,2026-03-23 17:06:20
2026-03-23,17:11:21,-79.875,-195.0,-176.25,291.125,20260805_soil_log.txt,2026-03-23 17:11:21
2026-03-23,17:16:21,-78.625,-195.125,-176.25,315.625,20260805_soil_log.txt,2026-03-23 17:16:21
2026-03-23,17:21:21,-82.5,-195.25,-176.375,291.625,20260805_soil_log.txt,2026-03-23 17:21:21
2026-03-23,17:26:21,-79.0,-195.375,-176.5,300.875,20260805_soil_log.txt,2026-03-23 17:26:21
2026-03-23,17:31:21,-84.125,-195.375,-176.625,288.125,20260805_soil_log.txt,2026-03-23 17:31:21
2026-03-23,17:36:22,-83.625,-195.5,-176.75,289.625,20260805_soil_log.txt,2026-03-23 17:36:22
2026-03-23,17:41:22,-84.5,-195.625,-176.875,311.0,20260805_soil_log.txt,2026-03-23 17:41:22
2026-03-23,17:46:22,-83.625,-195.75,-176.875,309.25,20260805_soil_log.txt,2026-03-23 17:46:22
2026-03-23,17:51:22,-79.75,-195.875,-177.0,302.375,20260805_soil_log.txt,2026-03-23 17:51:22
2026-03-23,17:56:23,-82.0,-196.0,-177.125,319.125,20260805_soil_log.txt,2026-03-23 17:56:23
2026-03-23,18:01:23,-80.375,-196.125,-177.125,298.0,20260805_soil_log.txt,2026-03-23 18:01:23
2026-03-23,18:06:23,-80.5,-196.25,-177.125,294.875,20260805_soil_log.txt,2026-03-23 18:06:23
2026-03-23,18:11:23,-81.625,-196.375,-177.25,316.375,20260805_soil_log.txt,2026-03-23 18:11:23
2026-03-23,18:16:23,-80.5,-196.5,-177.25,306.5,20260805_soil_log.txt,2026-03-23 18:16:23
2026-03-23,18:21:24,-81.75,-196.625,-177.25,281.875,20260805_soil_log.txt,2026-03-23 18:21:24
2026-03-23,18:26:24,-82.875,-196.625,-177.375,314.125,20260805_soil_log.txt,2026-03-23 18:26:24
2026-03-23,18:31:24,-79.875,-196.75,-177.375,282.0,20260805_soil_log.txt,2026-03-23 18:31:24
2026-03-23,18:36:24,-82.0,-196.875,-177.5,309.375,20260805_soil_log.txt,2026-03-23 18:36:24
2026-03-23,18:41:25,-85.25,-197.0,-177.5,279.25,20260805_soil_log.txt,2026-03-23 18:41:25
2026-03-23,18:46:25,-82.75,-197.0,-177.5,284.875,20260805_soil_log.txt,2026-03-23 18:46:25
2026-03-23,18:51:25,-85.625,-197.0,-177.5,313.875,20260805_soil_log.txt,2026-03-23 18:51:25
2026-03-23,18:56:25,-84.875,-197.0,-177.5,307.0,20260805_soil_log.txt,2026-03-23 18:56:25
2026-03-23,19:01:25,-81.375,-197.125,-177.625,299.25,20260805_soil_log.txt,2026-03-23 19:01:25
2026-03-23,19:06:26,-82.375,-197.125,-177.625,285.75,20260805_soil_log.txt,2026-03-23 19:06:26
2026-03-23,19:11:26,-86.0,-197.25,-177.625,287.875,20260805_soil_log.txt,2026-03-23 19:11:26
2026-03-23,19:16:26,-82.125,-197.25,-178.25,303.25,20260805_soil_log.txt,2026-03-23 19:16:26
2026-03-23,19:21:26,-83.125,-197.375,-178.0,288.875,20260805_soil_log.txt,2026-03-23 19:21:26
2026-03-23,19:26:26,-85.875,-197.375,-177.875,277.0,20260805_soil_log.txt,2026-03-23 19:26:26
2026-03-23,19:31:27,-83.0,-197.375,-177.75,310.125,20260805_soil_log.txt,2026-03-23 19:31:27
2026-03-23,19:36:27,-87.37500000000001,-197.375,-177.625,288.25,20260805_soil_log.txt,2026-03-23 19:36:27
2026-03-23,19:41:27,-85.875,-197.5,-177.5,279.5,20260805_soil_log.txt,2026-03-23 19:41:27
2026-03-23,19:46:27,-86.75000000000001,-197.375,-177.5,304.625,20260805_soil_log.txt,2026-03-23 19:46:27
2026-03-23,19:51:28,-84.25,-197.375,-177.375,282.375,20260805_soil_log.txt,2026-03-23 19:51:28
2026-03-23,19:56:28,-83.0,-197.5,-177.375,308.375,20260805_soil_log.txt,2026-03-23 19:56:28
2026-03-23,20:01:28,-82.375,-197.375,-177.25,302.5,20260805_soil_log.txt,2026-03-23 20:01:28
2026-03-23,20:06:28,-84.25,-197.375,-177.25,280.75,20260805_soil_log.txt,2026-03-23 20:06:28
2026-03-23,20:11:28,-84.5,-197.375,-177.25,282.375,20260805_soil_log.txt,2026-03-23 20:11:28
2026-03-23,20:16:29,-85.25,-197.375,-177.25,312.625,20260805_soil_log.txt,2026-03-23 20:16:29
2026-03-23,20:21:29,-85.5,-197.375,-177.125,284.125,20260805_soil_log.txt,2026-03-23 20:21:29
2026-03-23,20:26:29,-83.875,-197.25,-177.0,284.50000000000006,20260805_soil_log.txt,2026-03-23 20:26:29
2026-03-23,20:31:29,-85.125,-197.25,-176.875,283.125,20260805_soil_log.txt,2026-03-23 20:31:29
2026-03-23,20:36:30,-82.5,-197.25,-176.875,300.0,20260805_soil_log.txt,2026-03-23 20:36:30
2026-03-23,20:41:30,-86.125,-197.25,-176.75,308.25,20260805_soil_log.txt,2026-03-23 20:41:30
2026-03-23,20:46:30,-84.125,-197.125,-176.625,318.625,20260805_soil_log.txt,2026-03-23 20:46:30
2026-03-23,20:51:30,-84.375,-197.125,-176.5,318.0,20260805_soil_log.txt,2026-03-23 20:51:30
2026-03-23,20:56:30,-84.875,-197.125,-176.5,285.00000000000006,20260805_soil_log.txt,2026-03-23 20:56:30
2026-03-23,21:01:31,-84.875,-197.0,-176.375,321.0,20260805_soil_log.txt,2026-03-23 21:01:31
2026-03-23,21:06:31,-85.125,-196.875,-176.375,288.625,20260805_soil_log.txt,2026-03-23 21:06:31
2026-03-23,21:11:31,-86.25000000000001,-196.875,-176.25,300.375,20260805_soil_log.txt,2026-03-23 21:11:31
2026-03-23,21:16:31,-83.625,-196.875,-176.0,322.75,20260805_soil_log.txt,2026-03-23 21:16:31
2026-03-23,21:21:31,-82.25,-196.875,-176.0,323.5,20260805_soil_log.txt,2026-03-23 21:21:31
2026-03-23,21:26:32,-81.375,-196.75,-175.875,307.25,20260805_soil_log.txt,2026-03-23 21:26:32
2026-03-23,21:31:32,-81.25,-196.5,-175.75000000000003,326.75,20260805_soil_log.txt,2026-03-23 21:31:32
2026-03-23,21:36:32,-81.875,-196.5,-175.625,326.625,20260805_soil_log.txt,2026-03-23 21:36:32
2026-03-23,21:41:32,-84.875,-196.375,-175.50000000000003,318.75000000000006,20260805_soil_log.txt,2026-03-23 21:41:32
2026-03-23,21:46:33,-84.0,-196.25,-175.25000000000003,295.875,20260805_soil_log.txt,2026-03-23 21:46:33
2026-03-23,21:51:33,-84.875,-196.125,-175.125,298.62500000000006,20260805_soil_log.txt,2026-03-23 21:51:33
2026-03-23,21:56:33,-84.5,-196.125,-175.00000000000003,328.5,20260805_soil_log.txt,2026-03-23 21:56:33
2026-03-23,22:01:33,-81.375,-196.0,-174.875,332.25,20260805_soil_log.txt,2026-03-23 22:01:33
2026-03-23,22:06:33,-82.625,-196.0,-174.75000000000003,326.125,20260805_soil_log.txt,2026-03-23 22:06:33
2026-03-23,22:11:34,-79.625,-195.75,-174.50000000000003,317.875,20260805_soil_log.txt,2026-03-23 22:11:34
2026-03-23,22:16:34,-81.125,-195.75,-174.375,335.5,20260805_soil_log.txt,2026-03-23 22:16:34
2026-03-23,22:21:34,-83.75,-195.625,-174.25000000000003,306.375,20260805_soil_log.txt,2026-03-23 22:21:34
2026-03-23,22:26:34,-83.375,-195.5,-174.00000000000003,333.37500000000006,20260805_soil_log.txt,2026-03-23 22:26:34
2026-03-23,22:31:35,-78.875,-195.375,-173.75000000000003,331.87500000000006,20260805_soil_log.txt,2026-03-23 22:31:35
2026-03-23,22:36:35,-83.0,-195.25,-173.50000000000003,310.125,20260805_soil_log.txt,2026-03-23 22:36:35
2026-03-23,22:41:35,-82.125,-195.125,-173.375,312.75,20260805_soil_log.txt,2026-03-23 22:41:35
2026-03-23,22:46:35,-82.375,-195.0,-173.125,328.375,20260805_soil_log.txt,2026-03-23 22:46:35
2026-03-23,22:51:35,-81.875,-194.875,-173.00000000000003,322.125,20260805_soil_log.txt,2026-03-23 22:51:35
2026-03-23,22:56:36,-81.0,-194.625,-172.75000000000003,341.25,20260805_soil_log.txt,2026-03-23 22:56:36
2026-03-23,23:01:36,-77.5,-194.5,-172.50000000000003,334.625,20260805_soil_log.txt,2026-03-23 23:01:36
2026-03-23,23:06:36,-79.375,-194.375,-172.25,349.375,20260805_soil_log.txt,2026-03-23 23:06:36
2026-03-23,23:11:36,-78.125,-194.25,-172.0,317.875,20260805_soil_log.txt,2026-03-23 23:11:36
2026-03-23,23:16:36,-78.875,-194.0,-171.75,323.25,20260805_soil_log.txt,2026-03-23 23:16:36
2026-03-23,23:21:37,-77.0,-193.875,-171.625,348.125,20260805_soil_log.txt,2026-03-23 23:21:37
2026-03-23,23:26:37,-79.75,-193.625,-171.25,347.125,20260805_soil_log.txt,2026-03-23 23:26:37
2026-03-23,23:31:37,-76.0,-193.375,-171.0,332.5,20260805_soil_log.txt,2026-03-23 23:31:37
2026-03-23,23:36:37,-79.625,-193.25,-170.875,348.50000000000006,20260805_soil_log.txt,2026-03-23 23:36:37
2026-03-23,23:41:37,-76.25,-193.0,-170.625,361.5,20260805_soil_log.txt,2026-03-23 23:41:37
2026-03-23,23:46:38,-76.0,-192.75,-170.375,332.37500000000006,20260805_soil_log.txt,2026-03-23 23:46:38
2026-03-23,23:51:38,-75.625,-192.625,-170.125,334.25,20260805_soil_log.txt,2026-03-23 23:51:38
2026-03-23,23:56:38,-74.75,-192.25,-169.75,367.12500000000006,20260805_soil_log.txt,2026-03-23 23:56:38
2026-03-24,00:01:38,-78.625,-192.0,-169.375,347.25,20260805_soil_log.txt,2026-03-24 00:01:38
2026-03-24,00:06:39,-77.375,-191.75,-169.125,351.625,20260805_soil_log.txt,2026-03-24 00:06:39
2026-03-24,00:11:39,-73.0,-191.5,-168.875,361.75,20260805_soil_log.txt,2026-03-24 00:11:39
2026-03-24,00:16:39,-73.625,-191.12500000000003,-168.5,363.375,20260805_soil_log.txt,2026-03-24 00:16:39
2026-03-24,00:21:39,-75.375,-190.87500000000003,-168.25,374.0,20260805_soil_log.txt,2026-03-24 00:21:39
2026-03-24,00:26:39,-73.75,-190.5,-168.0,379.5,20260805_soil_log.txt,2026-03-24 00:26:39
2026-03-24,00:31:40,-72.25,-190.25,-167.625,377.5,20260805_soil_log.txt,2026-03-24 00:31:40
2026-03-24,00:36:40,-75.75,-189.87500000000003,-167.375,364.0,20260805_soil_log.txt,2026-03-24 00:36:40
2026-03-24,00:41:40,-72.375,-189.62500000000003,-167.125,352.5,20260805_soil_log.txt,2026-03-24 00:41:40
2026-03-24,00:46:40,-70.25,-189.25,-166.875,360.125,20260805_soil_log.txt,2026-03-24 00:46:40
2026-03-24,00:51:40,-73.375,-188.87500000000003,-166.625,356.875,20260805_soil_log.txt,2026-03-24 00:51:40
2026-03-24,00:56:41,-71.25000000000001,-188.5,-166.25,391.75,20260805_soil_log.txt,2026-03-24 00:56:41
2026-03-24,01:01:41,-70.125,-188.25,-165.875,363.25,20260805_soil_log.txt,2026-03-24 01:01:41
2026-03-24,01:06:41,-72.00000000000001,-187.875,-165.625,386.25,20260805_soil_log.txt,2026-03-24 01:06:41
2026-03-24,01:11:41,-71.37500000000001,-187.75,-165.375,396.5,20260805_soil_log.txt,2026-03-24 01:11:41
2026-03-24,01:16:41,-68.625,-187.375,-165.0,366.0,20260805_soil_log.txt,2026-03-24 01:16:41
2026-03-24,01:21:42,-67.875,-187.0,-164.75,397.75,20260805_soil_log.txt,2026-03-24 01:21:42
2026-03-24,01:26:42,-67.125,-186.75,-164.5,380.5,20260805_soil_log.txt,2026-03-24 01:26:42
2026-03-24,01:31:42,-70.5,-186.5,-164.25,402.0,20260805_soil_log.txt,2026-03-24 01:31:42
2026-03-24,01:36:42,-72.125,-186.25,-164.0,372.625,20260805_soil_log.txt,2026-03-24 01:36:42
2026-03-24,01:41:43,-68.0,-185.875,-163.625,377.625,20260805_soil_log.txt,2026-03-24 01:41:43
2026-03-24,01:46:43,-67.125,-185.625,-163.5,409.50000000000006,20260805_soil_log.txt,2026-03-24 01:46:43
2026-03-24,01:51:43,-66.875,-185.375,-163.125,408.00000000000006,20260805_soil_log.txt,2026-03-24 01:51:43
2026-03-24,01:56:43,-64.75,-185.0,-162.875,386.75,20260805_soil_log.txt,2026-03-24 01:56:43
2026-03-24,02:01:44,-66.125,-184.75,-162.625,383.5,20260805_soil_log.txt,2026-03-24 02:01:44
2026-03-24,02:06:44,-63.75,-184.5,-162.375,402.875,20260805_soil_log.txt,2026-03-24 02:06:44
2026-03-24,02:11:44,-66.875,-184.25,-162.0,387.125,20260805_soil_log.txt,2026-03-24 02:11:44
2026-03-24,02:16:44,-67.875,-183.875,-161.875,397.625,20260805_soil_log.txt,2026-03-24 02:16:44
2026-03-24,02:21:44,-66.875,-183.625,-161.5,412.375,20260805_soil_log.txt,2026-03-24 02:21:44
2026-03-24,02:26:45,-65.25,-183.375,-161.25,420.0,20260805_soil_log.txt,2026-03-24 02:26:45
2026-03-24,02:31:45,-64.5,-183.125,-161.0,390.125,20260805_soil_log.txt,2026-03-24 02:31:45
2026-03-24,02:36:45,-66.25,-182.875,-160.75,415.125,20260805_soil_log.txt,2026-03-24 02:36:45
2026-03-24,02:41:45,-66.25,-182.625,-160.5,410.50000000000006,20260805_soil_log.txt,2026-03-24 02:41:45
2026-03-24,02:46:46,-61.875,-182.25,-160.25,425.75,20260805_soil_log.txt,2026-03-24 02:46:46
2026-03-24,02:51:46,-64.875,-182.0,-159.87500000000003,415.375,20260805_soil_log.txt,2026-03-24 02:51:46
2026-03-24,02:56:46,-64.625,-181.75,-159.62500000000003,406.625,20260805_soil_log.txt,2026-03-24 02:56:46
2026-03-24,03:01:46,-64.25,-181.5,-159.37500000000003,404.75,20260805_soil_log.txt,2026-03-24 03:01:46
2026-03-24,03:06:46,-60.25,-181.25,-159.12500000000003,418.875,20260805_soil_log.txt,2026-03-24 03:06:46
2026-03-24,03:11:47,-63.625,-181.0,-158.87500000000003,417.5,20260805_soil_log.txt,2026-03-24 03:11:47
2026-03-24,03:16:47,-59.75000000000001,-180.75,-158.75,407.875,20260805_soil_log.txt,2026-03-24 03:16:47
2026-03-24,03:21:47,-61.25,-180.5,-158.5,427.75,20260805_soil_log.txt,2026-03-24 03:21:47
2026-03-24,03:26:47,-59.62500000000001,-180.25,-158.12500000000003,405.25,20260805_soil_log.txt,2026-03-24 03:26:47
2026-03-24,03:31:48,-62.0,-180.0,-157.87500000000003,433.875,20260805_soil_log.txt,2026-03-24 03:31:48
2026-03-24,03:36:48,-59.00000000000001,-179.75,-157.75,407.75,20260805_soil_log.txt,2026-03-24 03:36:48
2026-03-24,03:41:48,-62.125,-179.5,-157.37500000000003,420.25,20260805_soil_log.txt,2026-03-24 03:41:48
2026-03-24,03:46:48,-57.5,-179.25,-157.12500000000003,422.0,20260805_soil_log.txt,2026-03-24 03:46:48
2026-03-24,03:51:48,-57.75,-179.0,-156.87500000000003,443.5,20260805_soil_log.txt,2026-03-24 03:51:48
2026-03-24,03:56:49,-61.0,-178.75,-156.75,435.875,20260805_soil_log.txt,2026-03-24 03:56:49
2026-03-24,04:01:49,-58.75000000000001,-178.625,-156.5,444.375,20260805_soil_log.txt,2026-03-24 04:01:49
2026-03-24,04:06:49,-59.00000000000001,-178.25,-156.25,443.875,20260805_soil_log.txt,2026-03-24 04:06:49
2026-03-24,04:11:49,-55.25,-177.875,-156.0,420.125,20260805_soil_log.txt,2026-03-24 04:11:49
2026-03-24,04:16:50,-60.0,-177.5,-155.75,436.5,20260805_soil_log.txt,2026-03-24 04:16:50
2026-03-24,04:21:50,-55.25,-177.375,-155.5,440.25000000000006,20260805_soil_log.txt,2026-03-24 04:21:50
2026-03-24,04:26:50,-56.375,-177.125,-155.625,449.25,20260805_soil_log.txt,2026-03-24 04:26:50
2026-03-24,04:31:50,-59.37500000000001,-176.875,-155.375,421.875,20260805_soil_log.txt,2026-03-24 04:31:50
2026-03-24,04:36:50,-54.875,-176.75,-155.125,431.62500000000006,20260805_soil_log.txt,2026-03-24 04:36:50
2026-03-24,04:41:51,-56.375,-176.625,-154.875,420.375,20260805_soil_log.txt,2026-03-24 04:41:51
2026-03-24,04:46:51,-54.5,-176.375,-154.75,432.25,20260805_soil_log.txt,2026-03-24 04:46:51
2026-03-24,04:51:51,-58.375,-176.25,-154.625,450.375,20260805_soil_log.txt,2026-03-24 04:51:51
2026-03-24,04:56:51,-55.875,-176.0,-154.5,455.25,20260805_soil_log.txt,2026-03-24 04:56:51
2026-03-24,05:01:52,-55.125,-175.875,-154.25,425.375,20260805_soil_log.txt,2026-03-24 05:01:52
2026-03-24,05:06:52,-54.75,-175.625,-154.0,452.875,20260805_soil_log.txt,2026-03-24 05:06:52
2026-03-24,05:11:52,-54.375,-175.375,-153.75,455.37500000000006,20260805_soil_log.txt,2026-03-24 05:11:52
2026-03-24,05:16:52,-55.875,-175.125,-153.625,423.12500000000006,20260805_soil_log.txt,2026-03-24 05:16:52
2026-03-24,05:21:53,-56.125,-175.00000000000003,-153.5,455.625,20260805_soil_log.txt,2026-03-24 05:21:53
2026-03-24,05:26:53,-53.125,-174.75000000000003,-153.25,451.75,20260805_soil_log.txt,2026-03-24 05:26:53
2026-03-24,05:31:53,-56.25,-174.625,-153.125,427.375,20260805_soil_log.txt,2026-03-24 05:31:53
2026-03-24,05:36:53,-56.875,-174.50000000000003,-153.0,440.5,20260805_soil_log.txt,2026-03-24 05:36:53
2026-03-24,05:41:53,-54.625,-174.375,-152.875,456.5,20260805_soil_log.txt,2026-03-24 05:41:53
2026-03-24,05:46:54,-56.375,-174.25000000000003,-152.625,449.625,20260805_soil_log.txt,2026-03-24 05:46:54
2026-03-24,05:51:54,-56.0,-174.125,-152.5,454.75,20260805_soil_log.txt,2026-03-24 05:51:54
2026-03-24,05:56:54,-51.62500000000001,-174.00000000000003,-152.375,460.5,20260805_soil_log.txt,2026-03-24 05:56:54
2026-03-24,06:01:54,-52.625,-173.75000000000003,-152.25,438.625,20260805_soil_log.txt,2026-03-24 06:01:54
2026-03-24,06:06:55,-51.87500000000001,-173.625,-152.0,452.875,20260805_soil_log.txt,2026-03-24 06:06:55
2026-03-24,06:11:55,-56.0,-173.50000000000003,-151.875,445.5,20260805_soil_log.txt,2026-03-24 06:11:55
2026-03-24,06:16:55,-53.875,-173.375,-151.75,427.875,20260805_soil_log.txt,2026-03-24 06:16:55
2026-03-24,06:21:55,-54.0,-173.25000000000003,-151.625,428.0,20260805_soil_log.txt,2026-03-24 06:21:55
2026-03-24,06:26:56,-51.37500000000001,-173.125,-151.5,447.75000000000006,20260805_soil_log.txt,2026-03-24 06:26:56
2026-03-24,06:31:56,-53.375,-172.875,-151.375,460.125,20260805_soil_log.txt,2026-03-24 06:31:56
2026-03-24,06:36:56,-55.375,-172.875,-151.375,442.75000000000006,20260805_soil_log.txt,2026-03-24 06:36:56
2026-03-24,06:41:56,-53.375,-172.75000000000003,-151.125,429.25,20260805_soil_log.txt,2026-03-24 06:41:56
2026-03-24,06:46:56,-55.25,-172.625,-151.0,450.5,20260805_soil_log.txt,2026-03-24 06:46:56
2026-03-24,06:51:57,-54.0,-172.50000000000003,-150.875,461.37500000000006,20260805_soil_log.txt,2026-03-24 06:51:57
2026-03-24,06:56:57,-53.25,-172.375,-150.875,443.125,20260805_soil_log.txt,2026-03-24 06:56:57
2026-03-24,07:01:57,-50.625,-172.25,-150.625,450.875,20260805_soil_log.txt,2026-03-24 07:01:57
2026-03-24,07:06:57,-52.375,-172.125,-150.625,433.0,20260805_soil_log.txt,2026-03-24 07:06:57
2026-03-24,07:11:58,-50.125,-172.0,-150.5,449.875,20260805_soil_log.txt,2026-03-24 07:11:58
2026-03-24,07:16:58,-54.375,-172.0,-150.375,431.12500000000006,20260805_soil_log.txt,2026-03-24 07:16:58
2026-03-24,07:21:58,-53.75,-171.75,-150.25,431.12500000000006,20260805_soil_log.txt,2026-03-24 07:21:58
2026-03-24,07:26:58,-52.875,-171.75,-150.125,464.0,20260805_soil_log.txt,2026-03-24 07:26:58
2026-03-24,07:31:58,-54.125,-171.625,-150.0,440.5,20260805_soil_log.txt,2026-03-24 07:31:58
2026-03-24,07:36:59,-50.0,-171.5,-149.875,448.875,20260805_soil_log.txt,2026-03-24 07:36:59
2026-03-24,07:41:59,-50.125,-171.375,-149.875,457.625,20260805_soil_log.txt,2026-03-24 07:41:59
2026-03-24,07:46:59,-51.00000000000001,-171.25,-149.75,433.75,20260805_soil_log.txt,2026-03-24 07:46:59
2026-03-24,07:51:59,-54.0,-171.25,-149.625,461.0,20260805_soil_log.txt,2026-03-24 07:51:59
2026-03-24,07:57:00,-53.875,-171.125,-149.5,458.25,20260805_soil_log.txt,2026-03-24 07:57:00
2026-03-24,08:02:00,-53.75,-171.125,-149.5,449.625,20260805_soil_log.txt,2026-03-24 08:02:00
2026-03-24,08:07:00,-52.25,-170.875,-149.375,465.375,20260805_soil_log.txt,2026-03-24 08:07:00
2026-03-24,08:12:00,-49.375,-170.75,-149.375,457.25,20260805_soil_log.txt,2026-03-24 08:12:00
2026-03-24,08:17:00,-50.625,-170.625,-149.25,438.375,20260805_soil_log.txt,2026-03-24 08:17:00
2026-03-24,08:22:01,-49.0,-170.625,-149.125,466.625,20260805_soil_log.txt,2026-03-24 08:22:01
2026-03-24,08:27:01,-50.125,-170.375,-149.0,439.5,20260805_soil_log.txt,2026-03-24 08:27:01
2026-03-24,08:32:01,-48.5,-170.375,-148.875,456.37500000000006,20260805_soil_log.txt,2026-03-24 08:32:01
2026-03-24,08:37:01,-51.62500000000001,-170.0,-148.75,441.125,20260805_soil_log.txt,2026-03-24 08:37:01
2026-03-24,08:42:02,-52.625,-170.0,-148.75,454.5,20260805_soil_log.txt,2026-03-24 08:42:02
2026-03-24,08:47:02,-49.875,-169.875,-148.625,437.875,20260805_soil_log.txt,2026-03-24 08:47:02
2026-03-24,08:52:02,-48.0,-169.75,-148.5,451.625,20260805_soil_log.txt,2026-03-24 08:52:02
2026-03-24,08:57:02,-48.625,-169.625,-148.375,466.5,20260805_soil_log.txt,2026-03-24 08:57:02
2026-03-24,09:02:02,-47.75,-169.5,-148.25,448.375,20260805_soil_log.txt,2026-03-24 09:02:02
2026-03-24,09:07:03,-48.875,-169.375,-148.125,442.125,20260805_soil_log.txt,2026-03-24 09:07:03
2026-03-24,09:12:03,-47.875,-169.25,-148.125,465.25,20260805_soil_log.txt,2026-03-24 09:12:03
2026-03-24,09:17:03,-47.875,-169.125,-148.0,464.75,20260805_soil_log.txt,2026-03-24 09:17:03
2026-03-24,09:22:03,-51.00000000000001,-169.0,-147.875,440.625,20260805_soil_log.txt,2026-03-24 09:22:03
2026-03-24,09:27:04,-47.875,-168.875,-147.75,471.125,20260805_soil_log.txt,2026-03-24 09:27:04
2026-03-24,09:32:04,-48.0,-168.75,-147.625,455.0,20260805_soil_log.txt,2026-03-24 09:32:04
2026-03-24,09:37:04,-49.25,-168.625,-147.625,444.75000000000006,20260805_soil_log.txt,2026-03-24 09:37:04
2026-03-24,09:42:04,-46.875,-168.625,-147.625,450.25,20260805_soil_log.txt,2026-03-24 09:42:04
2026-03-24,09:47:04,-47.625,-168.375,-147.5,475.75,20260805_soil_log.txt,2026-03-24 09:47:04
2026-03-24,09:52:05,-50.625,-168.25,-147.375,458.75,20260805_soil_log.txt,2026-03-24 09:52:05
2026-03-24,09:57:05,-47.125,-168.25,-147.375,450.625,20260805_soil_log.txt,2026-03-24 09:57:05
2026-03-24,10:02:05,-49.25,-168.0,-147.25,473.875,20260805_soil_log.txt,2026-03-24 10:02:05
2026-03-24,10:07:05,-49.125,-168.0,-147.125,474.125,20260805_soil_log.txt,2026-03-24 10:07:05
2026-03-24,10:12:06,-49.875,-167.875,-147.0,470.00000000000006,20260805_soil_log.txt,2026-03-24 10:12:06
2026-03-24,10:17:06,-49.875,-167.75,-147.0,454.5,20260805_soil_log.txt,2026-03-24 10:17:06
2026-03-24,10:22:06,-47.75,-167.75,-146.875,477.75,20260805_soil_log.txt,2026-03-24 10:22:06
2026-03-24,10:27:06,-47.5,-167.5,-146.875,444.875,20260805_soil_log.txt,2026-03-24 10:27:06
2026-03-24,10:32:06,-48.125,-167.375,-146.75,478.75,20260805_soil_log.txt,2026-03-24 10:32:06
2026-03-24,10:37:07,-46.375,-167.25,-146.625,453.375,20260805_soil_log.txt,2026-03-24 10:37:07
2026-03-24,10:42:07,-45.75,-167.25,-146.5,463.37500000000006,20260805_soil_log.txt,2026-03-24 10:42:07
2026-03-24,10:47:07,-47.125,-167.125,-146.375,468.875,20260805_soil_log.txt,2026-03-24 10:47:07
2026-03-24,10:52:07,-47.0,-167.0,-146.375,448.625,20260805_soil_log.txt,2026-03-24 10:52:07
2026-03-24,10:57:08,-46.0,-166.875,-146.375,450.25,20260805_soil_log.txt,2026-03-24 10:57:08
2026-03-24,11:02:08,-49.75,-166.75,-146.25,449.875,20260805_soil_log.txt,2026-03-24 11:02:08
2026-03-24,11:07:08,-49.5,-166.625,-146.125,459.5,20260805_soil_log.txt,2026-03-24 11:07:08
2026-03-24,11:12:08,-49.75,-166.625,-146.0,472.375,20260805_soil_log.txt,2026-03-24 11:12:08
2026-03-24,11:17:08,-46.125,-166.375,-146.0,461.37500000000006,20260805_soil_log.txt,2026-03-24 11:17:08
2026-03-24,11:22:09,-49.25,-166.375,-145.75,454.0,20260805_soil_log.txt,2026-03-24 11:22:09
2026-03-24,11:27:09,-49.125,-166.25,-145.625,458.625,20260805_soil_log.txt,2026-03-24 11:27:09
2026-03-24,11:32:09,-45.0,-166.125,-145.625,469.375,20260805_soil_log.txt,2026-03-24 11:32:09
2026-03-24,11:37:09,-47.0,-166.0,-145.625,481.25,20260805_soil_log.txt,2026-03-24 11:37:09
2026-03-24,11:42:10,-44.5,-166.0,-145.625,465.625,20260805_soil_log.txt,2026-03-24 11:42:10
2026-03-24,11:47:10,-46.125,-165.875,-145.5,459.0,20260805_soil_log.txt,2026-03-24 11:47:10
2026-03-24,11:52:10,-46.0,-165.75,-145.5,481.125,20260805_soil_log.txt,2026-03-24 11:52:10
2026-03-24,11:57:10,-48.625,-165.625,-145.5,472.25,20260805_soil_log.txt,2026-03-24 11:57:10
2026-03-24,12:02:10,-48.0,-165.5,-145.375,458.37500000000006,20260805_soil_log.txt,2026-03-24 12:02:10
2026-03-24,12:07:10,-47.5,-165.5,-145.25,454.37500000000006,20260805_soil_log.txt,2026-03-24 12:07:10
2026-03-24,12:12:11,-44.875,-165.375,-145.125,481.0,20260805_soil_log.txt,2026-03-24 12:12:11
2026-03-24,12:17:11,-48.0,-165.375,-145.125,472.75,20260805_soil_log.txt,2026-03-24 12:17:11
2026-03-24,12:22:11,-48.0,-165.125,-145.125,481.75,20260805_soil_log.txt,2026-03-24 12:22:11
2026-03-24,12:27:11,-47.0,-165.125,-145.125,479.25,20260805_soil_log.txt,2026-03-24 12:27:11
2026-03-24,12:32:11,-45.125,-165.0,-145.0,482.875,20260805_soil_log.txt,2026-03-24 12:32:11
2026-03-24,12:37:12,-44.75,-164.875,-144.75,481.0,20260805_soil_log.txt,2026-03-24 12:37:12
2026-03-24,12:42:12,-44.5,-164.75,-144.625,463.5,20260805_soil_log.txt,2026-03-24 12:42:12
2026-03-24,12:47:12,-44.375,-164.625,-144.875,471.00000000000006,20260805_soil_log.txt,2026-03-24 12:47:12
2026-03-24,12:52:12,-46.25,-164.625,-144.875,483.0,20260805_soil_log.txt,2026-03-24 12:52:12
2026-03-24,12:57:13,-46.0,-164.5,-144.75,458.125,20260805_soil_log.txt,2026-03-24 12:57:13
2026-03-24,13:02:13,-45.5,-164.5,-144.625,454.0,20260805_soil_log.txt,2026-03-24 13:02:13
2026-03-24,13:07:13,-46.75,-164.375,-144.625,461.75,20260805_soil_log.txt,2026-03-24 13:07:13
2026-03-24,13:12:13,-44.625,-164.25,-144.5,453.75,20260805_soil_log.txt,2026-03-24 13:12:13
2026-03-24,13:17:13,-43.12500000000001,-164.25,-144.5,480.875,20260805_soil_log.txt,2026-03-24 13:17:13
2026-03-24,13:22:14,-46.375,-164.125,-144.375,478.00000000000006,20260805_soil_log.txt,2026-03-24 13:22:14
2026-03-24,13:27:14,-46.875,-164.0,-144.375,464.5,20260805_soil_log.txt,2026-03-24 13:27:14
2026-03-24,13:32:14,-46.5,-164.0,-144.25,461.37500000000006,20260805_soil_log.txt,2026-03-24 13:32:14
2026-03-24,13:37:14,-45.25,-163.875,-144.25,484.375,20260805_soil_log.txt,2026-03-24 13:37:14
2026-03-24,13:42:15,-42.75,-163.75,-144.00000000000003,484.875,20260805_soil_log.txt,2026-03-24 13:42:15
2026-03-24,13:47:15,-44.375,-163.75,-144.00000000000003,455.625,20260805_soil_log.txt,2026-03-24 13:47:15
2026-03-24,13:52:15,-46.0,-163.625,-144.125,459.125,20260805_soil_log.txt,2026-03-24 13:52:15
2026-03-24,13:57:15,-45.625,-163.5,-144.125,459.87500000000006,20260805_soil_log.txt,2026-03-24 13:57:15
2026-03-24,14:02:15,-46.25,-163.375,-144.125,478.625,20260805_soil_log.txt,2026-03-24 14:02:15
2026-03-24,14:07:16,-46.625,-163.25,-144.00000000000003,458.5,20260805_soil_log.txt,2026-03-24 14:07:16
2026-03-24,14:12:16,-44.0,-163.125,-144.00000000000003,487.375,20260805_soil_log.txt,2026-03-24 14:12:16
2026-03-24,14:17:16,-42.25,-163.125,-143.875,480.125,20260805_soil_log.txt,2026-03-24 14:17:16
2026-03-24,14:22:16,-42.625,-163.0,-143.875,486.875,20260805_soil_log.txt,2026-03-24 14:22:16
2026-03-24,14:27:16,-46.125,-162.875,-143.875,462.87500000000006,20260805_soil_log.txt,2026-03-24 14:27:16
2026-03-24,14:32:17,-42.75,-162.75,-143.75000000000003,478.50000000000006,20260805_soil_log.txt,2026-03-24 14:32:17
2026-03-24,14:37:17,-42.25,-162.75,-143.75000000000003,461.25,20260805_soil_log.txt,2026-03-24 14:37:17
2026-03-24,14:42:17,-45.125,-162.625,-143.625,480.75,20260805_soil_log.txt,2026-03-24 14:42:17
2026-03-24,14:47:17,-41.75,-162.625,-143.625,476.875,20260805_soil_log.txt,2026-03-24 14:47:17
2026-03-24,14:52:18,-44.375,-162.5,-143.50000000000003,459.87500000000006,20260805_soil_log.txt,2026-03-24 14:52:18
2026-03-24,14:57:18,-43.0,-162.375,-143.625,484.625,20260805_soil_log.txt,2026-03-24 14:57:18
2026-03-24,15:02:18,-46.0,-162.25,-143.50000000000003,471.50000000000006,20260805_soil_log.txt,2026-03-24 15:02:18
2026-03-24,15:07:18,-45.5,-162.25,-143.50000000000003,459.625,20260805_soil_log.txt,2026-03-24 15:07:18
2026-03-24,15:12:18,-46.5,-162.25,-143.375,473.00000000000006,20260805_soil_log.txt,2026-03-24 15:12:18
2026-03-24,15:17:19,-44.75,-162.125,-143.375,459.87500000000006,20260805_soil_log.txt,2026-03-24 15:17:19
2026-03-24,15:22:19,-44.875,-162.0,-143.25000000000003,468.5,20260805_soil_log.txt,2026-03-24 15:22:19
2026-03-24,15:27:19,-41.625,-162.0,-143.25000000000003,484.875,20260805_soil_log.txt,2026-03-24 15:27:19
2026-03-24,15:32:19,-42.125,-162.0,-143.25000000000003,463.125,20260805_soil_log.txt,2026-03-24 15:32:19
2026-03-24,15:37:19,-43.37500000000001,-161.875,-143.125,459.87500000000006,20260805_soil_log.txt,2026-03-24 15:37:19
2026-03-24,15:42:20,-42.5,-161.875,-143.125,466.75,20260805_soil_log.txt,2026-03-24 15:42:20
2026-03-24,15:47:20,-43.0,-161.75,-143.00000000000003,491.0,20260805_soil_log.txt,2026-03-24 15:47:20
2026-03-24,15:52:20,-42.25,-161.75,-143.00000000000003,487.62500000000006,20260805_soil_log.txt,2026-03-24 15:52:20
2026-03-24,15:57:20,-42.75,-161.625,-142.875,490.12500000000006,20260805_soil_log.txt,2026-03-24 15:57:20
2026-03-24,16:02:21,-44.625,-161.5,-142.875,461.125,20260805_soil_log.txt,2026-03-24 16:02:21
2026-03-24,16:07:21,-41.75,-161.5,-142.875,492.5,20260805_soil_log.txt,2026-03-24 16:07:21
2026-03-24,16:12:21,-43.75000000000001,-161.375,-142.875,492.12500000000006,20260805_soil_log.txt,2026-03-24 16:12:21
2026-03-24,16:17:21,-43.62500000000001,-161.375,-142.75000000000003,491.375,20260805_soil_log.txt,2026-03-24 16:17:21
2026-03-24,16:22:22,-44.875,-161.25,-142.75000000000003,467.875,20260805_soil_log.txt,2026-03-24 16:22:22
2026-03-24,16:27:22,-39.75,-161.125,-142.625,485.875,20260805_soil_log.txt,2026-03-24 16:27:22
2026-03-24,16:32:22,-43.87500000000001,-161.125,-142.50000000000003,478.375,20260805_soil_log.txt,2026-03-24 16:32:22
2026-03-24,16:37:22,-41.75,-161.0,-142.625,461.5,20260805_soil_log.txt,2026-03-24 16:37:22
2026-03-24,16:42:22,-43.75000000000001,-161.125,-142.50000000000003,472.75,20260805_soil_log.txt,2026-03-24 16:42:22
2026-03-24,16:47:23,-43.0,-161.0,-142.375,493.375,20260805_soil_log.txt,2026-03-24 16:47:23
2026-03-24,16:52:23,-43.75000000000001,-160.875,-142.50000000000003,461.125,20260805_soil_log.txt,2026-03-24 16:52:23
2026-03-24,16:57:23,-40.625,-160.75,-142.375,481.5,20260805_soil_log.txt,2026-03-24 16:57:23
2026-03-24,17:02:23,-41.25,-160.75,-142.375,494.0,20260805_soil_log.txt,2026-03-24 17:02:23
2026-03-24,17:07:24,-44.75,-160.625,-142.25000000000003,471.25,20260805_soil_log.txt,2026-03-24 17:07:24
2026-03-24,17:12:24,-39.75,-160.625,-142.25000000000003,476.25,20260805_soil_log.txt,2026-03-24 17:12:24
2026-03-24,17:17:24,-40.5,-160.5,-142.125,464.75,20260805_soil_log.txt,2026-03-24 17:17:24
2026-03-24,17:22:24,-40.5,-160.5,-142.125,494.75,20260805_soil_log.txt,2026-03-24 17:22:24
2026-03-24,17:27:24,-39.625,-160.375,-142.125,494.875,20260805_soil_log.txt,2026-03-24 17:27:24
2026-03-24,17:32:25,-42.75,-160.375,-142.125,483.625,20260805_soil_log.txt,2026-03-24 17:32:25
2026-03-24,17:37:25,-42.0,-160.25,-142.125,465.375,20260805_soil_log.txt,2026-03-24 17:37:25
2026-03-24,17:42:25,-42.5,-160.25,-142.00000000000003,490.25,20260805_soil_log.txt,2026-03-24 17:42:25
2026-03-24,17:47:25,-42.125,-160.125,-142.00000000000003,481.375,20260805_soil_log.txt,2026-03-24 17:47:25
2026-03-24,17:52:26,-39.125,-160.125,-142.00000000000003,486.25,20260805_soil_log.txt,2026-03-24 17:52:26
2026-03-24,17:57:26,-41.375,-160.0,-141.875,468.0,20260805_soil_log.txt,2026-03-24 17:57:26
2026-03-24,18:02:26,-41.25,-160.0,-141.875,466.0,20260805_soil_log.txt,2026-03-24 18:02:26
2026-03-24,18:07:26,-43.12500000000001,-160.0,-141.875,467.0,20260805_soil_log.txt,2026-03-24 18:07:26
2026-03-24,18:12:26,-39.5,-160.0,-141.75000000000003,487.25,20260805_soil_log.txt,2026-03-24 18:12:26
2026-03-24,18:17:27,-42.125,-159.87500000000003,-141.75000000000003,463.87500000000006,20260805_soil_log.txt,2026-03-24 18:17:27
2026-03-24,18:22:27,-42.625,-159.87500000000003,-141.75000000000003,483.875,20260805_soil_log.txt,2026-03-24 18:22:27
2026-03-24,18:27:27,-40.125,-159.75,-141.75000000000003,498.25,20260805_soil_log.txt,2026-03-24 18:27:27
2026-03-24,18:32:27,-43.25000000000001,-159.75,-141.625,472.00000000000006,20260805_soil_log.txt,2026-03-24 18:32:27
2026-03-24,18:37:28,-41.0,-159.62500000000003,-141.625,466.75,20260805_soil_log.txt,2026-03-24 18:37:28
2026-03-24,18:42:28,-39.375,-159.62500000000003,-141.625,477.25,20260805_soil_log.txt,2026-03-24 18:42:28
2026-03-24,18:47:28,-43.12500000000001,-159.62500000000003,-141.625,491.875,20260805_soil_log.txt,2026-03-24 18:47:28
2026-03-24,18:52:28,-43.12500000000001,-159.5,-141.625,488.0,20260805_soil_log.txt,2026-03-24 18:52:28
2026-03-24,18:57:28,-43.37500000000001,-159.37500000000003,-141.50000000000003,484.625,20260805_soil_log.txt,2026-03-24 18:57:28
2026-03-24,19:02:29,-39.125,-159.37500000000003,-141.50000000000003,469.375,20260805_soil_log.txt,2026-03-24 19:02:29
2026-03-24,19:07:29,-43.0,-159.37500000000003,-141.50000000000003,486.5,20260805_soil_log.txt,2026-03-24 19:07:29
2026-03-24,19:12:29,-43.12500000000001,-159.25,-141.50000000000003,480.0,20260805_soil_log.txt,2026-03-24 19:12:29
2026-03-24,19:17:29,-42.875,-159.25,-141.50000000000003,491.0,20260805_soil_log.txt,2026-03-24 19:17:29
2026-03-24,19:22:29,-41.75,-159.25,-141.50000000000003,499.0,20260805_soil_log.txt,2026-03-24 19:22:29
2026-03-24,19:27:30,-43.25000000000001,-159.12500000000003,-141.375,475.875,20260805_soil_log.txt,2026-03-24 19:27:30
2026-03-24,19:32:30,-38.875,-159.12500000000003,-141.375,488.5,20260805_soil_log.txt,2026-03-24 19:32:30
2026-03-24,19:37:30,-40.125,-159.12500000000003,-141.375,499.25,20260805_soil_log.txt,2026-03-24 19:37:30
2026-03-24,19:42:30,-39.625,-159.12500000000003,-141.375,474.75,20260805_soil_log.txt,2026-03-24 19:42:30
2026-03-24,19:47:30,-40.75,-159.0,-141.25000000000003,467.25,20260805_soil_log.txt,2026-03-24 19:47:30
2026-03-24,19:52:31,-42.375,-159.0,-141.25000000000003,469.75,20260805_soil_log.txt,2026-03-24 19:52:31
2026-03-24,19:57:31,-41.5,-159.0,-141.25000000000003,466.875,20260805_soil_log.txt,2026-03-24 19:57:31
2026-03-24,20:02:31,-42.375,-159.0,-141.125,494.5,20260805_soil_log.txt,2026-03-24 20:02:31
2026-03-24,20:07:31,-39.625,-158.87500000000003,-141.125,495.62500000000006,20260805_soil_log.txt,2026-03-24 20:07:31
2026-03-24,20:12:32,-38.875,-158.87500000000003,-141.125,479.625,20260805_soil_log.txt,2026-03-24 20:12:32
2026-03-24,20:17:32,-42.875,-158.75,-141.125,477.625,20260805_soil_log.txt,2026-03-24 20:17:32
2026-03-24,20:22:32,-41.625,-158.75,-141.0,493.875,20260805_soil_log.txt,2026-03-24 20:22:32
2026-03-24,20:27:32,-39.0,-158.62500000000003,-141.0,480.0,20260805_soil_log.txt,2026-03-24 20:27:32
2026-03-24,20:32:33,-40.875,-158.62500000000003,-141.0,500.625,20260805_soil_log.txt,2026-03-24 20:32:33
2026-03-24,20:37:33,-38.75,-158.5,-141.0,485.0,20260805_soil_log.txt,2026-03-24 20:37:33
2026-03-24,20:42:33,-42.125,-158.5,-141.0,471.25,20260805_soil_log.txt,2026-03-24 20:42:33
2026-03-24,20:47:33,-42.0,-158.37500000000003,-140.875,470.25,20260805_soil_log.txt,2026-03-24 20:47:33
2026-03-24,20:52:33,-42.25,-158.37500000000003,-140.875,472.25,20260805_soil_log.txt,2026-03-24 20:52:33
2026-03-24,20:57:34,-38.375,-158.37500000000003,-140.75,478.875,20260805_soil_log.txt,2026-03-24 20:57:34
2026-03-24,21:02:34,-38.375,-158.37500000000003,-140.75,488.12500000000006,20260805_soil_log.txt,2026-03-24 21:02:34
2026-03-24,21:07:34,-40.75,-158.37500000000003,-140.75,500.625,20260805_soil_log.txt,2026-03-24 21:07:34
2026-03-24,21:12:34,-38.5,-158.25,-140.625,493.12500000000006,20260805_soil_log.txt,2026-03-24 21:12:34
2026-03-24,21:17:35,-38.125,-158.25,-140.625,481.0,20260805_soil_log.txt,2026-03-24 21:17:35
2026-03-24,21:22:35,-39.0,-158.25,-140.625,476.25,20260805_soil_log.txt,2026-03-24 21:22:35
2026-03-24,21:27:35,-39.75,-158.12500000000003,-140.5,502.0,20260805_soil_log.txt,2026-03-24 21:27:35
2026-03-24,21:32:35,-38.875,-158.12500000000003,-140.5,499.125,20260805_soil_log.txt,2026-03-24 21:32:35
2026-03-24,21:37:35,-42.125,-158.12500000000003,-140.5,482.875,20260805_soil_log.txt,2026-03-24 21:37:35
2026-03-24,21:42:36,-39.125,-158.12500000000003,-140.5,474.375,20260805_soil_log.txt,2026-03-24 21:42:36
2026-03-24,21:47:36,-37.75,-158.0,-140.5,490.75,20260805_soil_log.txt,2026-03-24 21:47:36
2026-03-24,21:52:36,-41.625,-158.0,-140.5,499.25,20260805_soil_log.txt,2026-03-24 21:52:36
2026-03-24,21:57:36,-41.0,-157.87500000000003,-140.5,497.625,20260805_soil_log.txt,2026-03-24 21:57:36
2026-03-24,22:02:36,-41.875,-157.87500000000003,-140.5,475.625,20260805_soil_log.txt,2026-03-24 22:02:36
2026-03-24,22:07:37,-38.0,-157.87500000000003,-140.375,499.125,20260805_soil_log.txt,2026-03-24 22:07:37
2026-03-24,22:12:37,-42.125,-157.75,-140.375,484.375,20260805_soil_log.txt,2026-03-24 22:12:37
2026-03-24,22:17:37,-38.0,-157.62500000000003,-140.375,490.0,20260805_soil_log.txt,2026-03-24 22:17:37
2026-03-24,22:22:37,-38.625,-157.75,-140.25,499.75,20260805_soil_log.txt,2026-03-24 22:22:37
2026-03-24,22:27:38,-38.75,-157.62500000000003,-140.25,483.0,20260805_soil_log.txt,2026-03-24 22:27:38
2026-03-24,22:32:38,-38.125,-157.62500000000003,-140.25,491.62500000000006,20260805_soil_log.txt,2026-03-24 22:32:38
2026-03-24,22:37:38,-38.875,-157.62500000000003,-140.125,476.25,20260805_soil_log.txt,2026-03-24 22:37:38
2026-03-24,22:42:38,-39.5,-157.5,-140.0,504.25,20260805_soil_log.txt,2026-03-24 22:42:38
2026-03-24,22:47:38,-39.0,-157.5,-140.0,505.12500000000006,20260805_soil_log.txt,2026-03-24 22:47:38
2026-03-24,22:52:39,-39.875,-157.37500000000003,-140.0,473.625,20260805_soil_log.txt,2026-03-24 22:52:39
2026-03-24,22:57:39,-41.25,-157.37500000000003,-139.875,475.25,20260805_soil_log.txt,2026-03-24 22:57:39
2026-03-24,23:02:39,-41.125,-157.37500000000003,-139.875,491.5,20260805_soil_log.txt,2026-03-24 23:02:39
2026-03-24,23:07:39,-41.25,-157.37500000000003,-140.0,482.25,20260805_soil_log.txt,2026-03-24 23:07:39
2026-03-24,23:12:40,-41.5,-157.25,-140.0,476.00000000000006,20260805_soil_log.txt,2026-03-24 23:12:40
2026-03-24,23:17:40,-38.125,-157.25,-139.875,478.25,20260805_soil_log.txt,2026-03-24 23:17:40
2026-03-24,23:22:40,-40.75,-157.25,-140.0,490.12500000000006,20260805_soil_log.txt,2026-03-24 23:22:40
2026-03-24,23:27:40,-37.875,-157.12500000000003,-139.875,506.25,20260805_soil_log.txt,2026-03-24 23:27:40
2026-03-24,23:32:40,-37.125,-157.12500000000003,-139.875,483.25,20260805_soil_log.txt,2026-03-24 23:32:40
2026-03-24,23:37:41,-38.0,-157.12500000000003,-139.75,473.625,20260805_soil_log.txt,2026-03-24 23:37:41
2026-03-24,23:42:41,-37.375,-157.0,-139.875,504.50000000000006,20260805_soil_log.txt,2026-03-24 23:42:41
2026-03-24,23:47:41,-39.75,-157.0,-139.875,501.87499999999994,20260805_soil_log.txt,2026-03-24 23:47:41
2026-03-24,23:52:41,-39.875,-157.0,-139.875,492.375,20260805_soil_log.txt,2026-03-24 23:52:41
2026-03-24,23:57:41,-36.625,-156.87500000000003,-139.875,480.125,20260805_soil_log.txt,2026-03-24 23:57:41
2026-03-25,00:02:42,-39.625,-156.87500000000003,-139.875,476.75,20260805_soil_log.txt,2026-03-25 00:02:42
2026-03-25,00:07:42,-39.625,-156.87500000000003,-139.875,480.375,20260805_soil_log.txt,2026-03-25 00:07:42
2026-03-25,00:12:42,-36.125,-156.87500000000003,-139.875,495.12500000000006,20260805_soil_log.txt,2026-03-25 00:12:42
2026-03-25,00:17:42,-39.375,-156.75,-139.875,503.25,20260805_soil_log.txt,2026-03-25 00:17:42
2026-03-25,00:22:43,-40.5,-156.75,-139.75,495.875,20260805_soil_log.txt,2026-03-25 00:22:43
2026-03-25,00:27:43,-40.625,-156.625,-139.75,483.0,20260805_soil_log.txt,2026-03-25 00:27:43
2026-03-25,00:32:43,-36.875,-156.75,-139.75,507.0,20260805_soil_log.txt,2026-03-25 00:32:43
2026-03-25,00:37:43,-40.625,-156.625,-139.75,491.5,20260805_soil_log.txt,2026-03-25 00:37:43
2026-03-25,00:42:43,-36.625,-156.625,-139.625,486.875,20260805_soil_log.txt,2026-03-25 00:42:43
2026-03-25,00:47:44,-36.75,-156.5,-139.625,487.12500000000006,20260805_soil_log.txt,2026-03-25 00:47:44
2026-03-25,00:52:44,-40.375,-156.625,-139.625,500.625,20260805_soil_log.txt,2026-03-25 00:52:44
2026-03-25,00:57:44,-37.625,-156.5,-139.625,479.00000000000006,20260805_soil_log.txt,2026-03-25 00:57:44
2026-03-25,01:02:44,-40.375,-156.375,-139.625,492.62500000000006,20260805_soil_log.txt,2026-03-25 01:02:44
2026-03-25,01:07:44,-39.375,-156.375,-139.625,483.875,20260805_soil_log.txt,2026-03-25 01:07:44
2026-03-25,01:12:45,-38.75,-156.375,-139.625,475.375,20260805_soil_log.txt,2026-03-25 01:12:45
2026-03-25,01:17:45,-38.375,-156.375,-139.625,477.75,20260805_soil_log.txt,2026-03-25 01:17:45
2026-03-25,01:22:45,-40.375,-156.25,-139.625,483.625,20260805_soil_log.txt,2026-03-25 01:22:45
2026-03-25,01:27:45,-37.125,-156.25,-139.625,506.12500000000006,20260805_soil_log.txt,2026-03-25 01:27:45
2026-03-25,01:32:45,-37.0,-156.25,-139.375,501.0,20260805_soil_log.txt,2026-03-25 01:32:45
2026-03-25,01:37:46,-37.5,-156.125,-139.5,507.75000000000006,20260805_soil_log.txt,2026-03-25 01:37:46
2026-03-25,01:42:46,-36.5,-156.125,-139.375,495.875,20260805_soil_log.txt,2026-03-25 01:42:46
2026-03-25,01:47:46,-40.25,-156.125,-139.375,504.12500000000006,20260805_soil_log.txt,2026-03-25 01:47:46
2026-03-25,01:52:46,-37.75,-156.0,-139.375,476.50000000000006,20260805_soil_log.txt,2026-03-25 01:52:46
2026-03-25,01:57:46,-35.87500000000001,-156.0,-139.25,497.0,20260805_soil_log.txt,2026-03-25 01:57:46
2026-03-25,02:02:47,-38.375,-155.875,-139.25,476.25,20260805_soil_log.txt,2026-03-25 02:02:47
2026-03-25,02:07:47,-37.0,-155.75,-139.125,506.25,20260805_soil_log.txt,2026-03-25 02:07:47
2026-03-25,02:12:47,-38.0,-155.875,-139.125,506.375,20260805_soil_log.txt,2026-03-25 02:12:47
2026-03-25,02:17:47,-38.75,-155.875,-139.125,506.375,20260805_soil_log.txt,2026-03-25 02:17:47
2026-03-25,02:22:48,-38.375,-155.75,-139.125,477.125,20260805_soil_log.txt,2026-03-25 02:22:48
2026-03-25,02:27:48,-39.375,-155.75,-139.125,487.5,20260805_soil_log.txt,2026-03-25 02:27:48
2026-03-25,02:32:48,-39.625,-155.625,-139.0,477.625,20260805_soil_log.txt,2026-03-25 02:32:48
2026-03-25,02:37:48,-37.0,-155.625,-139.125,479.00000000000006,20260805_soil_log.txt,2026-03-25 02:37:48
2026-03-25,02:42:49,-39.125,-155.625,-139.125,479.25,20260805_soil_log.txt,2026-03-25 02:42:49
2026-03-25,02:47:49,-38.0,-155.625,-139.125,499.0,20260805_soil_log.txt,2026-03-25 02:47:49
2026-03-25,02:52:49,-37.875,-155.5,-139.0,509.625,20260805_soil_log.txt,2026-03-25 02:52:49
2026-03-25,02:57:49,-39.75,-155.5,-139.0,482.5,20260805_soil_log.txt,2026-03-25 02:57:49
2026-03-25,03:02:49,-39.625,-155.5,-139.0,497.5,20260805_soil_log.txt,2026-03-25 03:02:49
2026-03-25,03:07:49,-35.62500000000001,-155.5,-139.0,502.25,20260805_soil_log.txt,2026-03-25 03:07:49
2026-03-25,03:12:50,-40.0,-155.375,-139.0,478.50000000000006,20260805_soil_log.txt,2026-03-25 03:12:50
2026-03-25,03:17:50,-39.375,-155.375,-139.0,510.75000000000006,20260805_soil_log.txt,2026-03-25 03:17:50
2026-03-25,03:22:50,-37.25,-155.375,-139.0,479.125,20260805_soil_log.txt,2026-03-25 03:22:50
2026-03-25,03:27:50,-36.75,-155.375,-139.0,505.75000000000006,20260805_soil_log.txt,2026-03-25 03:27:50
2026-03-25,03:32:51,-39.5,-155.25,-138.875,491.5,20260805_soil_log.txt,2026-03-25 03:32:51
2026-03-25,03:37:51,-39.625,-155.25,-138.875,477.875,20260805_soil_log.txt,2026-03-25 03:37:51
2026-03-25,03:42:51,-36.875,-155.25,-138.875,494.0,20260805_soil_log.txt,2026-03-25 03:42:51
2026-03-25,03:47:51,-39.125,-155.25,-138.875,510.25,20260805_soil_log.txt,2026-03-25 03:47:51
2026-03-25,03:52:52,-40.625,-155.125,-138.75,492.0,20260805_soil_log.txt,2026-03-25 03:52:52
2026-03-25,03:57:52,-36.25,-155.125,-138.875,495.0,20260805_soil_log.txt,2026-03-25 03:57:52
2026-03-25,04:02:52,-37.0,-155.125,-138.75,504.375,20260805_soil_log.txt,2026-03-25 04:02:52
2026-03-25,04:07:52,-37.75,-155.0,-138.75,478.50000000000006,20260805_soil_log.txt,2026-03-25 04:07:52
2026-03-25,04:12:53,-40.125,-155.0,-138.625,492.0,20260805_soil_log.txt,2026-03-25 04:12:53
2026-03-25,04:17:53,-39.375,-154.875,-138.625,486.25,20260805_soil_log.txt,2026-03-25 04:17:53
2026-03-25,04:22:53,-36.00000000000001,-154.875,-138.5,505.75000000000006,20260805_soil_log.txt,2026-03-25 04:22:53
2026-03-25,04:27:53,-36.875,-154.875,-138.5,510.12500000000006,20260805_soil_log.txt,2026-03-25 04:27:53
2026-03-25,04:32:53,-37.125,-154.75,-138.5,478.875,20260805_soil_log.txt,2026-03-25 04:32:53
2026-03-25,04:37:54,-35.87500000000001,-154.75,-138.5,498.375,20260805_soil_log.txt,2026-03-25 04:37:54
2026-03-25,04:42:54,-35.75000000000001,-154.75,-138.5,482.25,20260805_soil_log.txt,2026-03-25 04:42:54
2026-03-25,04:47:54,-36.00000000000001,-154.75,-138.375,501.50000000000006,20260805_soil_log.txt,2026-03-25 04:47:54
2026-03-25,04:52:54,-39.25,-154.75,-138.375,507.87499999999994,20260805_soil_log.txt,2026-03-25 04:52:54
2026-03-25,04:57:55,-39.125,-154.75,-138.375,481.5,20260805_soil_log.txt,2026-03-25 04:57:55
2026-03-25,05:02:55,-38.5,-154.625,-138.375,481.375,20260805_soil_log.txt,2026-03-25 05:02:55
2026-03-25,05:07:55,-38.875,-154.625,-138.375,510.75000000000006,20260805_soil_log.txt,2026-03-25 05:07:55
2026-03-25,05:12:55,-36.75,-154.5,-138.25,481.5,20260805_soil_log.txt,2026-03-25 05:12:55
2026-03-25,05:17:55,-36.75,-154.5,-138.25,507.12500000000006,20260805_soil_log.txt,2026-03-25 05:17:55
2026-03-25,05:22:56,-36.5,-154.5,-138.25,508.50000000000006,20260805_soil_log.txt,2026-03-25 05:22:56
2026-03-25,05:27:56,-40.0,-154.5,-138.25,498.625,20260805_soil_log.txt,2026-03-25 05:27:56
2026-03-25,05:32:56,-36.00000000000001,-154.5,-138.25,509.50000000000006,20260805_soil_log.txt,2026-03-25 05:32:56
2026-03-25,05:37:56,-37.25,-154.5,-138.125,488.0,20260805_soil_log.txt,2026-03-25 05:37:56
2026-03-25,05:42:57,-36.75,-154.375,-138.125,485.125,20260805_soil_log.txt,2026-03-25 05:42:57
2026-03-25,05:47:57,-38.25,-154.5,-138.125,508.625,20260805_soil_log.txt,2026-03-25 05:47:57
2026-03-25,05:52:57,-36.875,-154.375,-138.125,485.25,20260805_soil_log.txt,2026-03-25 05:52:57
2026-03-25,05:57:57,-37.25,-154.375,-138.125,480.625,20260805_soil_log.txt,2026-03-25 05:57:57
2026-03-25,06:02:57,-37.25,-154.375,-138.125,509.375,20260805_soil_log.txt,2026-03-25 06:02:57
2026-03-25,06:07:58,-39.375,-154.375,-138.25,491.0,20260805_soil_log.txt,2026-03-25 06:07:58
2026-03-25,06:12:58,-39.5,-154.375,-138.25,494.75,20260805_soil_log.txt,2026-03-25 06:12:58
2026-03-25,06:17:58,-36.125,-154.375,-138.125,507.0,20260805_soil_log.txt,2026-03-25 06:17:58
2026-03-25,06:22:58,-36.25,-154.375,-138.125,509.75000000000006,20260805_soil_log.txt,2026-03-25 06:22:58
2026-03-25,06:27:59,-37.25,-154.25,-138.125,507.50000000000006,20260805_soil_log.txt,2026-03-25 06:27:59
2026-03-25,06:32:59,-40.0,-154.25,-138.125,495.875,20260805_soil_log.txt,2026-03-25 06:32:59
2026-03-25,06:37:59,-38.125,-154.25,-138.125,506.625,20260805_soil_log.txt,2026-03-25 06:37:59
2026-03-25,06:42:59,-37.0,-154.25,-138.125,483.25,20260805_soil_log.txt,2026-03-25 06:42:59
2026-03-25,06:47:59,-39.5,-154.375,-138.125,489.5,20260805_soil_log.txt,2026-03-25 06:47:59
2026-03-25,06:53:00,-34.875,-154.375,-138.125,508.625,20260805_soil_log.txt,2026-03-25 06:53:00
2026-03-25,06:58:00,-34.0,-154.375,-138.0,487.5,20260805_soil_log.txt,2026-03-25 06:58:00
2026-03-25,07:03:00,-35.0,-154.375,-138.0,479.125,20260805_soil_log.txt,2026-03-25 07:03:00
2026-03-25,07:08:00,-34.875,-154.375,-138.0,506.75000000000006,20260805_soil_log.txt,2026-03-25 07:08:00
2026-03-25,07:13:00,-35.75000000000001,-154.375,-138.0,507.375,20260805_soil_log.txt,2026-03-25 07:13:00
2026-03-25,07:18:01,-37.75,-154.375,-138.0,499.625,20260805_soil_log.txt,2026-03-25 07:18:01
2026-03-25,07:23:01,-37.5,-154.5,-138.0,495.62500000000006,20260805_soil_log.txt,2026-03-25 07:23:01
2026-03-25,07:28:01,-36.25,-154.375,-138.0,504.50000000000006,20260805_soil_log.txt,2026-03-25 07:28:01
2026-03-25,07:33:01,-38.5,-154.375,-138.0,476.75,20260805_soil_log.txt,2026-03-25 07:33:01
2026-03-25,07:38:01,-35.37500000000001,-154.375,-138.125,491.5,20260805_soil_log.txt,2026-03-25 07:38:01
2026-03-25,07:43:02,-38.625,-154.375,-138.0,487.62500000000006,20260805_soil_log.txt,2026-03-25 07:43:02
2026-03-25,07:48:02,-36.75,-154.375,-138.0,478.00000000000006,20260805_soil_log.txt,2026-03-25 07:48:02
2026-03-25,07:53:02,-35.50000000000001,-154.375,-138.0,492.75,20260805_soil_log.txt,2026-03-25 07:53:02
2026-03-25,07:58:02,-36.00000000000001,-154.375,-138.125,503.12500000000006,20260805_soil_log.txt,2026-03-25 07:58:02
2026-03-25,08:03:03,-38.0,-154.375,-138.0,505.87499999999994,20260805_soil_log.txt,2026-03-25 08:03:03
2026-03-25,08:08:03,-37.75,-154.375,-137.875,476.125,20260805_soil_log.txt,2026-03-25 08:08:03
2026-03-25,08:13:03,-38.75,-154.375,-138.0,477.125,20260805_soil_log.txt,2026-03-25 08:13:03
2026-03-25,08:18:03,-38.0,-154.375,-138.0,476.50000000000006,20260805_soil_log.txt,2026-03-25 08:18:03
2026-03-25,08:23:03,-40.0,-154.375,-138.125,487.375,20260805_soil_log.txt,2026-03-25 08:23:03
2026-03-25,08:28:04,-36.25,-154.375,-138.125,476.125,20260805_soil_log.txt,2026-03-25 08:28:04
2026-03-25,08:33:04,-34.75,-154.375,-138.125,485.75,20260805_soil_log.txt,2026-03-25 08:33:04
2026-03-25,08:38:04,-38.0,-154.375,-138.0,503.375,20260805_soil_log.txt,2026-03-25 08:38:04
2026-03-25,08:43:04,-38.0,-154.375,-138.0,478.00000000000006,20260805_soil_log.txt,2026-03-25 08:43:04
2026-03-25,08:48:04,-36.00000000000001,-154.25,-138.0,477.875,20260805_soil_log.txt,2026-03-25 08:48:04
2026-03-25,08:53:05,-35.0,-154.25,-138.0,503.375,20260805_soil_log.txt,2026-03-25 08:53:05
2026-03-25,08:58:05,-35.50000000000001,-154.25,-138.0,483.5,20260805_soil_log.txt,2026-03-25 08:58:05
2026-03-25,09:03:05,-35.25,-154.25,-138.0,487.75,20260805_soil_log.txt,2026-03-25 09:03:05
2026-03-25,09:08:05,-35.25,-154.125,-138.0,500.50000000000006,20260805_soil_log.txt,2026-03-25 09:08:05
2026-03-25,09:13:06,-35.25,-154.25,-138.0,496.25,20260805_soil_log.txt,2026-03-25 09:13:06
2026-03-25,09:18:06,-37.25,-154.25,-138.0,477.375,20260805_soil_log.txt,2026-03-25 09:18:06
2026-03-25,09:23:06,-35.62500000000001,-154.25,-138.0,489.875,20260805_soil_log.txt,2026-03-25 09:23:06
2026-03-25,09:28:06,-37.125,-154.125,-138.0,506.375,20260805_soil_log.txt,2026-03-25 09:28:06
2026-03-25,09:33:07,-35.50000000000001,-154.125,-138.0,488.875,20260805_soil_log.txt,2026-03-25 09:33:07
2026-03-25,09:38:07,-37.0,-154.125,-137.875,477.00000000000006,20260805_soil_log.txt,2026-03-25 09:38:07
2026-03-25,09:43:07,-35.25,-154.0,-137.875,502.75000000000006,20260805_soil_log.txt,2026-03-25 09:43:07
2026-03-25,09:48:07,-37.0,-154.0,-137.875,476.375,20260805_soil_log.txt,2026-03-25 09:48:07
2026-03-25,09:53:07,-35.37500000000001,-154.125,-137.875,486.12500000000006,20260805_soil_log.txt,2026-03-25 09:53:07
2026-03-25,09:58:08,-38.5,-154.0,-137.875,503.25,20260805_soil_log.txt,2026-03-25 09:58:08
2026-03-25,10:03:08,-35.75000000000001,-154.0,-137.875,503.50000000000006,20260805_soil_log.txt,2026-03-25 10:03:08
2026-03-25,10:08:08,-35.50000000000001,-154.0,-137.875,498.0,20260805_soil_log.txt,2026-03-25 10:08:08
2026-03-25,10:13:08,-39.375,-154.0,-137.875,485.125,20260805_soil_log.txt,2026-03-25 10:13:08
2026-03-25,10:18:09,-40.0,-154.0,-137.875,494.375,20260805_soil_log.txt,2026-03-25 10:18:09
2026-03-25,10:23:09,-39.25,-154.0,-137.875,484.375,20260805_soil_log.txt,2026-03-25 10:23:09
2026-03-25,10:28:09,-35.25,-154.0,-137.75,507.12500000000006,20260805_soil_log.txt,2026-03-25 10:28:09
2026-03-25,10:33:09,-37.625,-154.0,-137.75,480.25,20260805_soil_log.txt,2026-03-25 10:33:09
2026-03-25,10:38:09,-36.875,-154.0,-137.75,505.50000000000006,20260805_soil_log.txt,2026-03-25 10:38:09
2026-03-25,10:43:10,-36.25,-153.875,-137.75,501.50000000000006,20260805_soil_log.txt,2026-03-25 10:43:10
2026-03-25,10:48:10,-36.125,-153.875,-137.625,477.75,20260805_soil_log.txt,2026-03-25 10:48:10
2026-03-25,10:53:10,-38.125,-153.875,-137.75,485.0,20260805_soil_log.txt,2026-03-25 10:53:10
2026-03-25,10:58:10,-37.5,-153.875,-137.75,478.00000000000006,20260805_soil_log.txt,2026-03-25 10:58:10
2026-03-25,11:03:11,-34.875,-153.75,-137.625,481.125,20260805_soil_log.txt,2026-03-25 11:03:11
2026-03-25,11:08:11,-36.875,-153.875,-137.625,482.0,20260805_soil_log.txt,2026-03-25 11:08:11
2026-03-25,11:13:11,-38.0,-153.625,-137.625,490.12500000000006,20260805_soil_log.txt,2026-03-25 11:13:11
2026-03-25,11:18:11,-37.125,-153.75,-137.625,478.125,20260805_soil_log.txt,2026-03-25 11:18:11
2026-03-25,11:23:11,-36.00000000000001,-153.75,-137.625,507.75000000000006,20260805_soil_log.txt,2026-03-25 11:23:11
2026-03-25,11:28:12,-35.37500000000001,-153.625,-137.5,505.0,20260805_soil_log.txt,2026-03-25 11:28:12
2026-03-25,11:33:12,-34.5,-153.625,-137.625,494.875,20260805_soil_log.txt,2026-03-25 11:33:12
2026-03-25,11:38:12,-34.5,-153.625,-137.625,480.5,20260805_soil_log.txt,2026-03-25 11:38:12
2026-03-25,11:43:12,-37.5,-153.625,-137.625,506.0,20260805_soil_log.txt,2026-03-25 11:43:12
2026-03-25,11:48:13,-36.5,-153.625,-137.5,509.375,20260805_soil_log.txt,2026-03-25 11:48:13
2026-03-25,11:53:13,-36.875,-153.5,-137.5,509.12500000000006,20260805_soil_log.txt,2026-03-25 11:53:13
2026-03-25,11:58:13,-33.75,-153.5,-137.5,503.625,20260805_soil_log.txt,2026-03-25 11:58:13
2026-03-25,12:03:13,-34.25,-153.5,-137.5,491.75,20260805_soil_log.txt,2026-03-25 12:03:13
2026-03-25,12:08:13,-34.25,-153.5,-137.5,494.62500000000006,20260805_soil_log.txt,2026-03-25 12:08:13
2026-03-25,12:13:14,-38.25,-153.375,-137.5,498.375,20260805_soil_log.txt,2026-03-25 12:13:14
2026-03-25,12:18:14,-34.875,-153.5,-137.375,503.12500000000006,20260805_soil_log.txt,2026-03-25 12:18:14
2026-03-25,12:23:14,-35.125,-153.375,-137.5,481.375,20260805_soil_log.txt,2026-03-25 12:23:14
2026-03-25,12:28:14,-35.25,-153.375,-137.375,481.625,20260805_soil_log.txt,2026-03-25 12:28:14
2026-03-25,12:33:15,-37.875,-153.25,-137.25,482.125,20260805_soil_log.txt,2026-03-25 12:33:15
2026-03-25,12:38:15,-34.75,-153.25,-137.25,480.5,20260805_soil_log.txt,2026-03-25 12:38:15
2026-03-25,12:43:15,-34.125,-153.25,-137.25,501.375,20260805_soil_log.txt,2026-03-25 12:43:15
2026-03-25,12:48:15,-37.125,-153.25,-137.25,478.25,20260805_soil_log.txt,2026-03-25 12:48:15
2026-03-25,12:53:15,-36.25,-153.25,-137.25,480.125,20260805_soil_log.txt,2026-03-25 12:53:15
2026-03-25,12:58:16,-38.625,-153.125,-137.125,502.75000000000006,20260805_soil_log.txt,2026-03-25 12:58:16
2026-03-25,13:03:16,-36.00000000000001,-153.125,-137.125,478.25,20260805_soil_log.txt,2026-03-25 13:03:16
2026-03-25,13:08:16,-34.5,-153.125,-137.125,505.12500000000006,20260805_soil_log.txt,2026-03-25 13:08:16
2026-03-25,13:13:16,-37.625,-153.125,-137.25,494.75,20260805_soil_log.txt,2026-03-25 13:13:16
2026-03-25,13:18:17,-37.875,-153.125,-137.25,482.75,20260805_soil_log.txt,2026-03-25 13:18:17
2026-03-25,13:23:17,-37.75,-153.125,-137.25,487.375,20260805_soil_log.txt,2026-03-25 13:23:17
2026-03-25,13:28:17,-37.5,-153.0,-137.25,483.125,20260805_soil_log.txt,2026-03-25 13:28:17
2026-03-25,13:33:17,-37.0,-153.0,-137.25,500.375,20260805_soil_log.txt,2026-03-25 13:33:17
2026-03-25,13:38:18,-34.625,-153.0,-137.125,509.12500000000006,20260805_soil_log.txt,2026-03-25 13:38:18
2026-03-25,13:43:18,-37.5,-153.0,-137.125,503.0,20260805_soil_log.txt,2026-03-25 13:43:18
2026-03-25,13:48:18,-34.625,-153.0,-137.125,506.75000000000006,20260805_soil_log.txt,2026-03-25 13:48:18
2026-03-25,13:53:18,-37.375,-152.875,-137.0,494.5,20260805_soil_log.txt,2026-03-25 13:53:18
2026-03-25,13:58:18,-33.75,-152.75,-137.0,493.875,20260805_soil_log.txt,2026-03-25 13:58:18
2026-03-25,14:03:19,-34.0,-152.75,-137.0,492.5,20260805_soil_log.txt,2026-03-25 14:03:19
2026-03-25,14:08:19,-37.0,-152.75,-136.875,483.375,20260805_soil_log.txt,2026-03-25 14:08:19
2026-03-25,14:13:19,-34.875,-152.625,-136.875,509.87499999999994,20260805_soil_log.txt,2026-03-25 14:13:19
2026-03-25,14:18:19,-37.625,-152.625,-136.875,479.00000000000006,20260805_soil_log.txt,2026-03-25 14:18:19
2026-03-25,14:23:19,-33.875,-152.625,-136.875,503.87499999999994,20260805_soil_log.txt,2026-03-25 14:23:19
2026-03-25,14:28:20,-36.375,-152.625,-136.75,488.5,20260805_soil_log.txt,2026-03-25 14:28:20
2026-03-25,14:33:20,-37.5,-152.5,-136.625,485.62500000000006,20260805_soil_log.txt,2026-03-25 14:33:20
2026-03-25,14:38:20,-36.75,-152.5,-136.75,487.875,20260805_soil_log.txt,2026-03-25 14:38:20
2026-03-25,14:43:20,-35.0,-152.5,-136.75,483.125,20260805_soil_log.txt,2026-03-25 14:43:20
2026-03-25,14:48:20,-34.75,-152.625,-136.75,510.87499999999994,20260805_soil_log.txt,2026-03-25 14:48:20
2026-03-25,14:53:21,-37.125,-152.375,-136.625,503.625,20260805_soil_log.txt,2026-03-25 14:53:21
2026-03-25,14:58:21,-35.87500000000001,-152.375,-136.625,481.375,20260805_soil_log.txt,2026-03-25 14:58:21
2026-03-25,15:03:21,-34.125,-152.375,-136.625,505.75000000000006,20260805_soil_log.txt,2026-03-25 15:03:21
2026-03-25,15:08:21,-33.625,-152.25,-136.5,511.625,20260805_soil_log.txt,2026-03-25 15:08:21
2026-03-25,15:13:21,-34.875,-152.25,-136.5,512.0,20260805_soil_log.txt,2026-03-25 15:13:21
2026-03-25,15:18:22,-37.125,-152.25,-136.5,496.75,20260805_soil_log.txt,2026-03-25 15:18:22
2026-03-25,15:23:22,-33.25,-152.25,-136.5,489.12500000000006,20260805_soil_log.txt,2026-03-25 15:23:22
2026-03-25,15:28:22,-34.125,-152.25,-136.5,485.375,20260805_soil_log.txt,2026-03-25 15:28:22
2026-03-25,15:33:22,-37.375,-152.25,-136.5,478.50000000000006,20260805_soil_log.txt,2026-03-25 15:33:22
2026-03-25,15:38:23,-33.125,-152.25,-136.5,501.625,20260805_soil_log.txt,2026-03-25 15:38:23
2026-03-25,15:43:23,-36.875,-152.25,-136.375,491.375,20260805_soil_log.txt,2026-03-25 15:43:23
2026-03-25,15:48:23,-36.125,-152.125,-136.5,506.50000000000006,20260805_soil_log.txt,2026-03-25 15:48:23
2026-03-25,15:53:23,-35.37500000000001,-152.125,-136.375,479.625,20260805_soil_log.txt,2026-03-25 15:53:23
2026-03-25,15:58:24,-36.875,-152.125,-136.375,500.50000000000006,20260805_soil_log.txt,2026-03-25 15:58:24
2026-03-25,16:03:24,-36.25,-152.25,-136.375,508.25,20260805_soil_log.txt,2026-03-25 16:03:24
2026-03-25,16:08:24,-36.625,-152.125,-136.375,507.87499999999994,20260805_soil_log.txt,2026-03-25 16:08:24
2026-03-25,16:13:24,-37.0,-152.125,-136.375,481.875,20260805_soil_log.txt,2026-03-25 16:13:24
2026-03-25,16:18:25,-35.75000000000001,-152.125,-136.375,479.25,20260805_soil_log.txt,2026-03-25 16:18:25
2026-03-25,16:23:25,-36.75,-152.0,-136.375,490.5,20260805_soil_log.txt,2026-03-25 16:23:25
2026-03-25,16:28:25,-36.00000000000001,-152.0,-136.25,479.00000000000006,20260805_soil_log.txt,2026-03-25 16:28:25
2026-03-25,16:33:25,-36.5,-151.875,-136.25,479.125,20260805_soil_log.txt,2026-03-25 16:33:25
2026-03-25,16:38:25,-34.625,-151.875,-136.125,483.625,20260805_soil_log.txt,2026-03-25 16:38:25
2026-03-25,16:43:26,-36.375,-151.875,-136.25,503.625,20260805_soil_log.txt,2026-03-25 16:43:26
2026-03-25,16:48:26,-32.75,-151.875,-136.125,500.12500000000006,20260805_soil_log.txt,2026-03-25 16:48:26
2026-03-25,16:53:26,-36.125,-151.875,-136.125,497.625,20260805_soil_log.txt,2026-03-25 16:53:26
2026-03-25,16:58:26,-36.5,-151.875,-136.25,493.62500000000006,20260805_soil_log.txt,2026-03-25 16:58:26
2026-03-25,17:03:27,-33.625,-151.75,-136.125,507.625,20260805_soil_log.txt,2026-03-25 17:03:27
2026-03-25,17:08:27,-35.0,-151.75,-136.125,502.25,20260805_soil_log.txt,2026-03-25 17:08:27
2026-03-25,17:13:27,-36.125,-151.75,-136.125,483.75,20260805_soil_log.txt,2026-03-25 17:13:27
2026-03-25,17:18:27,-35.0,-151.625,-136.0,480.5,20260805_soil_log.txt,2026-03-25 17:18:27
2026-03-25,17:23:27,-32.875,-151.625,-136.125,494.62500000000006,20260805_soil_log.txt,2026-03-25 17:23:27
2026-03-25,17:28:28,-32.875,-151.5,-136.125,499.875,20260805_soil_log.txt,2026-03-25 17:28:28
2026-03-25,17:33:28,-33.625,-151.5,-136.125,513.0,20260805_soil_log.txt,2026-03-25 17:33:28
2026-03-25,17:38:28,-36.625,-151.5,-136.125,492.875,20260805_soil_log.txt,2026-03-25 17:38:28
2026-03-25,17:43:28,-34.5,-151.5,-136.0,483.25,20260805_soil_log.txt,2026-03-25 17:43:28
2026-03-25,17:48:29,-35.87500000000001,-151.375,-136.0,482.875,20260805_soil_log.txt,2026-03-25 17:48:29
2026-03-25,17:53:29,-34.875,-151.375,-136.0,481.375,20260805_soil_log.txt,2026-03-25 17:53:29
2026-03-25,17:58:29,-32.875,-151.25,-136.0,509.0,20260805_soil_log.txt,2026-03-25 17:58:29
2026-03-25,18:03:29,-33.375,-151.25,-136.0,511.0,20260805_soil_log.txt,2026-03-25 18:03:29
2026-03-25,18:08:29,-36.00000000000001,-151.25,-135.875,503.87499999999994,20260805_soil_log.txt,2026-03-25 18:08:29
2026-03-25,18:13:30,-33.75,-151.25,-135.875,513.0,20260805_soil_log.txt,2026-03-25 18:13:30
2026-03-25,18:18:30,-35.62500000000001,-151.25,-135.875,507.50000000000006,20260805_soil_log.txt,2026-03-25 18:18:30
2026-03-25,18:23:30,-32.375,-151.25,-135.875,504.375,20260805_soil_log.txt,2026-03-25 18:23:30
2026-03-25,18:28:30,-34.125,-151.25,-135.875,482.0,20260805_soil_log.txt,2026-03-25 18:28:30
2026-03-25,18:33:30,-33.125,-151.25,-135.875,482.0,20260805_soil_log.txt,2026-03-25 18:33:30
2026-03-25,18:38:31,-33.0,-151.125,-135.875,514.625,20260805_soil_log.txt,2026-03-25 18:38:31
2026-03-25,18:43:31,-35.62500000000001,-151.25,-135.875,511.625,20260805_soil_log.txt,2026-03-25 18:43:31
2026-03-25,18:48:31,-35.0,-151.125,-135.75,481.125,20260805_soil_log.txt,2026-03-25 18:48:31
2026-03-25,18:53:31,-35.87500000000001,-151.125,-135.75,500.0,20260805_soil_log.txt,2026-03-25 18:53:31
2026-03-25,18:58:32,-35.87500000000001,-151.0,-135.625,501.50000000000006,20260805_soil_log.txt,2026-03-25 18:58:32
2026-03-25,19:03:32,-32.25,-151.0,-135.625,493.62500000000006,20260805_soil_log.txt,2026-03-25 19:03:32
2026-03-25,19:08:32,-34.75,-150.875,-135.625,485.25,20260805_soil_log.txt,2026-03-25 19:08:32
2026-03-25,19:13:32,-33.875,-150.875,-135.5,482.25,20260805_soil_log.txt,2026-03-25 19:13:32
2026-03-25,19:18:32,-35.25,-150.875,-135.625,509.12500000000006,20260805_soil_log.txt,2026-03-25 19:18:32
2026-03-25,19:23:33,-33.75,-150.875,-135.5,488.5,20260805_soil_log.txt,2026-03-25 19:23:33
2026-03-25,19:28:33,-36.125,-150.875,-135.25,487.875,20260805_soil_log.txt,2026-03-25 19:28:33
2026-03-25,19:33:33,-36.875,-150.875,-135.125,507.87499999999994,20260805_soil_log.txt,2026-03-25 19:33:33
2026-03-25,19:38:33,-33.0,-150.75,-135.25,495.62500000000006,20260805_soil_log.txt,2026-03-25 19:38:33
2026-03-25,19:43:34,-36.25,-150.75,-135.25,498.625,20260805_soil_log.txt,2026-03-25 19:43:34
2026-03-25,19:48:34,-36.125,-150.75,-135.125,490.5,20260805_soil_log.txt,2026-03-25 19:48:34
2026-03-25,19:53:34,-33.375,-150.625,-135.125,514.0,20260805_soil_log.txt,2026-03-25 19:53:34
2026-03-25,19:58:34,-35.62500000000001,-150.625,-135.25,489.0,20260805_soil_log.txt,2026-03-25 19:58:34
2026-03-25,20:03:35,-33.5,-150.625,-135.25,488.75,20260805_soil_log.txt,2026-03-25 20:03:35
2026-03-25,20:08:35,-34.375,-150.5,-135.25,483.375,20260805_soil_log.txt,2026-03-25 20:08:35
2026-03-25,20:13:35,-33.375,-150.5,-135.25,487.25,20260805_soil_log.txt,2026-03-25 20:13:35
2026-03-25,20:18:35,-34.5,-150.5,-135.25,484.375,20260805_soil_log.txt,2026-03-25 20:18:35
2026-03-25,20:23:35,-32.625,-150.5,-135.125,491.875,20260805_soil_log.txt,2026-03-25 20:23:35
2026-03-25,20:28:36,-36.75,-150.375,-135.0,492.12500000000006,20260805_soil_log.txt,2026-03-25 20:28:36
2026-03-25,20:33:36,-34.0,-150.375,-135.0,492.0,20260805_soil_log.txt,2026-03-25 20:33:36
2026-03-25,20:38:36,-35.87500000000001,-150.375,-135.125,485.25,20260805_soil_log.txt,2026-03-25 20:38:36
2026-03-25,20:43:36,-32.375,-150.25,-135.0,503.12500000000006,20260805_soil_log.txt,2026-03-25 20:43:36
2026-03-25,20:48:36,-32.75,-150.25,-135.0,511.87499999999994,20260805_soil_log.txt,2026-03-25 20:48:36
2026-03-25,20:53:37,-32.5,-150.375,-135.0,497.875,20260805_soil_log.txt,2026-03-25 20:53:37
2026-03-25,20:58:37,-33.5,-150.375,-134.875,490.12500000000006,20260805_soil_log.txt,2026-03-25 20:58:37
2026-03-25,21:03:37,-32.5,-150.25,-134.875,516.75,20260805_soil_log.txt,2026-03-25 21:03:37
2026-03-25,21:08:37,-32.625,-150.25,-134.875,493.375,20260805_soil_log.txt,2026-03-25 21:08:37
2026-03-25,21:13:38,-33.0,-150.25,-134.75,502.12500000000006,20260805_soil_log.txt,2026-03-25 21:13:38
2026-03-25,21:18:38,-32.75,-150.0,-134.75,492.12500000000006,20260805_soil_log.txt,2026-03-25 21:18:38
2026-03-25,21:23:38,-33.5,-150.125,-134.875,488.5,20260805_soil_log.txt,2026-03-25 21:23:38
2026-03-25,21:28:38,-33.5,-150.125,-134.875,486.25,20260805_soil_log.txt,2026-03-25 21:28:38
2026-03-25,21:33:38,-32.5,-150.125,-134.75,499.25,20260805_soil_log.txt,2026-03-25 21:33:38
2026-03-25,21:38:39,-34.5,-150.0,-134.875,514.625,20260805_soil_log.txt,2026-03-25 21:38:39
2026-03-25,21:43:39,-32.625,-150.125,-134.75,510.75000000000006,20260805_soil_log.txt,2026-03-25 21:43:39
2026-03-25,21:48:39,-33.375,-150.0,-134.75,517.75,20260805_soil_log.txt,2026-03-25 21:48:39
2026-03-25,21:53:39,-35.75000000000001,-150.0,-134.75,486.12500000000006,20260805_soil_log.txt,2026-03-25 21:53:39
2026-03-25,21:58:39,-33.75,-150.0,-134.75,511.375,20260805_soil_log.txt,2026-03-25 21:58:39
2026-03-25,22:03:40,-35.37500000000001,-149.875,-134.625,485.25,20260805_soil_log.txt,2026-03-25 22:03:40
2026-03-25,22:08:40,-36.00000000000001,-149.875,-134.625,503.0,20260805_soil_log.txt,2026-03-25 22:08:40
2026-03-25,22:13:40,-33.75,-150.0,-134.5,503.87499999999994,20260805_soil_log.txt,2026-03-25 22:13:40
2026-03-25,22:18:40,-32.875,-149.875,-134.625,489.0,20260805_soil_log.txt,2026-03-25 22:18:40
2026-03-25,22:23:41,-32.75,-149.875,-134.5,517.125,20260805_soil_log.txt,2026-03-25 22:23:41
2026-03-25,22:28:41,-33.125,-149.75,-134.5,504.12500000000006,20260805_soil_log.txt,2026-03-25 22:28:41
2026-03-25,22:33:41,-32.625,-149.75,-134.5,502.25,20260805_soil_log.txt,2026-03-25 22:33:41
2026-03-25,22:38:41,-32.0,-149.75,-134.375,498.5,20260805_soil_log.txt,2026-03-25 22:38:41
2026-03-25,22:43:41,-35.125,-149.75,-134.375,496.375,20260805_soil_log.txt,2026-03-25 22:43:41
2026-03-25,22:48:42,-31.875,-149.75,-134.375,504.375,20260805_soil_log.txt,2026-03-25 22:48:42
2026-03-25,22:53:42,-34.625,-149.5,-134.25,487.375,20260805_soil_log.txt,2026-03-25 22:53:42
2026-03-25,22:58:42,-34.5,-149.625,-134.25,505.0,20260805_soil_log.txt,2026-03-25 22:58:42
2026-03-25,23:03:42,-34.0,-149.625,-134.25,515.125,20260805_soil_log.txt,2026-03-25 23:03:42
2026-03-25,23:08:43,-31.875,-149.625,-134.125,512.0,20260805_soil_log.txt,2026-03-25 23:08:43
2026-03-25,23:13:43,-33.875,-149.625,-134.125,485.75,20260805_soil_log.txt,2026-03-25 23:13:43
2026-03-25,23:18:43,-32.625,-149.5,-134.125,518.625,20260805_soil_log.txt,2026-03-25 23:18:43
2026-03-25,23:23:43,-33.0,-149.5,-134.0,491.25,20260805_soil_log.txt,2026-03-25 23:23:43
2026-03-25,23:28:43,-32.125,-149.5,-134.0,513.875,20260805_soil_log.txt,2026-03-25 23:28:43
2026-03-25,23:33:44,-33.875,-149.5,-134.0,486.875,20260805_soil_log.txt,2026-03-25 23:33:44
2026-03-25,23:38:44,-34.375,-149.375,-134.0,518.0,20260805_soil_log.txt,2026-03-25 23:38:44
2026-03-25,23:43:44,-34.75,-149.375,-133.875,493.62500000000006,20260805_soil_log.txt,2026-03-25 23:43:44
2026-03-25,23:48:44,-34.0,-149.375,-133.875,490.5,20260805_soil_log.txt,2026-03-25 23:48:44
2026-03-25,23:53:45,-31.5,-149.375,-133.875,516.0,20260805_soil_log.txt,2026-03-25 23:53:45
2026-03-25,23:58:45,-34.5,-149.375,-133.625,512.5,20260805_soil_log.txt,2026-03-25 23:58:45
2026-03-26,00:03:45,-34.75,-149.375,-133.75,495.0,20260805_soil_log.txt,2026-03-26 00:03:45
2026-03-26,00:08:45,-32.625,-149.125,-133.625,489.0,20260805_soil_log.txt,2026-03-26 00:08:45
2026-03-26,00:13:45,-34.625,-149.125,-133.625,508.75000000000006,20260805_soil_log.txt,2026-03-26 00:13:45
2026-03-26,00:18:46,-32.5,-149.125,-133.5,489.75,20260805_soil_log.txt,2026-03-26 00:18:46
2026-03-26,00:23:46,-35.0,-149.125,-133.5,490.375,20260805_soil_log.txt,2026-03-26 00:23:46
2026-03-26,00:28:46,-34.0,-149.125,-133.5,488.25,20260805_soil_log.txt,2026-03-26 00:28:46
2026-03-26,00:33:46,-34.875,-149.125,-133.375,489.5,20260805_soil_log.txt,2026-03-26 00:33:46
2026-03-26,00:38:47,-32.25,-149.0,-133.5,517.75,20260805_soil_log.txt,2026-03-26 00:38:47
2026-03-26,00:43:47,-33.75,-149.0,-133.375,520.875,20260805_soil_log.txt,2026-03-26 00:43:47
2026-03-26,00:48:47,-35.0,-149.0,-133.375,505.87499999999994,20260805_soil_log.txt,2026-03-26 00:48:47
2026-03-26,00:53:47,-32.875,-149.125,-133.25,492.375,20260805_soil_log.txt,2026-03-26 00:53:47
2026-03-26,00:58:47,-32.125,-149.0,-133.25,489.375,20260805_soil_log.txt,2026-03-26 00:58:47
2026-03-26,01:03:48,-31.625,-149.0,-133.25,513.5,20260805_soil_log.txt,2026-03-26 01:03:48
2026-03-26,01:08:48,-34.875,-149.0,-133.125,499.875,20260805_soil_log.txt,2026-03-26 01:08:48
2026-03-26,01:13:48,-33.25,-149.0,-133.125,488.12500000000006,20260805_soil_log.txt,2026-03-26 01:13:48
2026-03-26,01:18:48,-34.125,-149.125,-133.125,488.75,20260805_soil_log.txt,2026-03-26 01:18:48
2026-03-26,01:23:49,-34.875,-149.0,-133.125,511.12500000000006,20260805_soil_log.txt,2026-03-26 01:23:49
2026-03-26,01:28:49,-32.875,-149.0,-133.0,520.25,20260805_soil_log.txt,2026-03-26 01:28:49
2026-03-26,01:33:49,-33.125,-149.0,-133.0,520.25,20260805_soil_log.txt,2026-03-26 01:33:49
2026-03-26,01:38:49,-31.875,-148.875,-132.875,488.5,20260805_soil_log.txt,2026-03-26 01:38:49
2026-03-26,01:43:49,-34.75,-148.75,-133.0,503.0,20260805_soil_log.txt,2026-03-26 01:43:49
2026-03-26,01:48:50,-32.875,-148.75,-133.0,489.5,20260805_soil_log.txt,2026-03-26 01:48:50
2026-03-26,01:53:50,-31.375,-148.75,-132.875,516.375,20260805_soil_log.txt,2026-03-26 01:53:50
2026-03-26,01:58:50,-31.125,-148.625,-132.875,504.25,20260805_soil_log.txt,2026-03-26 01:58:50
2026-03-26,02:03:50,-31.375,-148.625,-132.75,513.5,20260805_soil_log.txt,2026-03-26 02:03:50
2026-03-26,02:08:51,-32.625,-148.5,-132.625,489.75,20260805_soil_log.txt,2026-03-26 02:08:51
2026-03-26,02:13:51,-34.5,-148.5,-132.625,489.5,20260805_soil_log.txt,2026-03-26 02:13:51
2026-03-26,02:18:51,-31.5,-148.5,-132.625,519.25,20260805_soil_log.txt,2026-03-26 02:18:51
2026-03-26,02:23:51,-32.0,-148.375,-132.5,499.625,20260805_soil_log.txt,2026-03-26 02:23:51
2026-03-26,02:28:51,-32.5,-148.375,-132.5,491.25,20260805_soil_log.txt,2026-03-26 02:28:51
2026-03-26,02:33:52,-31.625,-148.25,-132.5,491.12500000000006,20260805_soil_log.txt,2026-03-26 02:33:52
2026-03-26,02:38:52,-31.75,-148.25,-132.5,514.25,20260805_soil_log.txt,2026-03-26 02:38:52
2026-03-26,02:43:52,-33.75,-148.25,-132.375,492.375,20260805_soil_log.txt,2026-03-26 02:43:52
2026-03-26,02:48:52,-31.0,-148.125,-132.375,494.12500000000006,20260805_soil_log.txt,2026-03-26 02:48:52
2026-03-26,02:53:52,-32.5,-148.125,-132.25,496.75,20260805_soil_log.txt,2026-03-26 02:53:52
2026-03-26,02:58:53,-30.75,-148.125,-132.25,517.75,20260805_soil_log.txt,2026-03-26 02:58:53
2026-03-26,03:03:53,-33.375,-148.125,-132.375,517.25,20260805_soil_log.txt,2026-03-26 03:03:53
2026-03-26,03:08:53,-33.5,-148.125,-132.25,494.62500000000006,20260805_soil_log.txt,2026-03-26 03:08:53
2026-03-26,03:13:53,-30.875,-148.0,-132.25,500.375,20260805_soil_log.txt,2026-03-26 03:13:53
2026-03-26,03:18:53,-31.25,-148.0,-132.125,492.75,20260805_soil_log.txt,2026-03-26 03:18:53
2026-03-26,03:23:54,-35.62500000000001,-147.875,-132.125,514.875,20260805_soil_log.txt,2026-03-26 03:23:54
2026-03-26,03:28:54,-32.875,-147.75,-132.0,491.5,20260805_soil_log.txt,2026-03-26 03:28:54
2026-03-26,03:33:54,-33.375,-147.625,-132.0,499.25,20260805_soil_log.txt,2026-03-26 03:33:54
2026-03-26,03:38:54,-33.625,-147.875,-131.875,491.5,20260805_soil_log.txt,2026-03-26 03:38:54
2026-03-26,03:43:55,-31.375,-147.625,-131.75,523.375,20260805_soil_log.txt,2026-03-26 03:43:55
2026-03-26,03:48:55,-33.625,-147.625,-131.625,495.62500000000006,20260805_soil_log.txt,2026-03-26 03:48:55
2026-03-26,03:53:55,-33.875,-147.75,-131.625,496.0,20260805_soil_log.txt,2026-03-26 03:53:55
2026-03-26,03:58:55,-31.625,-147.75,-131.625,522.25,20260805_soil_log.txt,2026-03-26 03:58:55
2026-03-26,04:03:55,-30.375,-147.75,-131.625,505.375,20260805_soil_log.txt,2026-03-26 04:03:55
2026-03-26,04:08:56,-33.0,-147.625,-131.5,493.875,20260805_soil_log.txt,2026-03-26 04:08:56
2026-03-26,04:13:56,-34.75,-147.625,-131.5,504.25,20260805_soil_log.txt,2026-03-26 04:13:56
2026-03-26,04:18:56,-34.0,-147.625,-131.375,510.25,20260805_soil_log.txt,2026-03-26 04:18:56
2026-03-26,04:23:56,-33.75,-147.625,-131.375,513.875,20260805_soil_log.txt,2026-03-26 04:23:56
2026-03-26,04:28:57,-32.625,-147.625,-131.25,520.875,20260805_soil_log.txt,2026-03-26 04:28:57
2026-03-26,04:33:57,-32.25,-147.625,-131.25,492.0,20260805_soil_log.txt,2026-03-26 04:33:57
2026-03-26,04:38:57,-32.75,-147.625,-131.25,523.875,20260805_soil_log.txt,2026-03-26 04:38:57
2026-03-26,04:43:57,-32.375,-147.625,-131.25,523.75,20260805_soil_log.txt,2026-03-26 04:43:57
2026-03-26,04:48:58,-32.75,-147.5,-131.125,496.875,20260805_soil_log.txt,2026-03-26 04:48:58
2026-03-26,04:53:58,-31.25,-147.375,-131.0,493.75,20260805_soil_log.txt,2026-03-26 04:53:58
2026-03-26,04:58:58,-33.375,-147.375,-131.0,500.12500000000006,20260805_soil_log.txt,2026-03-26 04:58:58
2026-03-26,05:03:58,-33.875,-147.375,-130.875,501.12500000000006,20260805_soil_log.txt,2026-03-26 05:03:58
2026-03-26,05:08:58,-33.875,-147.375,-130.875,501.12500000000006,20260805_soil_log.txt,2026-03-26 05:08:58
2026-03-26,05:13:59,-31.125,-147.375,-130.875,510.50000000000006,20260805_soil_log.txt,2026-03-26 05:13:59
2026-03-26,05:18:59,-31.125,-147.375,-130.75,509.25,20260805_soil_log.txt,2026-03-26 05:18:59
2026-03-26,05:23:59,-30.875,-147.25,-130.625,513.625,20260805_soil_log.txt,2026-03-26 05:23:59
2026-03-26,05:28:59,-30.5,-147.25,-130.625,507.0,20260805_soil_log.txt,2026-03-26 05:28:59
2026-03-26,05:34:00,-31.375,-147.375,-130.625,522.375,20260805_soil_log.txt,2026-03-26 05:34:00
2026-03-26,05:39:00,-31.25,-147.375,-130.625,521.0,20260805_soil_log.txt,2026-03-26 05:39:00
2026-03-26,05:44:00,-31.125,-147.25,-130.625,504.625,20260805_soil_log.txt,2026-03-26 05:44:00
2026-03-26,05:49:00,-32.5,-147.125,-130.5,490.62500000000006,20260805_soil_log.txt,2026-03-26 05:49:00
2026-03-26,05:54:00,-31.125,-147.125,-130.375,497.0,20260805_soil_log.txt,2026-03-26 05:54:00
2026-03-26,05:59:01,-30.625,-147.125,-130.25,522.5,20260805_soil_log.txt,2026-03-26 05:59:01
2026-03-26,06:04:01,-32.625,-147.125,-130.25,497.375,20260805_soil_log.txt,2026-03-26 06:04:01
2026-03-26,06:09:01,-33.5,-147.0,-130.25,512.125,20260805_soil_log.txt,2026-03-26 06:09:01
2026-03-26,06:14:01,-32.125,-147.125,-130.125,512.25,20260805_soil_log.txt,2026-03-26 06:14:01
2026-03-26,06:19:01,-32.75,-147.0,-130.25,513.875,20260805_soil_log.txt,2026-03-26 06:19:01
2026-03-26,06:24:02,-33.125,-146.875,-130.25,502.25,20260805_soil_log.txt,2026-03-26 06:24:02
2026-03-26,06:29:02,-30.875,-146.75,-130.125,494.25,20260805_soil_log.txt,2026-03-26 06:29:02
2026-03-26,06:34:02,-31.0,-146.875,-130.125,495.375,20260805_soil_log.txt,2026-03-26 06:34:02
2026-03-26,06:39:02,-33.5,-146.875,-130.125,497.625,20260805_soil_log.txt,2026-03-26 06:39:02
2026-03-26,06:44:03,-31.5,-146.875,-130.125,498.0,20260805_soil_log.txt,2026-03-26 06:44:03
2026-03-26,06:49:03,-31.625,-146.875,-130.0,518.875,20260805_soil_log.txt,2026-03-26 06:49:03
2026-03-26,06:54:03,-34.0,-146.75,-130.125,514.0,20260805_soil_log.txt,2026-03-26 06:54:03
2026-03-26,06:59:03,-31.875,-146.75,-130.125,520.875,20260805_soil_log.txt,2026-03-26 06:59:03
2026-03-26,07:04:04,-33.875,-146.75,-130.0,505.87499999999994,20260805_soil_log.txt,2026-03-26 07:04:04
2026-03-26,07:09:04,-31.0,-146.875,-129.875,494.75,20260805_soil_log.txt,2026-03-26 07:09:04
2026-03-26,07:14:04,-30.75,-146.875,-129.875,494.875,20260805_soil_log.txt,2026-03-26 07:14:04
2026-03-26,07:19:04,-32.375,-146.875,-129.875,495.62500000000006,20260805_soil_log.txt,2026-03-26 07:19:04
2026-03-26,07:24:04,-32.375,-146.875,-129.75,492.0,20260805_soil_log.txt,2026-03-26 07:24:04
2026-03-26,07:29:05,-30.75,-146.875,-129.75,499.125,20260805_soil_log.txt,2026-03-26 07:29:05
2026-03-26,07:34:05,-32.0,-146.875,-129.75,521.875,20260805_soil_log.txt,2026-03-26 07:34:05
2026-03-26,07:39:05,-32.875,-146.75,-129.75,520.375,20260805_soil_log.txt,2026-03-26 07:39:05
2026-03-26,07:44:05,-30.75,-146.75,-129.75,495.0,20260805_soil_log.txt,2026-03-26 07:44:05
2026-03-26,07:49:06,-32.625,-146.625,-129.625,521.625,20260805_soil_log.txt,2026-03-26 07:49:06
2026-03-26,07:54:06,-31.75,-146.625,-129.625,520.25,20260805_soil_log.txt,2026-03-26 07:54:06
2026-03-26,07:59:06,-30.875,-146.75,-129.625,497.0,20260805_soil_log.txt,2026-03-26 07:59:06
2026-03-26,08:04:06,-33.625,-146.75,-129.625,494.75,20260805_soil_log.txt,2026-03-26 08:04:06
2026-03-26,08:09:07,-31.625,-146.75,-129.5,490.375,20260805_soil_log.txt,2026-03-26 08:09:07
2026-03-26,08:14:07,-33.125,-146.75,-129.5,508.625,20260805_soil_log.txt,2026-03-26 08:14:07
2026-03-26,08:19:07,-32.25,-146.75,-129.375,493.62500000000006,20260805_soil_log.txt,2026-03-26 08:19:07
2026-03-26,08:24:07,-30.75,-146.75,-129.25,495.5,20260805_soil_log.txt,2026-03-26 08:24:07
2026-03-26,08:29:07,-33.625,-146.875,-129.25,502.87499999999994,20260805_soil_log.txt,2026-03-26 08:29:07
2026-03-26,08:34:08,-30.875,-146.875,-129.125,513.125,20260805_soil_log.txt,2026-03-26 08:34:08
2026-03-26,08:39:08,-31.25,-146.875,-129.125,499.75,20260805_soil_log.txt,2026-03-26 08:39:08
2026-03-26,08:44:08,-31.75,-147.0,-129.25,491.375,20260805_soil_log.txt,2026-03-26 08:44:08
2026-03-26,08:49:08,-30.125,-147.0,-129.125,518.1250000000001,20260805_soil_log.txt,2026-03-26 08:49:08
2026-03-26,08:54:08,-32.75,-147.0,-129.25,495.875,20260805_soil_log.txt,2026-03-26 08:54:08
2026-03-26,08:59:09,-32.5,-146.875,-129.125,518.25,20260805_soil_log.txt,2026-03-26 08:59:09
2026-03-26,09:04:09,-31.375,-146.875,-129.125,521.0,20260805_soil_log.txt,2026-03-26 09:04:09
2026-03-26,09:09:09,-33.25,-146.875,-129.125,496.875,20260805_soil_log.txt,2026-03-26 09:09:09
2026-03-26,09:14:09,-31.125,-146.75,-129.125,490.375,20260805_soil_log.txt,2026-03-26 09:14:09
2026-03-26,09:19:10,-33.375,-146.75,-129.0,513.75,20260805_soil_log.txt,2026-03-26 09:19:10
2026-03-26,09:24:10,-32.5,-146.875,-129.0,504.87499999999994,20260805_soil_log.txt,2026-03-26 09:24:10
2026-03-26,09:29:10,-30.75,-146.75,-128.875,521.0,20260805_soil_log.txt,2026-03-26 09:29:10
2026-03-26,09:34:10,-32.25,-146.75,-128.875,491.75,20260805_soil_log.txt,2026-03-26 09:34:10
2026-03-26,09:39:10,-33.5,-146.75,-128.875,508.87499999999994,20260805_soil_log.txt,2026-03-26 09:39:10
2026-03-26,09:44:11,-30.625,-146.75,-128.75,518.5,20260805_soil_log.txt,2026-03-26 09:44:11
2026-03-26,09:49:11,-31.375,-146.75,-128.875,494.62500000000006,20260805_soil_log.txt,2026-03-26 09:49:11
2026-03-26,09:54:11,-32.875,-146.75,-128.75,519.75,20260805_soil_log.txt,2026-03-26 09:54:11
2026-03-26,09:59:11,-31.375,-146.75,-128.75,521.875,20260805_soil_log.txt,2026-03-26 09:59:11
2026-03-26,10:04:12,-33.625,-146.75,-128.75,507.25,20260805_soil_log.txt,2026-03-26 10:04:12
2026-03-26,10:09:12,-30.375,-146.75,-128.75,514.875,20260805_soil_log.txt,2026-03-26 10:09:12
2026-03-26,10:14:12,-33.0,-146.75,-128.625,510.12500000000006,20260805_soil_log.txt,2026-03-26 10:14:12
2026-03-26,10:19:12,-33.0,-146.75,-128.625,513.75,20260805_soil_log.txt,2026-03-26 10:19:12
2026-03-26,10:24:12,-29.25,-146.75,-128.625,513.875,20260805_soil_log.txt,2026-03-26 10:24:12
2026-03-26,10:29:13,-29.875000000000004,-146.75,-128.5,510.25,20260805_soil_log.txt,2026-03-26 10:29:13
2026-03-26,10:34:13,-31.875,-146.625,-128.375,522.375,20260805_soil_log.txt,2026-03-26 10:34:13
2026-03-26,10:39:13,-32.875,-146.625,-128.375,515.0,20260805_soil_log.txt,2026-03-26 10:39:13
2026-03-26,10:44:13,-33.125,-146.5,-128.375,511.12500000000006,20260805_soil_log.txt,2026-03-26 10:44:13
2026-03-26,10:49:14,-31.5,-146.625,-128.375,523.0,20260805_soil_log.txt,2026-03-26 10:49:14
2026-03-26,10:54:14,-31.125,-146.5,-128.25,503.25,20260805_soil_log.txt,2026-03-26 10:54:14
2026-03-26,10:59:14,-30.25,-146.5,-128.125,499.75,20260805_soil_log.txt,2026-03-26 10:59:14
2026-03-26,11:04:14,-29.125,-146.5,-128.125,493.25,20260805_soil_log.txt,2026-03-26 11:04:14
2026-03-26,11:09:14,-32.75,-146.5,-128.125,508.25,20260805_soil_log.txt,2026-03-26 11:09:14
2026-03-26,11:14:15,-30.5,-146.375,-128.125,492.12500000000006,20260805_soil_log.txt,2026-03-26 11:14:15
2026-03-26,11:19:15,-29.375000000000004,-146.25,-128.0,515.0,20260805_soil_log.txt,2026-03-26 11:19:15
2026-03-26,11:24:15,-32.75,-146.375,-128.0,512.25,20260805_soil_log.txt,2026-03-26 11:24:15
2026-03-26,11:29:15,-29.375000000000004,-146.25,-127.87500000000001,513.875,20260805_soil_log.txt,2026-03-26 11:29:15
2026-03-26,11:34:15,-32.125,-146.25,-127.87500000000001,494.25,20260805_soil_log.txt,2026-03-26 11:34:15
2026-03-26,11:39:16,-32.125,-146.25,-128.0,506.50000000000006,20260805_soil_log.txt,2026-03-26 11:39:16
2026-03-26,11:44:16,-29.375000000000004,-146.25,-127.87500000000001,502.50000000000006,20260805_soil_log.txt,2026-03-26 11:44:16
2026-03-26,11:49:16,-29.125,-146.375,-127.75,513.25,20260805_soil_log.txt,2026-03-26 11:49:16
2026-03-26,11:54:16,-31.625,-146.25,-127.75,516.75,20260805_soil_log.txt,2026-03-26 11:54:16
2026-03-26,11:59:17,-31.0,-146.125,-127.62500000000001,491.375,20260805_soil_log.txt,2026-03-26 11:59:17
2026-03-26,12:04:17,-29.500000000000004,-146.25,-127.5,517.25,20260805_soil_log.txt,2026-03-26 12:04:17
2026-03-26,12:09:17,-32.375,-146.25,-127.62500000000001,513.125,20260805_soil_log.txt,2026-03-26 12:09:17
2026-03-26,12:14:17,-29.125,-146.25,-127.5,495.0,20260805_soil_log.txt,2026-03-26 12:14:17
2026-03-26,12:19:17,-30.75,-146.25,-127.5,491.12500000000006,20260805_soil_log.txt,2026-03-26 12:19:17
2026-03-26,12:24:18,-31.875,-146.125,-127.37500000000001,504.87499999999994,20260805_soil_log.txt,2026-03-26 12:24:18
2026-03-26,12:29:18,-30.375,-146.125,-127.25,524.25,20260805_soil_log.txt,2026-03-26 12:29:18
2026-03-26,12:34:18,-31.75,-146.125,-127.37500000000001,513.625,20260805_soil_log.txt,2026-03-26 12:34:18
2026-03-26,12:39:18,-31.875,-146.125,-127.37500000000001,519.625,20260805_soil_log.txt,2026-03-26 12:39:18
2026-03-26,12:44:19,-29.625000000000004,-146.125,-127.37500000000001,515.25,20260805_soil_log.txt,2026-03-26 12:44:19
2026-03-26,12:49:19,-30.5,-146.0,-127.25,523.25,20260805_soil_log.txt,2026-03-26 12:49:19
2026-03-26,12:54:19,-29.125,-146.0,-127.12500000000001,520.0,20260805_soil_log.txt,2026-03-26 12:54:19
2026-03-26,12:59:19,-31.625,-146.0,-127.25,494.5,20260805_soil_log.txt,2026-03-26 12:59:19
2026-03-26,13:04:20,-30.25,-146.0,-127.12500000000001,492.12500000000006,20260805_soil_log.txt,2026-03-26 13:04:20
2026-03-26,13:09:20,-29.0,-146.0,-127.12500000000001,523.875,20260805_soil_log.txt,2026-03-26 13:09:20
2026-03-26,13:14:20,-31.75,-146.0,-127.0,517.375,20260805_soil_log.txt,2026-03-26 13:14:20
2026-03-26,13:19:20,-29.875000000000004,-146.0,-126.87500000000001,496.875,20260805_soil_log.txt,2026-03-26 13:19:20
2026-03-26,13:24:20,-32.5,-146.0,-126.87500000000001,507.50000000000006,20260805_soil_log.txt,2026-03-26 13:24:20
2026-03-26,13:29:21,-31.625,-146.0,-126.75,493.62500000000006,20260805_soil_log.txt,2026-03-26 13:29:21
2026-03-26,13:34:21,-29.500000000000004,-146.0,-126.62500000000001,495.75,20260805_soil_log.txt,2026-03-26 13:34:21
2026-03-26,13:39:21,-30.625,-146.0,-126.62500000000001,492.62500000000006,20260805_soil_log.txt,2026-03-26 13:39:21
2026-03-26,13:44:21,-32.125,-145.875,-126.5,506.625,20260805_soil_log.txt,2026-03-26 13:44:21
2026-03-26,13:49:21,-28.75,-145.875,-126.5,513.5,20260805_soil_log.txt,2026-03-26 13:49:21
2026-03-26,13:54:22,-28.625,-145.875,-126.62500000000001,506.625,20260805_soil_log.txt,2026-03-26 13:54:22
2026-03-26,13:59:22,-29.625000000000004,-145.875,-126.5,497.0,20260805_soil_log.txt,2026-03-26 13:59:22
2026-03-26,14:04:22,-28.75,-145.875,-126.25,519.5,20260805_soil_log.txt,2026-03-26 14:04:22
2026-03-26,14:09:22,-28.75,-145.875,-126.25,521.0,20260805_soil_log.txt,2026-03-26 14:09:22
2026-03-26,14:14:23,-28.375,-145.875,-126.25,503.0,20260805_soil_log.txt,2026-03-26 14:14:23
2026-03-26,14:19:23,-27.375,-145.75,-126.12500000000001,502.25,20260805_soil_log.txt,2026-03-26 14:19:23
2026-03-26,14:24:23,-28.625,-145.75,-126.0,524.875,20260805_soil_log.txt,2026-03-26 14:24:23
2026-03-26,14:29:23,-30.75,-145.75,-125.87500000000001,509.0,20260805_soil_log.txt,2026-03-26 14:29:23
2026-03-26,14:34:23,-28.75,-145.75,-125.87500000000001,525.1250000000001,20260805_soil_log.txt,2026-03-26 14:34:23
2026-03-26,14:39:24,-30.875,-145.5,-125.87500000000001,507.25,20260805_soil_log.txt,2026-03-26 14:39:24
2026-03-26,14:44:24,-27.5,-145.5,-125.75,521.25,20260805_soil_log.txt,2026-03-26 14:44:24
2026-03-26,14:49:24,-29.500000000000004,-145.375,-125.75,522.875,20260805_soil_log.txt,2026-03-26 14:49:24
2026-03-26,14:54:24,-30.125,-145.375,-125.62500000000001,499.875,20260805_soil_log.txt,2026-03-26 14:54:24
2026-03-26,14:59:24,-30.625,-145.25,-125.62500000000001,503.75000000000006,20260805_soil_log.txt,2026-03-26 14:59:24
2026-03-26,15:04:25,-28.0,-145.375,-125.62500000000001,508.12500000000006,20260805_soil_log.txt,2026-03-26 15:04:25
2026-03-26,15:09:25,-27.75,-145.375,-125.62500000000001,510.25,20260805_soil_log.txt,2026-03-26 15:09:25
2026-03-26,15:14:25,-27.875,-145.375,-125.5,499.75,20260805_soil_log.txt,2026-03-26 15:14:25
2026-03-26,15:19:25,-28.375,-145.375,-125.37500000000001,493.12500000000006,20260805_soil_log.txt,2026-03-26 15:19:25
2026-03-26,15:24:26,-30.125,-145.375,-125.25,499.125,20260805_soil_log.txt,2026-03-26 15:24:26
2026-03-26,15:29:26,-28.0,-145.25,-125.25,497.625,20260805_soil_log.txt,2026-03-26 15:29:26
2026-03-26,15:34:26,-29.500000000000004,-145.25,-125.12500000000001,500.0,20260805_soil_log.txt,2026-03-26 15:34:26
2026-03-26,15:39:26,-26.625,-145.125,-125.0,506.375,20260805_soil_log.txt,2026-03-26 15:39:26
2026-03-26,15:44:26,-30.0,-145.125,-125.0,515.375,20260805_soil_log.txt,2026-03-26 15:44:26
2026-03-26,15:49:27,-29.750000000000004,-145.125,-124.875,506.87499999999994,20260805_soil_log.txt,2026-03-26 15:49:27
2026-03-26,15:54:27,-29.125,-145.0,-124.875,497.0,20260805_soil_log.txt,2026-03-26 15:54:27
2026-03-26,15:59:27,-28.375,-145.0,-124.75,524.0,20260805_soil_log.txt,2026-03-26 15:59:27
2026-03-26,16:04:27,-27.5,-145.0,-124.75,525.625,20260805_soil_log.txt,2026-03-26 16:04:27
2026-03-26,16:09:28,-28.625,-145.0,-124.625,524.0,20260805_soil_log.txt,2026-03-26 16:09:28
2026-03-26,16:14:28,-27.625,-145.0,-124.5,522.625,20260805_soil_log.txt,2026-03-26 16:14:28
2026-03-26,16:19:28,-27.75,-145.125,-124.375,523.5,20260805_soil_log.txt,2026-03-26 16:19:28
2026-03-26,16:24:28,-27.0,-145.0,-124.375,504.625,20260805_soil_log.txt,2026-03-26 16:24:28
2026-03-26,16:29:29,-28.375,-144.875,-124.25,497.25,20260805_soil_log.txt,2026-03-26 16:29:29
2026-03-26,16:34:29,-27.375,-145.0,-124.25,499.375,20260805_soil_log.txt,2026-03-26 16:34:29
2026-03-26,16:39:29,-29.125,-145.0,-124.125,525.75,20260805_soil_log.txt,2026-03-26 16:39:29
2026-03-26,16:44:29,-28.0,-144.875,-124.125,525.1250000000001,20260805_soil_log.txt,2026-03-26 16:44:29
2026-03-26,16:49:29,-29.375000000000004,-144.875,-124.125,498.625,20260805_soil_log.txt,2026-03-26 16:49:29
2026-03-26,16:54:30,-27.625,-144.875,-124.125,499.5,20260805_soil_log.txt,2026-03-26 16:54:30
2026-03-26,16:59:30,-28.375,-144.875,-124.0,520.375,20260805_soil_log.txt,2026-03-26 16:59:30
2026-03-26,17:04:30,-27.375,-145.0,-123.875,506.375,20260805_soil_log.txt,2026-03-26 17:04:30
2026-03-26,17:09:30,-27.5,-144.875,-123.875,505.0,20260805_soil_log.txt,2026-03-26 17:09:30
2026-03-26,17:14:31,-28.125,-145.0,-123.75,496.375,20260805_soil_log.txt,2026-03-26 17:14:31
2026-03-26,17:19:31,-29.875000000000004,-144.875,-123.75,517.0,20260805_soil_log.txt,2026-03-26 17:19:31
2026-03-26,17:24:31,-27.75,-144.875,-123.625,495.0,20260805_soil_log.txt,2026-03-26 17:24:31
2026-03-26,17:29:31,-28.75,-144.75,-123.5,497.625,20260805_soil_log.txt,2026-03-26 17:29:31
2026-03-26,17:34:32,-30.375,-144.75,-123.625,515.125,20260805_soil_log.txt,2026-03-26 17:34:32
2026-03-26,17:39:32,-30.25,-144.75,-123.375,508.12500000000006,20260805_soil_log.txt,2026-03-26 17:39:32
2026-03-26,17:44:32,-28.375,-144.625,-123.25,525.5,20260805_soil_log.txt,2026-03-26 17:44:32
2026-03-26,17:49:32,-30.25,-144.5,-123.125,508.25,20260805_soil_log.txt,2026-03-26 17:49:32
2026-03-26,17:54:32,-27.125,-144.5,-123.125,504.375,20260805_soil_log.txt,2026-03-26 17:54:32
2026-03-26,17:59:33,-30.0,-144.5,-123.0,522.5,20260805_soil_log.txt,2026-03-26 17:59:33
2026-03-26,18:04:33,-27.75,-144.5,-122.875,499.5,20260805_soil_log.txt,2026-03-26 18:04:33
2026-03-26,18:09:33,-27.125,-144.5,-122.75,512.125,20260805_soil_log.txt,2026-03-26 18:09:33
2026-03-26,18:14:33,-29.750000000000004,-144.625,-122.625,510.25,20260805_soil_log.txt,2026-03-26 18:14:33
2026-03-26,18:19:34,-28.125,-144.625,-122.625,526.75,20260805_soil_log.txt,2026-03-26 18:19:34
2026-03-26,18:24:34,-30.5,-144.625,-122.5,515.25,20260805_soil_log.txt,2026-03-26 18:24:34
2026-03-26,18:29:34,-27.875,-144.625,-122.375,527.1250000000001,20260805_soil_log.txt,2026-03-26 18:29:34
2026-03-26,18:34:34,-26.625,-144.5,-122.25,515.75,20260805_soil_log.txt,2026-03-26 18:34:34
2026-03-26,18:39:35,-29.375000000000004,-144.375,-122.125,506.87499999999994,20260805_soil_log.txt,2026-03-26 18:39:35
2026-03-26,18:44:35,-28.625,-144.5,-122.125,526.1250000000001,20260805_soil_log.txt,2026-03-26 18:44:35
2026-03-26,18:49:35,-26.000000000000004,-144.5,-122.0,524.875,20260805_soil_log.txt,2026-03-26 18:49:35
2026-03-26,18:54:35,-26.000000000000004,-144.5,-121.875,527.375,20260805_soil_log.txt,2026-03-26 18:54:35
2026-03-26,18:59:35,-26.75,-144.25,-121.75,505.625,20260805_soil_log.txt,2026-03-26 18:59:35
2026-03-26,19:04:36,-25.875000000000004,-144.25,-121.625,522.0,20260805_soil_log.txt,2026-03-26 19:04:36
2026-03-26,19:09:36,-29.25,-144.25,-121.5,520.5,20260805_soil_log.txt,2026-03-26 19:09:36
2026-03-26,19:14:36,-27.375,-144.25,-121.5,499.0,20260805_soil_log.txt,2026-03-26 19:14:36
2026-03-26,19:19:36,-28.0,-144.25,-121.375,527.0,20260805_soil_log.txt,2026-03-26 19:19:36
2026-03-26,19:24:37,-28.375,-144.125,-121.125,521.625,20260805_soil_log.txt,2026-03-26 19:24:37
2026-03-26,19:29:37,-29.125,-144.125,-121.125,520.375,20260805_soil_log.txt,2026-03-26 19:29:37
2026-03-26,19:34:37,-28.875,-144.00000000000003,-121.0,514.0,20260805_soil_log.txt,2026-03-26 19:34:37
2026-03-26,19:39:37,-27.875,-144.00000000000003,-121.0,528.625,20260805_soil_log.txt,2026-03-26 19:39:37
2026-03-26,19:44:37,-26.5,-144.00000000000003,-120.875,499.0,20260805_soil_log.txt,2026-03-26 19:44:37
2026-03-26,19:49:38,-28.0,-144.00000000000003,-120.75,509.25,20260805_soil_log.txt,2026-03-26 19:49:38
2026-03-26,19:54:38,-27.75,-144.00000000000003,-120.75,501.50000000000006,20260805_soil_log.txt,2026-03-26 19:54:38
2026-03-26,19:59:38,-28.75,-144.00000000000003,-120.5,513.25,20260805_soil_log.txt,2026-03-26 19:59:38
2026-03-26,20:04:38,-27.625,-143.875,-120.25,500.75,20260805_soil_log.txt,2026-03-26 20:04:38
2026-03-26,20:09:39,-28.875,-143.875,-120.125,508.50000000000006,20260805_soil_log.txt,2026-03-26 20:09:39
2026-03-26,20:14:39,-28.25,-143.875,-120.125,526.875,20260805_soil_log.txt,2026-03-26 20:14:39
2026-03-26,20:19:39,-25.500000000000004,-143.875,-120.0,508.12500000000006,20260805_soil_log.txt,2026-03-26 20:19:39
2026-03-26,20:24:39,-28.5,-143.875,-119.87500000000001,513.5,20260805_soil_log.txt,2026-03-26 20:24:39
2026-03-26,20:29:39,-26.875,-143.75000000000003,-119.62500000000001,529.0,20260805_soil_log.txt,2026-03-26 20:29:39
2026-03-26,20:34:40,-25.375,-143.75000000000003,-119.62500000000001,521.625,20260805_soil_log.txt,2026-03-26 20:34:40
2026-03-26,20:39:40,-28.0,-143.625,-119.50000000000001,506.75000000000006,20260805_soil_log.txt,2026-03-26 20:39:40
2026-03-26,20:44:40,-26.75,-143.75000000000003,-119.37500000000001,528.375,20260805_soil_log.txt,2026-03-26 20:44:40
2026-03-26,20:49:40,-26.875,-143.625,-119.12500000000001,499.75,20260805_soil_log.txt,2026-03-26 20:49:40
2026-03-26,20:54:41,-26.5,-143.75000000000003,-119.12500000000001,529.0,20260805_soil_log.txt,2026-03-26 20:54:41
2026-03-26,20:59:41,-25.375,-143.75000000000003,-119.00000000000001,527.75,20260805_soil_log.txt,2026-03-26 20:59:41
2026-03-26,21:04:41,-25.25,-143.625,-119.00000000000001,509.625,20260805_soil_log.txt,2026-03-26 21:04:41
2026-03-26,21:09:41,-24.875,-143.50000000000003,-118.87500000000001,502.625,20260805_soil_log.txt,2026-03-26 21:09:41
2026-03-26,21:14:42,-27.625,-143.625,-118.75000000000001,523.0,20260805_soil_log.txt,2026-03-26 21:14:42
2026-03-26,21:19:42,-27.75,-143.50000000000003,-118.62500000000001,509.87499999999994,20260805_soil_log.txt,2026-03-26 21:19:42
2026-03-26,21:24:42,-28.125,-143.625,-118.50000000000001,517.625,20260805_soil_log.txt,2026-03-26 21:24:42
2026-03-26,21:29:42,-26.125,-143.375,-118.37500000000001,528.25,20260805_soil_log.txt,2026-03-26 21:29:42
2026-03-26,21:34:42,-28.0,-143.50000000000003,-118.25000000000001,519.875,20260805_soil_log.txt,2026-03-26 21:34:42
2026-03-26,21:39:42,-24.5,-143.375,-118.25000000000001,523.25,20260805_soil_log.txt,2026-03-26 21:39:42
2026-03-26,21:44:43,-24.5,-143.375,-118.12500000000001,506.375,20260805_soil_log.txt,2026-03-26 21:44:43
2026-03-26,21:49:43,-26.375,-143.375,-118.00000000000001,508.0,20260805_soil_log.txt,2026-03-26 21:49:43
2026-03-26,21:54:43,-27.5,-143.375,-117.87500000000001,514.375,20260805_soil_log.txt,2026-03-26 21:54:43
2026-03-26,21:59:43,-24.75,-143.25000000000003,-117.75000000000001,527.5,20260805_soil_log.txt,2026-03-26 21:59:43
2026-03-26,22:04:44,-24.125,-143.25000000000003,-117.62500000000001,522.375,20260805_soil_log.txt,2026-03-26 22:04:44
2026-03-26,22:09:44,-25.875000000000004,-143.25000000000003,-117.62500000000001,501.375,20260805_soil_log.txt,2026-03-26 22:09:44
2026-03-26,22:14:44,-23.875,-143.125,-117.50000000000001,506.12500000000006,20260805_soil_log.txt,2026-03-26 22:14:44
2026-03-26,22:19:44,-27.0,-143.00000000000003,-117.375,516.0,20260805_soil_log.txt,2026-03-26 22:19:44
2026-03-26,22:24:44,-27.375,-143.125,-117.375,520.75,20260805_soil_log.txt,2026-03-26 22:24:44
2026-03-26,22:29:45,-25.625000000000004,-143.125,-117.25,532.0,20260805_soil_log.txt,2026-03-26 22:29:45
2026-03-26,22:34:45,-23.75,-143.00000000000003,-117.25,519.5,20260805_soil_log.txt,2026-03-26 22:34:45
2026-03-26,22:39:45,-23.75,-143.00000000000003,-117.125,531.875,20260805_soil_log.txt,2026-03-26 22:39:45
2026-03-26,22:44:45,-23.75,-142.875,-117.25,526.75,20260805_soil_log.txt,2026-03-26 22:44:45
2026-03-26,22:49:46,-26.625,-142.75000000000003,-117.0,522.625,20260805_soil_log.txt,2026-03-26 22:49:46
2026-03-26,22:54:46,-25.0,-142.75000000000003,-117.125,532.75,20260805_soil_log.txt,2026-03-26 22:54:46
2026-03-26,22:59:46,-23.75,-142.75000000000003,-117.0,509.75000000000006,20260805_soil_log.txt,2026-03-26 22:59:46
2026-03-26,23:04:46,-26.625,-142.75000000000003,-117.0,511.0,20260805_soil_log.txt,2026-03-26 23:04:46
2026-03-26,23:09:46,-26.75,-142.75000000000003,-117.0,516.375,20260805_soil_log.txt,2026-03-26 23:09:46
2026-03-26,23:14:47,-25.375,-142.75000000000003,-116.875,530.375,20260805_soil_log.txt,2026-03-26 23:14:47
2026-03-26,23:19:47,-26.5,-142.625,-116.875,514.375,20260805_soil_log.txt,2026-03-26 23:19:47
2026-03-26,23:24:47,-26.125,-142.625,-116.875,510.12500000000006,20260805_soil_log.txt,2026-03-26 23:24:47
2026-03-26,23:29:47,-24.875,-142.625,-116.75,505.375,20260805_soil_log.txt,2026-03-26 23:29:47
2026-03-26,23:34:48,-26.25,-142.50000000000003,-116.75,506.25,20260805_soil_log.txt,2026-03-26 23:34:48
2026-03-26,23:39:48,-26.625,-142.625,-116.75,503.50000000000006,20260805_soil_log.txt,2026-03-26 23:39:48
2026-03-26,23:44:48,-24.0,-142.625,-116.75,519.375,20260805_soil_log.txt,2026-03-26 23:44:48
2026-03-26,23:49:48,-23.875,-142.50000000000003,-116.75,531.5,20260805_soil_log.txt,2026-03-26 23:49:48
2026-03-26,23:54:48,-25.375,-142.50000000000003,-116.75,532.75,20260805_soil_log.txt,2026-03-26 23:54:48
2026-03-26,23:59:49,-25.125,-142.50000000000003,-116.75,532.875,20260805_soil_log.txt,2026-03-26 23:59:49
2026-03-27,00:04:49,-24.0,-142.50000000000003,-116.75,507.0,20260805_soil_log.txt,2026-03-27 00:04:49
2026-03-27,00:09:49,-26.625,-142.375,-116.75,532.0,20260805_soil_log.txt,2026-03-27 00:09:49
2026-03-27,00:14:49,-26.625,-142.375,-116.625,532.25,20260805_soil_log.txt,2026-03-27 00:14:49
2026-03-27,00:19:49,-24.5,-142.50000000000003,-116.75,532.125,20260805_soil_log.txt,2026-03-27 00:19:49
2026-03-27,00:24:50,-24.75,-142.50000000000003,-116.625,532.5,20260805_soil_log.txt,2026-03-27 00:24:50
2026-03-27,00:29:50,-25.25,-142.375,-116.625,507.25,20260805_soil_log.txt,2026-03-27 00:29:50
2026-03-27,00:34:50,-24.0,-142.375,-116.5,521.25,20260805_soil_log.txt,2026-03-27 00:34:50
2026-03-27,00:39:50,-25.875000000000004,-142.375,-116.5,507.87499999999994,20260805_soil_log.txt,2026-03-27 00:39:50
2026-03-27,00:44:51,-26.875,-142.25000000000003,-116.625,528.625,20260805_soil_log.txt,2026-03-27 00:44:51
2026-03-27,00:49:51,-23.625,-142.25000000000003,-116.5,532.625,20260805_soil_log.txt,2026-03-27 00:49:51
2026-03-27,00:54:51,-24.5,-142.25000000000003,-116.5,524.1250000000001,20260805_soil_log.txt,2026-03-27 00:54:51
2026-03-27,00:59:51,-26.5,-142.125,-116.5,531.0,20260805_soil_log.txt,2026-03-27 00:59:51
2026-03-27,01:04:52,-23.5,-142.125,-116.5,514.75,20260805_soil_log.txt,2026-03-27 01:04:52
2026-03-27,01:09:52,-23.625,-142.125,-116.5,522.1250000000001,20260805_soil_log.txt,2026-03-27 01:09:52
2026-03-27,01:14:52,-24.125,-142.125,-116.5,531.125,20260805_soil_log.txt,2026-03-27 01:14:52
2026-03-27,01:19:52,-23.625,-142.125,-116.5,515.875,20260805_soil_log.txt,2026-03-27 01:19:52
2026-03-27,01:24:52,-23.75,-142.125,-116.5,513.125,20260805_soil_log.txt,2026-03-27 01:24:52
2026-03-27,01:29:53,-25.25,-142.00000000000003,-116.5,533.5,20260805_soil_log.txt,2026-03-27 01:29:53
2026-03-27,01:34:53,-24.125,-142.00000000000003,-116.5,506.25,20260805_soil_log.txt,2026-03-27 01:34:53
2026-03-27,01:39:53,-26.375,-142.00000000000003,-116.5,515.875,20260805_soil_log.txt,2026-03-27 01:39:53
2026-03-27,01:44:53,-25.500000000000004,-142.00000000000003,-116.625,508.87499999999994,20260805_soil_log.txt,2026-03-27 01:44:53
2026-03-27,01:49:54,-24.0,-142.00000000000003,-116.625,508.25,20260805_soil_log.txt,2026-03-27 01:49:54
2026-03-27,01:54:54,-26.875,-141.875,-116.625,517.5,20260805_soil_log.txt,2026-03-27 01:54:54
2026-03-27,01:59:54,-24.0,-141.875,-116.625,506.12500000000006,20260805_soil_log.txt,2026-03-27 01:59:54
2026-03-27,02:04:54,-25.0,-141.875,-116.5,509.87499999999994,20260805_soil_log.txt,2026-03-27 02:04:54
2026-03-27,02:09:54,-26.000000000000004,-141.75000000000003,-116.5,529.375,20260805_soil_log.txt,2026-03-27 02:09:54
2026-03-27,02:14:55,-23.375,-141.75000000000003,-116.375,519.25,20260805_soil_log.txt,2026-03-27 02:14:55
2026-03-27,02:19:55,-25.125,-141.75000000000003,-116.5,533.5,20260805_soil_log.txt,2026-03-27 02:19:55
2026-03-27,02:24:55,-23.375,-141.625,-116.375,527.25,20260805_soil_log.txt,2026-03-27 02:24:55
2026-03-27,02:29:55,-24.625,-141.625,-116.375,534.0,20260805_soil_log.txt,2026-03-27 02:29:55
2026-03-27,02:34:56,-24.875,-141.50000000000003,-116.375,533.5,20260805_soil_log.txt,2026-03-27 02:34:56
2026-03-27,02:39:56,-25.0,-141.625,-116.375,533.875,20260805_soil_log.txt,2026-03-27 02:39:56
2026-03-27,02:44:56,-23.5,-141.50000000000003,-116.25,533.0,20260805_soil_log.txt,2026-03-27 02:44:56
2026-03-27,02:49:56,-24.25,-141.375,-116.25,517.875,20260805_soil_log.txt,2026-03-27 02:49:56
2026-03-27,02:54:56,-25.500000000000004,-141.375,-116.25,533.875,20260805_soil_log.txt,2026-03-27 02:54:56
2026-03-27,02:59:57,-26.000000000000004,-141.25000000000003,-116.25,525.625,20260805_soil_log.txt,2026-03-27 02:59:57
2026-03-27,03:04:57,-22.625,-141.125,-116.25,522.75,20260805_soil_log.txt,2026-03-27 03:04:57
2026-03-27,03:09:57,-24.875,-141.0,-116.125,505.0,20260805_soil_log.txt,2026-03-27 03:09:57
2026-03-27,03:14:57,-25.375,-141.0,-116.0,512.0,20260805_soil_log.txt,2026-03-27 03:14:57
2026-03-27,03:19:58,-23.75,-140.875,-116.0,530.5,20260805_soil_log.txt,2026-03-27 03:19:58
2026-03-27,03:24:58,-26.5,-140.75,-116.0,524.1250000000001,20260805_soil_log.txt,2026-03-27 03:24:58
2026-03-27,03:29:58,-23.125,-140.75,-116.0,506.75000000000006,20260805_soil_log.txt,2026-03-27 03:29:58
2026-03-27,03:34:58,-22.25,-140.625,-116.0,520.375,20260805_soil_log.txt,2026-03-27 03:34:58
2026-03-27,03:39:58,-22.5,-140.625,-116.0,520.0,20260805_soil_log.txt,2026-03-27 03:39:58
2026-03-27,03:44:59,-22.375,-140.75,-116.0,519.875,20260805_soil_log.txt,2026-03-27 03:44:59
2026-03-27,03:49:59,-25.625000000000004,-140.75,-115.875,523.5,20260805_soil_log.txt,2026-03-27 03:49:59
2026-03-27,03:54:59,-23.0,-140.625,-115.875,533.875,20260805_soil_log.txt,2026-03-27 03:54:59
2026-03-27,03:59:59,-22.5,-140.625,-116.0,517.5,20260805_soil_log.txt,2026-03-27 03:59:59
2026-03-27,04:05:00,-23.625,-140.5,-115.875,532.75,20260805_soil_log.txt,2026-03-27 04:05:00
2026-03-27,04:10:00,-22.375,-140.5,-115.75,530.25,20260805_soil_log.txt,2026-03-27 04:10:00
2026-03-27,04:15:00,-22.25,-140.375,-115.75,505.375,20260805_soil_log.txt,2026-03-27 04:15:00
2026-03-27,04:20:00,-22.75,-140.25,-115.875,521.0,20260805_soil_log.txt,2026-03-27 04:20:00
2026-03-27,04:25:01,-22.875,-140.25,-115.75,518.0,20260805_soil_log.txt,2026-03-27 04:25:01
2026-03-27,04:30:01,-24.25,-140.125,-115.75,530.625,20260805_soil_log.txt,2026-03-27 04:30:01
2026-03-27,04:35:01,-25.375,-140.125,-115.75,511.625,20260805_soil_log.txt,2026-03-27 04:35:01
2026-03-27,04:40:01,-25.500000000000004,-139.875,-115.75,521.0,20260805_soil_log.txt,2026-03-27 04:40:01
2026-03-27,04:45:01,-24.625,-139.875,-115.625,530.0,20260805_soil_log.txt,2026-03-27 04:45:01
2026-03-27,04:50:02,-22.875,-140.0,-115.5,534.0,20260805_soil_log.txt,2026-03-27 04:50:02
2026-03-27,04:55:02,-22.5,-139.875,-115.625,517.5,20260805_soil_log.txt,2026-03-27 04:55:02
2026-03-27,05:00:02,-25.500000000000004,-139.875,-115.5,521.5,20260805_soil_log.txt,2026-03-27 05:00:02
2026-03-27,05:05:02,-24.0,-139.75,-115.375,534.5,20260805_soil_log.txt,2026-03-27 05:05:02
2026-03-27,05:10:03,-25.0,-139.75,-115.5,513.5,20260805_soil_log.txt,2026-03-27 05:10:03
2026-03-27,05:15:03,-23.125,-139.75,-115.375,506.50000000000006,20260805_soil_log.txt,2026-03-27 05:15:03
2026-03-27,05:20:03,-22.875,-139.75,-115.375,507.625,20260805_soil_log.txt,2026-03-27 05:20:03
2026-03-27,05:25:03,-22.625,-139.75,-115.375,517.5,20260805_soil_log.txt,2026-03-27 05:25:03
2026-03-27,05:30:03,-22.75,-139.625,-115.25,534.0,20260805_soil_log.txt,2026-03-27 05:30:03
2026-03-27,05:35:04,-23.125,-139.625,-115.375,524.75,20260805_soil_log.txt,2026-03-27 05:35:04
2026-03-27,05:40:04,-22.5,-139.625,-115.375,509.625,20260805_soil_log.txt,2026-03-27 05:40:04
2026-03-27,05:45:04,-23.5,-139.625,-115.375,534.625,20260805_soil_log.txt,2026-03-27 05:45:04
2026-03-27,05:50:04,-25.375,-139.625,-115.25,530.125,20260805_soil_log.txt,2026-03-27 05:50:04
2026-03-27,05:55:04,-23.125,-139.625,-115.375,508.0,20260805_soil_log.txt,2026-03-27 05:55:04
2026-03-27,06:00:05,-22.375,-139.625,-115.25,512.0,20260805_soil_log.txt,2026-03-27 06:00:05
2026-03-27,06:05:05,-21.875000000000004,-139.5,-115.25,521.375,20260805_soil_log.txt,2026-03-27 06:05:05
2026-03-27,06:10:05,-24.75,-139.5,-115.25,516.625,20260805_soil_log.txt,2026-03-27 06:10:05
2026-03-27,06:15:05,-24.375,-139.625,-115.25,534.375,20260805_soil_log.txt,2026-03-27 06:15:05
2026-03-27,06:20:06,-23.875,-139.5,-115.375,533.875,20260805_soil_log.txt,2026-03-27 06:20:06
2026-03-27,06:25:06,-23.375,-139.5,-115.25,534.875,20260805_soil_log.txt,2026-03-27 06:25:06
2026-03-27,06:30:06,-22.375,-139.375,-115.25,506.50000000000006,20260805_soil_log.txt,2026-03-27 06:30:06
2026-03-27,06:35:06,-22.375,-139.375,-115.375,505.50000000000006,20260805_soil_log.txt,2026-03-27 06:35:06
2026-03-27,06:40:06,-22.5,-139.375,-115.25,535.25,20260805_soil_log.txt,2026-03-27 06:40:06
2026-03-27,06:45:07,-23.5,-139.375,-115.125,533.375,20260805_soil_log.txt,2026-03-27 06:45:07
2026-03-27,06:50:07,-24.625,-139.5,-115.125,519.25,20260805_soil_log.txt,2026-03-27 06:50:07
2026-03-27,06:55:07,-24.75,-139.375,-115.0,524.875,20260805_soil_log.txt,2026-03-27 06:55:07
2026-03-27,07:00:07,-22.375,-139.375,-115.0,516.75,20260805_soil_log.txt,2026-03-27 07:00:07
2026-03-27,07:05:08,-22.5,-139.5,-115.0,534.0,20260805_soil_log.txt,2026-03-27 07:05:08
2026-03-27,07:10:08,-23.5,-139.375,-115.0,507.625,20260805_soil_log.txt,2026-03-27 07:10:08
2026-03-27,07:15:08,-22.375,-139.375,-115.0,505.0,20260805_soil_log.txt,2026-03-27 07:15:08
2026-03-27,07:20:08,-22.375,-139.375,-115.0,533.7500000000001,20260805_soil_log.txt,2026-03-27 07:20:08
2026-03-27,07:25:08,-22.375,-139.375,-115.0,534.125,20260805_soil_log.txt,2026-03-27 07:25:08
2026-03-27,07:30:09,-21.375,-139.375,-115.0,504.12500000000006,20260805_soil_log.txt,2026-03-27 07:30:09
2026-03-27,07:35:09,-23.125,-139.375,-115.0,534.25,20260805_soil_log.txt,2026-03-27 07:35:09
2026-03-27,07:40:09,-22.75,-139.375,-114.875,513.375,20260805_soil_log.txt,2026-03-27 07:40:09
2026-03-27,07:45:09,-20.25,-139.25,-114.875,504.75000000000006,20260805_soil_log.txt,2026-03-27 07:45:09
2026-03-27,07:50:10,-22.875,-139.375,-114.875,531.625,20260805_soil_log.txt,2026-03-27 07:50:10
2026-03-27,07:55:10,-20.625,-139.25,-114.875,533.7500000000001,20260805_soil_log.txt,2026-03-27 07:55:10
2026-03-27,08:00:10,-19.75,-139.375,-114.875,526.625,20260805_soil_log.txt,2026-03-27 08:00:10
2026-03-27,08:05:10,-21.375,-139.25,-114.75,509.625,20260805_soil_log.txt,2026-03-27 08:05:10
2026-03-27,08:10:10,-21.25,-139.375,-114.75,514.5,20260805_soil_log.txt,2026-03-27 08:10:10
2026-03-27,08:15:11,-19.375,-139.375,-114.75,521.5,20260805_soil_log.txt,2026-03-27 08:15:11
2026-03-27,08:20:11,-19.875,-139.375,-114.625,516.125,20260805_soil_log.txt,2026-03-27 08:20:11
2026-03-27,08:25:11,-20.125,-139.25,-114.625,504.375,20260805_soil_log.txt,2026-03-27 08:25:11
2026-03-27,08:30:11,-19.75,-139.25,-114.625,525.625,20260805_soil_log.txt,2026-03-27 08:30:11
2026-03-27,08:35:12,-20.875,-139.25,-114.625,534.375,20260805_soil_log.txt,2026-03-27 08:35:12
2026-03-27,08:40:12,-22.375,-139.25,-114.5,534.25,20260805_soil_log.txt,2026-03-27 08:40:12
2026-03-27,08:45:12,-22.875,-139.25,-114.5,516.375,20260805_soil_log.txt,2026-03-27 08:45:12
2026-03-27,08:50:12,-20.0,-139.25,-114.375,515.375,20260805_soil_log.txt,2026-03-27 08:50:12
2026-03-27,08:55:12,-20.375,-139.125,-114.375,533.25,20260805_soil_log.txt,2026-03-27 08:55:12
2026-03-27,09:00:13,-22.25,-139.125,-114.375,510.25,20260805_soil_log.txt,2026-03-27 09:00:13
2026-03-27,09:05:13,-23.0,-139.0,-114.375,522.0,20260805_soil_log.txt,2026-03-27 09:05:13
2026-03-27,09:10:13,-19.75,-139.125,-114.25,516.125,20260805_soil_log.txt,2026-03-27 09:10:13
2026-03-27,09:15:13,-21.5,-139.0,-114.25,508.0,20260805_soil_log.txt,2026-03-27 09:15:13
2026-03-27,09:20:14,-21.625000000000004,-139.0,-114.125,534.875,20260805_soil_log.txt,2026-03-27 09:20:14
2026-03-27,09:25:14,-22.875,-139.0,-114.25,528.125,20260805_soil_log.txt,2026-03-27 09:25:14
2026-03-27,09:30:14,-21.5,-138.875,-114.25,534.5,20260805_soil_log.txt,2026-03-27 09:30:14
2026-03-27,09:35:14,-20.5,-138.875,-114.125,510.50000000000006,20260805_soil_log.txt,2026-03-27 09:35:14
2026-03-27,09:40:14,-20.5,-138.875,-114.125,509.375,20260805_soil_log.txt,2026-03-27 09:40:14
2026-03-27,09:45:15,-22.0,-138.75,-114.125,534.5,20260805_soil_log.txt,2026-03-27 09:45:15
2026-03-27,09:50:15,-22.75,-138.875,-114.0,528.0,20260805_soil_log.txt,2026-03-27 09:50:15
2026-03-27,09:55:15,-22.625,-138.75,-113.875,534.5,20260805_soil_log.txt,2026-03-27 09:55:15
2026-03-27,10:00:15,-19.625,-138.875,-113.75,506.50000000000006,20260805_soil_log.txt,2026-03-27 10:00:15
2026-03-27,10:05:16,-23.25,-138.875,-113.75,520.25,20260805_soil_log.txt,2026-03-27 10:05:16
2026-03-27,10:10:16,-23.375,-138.875,-113.625,526.1250000000001,20260805_soil_log.txt,2026-03-27 10:10:16
2026-03-27,10:15:16,-20.375,-138.75,-113.625,533.7500000000001,20260805_soil_log.txt,2026-03-27 10:15:16
2026-03-27,10:20:16,-20.125,-138.75,-113.625,512.875,20260805_soil_log.txt,2026-03-27 10:20:16
2026-03-27,10:25:16,-21.625000000000004,-138.75,-113.625,512.5,20260805_soil_log.txt,2026-03-27 10:25:16
2026-03-27,10:30:17,-20.625,-138.75,-113.625,505.75000000000006,20260805_soil_log.txt,2026-03-27 10:30:17
2026-03-27,10:35:17,-21.0,-138.75,-113.5,534.7500000000001,20260805_soil_log.txt,2026-03-27 10:35:17
2026-03-27,10:40:17,-20.875,-138.625,-113.5,529.625,20260805_soil_log.txt,2026-03-27 10:40:17
2026-03-27,10:45:17,-20.625,-138.625,-113.5,527.25,20260805_soil_log.txt,2026-03-27 10:45:17
2026-03-27,10:50:18,-20.5,-138.625,-113.375,510.0,20260805_soil_log.txt,2026-03-27 10:50:18
2026-03-27,10:55:18,-23.25,-138.375,-113.375,524.1250000000001,20260805_soil_log.txt,2026-03-27 10:55:18
2026-03-27,11:00:18,-21.25,-138.375,-113.25,534.7500000000001,20260805_soil_log.txt,2026-03-27 11:00:18
2026-03-27,11:05:18,-22.0,-138.25,-113.125,515.75,20260805_soil_log.txt,2026-03-27 11:05:18
2026-03-27,11:10:18,-20.25,-138.25,-113.125,518.75,20260805_soil_log.txt,2026-03-27 11:10:18
2026-03-27,11:15:19,-22.625,-138.375,-113.0,516.125,20260805_soil_log.txt,2026-03-27 11:15:19
2026-03-27,11:20:19,-21.875000000000004,-138.375,-113.0,534.25,20260805_soil_log.txt,2026-03-27 11:20:19
2026-03-27,11:25:19,-20.375,-138.375,-112.875,531.75,20260805_soil_log.txt,2026-03-27 11:25:19
2026-03-27,11:30:19,-23.125,-138.375,-112.75,508.75000000000006,20260805_soil_log.txt,2026-03-27 11:30:19
2026-03-27,11:35:20,-22.125,-138.375,-112.75,511.625,20260805_soil_log.txt,2026-03-27 11:35:20
2026-03-27,11:40:20,-21.125,-138.25,-112.5,514.625,20260805_soil_log.txt,2026-03-27 11:40:20
2026-03-27,11:45:20,-20.25,-138.25,-112.5,523.375,20260805_soil_log.txt,2026-03-27 11:45:20
2026-03-27,11:50:20,-21.0,-138.25,-112.5,532.625,20260805_soil_log.txt,2026-03-27 11:50:20
2026-03-27,11:55:20,-22.25,-138.125,-112.375,522.875,20260805_soil_log.txt,2026-03-27 11:55:20
2026-03-27,12:00:21,-19.125,-138.125,-112.375,529.625,20260805_soil_log.txt,2026-03-27 12:00:21
2026-03-27,12:05:21,-22.375,-138.0,-112.25,526.0,20260805_soil_log.txt,2026-03-27 12:05:21
2026-03-27,12:10:21,-20.875,-137.875,-112.125,535.375,20260805_soil_log.txt,2026-03-27 12:10:21
2026-03-27,12:15:21,-22.125,-137.75,-112.0,528.5,20260805_soil_log.txt,2026-03-27 12:15:21
2026-03-27,12:20:21,-19.75,-137.875,-112.0,508.75000000000006,20260805_soil_log.txt,2026-03-27 12:20:21
2026-03-27,12:25:22,-20.125,-137.875,-111.875,533.625,20260805_soil_log.txt,2026-03-27 12:25:22
2026-03-27,12:30:22,-20.5,-137.875,-111.875,535.375,20260805_soil_log.txt,2026-03-27 12:30:22
2026-03-27,12:35:22,-19.625,-137.75,-111.75,515.0,20260805_soil_log.txt,2026-03-27 12:35:22
2026-03-27,12:40:22,-22.0,-137.75,-111.625,521.375,20260805_soil_log.txt,2026-03-27 12:40:22
2026-03-27,12:45:22,-19.625,-137.75,-111.625,532.375,20260805_soil_log.txt,2026-03-27 12:45:22
2026-03-27,12:50:23,-22.125,-137.625,-111.625,531.625,20260805_soil_log.txt,2026-03-27 12:50:23
2026-03-27,12:55:23,-19.0,-137.625,-111.5,520.1250000000001,20260805_soil_log.txt,2026-03-27 12:55:23
2026-03-27,13:00:23,-22.5,-137.625,-111.375,518.0,20260805_soil_log.txt,2026-03-27 13:00:23
2026-03-27,13:05:23,-22.5,-137.5,-111.375,531.625,20260805_soil_log.txt,2026-03-27 13:05:23
2026-03-27,13:10:24,-19.625,-137.5,-111.125,510.12500000000006,20260805_soil_log.txt,2026-03-27 13:10:24
2026-03-27,13:15:24,-22.125,-137.5,-111.125,534.125,20260805_soil_log.txt,2026-03-27 13:15:24
2026-03-27,13:20:24,-19.625,-137.375,-111.0,525.375,20260805_soil_log.txt,2026-03-27 13:20:24
2026-03-27,13:25:24,-21.875000000000004,-137.5,-110.875,512.75,20260805_soil_log.txt,2026-03-27 13:25:24
2026-03-27,13:30:24,-19.75,-137.5,-110.875,534.625,20260805_soil_log.txt,2026-03-27 13:30:24
2026-03-27,13:35:25,-21.625000000000004,-137.25,-110.75,536.875,20260805_soil_log.txt,2026-03-27 13:35:25
2026-03-27,13:40:25,-21.0,-137.25,-110.75,536.7500000000001,20260805_soil_log.txt,2026-03-27 13:40:25
2026-03-27,13:45:25,-22.125,-137.25,-110.75,519.25,20260805_soil_log.txt,2026-03-27 13:45:25
2026-03-27,13:50:25,-19.875,-137.25,-110.5,509.375,20260805_soil_log.txt,2026-03-27 13:50:25
2026-03-27,13:55:25,-22.5,-137.25,-110.625,526.75,20260805_soil_log.txt,2026-03-27 13:55:25
2026-03-27,14:00:26,-20.625,-137.25,-110.5,511.50000000000006,20260805_soil_log.txt,2026-03-27 14:00:26
2026-03-27,14:05:26,-22.125,-137.125,-110.375,520.875,20260805_soil_log.txt,2026-03-27 14:05:26
2026-03-27,14:10:26,-20.25,-137.125,-110.25,512.25,20260805_soil_log.txt,2026-03-27 14:10:26
2026-03-27,14:15:26,-22.25,-137.0,-110.25,518.375,20260805_soil_log.txt,2026-03-27 14:15:26
2026-03-27,14:20:27,-21.375,-137.0,-110.125,536.5,20260805_soil_log.txt,2026-03-27 14:20:27
2026-03-27,14:25:27,-21.875000000000004,-137.0,-110.0,514.625,20260805_soil_log.txt,2026-03-27 14:25:27
2026-03-27,14:30:27,-19.875,-137.0,-110.0,536.25,20260805_soil_log.txt,2026-03-27 14:30:27
2026-03-27,14:35:27,-21.625000000000004,-137.0,-109.875,533.7500000000001,20260805_soil_log.txt,2026-03-27 14:35:27
2026-03-27,14:40:27,-20.375,-137.0,-109.75,534.7500000000001,20260805_soil_log.txt,2026-03-27 14:40:27
2026-03-27,14:45:28,-23.125,-137.125,-109.625,530.25,20260805_soil_log.txt,2026-03-27 14:45:28
2026-03-27,14:50:28,-20.25,-137.0,-109.625,517.625,20260805_soil_log.txt,2026-03-27 14:50:28
2026-03-27,14:55:28,-20.25,-137.0,-109.5,534.0,20260805_soil_log.txt,2026-03-27 14:55:28
2026-03-27,15:00:28,-22.75,-136.875,-109.625,529.125,20260805_soil_log.txt,2026-03-27 15:00:28
2026-03-27,15:05:28,-19.75,-136.875,-109.5,533.875,20260805_soil_log.txt,2026-03-27 15:05:28
2026-03-27,15:10:29,-19.75,-136.875,-109.5,534.7500000000001,20260805_soil_log.txt,2026-03-27 15:10:29
2026-03-27,15:15:29,-19.0,-136.75,-109.375,508.625,20260805_soil_log.txt,2026-03-27 15:15:29
2026-03-27,15:20:29,-19.5,-136.625,-109.375,537.125,20260805_soil_log.txt,2026-03-27 15:20:29
2026-03-27,15:25:29,-21.5,-136.5,-109.25,514.375,20260805_soil_log.txt,2026-03-27 15:25:29
2026-03-27,15:30:29,-20.125,-136.5,-109.25,537.0,20260805_soil_log.txt,2026-03-27 15:30:29
2026-03-27,15:35:30,-20.75,-136.375,-109.125,511.625,20260805_soil_log.txt,2026-03-27 15:35:30
2026-03-27,15:40:30,-20.625,-136.375,-109.125,513.875,20260805_soil_log.txt,2026-03-27 15:40:30
2026-03-27,15:45:30,-22.375,-136.5,-109.125,533.125,20260805_soil_log.txt,2026-03-27 15:45:30
2026-03-27,15:50:30,-20.625,-136.375,-109.0,510.25,20260805_soil_log.txt,2026-03-27 15:50:30
2026-03-27,15:55:31,-21.375,-136.375,-109.0,536.7500000000001,20260805_soil_log.txt,2026-03-27 15:55:31
2026-03-27,16:00:31,-20.0,-136.25,-109.0,511.87499999999994,20260805_soil_log.txt,2026-03-27 16:00:31
2026-03-27,16:05:31,-21.25,-136.25,-108.875,534.125,20260805_soil_log.txt,2026-03-27 16:05:31
2026-03-27,16:10:31,-19.25,-136.25,-109.0,509.375,20260805_soil_log.txt,2026-03-27 16:10:31
2026-03-27,16:15:32,-21.5,-136.25,-108.875,524.5,20260805_soil_log.txt,2026-03-27 16:15:32
2026-03-27,16:20:32,-21.0,-136.0,-108.625,534.125,20260805_soil_log.txt,2026-03-27 16:20:32
2026-03-27,16:25:32,-18.25,-136.25,-108.75,531.75,20260805_soil_log.txt,2026-03-27 16:25:32
2026-03-27,16:30:32,-21.125,-136.25,-108.75,530.0,20260805_soil_log.txt,2026-03-27 16:30:32
2026-03-27,16:35:33,-20.875,-136.125,-108.625,536.7500000000001,20260805_soil_log.txt,2026-03-27 16:35:33
2026-03-27,16:40:33,-19.125,-136.125,-108.5,531.125,20260805_soil_log.txt,2026-03-27 16:40:33
2026-03-27,16:45:33,-21.125,-136.125,-108.5,536.375,20260805_soil_log.txt,2026-03-27 16:45:33
2026-03-27,16:50:33,-20.875,-136.0,-108.375,537.375,20260805_soil_log.txt,2026-03-27 16:50:33
2026-03-27,16:55:33,-20.875,-136.125,-108.375,517.875,20260805_soil_log.txt,2026-03-27 16:55:33
2026-03-27,17:00:34,-20.625,-136.0,-108.375,537.0,20260805_soil_log.txt,2026-03-27 17:00:34
2026-03-27,17:05:34,-21.375,-136.0,-108.25,517.25,20260805_soil_log.txt,2026-03-27 17:05:34
2026-03-27,17:10:34,-22.0,-136.0,-108.25,517.375,20260805_soil_log.txt,2026-03-27 17:10:34
2026-03-27,17:15:34,-21.25,-136.0,-108.125,537.625,20260805_soil_log.txt,2026-03-27 17:15:34
2026-03-27,17:20:35,-21.750000000000004,-135.875,-108.0,534.0,20260805_soil_log.txt,2026-03-27 17:20:35
2026-03-27,17:25:35,-20.875,-135.875,-107.875,514.75,20260805_soil_log.txt,2026-03-27 17:25:35
2026-03-27,17:30:35,-21.875000000000004,-135.875,-107.875,526.75,20260805_soil_log.txt,2026-03-27 17:30:35
2026-03-27,17:35:35,-21.5,-135.875,-107.875,530.375,20260805_soil_log.txt,2026-03-27 17:35:35
2026-03-27,17:40:35,-20.5,-135.875,-107.75,511.87499999999994,20260805_soil_log.txt,2026-03-27 17:40:35
2026-03-27,17:45:36,-19.125,-135.75,-107.625,536.0,20260805_soil_log.txt,2026-03-27 17:45:36
2026-03-27,17:50:36,-19.0,-135.75,-107.5,531.375,20260805_soil_log.txt,2026-03-27 17:50:36
2026-03-27,17:55:36,-19.875,-135.875,-107.375,512.75,20260805_soil_log.txt,2026-03-27 17:55:36
2026-03-27,18:00:36,-19.5,-135.75,-107.375,511.12500000000006,20260805_soil_log.txt,2026-03-27 18:00:36
2026-03-27,18:05:37,-19.5,-135.875,-107.375,527.0,20260805_soil_log.txt,2026-03-27 18:05:37
2026-03-27,18:10:37,-21.5,-135.625,-107.375,532.125,20260805_soil_log.txt,2026-03-27 18:10:37
2026-03-27,18:15:37,-21.750000000000004,-135.625,-107.375,528.625,20260805_soil_log.txt,2026-03-27 18:15:37
2026-03-27,18:20:37,-21.375,-135.625,-107.25,520.0,20260805_soil_log.txt,2026-03-27 18:20:37
2026-03-27,18:25:37,-18.625,-135.625,-107.25,523.0,20260805_soil_log.txt,2026-03-27 18:25:37
2026-03-27,18:30:38,-21.375,-135.5,-107.125,521.75,20260805_soil_log.txt,2026-03-27 18:30:38
2026-03-27,18:35:38,-18.625,-135.5,-107.125,532.25,20260805_soil_log.txt,2026-03-27 18:35:38
2026-03-27,18:40:38,-20.375,-135.5,-107.0,536.0,20260805_soil_log.txt,2026-03-27 18:40:38
2026-03-27,18:45:38,-18.25,-135.5,-107.0,527.875,20260805_soil_log.txt,2026-03-27 18:45:38
2026-03-27,18:50:38,-18.75,-135.375,-106.875,511.25,20260805_soil_log.txt,2026-03-27 18:50:38
2026-03-27,18:55:39,-21.25,-135.375,-107.0,517.375,20260805_soil_log.txt,2026-03-27 18:55:39
2026-03-27,19:00:39,-21.750000000000004,-135.25,-106.875,527.25,20260805_soil_log.txt,2026-03-27 19:00:39
2026-03-27,19:05:39,-20.625,-135.25,-106.875,538.375,20260805_soil_log.txt,2026-03-27 19:05:39
2026-03-27,19:10:39,-18.875,-135.25,-106.875,538.875,20260805_soil_log.txt,2026-03-27 19:10:39
2026-03-27,19:15:40,-19.75,-135.25,-106.75,514.875,20260805_soil_log.txt,2026-03-27 19:15:40
2026-03-27,19:20:40,-17.750000000000004,-135.25,-106.75,523.1250000000001,20260805_soil_log.txt,2026-03-27 19:20:40
2026-03-27,19:25:40,-19.875,-135.25,-106.75,539.375,20260805_soil_log.txt,2026-03-27 19:25:40
2026-03-27,19:30:40,-20.375,-135.25,-106.625,517.0,20260805_soil_log.txt,2026-03-27 19:30:40
2026-03-27,19:35:40,-19.375,-135.25,-106.625,538.625,20260805_soil_log.txt,2026-03-27 19:35:40
2026-03-27,19:40:41,-21.0,-135.0,-106.5,535.125,20260805_soil_log.txt,2026-03-27 19:40:41
2026-03-27,19:45:41,-20.625,-135.125,-106.5,518.75,20260805_soil_log.txt,2026-03-27 19:45:41
2026-03-27,19:50:41,-20.625,-135.0,-106.5,525.75,20260805_soil_log.txt,2026-03-27 19:50:41
2026-03-27,19:55:41,-18.25,-135.0,-106.5,533.125,20260805_soil_log.txt,2026-03-27 19:55:41
2026-03-27,20:00:42,-20.5,-135.125,-106.5,517.25,20260805_soil_log.txt,2026-03-27 20:00:42
2026-03-27,20:05:42,-18.625,-134.875,-106.625,539.0,20260805_soil_log.txt,2026-03-27 20:05:42
2026-03-27,20:10:42,-19.125,-134.875,-106.5,515.125,20260805_soil_log.txt,2026-03-27 20:10:42
2026-03-27,20:15:42,-19.375,-134.875,-106.625,515.625,20260805_soil_log.txt,2026-03-27 20:15:42
2026-03-27,20:20:42,-20.75,-134.75,-106.625,519.375,20260805_soil_log.txt,2026-03-27 20:20:42
2026-03-27,20:25:43,-18.000000000000004,-134.625,-106.625,519.875,20260805_soil_log.txt,2026-03-27 20:25:43
2026-03-27,20:30:43,-19.75,-134.5,-106.625,514.25,20260805_soil_log.txt,2026-03-27 20:30:43
2026-03-27,20:35:43,-19.5,-134.625,-106.625,539.375,20260805_soil_log.txt,2026-03-27 20:35:43
2026-03-27,20:40:43,-20.75,-134.5,-106.5,534.375,20260805_soil_log.txt,2026-03-27 20:40:43
2026-03-27,20:45:43,-18.375,-134.5,-106.625,530.25,20260805_soil_log.txt,2026-03-27 20:45:43
2026-03-27,20:50:44,-20.5,-134.375,-106.5,515.125,20260805_soil_log.txt,2026-03-27 20:50:44
2026-03-27,20:55:44,-20.875,-134.25,-106.625,528.125,20260805_soil_log.txt,2026-03-27 20:55:44
2026-03-27,21:00:44,-19.125,-134.375,-106.75,538.875,20260805_soil_log.txt,2026-03-27 21:00:44
2026-03-27,21:05:44,-20.75,-134.375,-106.75,526.1250000000001,20260805_soil_log.txt,2026-03-27 21:05:44
2026-03-27,21:10:45,-20.625,-134.375,-106.875,526.1250000000001,20260805_soil_log.txt,2026-03-27 21:10:45
2026-03-27,21:15:45,-18.75,-134.375,-106.875,534.125,20260805_soil_log.txt,2026-03-27 21:15:45
2026-03-27,21:20:45,-18.375,-134.375,-106.875,529.875,20260805_soil_log.txt,2026-03-27 21:20:45
2026-03-27,21:25:45,-20.75,-134.375,-107.0,531.875,20260805_soil_log.txt,2026-03-27 21:25:45
2026-03-27,21:30:45,-20.0,-134.5,-107.125,518.375,20260805_soil_log.txt,2026-03-27 21:30:45
2026-03-27,21:35:46,-20.75,-134.375,-107.125,529.0,20260805_soil_log.txt,2026-03-27 21:35:46
2026-03-27,21:40:46,-19.375,-134.375,-107.125,538.625,20260805_soil_log.txt,2026-03-27 21:40:46
2026-03-27,21:45:46,-20.5,-134.25,-107.125,524.375,20260805_soil_log.txt,2026-03-27 21:45:46
2026-03-27,21:50:46,-20.5,-134.125,-107.125,530.75,20260805_soil_log.txt,2026-03-27 21:50:46
2026-03-27,21:55:46,-17.750000000000004,-134.125,-107.125,511.625,20260805_soil_log.txt,2026-03-27 21:55:46
2026-03-27,22:00:47,-18.000000000000004,-134.0,-107.125,539.625,20260805_soil_log.txt,2026-03-27 22:00:47
2026-03-27,22:05:47,-18.000000000000004,-134.0,-107.125,512.125,20260805_soil_log.txt,2026-03-27 22:05:47
2026-03-27,22:10:47,-17.875000000000004,-134.0,-107.25,532.25,20260805_soil_log.txt,2026-03-27 22:10:47
2026-03-27,22:15:47,-18.125,-134.0,-107.375,537.5,20260805_soil_log.txt,2026-03-27 22:15:47
2026-03-27,22:20:48,-18.000000000000004,-134.0,-107.375,536.7500000000001,20260805_soil_log.txt,2026-03-27 22:20:48
2026-03-27,22:25:48,-19.625,-133.75,-107.5,513.875,20260805_soil_log.txt,2026-03-27 22:25:48
2026-03-27,22:30:48,-18.125,-133.875,-107.625,538.125,20260805_soil_log.txt,2026-03-27 22:30:48
2026-03-27,22:35:48,-18.125,-133.75,-107.625,512.875,20260805_soil_log.txt,2026-03-27 22:35:48
2026-03-27,22:40:48,-18.875,-133.625,-107.5,539.875,20260805_soil_log.txt,2026-03-27 22:40:48
2026-03-27,22:45:49,-17.750000000000004,-133.625,-107.625,530.25,20260805_soil_log.txt,2026-03-27 22:45:49
2026-03-27,22:50:49,-20.625,-133.625,-107.75,524.625,20260805_soil_log.txt,2026-03-27 22:50:49
2026-03-27,22:55:49,-18.5,-133.625,-107.75,533.125,20260805_soil_log.txt,2026-03-27 22:55:49
2026-03-27,23:00:49,-20.75,-133.625,-107.75,527.1250000000001,20260805_soil_log.txt,2026-03-27 23:00:49
2026-03-27,23:05:50,-18.375,-133.5,-107.875,536.875,20260805_soil_log.txt,2026-03-27 23:05:50
2026-03-27,23:10:50,-18.5,-133.5,-107.875,516.0,20260805_soil_log.txt,2026-03-27 23:10:50
2026-03-27,23:15:50,-20.25,-133.375,-107.875,539.5,20260805_soil_log.txt,2026-03-27 23:15:50
2026-03-27,23:20:50,-19.375,-133.375,-107.875,538.7500000000001,20260805_soil_log.txt,2026-03-27 23:20:50
2026-03-27,23:25:51,-19.25,-133.25,-107.875,520.25,20260805_soil_log.txt,2026-03-27 23:25:51
2026-03-27,23:30:51,-17.875000000000004,-133.25,-107.75,526.25,20260805_soil_log.txt,2026-03-27 23:30:51
2026-03-27,23:35:51,-19.5,-133.25,-107.75,539.625,20260805_soil_log.txt,2026-03-27 23:35:51
2026-03-27,23:40:51,-18.625,-133.25,-107.875,535.375,20260805_soil_log.txt,2026-03-27 23:40:51
2026-03-27,23:45:51,-21.375,-133.25,-107.875,519.625,20260805_soil_log.txt,2026-03-27 23:45:51
2026-03-27,23:50:52,-18.25,-133.25,-107.875,511.625,20260805_soil_log.txt,2026-03-27 23:50:52
2026-03-27,23:55:52,-19.75,-133.25,-108.0,540.25,20260805_soil_log.txt,2026-03-27 23:55:52
2026-03-28,00:00:52,-19.0,-133.125,-108.0,513.5,20260805_soil_log.txt,2026-03-28 00:00:52
2026-03-28,00:05:52,-20.375,-133.0,-108.125,518.5,20260805_soil_log.txt,2026-03-28 00:05:52
2026-03-28,00:10:53,-17.625,-133.0,-108.125,534.875,20260805_soil_log.txt,2026-03-28 00:10:53
2026-03-28,00:15:53,-20.125,-133.0,-108.125,539.0,20260805_soil_log.txt,2026-03-28 00:15:53
2026-03-28,00:20:53,-20.0,-132.875,-108.25,533.0,20260805_soil_log.txt,2026-03-28 00:20:53
2026-03-28,00:25:53,-19.625,-132.875,-108.25,525.0,20260805_soil_log.txt,2026-03-28 00:25:53
2026-03-28,00:30:54,-19.875,-132.75,-108.375,520.625,20260805_soil_log.txt,2026-03-28 00:30:54
2026-03-28,00:35:54,-19.625,-132.75,-108.25,523.1250000000001,20260805_soil_log.txt,2026-03-28 00:35:54
2026-03-28,00:40:54,-19.5,-132.75,-108.25,522.0,20260805_soil_log.txt,2026-03-28 00:40:54
2026-03-28,00:45:54,-19.375,-132.75,-108.375,528.25,20260805_soil_log.txt,2026-03-28 00:45:54
2026-03-28,00:50:54,-18.625,-132.75,-108.375,536.25,20260805_soil_log.txt,2026-03-28 00:50:54
2026-03-28,00:55:54,-19.0,-132.75,-108.5,540.375,20260805_soil_log.txt,2026-03-28 00:55:54
2026-03-28,01:00:55,-18.75,-132.75,-108.5,514.375,20260805_soil_log.txt,2026-03-28 01:00:55
2026-03-28,01:05:55,-18.75,-132.5,-108.5,514.375,20260805_soil_log.txt,2026-03-28 01:05:55
2026-03-28,01:10:55,-17.125,-132.625,-108.5,517.25,20260805_soil_log.txt,2026-03-28 01:10:55
2026-03-28,01:15:55,-16.875,-132.5,-108.625,515.625,20260805_soil_log.txt,2026-03-28 01:15:55
2026-03-28,01:20:56,-17.125,-132.5,-108.625,535.375,20260805_soil_log.txt,2026-03-28 01:20:56
2026-03-28,01:25:56,-16.5,-132.5,-108.625,512.125,20260805_soil_log.txt,2026-03-28 01:25:56
2026-03-28,01:30:56,-18.125,-132.375,-108.625,518.0,20260805_soil_log.txt,2026-03-28 01:30:56
2026-03-28,01:35:56,-16.625,-132.375,-108.75,533.0,20260805_soil_log.txt,2026-03-28 01:35:56
2026-03-28,01:40:57,-16.75,-132.375,-108.625,530.0,20260805_soil_log.txt,2026-03-28 01:40:57
2026-03-28,01:45:57,-18.5,-132.25,-108.75,540.25,20260805_soil_log.txt,2026-03-28 01:45:57
2026-03-28,01:50:57,-19.625,-132.25,-108.75,522.875,20260805_soil_log.txt,2026-03-28 01:50:57
2026-03-28,01:55:57,-15.5,-132.125,-108.625,517.375,20260805_soil_log.txt,2026-03-28 01:55:57
2026-03-28,02:00:57,-17.750000000000004,-132.125,-108.625,536.7500000000001,20260805_soil_log.txt,2026-03-28 02:00:57
2026-03-28,02:05:58,-18.5,-132.125,-108.625,540.5,20260805_soil_log.txt,2026-03-28 02:05:58
2026-03-28,02:10:58,-16.625,-132.25,-108.625,516.0,20260805_soil_log.txt,2026-03-28 02:10:58
2026-03-28,02:15:58,-18.5,-132.125,-108.625,517.5,20260805_soil_log.txt,2026-03-28 02:15:58
2026-03-28,02:20:58,-16.5,-132.0,-108.75,535.0,20260805_soil_log.txt,2026-03-28 02:20:58
2026-03-28,02:25:59,-16.5,-132.0,-108.625,516.125,20260805_soil_log.txt,2026-03-28 02:25:59
2026-03-28,02:30:59,-18.5,-132.0,-108.625,534.7500000000001,20260805_soil_log.txt,2026-03-28 02:30:59
2026-03-28,02:35:59,-16.5,-131.875,-108.625,537.7500000000001,20260805_soil_log.txt,2026-03-28 02:35:59
2026-03-28,02:40:59,-17.25,-131.875,-108.75,514.5,20260805_soil_log.txt,2026-03-28 02:40:59
2026-03-28,02:45:59,-16.125,-131.875,-108.75,522.625,20260805_soil_log.txt,2026-03-28 02:45:59
2026-03-28,02:51:00,-18.25,-131.75,-108.75,520.1250000000001,20260805_soil_log.txt,2026-03-28 02:51:00
2026-03-28,02:56:00,-16.375,-131.75,-108.75,533.5,20260805_soil_log.txt,2026-03-28 02:56:00
2026-03-28,03:01:00,-18.875,-131.625,-108.75,540.125,20260805_soil_log.txt,2026-03-28 03:01:00
2026-03-28,03:06:00,-17.0,-131.625,-108.75,513.875,20260805_soil_log.txt,2026-03-28 03:06:00
2026-03-28,03:11:01,-19.625,-131.625,-108.75,526.25,20260805_soil_log.txt,2026-03-28 03:11:01
2026-03-28,03:16:01,-16.375,-131.375,-108.75,513.875,20260805_soil_log.txt,2026-03-28 03:16:01
2026-03-28,03:21:01,-19.25,-131.375,-108.875,519.25,20260805_soil_log.txt,2026-03-28 03:21:01
2026-03-28,03:26:01,-18.375,-131.375,-108.75,515.625,20260805_soil_log.txt,2026-03-28 03:26:01
2026-03-28,03:31:01,-17.750000000000004,-131.375,-108.75,541.125,20260805_soil_log.txt,2026-03-28 03:31:01
2026-03-28,03:36:02,-18.25,-131.25,-108.75,537.375,20260805_soil_log.txt,2026-03-28 03:36:02
2026-03-28,03:41:02,-16.875,-131.125,-108.75,527.1250000000001,20260805_soil_log.txt,2026-03-28 03:41:02
2026-03-28,03:46:02,-17.125,-131.125,-108.75,527.5,20260805_soil_log.txt,2026-03-28 03:46:02
2026-03-28,03:51:02,-21.0,-131.125,-108.75,526.375,20260805_soil_log.txt,2026-03-28 03:51:02
2026-03-28,03:56:03,-20.625,-131.0,-108.875,529.625,20260805_soil_log.txt,2026-03-28 03:56:03
2026-03-28,04:01:03,-17.125,-131.0,-108.875,528.625,20260805_soil_log.txt,2026-03-28 04:01:03
2026-03-28,04:06:03,-20.25,-130.875,-108.75,540.125,20260805_soil_log.txt,2026-03-28 04:06:03
2026-03-28,04:11:03,-18.000000000000004,-131.0,-108.875,538.25,20260805_soil_log.txt,2026-03-28 04:11:03
2026-03-28,04:16:03,-17.625,-130.875,-108.875,529.25,20260805_soil_log.txt,2026-03-28 04:16:03
2026-03-28,04:21:04,-17.125,-130.875,-108.875,515.75,20260805_soil_log.txt,2026-03-28 04:21:04
2026-03-28,04:26:04,-18.875,-130.75,-108.875,519.0,20260805_soil_log.txt,2026-03-28 04:26:04
2026-03-28,04:31:04,-17.125,-130.75,-108.75,535.625,20260805_soil_log.txt,2026-03-28 04:31:04
2026-03-28,04:36:04,-19.125,-130.75,-108.75,531.25,20260805_soil_log.txt,2026-03-28 04:36:04
2026-03-28,04:41:05,-18.5,-130.625,-108.875,522.875,20260805_soil_log.txt,2026-03-28 04:41:05
2026-03-28,04:46:05,-16.5,-130.625,-108.75,515.5,20260805_soil_log.txt,2026-03-28 04:46:05
2026-03-28,04:51:05,-17.5,-130.625,-108.75,542.375,20260805_soil_log.txt,2026-03-28 04:51:05
2026-03-28,04:56:05,-18.875,-130.5,-108.75,527.5,20260805_soil_log.txt,2026-03-28 04:56:05
2026-03-28,05:01:05,-16.5,-130.375,-108.875,539.5,20260805_soil_log.txt,2026-03-28 05:01:05
2026-03-28,05:06:06,-18.375,-130.375,-108.75,532.0,20260805_soil_log.txt,2026-03-28 05:06:06
2026-03-28,05:11:06,-17.125,-130.375,-108.75,541.7500000000001,20260805_soil_log.txt,2026-03-28 05:11:06
2026-03-28,05:16:06,-18.25,-130.375,-108.875,531.25,20260805_soil_log.txt,2026-03-28 05:16:06
2026-03-28,05:21:06,-17.875000000000004,-130.25,-108.75,531.0,20260805_soil_log.txt,2026-03-28 05:21:06
2026-03-28,05:26:07,-16.875,-130.25,-108.75,541.5,20260805_soil_log.txt,2026-03-28 05:26:07
2026-03-28,05:31:07,-17.750000000000004,-130.375,-108.625,522.625,20260805_soil_log.txt,2026-03-28 05:31:07
2026-03-28,05:36:07,-15.25,-130.25,-108.75,541.375,20260805_soil_log.txt,2026-03-28 05:36:07
2026-03-28,05:41:07,-15.875,-130.25,-108.75,529.5,20260805_soil_log.txt,2026-03-28 05:41:07
2026-03-28,05:46:07,-15.25,-130.125,-108.75,525.5,20260805_soil_log.txt,2026-03-28 05:46:07
2026-03-28,05:51:08,-15.5,-130.25,-108.75,531.875,20260805_soil_log.txt,2026-03-28 05:51:08
2026-03-28,05:56:08,-16.0,-130.125,-108.75,539.625,20260805_soil_log.txt,2026-03-28 05:56:08
2026-03-28,06:01:08,-15.625,-130.0,-108.75,541.375,20260805_soil_log.txt,2026-03-28 06:01:08
2026-03-28,06:06:08,-17.750000000000004,-130.0,-108.75,523.1250000000001,20260805_soil_log.txt,2026-03-28 06:06:08
2026-03-28,06:11:08,-17.375,-130.0,-108.75,531.25,20260805_soil_log.txt,2026-03-28 06:11:08
2026-03-28,06:16:09,-15.875,-130.0,-108.75,516.875,20260805_soil_log.txt,2026-03-28 06:16:09
2026-03-28,06:21:09,-14.5,-129.875,-108.875,536.25,20260805_soil_log.txt,2026-03-28 06:21:09
2026-03-28,06:26:09,-16.375,-129.75,-108.875,525.25,20260805_soil_log.txt,2026-03-28 06:26:09
2026-03-28,06:31:09,-16.125,-129.625,-108.875,534.25,20260805_soil_log.txt,2026-03-28 06:31:09
2026-03-28,06:36:10,-15.0,-129.625,-108.875,515.25,20260805_soil_log.txt,2026-03-28 06:36:10
2026-03-28,06:41:10,-15.75,-129.625,-108.875,532.125,20260805_soil_log.txt,2026-03-28 06:41:10
2026-03-28,06:46:10,-15.375,-129.75,-108.875,533.375,20260805_soil_log.txt,2026-03-28 06:46:10
2026-03-28,06:51:10,-15.0,-129.75,-108.875,540.0,20260805_soil_log.txt,2026-03-28 06:51:10
2026-03-28,06:56:10,-13.000000000000002,-129.5,-108.75,519.25,20260805_soil_log.txt,2026-03-28 06:56:10
2026-03-28,07:01:11,-13.75,-129.5,-108.75,514.125,20260805_soil_log.txt,2026-03-28 07:01:11
2026-03-28,07:06:11,-13.625,-129.5,-108.75,538.25,20260805_soil_log.txt,2026-03-28 07:06:11
2026-03-28,07:11:11,-15.0,-129.5,-108.75,540.5,20260805_soil_log.txt,2026-03-28 07:11:11
2026-03-28,07:16:11,-15.75,-129.5,-108.625,527.375,20260805_soil_log.txt,2026-03-28 07:16:11
2026-03-28,07:21:11,-15.5,-129.5,-108.75,539.375,20260805_soil_log.txt,2026-03-28 07:21:11
2026-03-28,07:26:12,-13.25,-129.375,-108.625,523.1250000000001,20260805_soil_log.txt,2026-03-28 07:26:12
2026-03-28,07:31:12,-13.000000000000002,-129.375,-108.625,530.375,20260805_soil_log.txt,2026-03-28 07:31:12
2026-03-28,07:36:12,-14.5,-129.5,-108.625,516.75,20260805_soil_log.txt,2026-03-28 07:36:12
2026-03-28,07:41:12,-13.000000000000002,-129.25,-108.625,518.625,20260805_soil_log.txt,2026-03-28 07:41:12
2026-03-28,07:46:12,-13.375,-129.25,-108.625,529.0,20260805_soil_log.txt,2026-03-28 07:46:12
2026-03-28,07:51:13,-15.75,-129.25,-108.625,520.25,20260805_soil_log.txt,2026-03-28 07:51:13
2026-03-28,07:56:13,-16.0,-129.125,-108.5,529.625,20260805_soil_log.txt,2026-03-28 07:56:13
2026-03-28,08:01:13,-14.875000000000002,-129.125,-108.5,514.625,20260805_soil_log.txt,2026-03-28 08:01:13
2026-03-28,08:06:13,-14.375,-129.0,-108.5,513.5,20260805_soil_log.txt,2026-03-28 08:06:13
2026-03-28,08:11:14,-16.0,-129.0,-108.5,537.875,20260805_soil_log.txt,2026-03-28 08:11:14
2026-03-28,08:16:14,-13.625,-129.0,-108.5,517.375,20260805_soil_log.txt,2026-03-28 08:16:14
2026-03-28,08:21:14,-13.375,-128.875,-108.5,524.5,20260805_soil_log.txt,2026-03-28 08:21:14
2026-03-28,08:26:14,-16.25,-128.875,-108.5,534.0,20260805_soil_log.txt,2026-03-28 08:26:14
2026-03-28,08:31:14,-13.75,-128.875,-108.625,539.625,20260805_soil_log.txt,2026-03-28 08:31:14
2026-03-28,08:36:15,-16.125,-128.875,-108.625,529.625,20260805_soil_log.txt,2026-03-28 08:36:15
2026-03-28,08:41:15,-14.750000000000002,-128.75,-108.5,539.875,20260805_soil_log.txt,2026-03-28 08:41:15
2026-03-28,08:46:15,-15.625,-128.75,-108.5,533.25,20260805_soil_log.txt,2026-03-28 08:46:15
2026-03-28,08:51:15,-13.375,-128.75,-108.375,526.5,20260805_soil_log.txt,2026-03-28 08:51:15
2026-03-28,08:56:15,-13.375,-128.625,-108.25,516.75,20260805_soil_log.txt,2026-03-28 08:56:15
2026-03-28,09:01:16,-13.875,-128.625,-108.375,525.1250000000001,20260805_soil_log.txt,2026-03-28 09:01:16
2026-03-28,09:06:16,-14.25,-128.5,-108.375,515.125,20260805_soil_log.txt,2026-03-28 09:06:16
2026-03-28,09:11:16,-15.125,-128.5,-108.375,540.875,20260805_soil_log.txt,2026-03-28 09:11:16
2026-03-28,09:16:16,-14.125,-128.5,-108.375,520.25,20260805_soil_log.txt,2026-03-28 09:16:16
2026-03-28,09:21:16,-15.75,-128.375,-108.375,541.375,20260805_soil_log.txt,2026-03-28 09:21:16
2026-03-28,09:26:17,-14.5,-128.375,-108.5,533.125,20260805_soil_log.txt,2026-03-28 09:26:17
2026-03-28,09:31:17,-14.750000000000002,-128.25,-108.375,515.625,20260805_soil_log.txt,2026-03-28 09:31:17
2026-03-28,09:36:17,-15.75,-128.25,-108.375,517.5,20260805_soil_log.txt,2026-03-28 09:36:17
2026-03-28,09:41:17,-14.5,-128.25,-108.375,540.25,20260805_soil_log.txt,2026-03-28 09:41:17
2026-03-28,09:46:18,-14.375,-128.25,-108.375,536.7500000000001,20260805_soil_log.txt,2026-03-28 09:46:18
2026-03-28,09:51:18,-13.375,-128.25,-108.375,525.375,20260805_soil_log.txt,2026-03-28 09:51:18
2026-03-28,09:56:18,-14.0,-128.25,-108.375,516.375,20260805_soil_log.txt,2026-03-28 09:56:18
2026-03-28,10:01:18,-16.0,-128.125,-108.375,514.375,20260805_soil_log.txt,2026-03-28 10:01:18
2026-03-28,10:06:18,-13.625,-128.125,-108.375,539.125,20260805_soil_log.txt,2026-03-28 10:06:18
2026-03-28,10:11:19,-14.125,-128.0,-108.375,513.125,20260805_soil_log.txt,2026-03-28 10:11:19
2026-03-28,10:16:19,-14.125,-128.0,-108.375,513.5,20260805_soil_log.txt,2026-03-28 10:16:19
2026-03-28,10:21:19,-13.375,-128.0,-108.375,538.875,20260805_soil_log.txt,2026-03-28 10:21:19
2026-03-28,10:26:19,-14.25,-128.0,-108.375,513.75,20260805_soil_log.txt,2026-03-28 10:26:19
2026-03-28,10:31:20,-13.25,-128.0,-108.375,531.125,20260805_soil_log.txt,2026-03-28 10:31:20
2026-03-28,10:36:20,-15.0,-128.0,-108.375,540.875,20260805_soil_log.txt,2026-03-28 10:36:20
2026-03-28,10:41:20,-14.0,-127.75,-108.375,532.125,20260805_soil_log.txt,2026-03-28 10:41:20
2026-03-28,10:46:20,-15.25,-127.87500000000001,-108.375,538.375,20260805_soil_log.txt,2026-03-28 10:46:20
2026-03-28,10:51:20,-15.0,-127.75,-108.375,516.75,20260805_soil_log.txt,2026-03-28 10:51:20
2026-03-28,10:56:21,-16.125,-127.75,-108.375,529.0,20260805_soil_log.txt,2026-03-28 10:56:21
2026-03-28,11:01:21,-14.750000000000002,-127.75,-108.25,540.875,20260805_soil_log.txt,2026-03-28 11:01:21
2026-03-28,11:06:21,-13.25,-127.62500000000001,-108.375,529.625,20260805_soil_log.txt,2026-03-28 11:06:21
2026-03-28,11:11:21,-14.625,-127.5,-108.25,518.875,20260805_soil_log.txt,2026-03-28 11:11:21
2026-03-28,11:16:22,-13.125,-127.5,-108.125,539.625,20260805_soil_log.txt,2026-03-28 11:16:22
2026-03-28,11:21:22,-15.375,-127.37500000000001,-108.125,532.375,20260805_soil_log.txt,2026-03-28 11:21:22
2026-03-28,11:26:22,-13.625,-127.5,-108.125,520.25,20260805_soil_log.txt,2026-03-28 11:26:22
2026-03-28,11:31:22,-15.0,-127.37500000000001,-108.125,535.625,20260805_soil_log.txt,2026-03-28 11:31:22
2026-03-28,11:36:22,-14.25,-127.37500000000001,-108.25,514.75,20260805_soil_log.txt,2026-03-28 11:36:22
2026-03-28,11:41:23,-14.0,-127.37500000000001,-108.25,535.25,20260805_soil_log.txt,2026-03-28 11:41:23
2026-03-28,11:46:23,-15.25,-127.25,-108.25,525.875,20260805_soil_log.txt,2026-03-28 11:46:23
2026-03-28,11:51:23,-12.5,-127.25,-108.25,536.7500000000001,20260805_soil_log.txt,2026-03-28 11:51:23
2026-03-28,11:56:23,-14.5,-127.12500000000001,-108.375,537.625,20260805_soil_log.txt,2026-03-28 11:56:23
2026-03-28,12:01:24,-13.625,-127.12500000000001,-108.25,515.125,20260805_soil_log.txt,2026-03-28 12:01:24
2026-03-28,12:06:24,-14.125,-127.12500000000001,-108.25,536.25,20260805_soil_log.txt,2026-03-28 12:06:24
2026-03-28,12:11:24,-14.625,-127.12500000000001,-108.375,536.0,20260805_soil_log.txt,2026-03-28 12:11:24
2026-03-28,12:16:24,-12.125,-127.0,-108.375,513.5,20260805_soil_log.txt,2026-03-28 12:16:24
2026-03-28,12:21:24,-14.25,-127.0,-108.375,524.0,20260805_soil_log.txt,2026-03-28 12:21:24
2026-03-28,12:26:25,-14.125,-127.0,-108.375,541.0,20260805_soil_log.txt,2026-03-28 12:26:25
2026-03-28,12:31:25,-12.875000000000002,-126.87500000000001,-108.25,541.0,20260805_soil_log.txt,2026-03-28 12:31:25
2026-03-28,12:36:25,-12.875000000000002,-126.87500000000001,-108.25,517.5,20260805_soil_log.txt,2026-03-28 12:36:25
2026-03-28,12:41:25,-13.375,-126.75,-108.25,540.125,20260805_soil_log.txt,2026-03-28 12:41:25
2026-03-28,12:46:25,-13.375,-126.75,-108.125,536.7500000000001,20260805_soil_log.txt,2026-03-28 12:46:25
2026-03-28,12:51:26,-15.5,-126.75,-108.125,530.0,20260805_soil_log.txt,2026-03-28 12:51:26
2026-03-28,12:56:26,-13.125,-126.75,-108.125,521.1250000000001,20260805_soil_log.txt,2026-03-28 12:56:26
2026-03-28,13:01:26,-15.75,-126.75,-108.125,529.5,20260805_soil_log.txt,2026-03-28 13:01:26
2026-03-28,13:06:26,-14.625,-126.62500000000001,-108.125,519.0,20260805_soil_log.txt,2026-03-28 13:06:26
2026-03-28,13:11:26,-13.75,-126.62500000000001,-108.125,541.875,20260805_soil_log.txt,2026-03-28 13:11:26
2026-03-28,13:16:27,-12.5,-126.5,-108.125,517.625,20260805_soil_log.txt,2026-03-28 13:16:27
2026-03-28,13:21:27,-14.25,-126.37500000000001,-108.125,540.7500000000001,20260805_soil_log.txt,2026-03-28 13:21:27
2026-03-28,13:26:27,-11.5,-126.37500000000001,-108.125,542.5,20260805_soil_log.txt,2026-03-28 13:26:27
2026-03-28,13:31:27,-13.375,-126.25,-108.125,521.75,20260805_soil_log.txt,2026-03-28 13:31:27
2026-03-28,13:36:28,-12.750000000000002,-126.37500000000001,-108.125,541.125,20260805_soil_log.txt,2026-03-28 13:36:28
2026-03-28,13:41:28,-11.625,-126.25,-108.125,514.5,20260805_soil_log.txt,2026-03-28 13:41:28
2026-03-28,13:46:28,-11.375,-126.25,-108.125,522.1250000000001,20260805_soil_log.txt,2026-03-28 13:46:28
2026-03-28,13:51:28,-10.875000000000002,-126.25,-108.125,524.875,20260805_soil_log.txt,2026-03-28 13:51:28
2026-03-28,13:56:29,-13.375,-126.25,-108.125,528.0,20260805_soil_log.txt,2026-03-28 13:56:29
2026-03-28,14:01:29,-10.75,-126.25,-108.125,536.375,20260805_soil_log.txt,2026-03-28 14:01:29
2026-03-28,14:06:29,-10.875000000000002,-126.12500000000001,-108.25,524.5,20260805_soil_log.txt,2026-03-28 14:06:29
2026-03-28,14:11:29,-12.750000000000002,-126.12500000000001,-108.25,537.0,20260805_soil_log.txt,2026-03-28 14:11:29
2026-03-28,14:16:29,-13.000000000000002,-126.0,-108.25,521.25,20260805_soil_log.txt,2026-03-28 14:16:29
2026-03-28,14:21:30,-13.5,-126.0,-108.125,530.875,20260805_soil_log.txt,2026-03-28 14:21:30
2026-03-28,14:26:30,-12.375,-125.87500000000001,-108.125,516.875,20260805_soil_log.txt,2026-03-28 14:26:30
2026-03-28,14:31:30,-14.375,-125.75,-108.125,521.75,20260805_soil_log.txt,2026-03-28 14:31:30
2026-03-28,14:36:30,-13.125,-125.87500000000001,-108.25,519.5,20260805_soil_log.txt,2026-03-28 14:36:30
2026-03-28,14:41:31,-13.75,-125.75,-108.25,519.625,20260805_soil_log.txt,2026-03-28 14:41:31
2026-03-28,14:46:31,-13.375,-125.75,-108.25,517.625,20260805_soil_log.txt,2026-03-28 14:46:31
2026-03-28,14:51:31,-13.875,-125.62500000000001,-108.25,540.375,20260805_soil_log.txt,2026-03-28 14:51:31
2026-03-28,14:56:31,-11.75,-125.62500000000001,-108.25,539.125,20260805_soil_log.txt,2026-03-28 14:56:31
2026-03-28,15:01:31,-14.0,-125.5,-108.125,531.5,20260805_soil_log.txt,2026-03-28 15:01:31
2026-03-28,15:06:32,-12.875000000000002,-125.5,-108.25,517.5,20260805_soil_log.txt,2026-03-28 15:06:32
2026-03-28,15:11:32,-16.5,-125.5,-108.125,523.1250000000001,20260805_soil_log.txt,2026-03-28 15:11:32
2026-03-28,15:16:32,-15.375,-125.5,-108.125,541.625,20260805_soil_log.txt,2026-03-28 15:16:32
2026-03-28,15:21:32,-13.000000000000002,-125.37500000000001,-108.125,517.75,20260805_soil_log.txt,2026-03-28 15:21:32
2026-03-28,15:26:33,-13.625,-125.37500000000001,-108.0,515.25,20260805_soil_log.txt,2026-03-28 15:26:33
2026-03-28,15:31:33,-12.875000000000002,-125.37500000000001,-108.0,542.7500000000001,20260805_soil_log.txt,2026-03-28 15:31:33
2026-03-28,15:36:33,-12.25,-125.25,-108.0,534.25,20260805_soil_log.txt,2026-03-28 15:36:33
2026-03-28,15:41:33,-13.5,-125.12500000000001,-108.0,542.625,20260805_soil_log.txt,2026-03-28 15:41:33
2026-03-28,15:46:33,-12.125,-125.12500000000001,-108.0,525.75,20260805_soil_log.txt,2026-03-28 15:46:33
2026-03-28,15:51:34,-12.0,-124.875,-107.875,539.875,20260805_soil_log.txt,2026-03-28 15:51:34
2026-03-28,15:56:34,-12.375,-125.0,-107.875,515.5,20260805_soil_log.txt,2026-03-28 15:56:34
2026-03-28,16:01:34,-13.625,-124.875,-108.0,523.5,20260805_soil_log.txt,2026-03-28 16:01:34
2026-03-28,16:06:34,-14.5,-124.875,-108.0,539.125,20260805_soil_log.txt,2026-03-28 16:06:34
2026-03-28,16:11:35,-13.125,-124.75,-107.875,521.25,20260805_soil_log.txt,2026-03-28 16:11:35
2026-03-28,16:16:35,-13.000000000000002,-124.75,-107.875,543.25,20260805_soil_log.txt,2026-03-28 16:16:35
2026-03-28,16:21:35,-10.75,-124.75,-107.875,538.25,20260805_soil_log.txt,2026-03-28 16:21:35
2026-03-28,16:26:35,-13.375,-124.625,-107.875,524.25,20260805_soil_log.txt,2026-03-28 16:26:35
2026-03-28,16:31:36,-11.375,-124.5,-107.75,515.875,20260805_soil_log.txt,2026-03-28 16:31:36
2026-03-28,16:36:36,-11.625,-124.375,-107.75,516.125,20260805_soil_log.txt,2026-03-28 16:36:36
2026-03-28,16:41:36,-13.75,-124.25,-107.875,523.875,20260805_soil_log.txt,2026-03-28 16:41:36
2026-03-28,16:46:36,-12.750000000000002,-124.25,-107.75,518.5,20260805_soil_log.txt,2026-03-28 16:46:36
2026-03-28,16:51:36,-12.875000000000002,-124.25,-107.75,539.875,20260805_soil_log.txt,2026-03-28 16:51:36
2026-03-28,16:56:37,-13.875,-124.25,-107.625,521.5,20260805_soil_log.txt,2026-03-28 16:56:37
2026-03-28,17:01:37,-11.625,-124.375,-107.625,536.0,20260805_soil_log.txt,2026-03-28 17:01:37
2026-03-28,17:06:37,-12.0,-124.125,-107.75,542.0,20260805_soil_log.txt,2026-03-28 17:06:37
2026-03-28,17:11:37,-12.750000000000002,-124.125,-107.625,542.25,20260805_soil_log.txt,2026-03-28 17:11:37
2026-03-28,17:16:38,-12.375,-124.125,-107.625,519.75,20260805_soil_log.txt,2026-03-28 17:16:38
2026-03-28,17:21:38,-12.5,-124.125,-107.5,517.625,20260805_soil_log.txt,2026-03-28 17:21:38
2026-03-28,17:26:38,-12.625,-124.0,-107.625,516.875,20260805_soil_log.txt,2026-03-28 17:26:38
2026-03-28,17:31:38,-14.0,-123.75,-107.625,525.75,20260805_soil_log.txt,2026-03-28 17:31:38
2026-03-28,17:36:38,-13.375,-123.75,-107.5,521.625,20260805_soil_log.txt,2026-03-28 17:36:38
2026-03-28,17:41:39,-16.625,-123.75,-107.5,517.75,20260805_soil_log.txt,2026-03-28 17:41:39
2026-03-28,17:46:39,-13.75,-123.75,-107.5,517.125,20260805_soil_log.txt,2026-03-28 17:46:39
2026-03-28,17:51:39,-13.25,-123.625,-107.5,543.5,20260805_soil_log.txt,2026-03-28 17:51:39
2026-03-28,17:56:39,-13.75,-123.625,-107.375,543.875,20260805_soil_log.txt,2026-03-28 17:56:39
2026-03-28,18:01:39,-13.000000000000002,-123.5,-107.5,522.0,20260805_soil_log.txt,2026-03-28 18:01:39
2026-03-28,18:06:40,-12.5,-123.375,-107.5,544.625,20260805_soil_log.txt,2026-03-28 18:06:40
2026-03-28,18:11:40,-11.5,-123.375,-107.5,518.75,20260805_soil_log.txt,2026-03-28 18:11:40
2026-03-28,18:16:40,-11.5,-123.25,-107.5,542.0,20260805_soil_log.txt,2026-03-28 18:16:40
2026-03-28,18:21:40,-10.75,-123.25,-107.5,534.25,20260805_soil_log.txt,2026-03-28 18:21:40
2026-03-28,18:26:40,-11.375,-123.0,-106.25,544.625,20260805_soil_log.txt,2026-03-28 18:26:40
2026-03-28,18:31:41,-12.750000000000002,-123.0,-104.875,532.0,20260805_soil_log.txt,2026-03-28 18:31:41
2026-03-28,18:36:41,-12.5,-122.875,-106.625,524.0,20260805_soil_log.txt,2026-03-28 18:36:41
2026-03-28,18:41:41,-10.75,-122.75,-106.875,524.1250000000001,20260805_soil_log.txt,2026-03-28 18:41:41
2026-03-28,18:46:41,-10.5,-122.625,-107.125,518.0,20260805_soil_log.txt,2026-03-28 18:46:41
2026-03-28,18:51:42,-12.750000000000002,-122.625,-107.25,532.375,20260805_soil_log.txt,2026-03-28 18:51:42
2026-03-28,18:56:42,-12.125,-122.5,-107.25,522.75,20260805_soil_log.txt,2026-03-28 18:56:42
2026-03-28,19:01:42,-12.625,-122.5,-107.25,535.7500000000001,20260805_soil_log.txt,2026-03-28 19:01:42
2026-03-28,19:06:42,-10.375,-122.5,-107.25,528.25,20260805_soil_log.txt,2026-03-28 19:06:42
2026-03-28,19:11:42,-12.25,-122.5,-107.125,523.0,20260805_soil_log.txt,2026-03-28 19:11:42
2026-03-28,19:16:43,-11.125,-122.375,-107.125,544.5,20260805_soil_log.txt,2026-03-28 19:16:43
2026-03-28,19:21:43,-12.875000000000002,-122.375,-107.125,526.375,20260805_soil_log.txt,2026-03-28 19:21:43
2026-03-28,19:26:43,-12.875000000000002,-122.375,-107.125,536.7500000000001,20260805_soil_log.txt,2026-03-28 19:26:43
2026-03-28,19:31:43,-12.5,-122.375,-107.125,534.625,20260805_soil_log.txt,2026-03-28 19:31:43
2026-03-28,19:36:43,-12.625,-122.25,-107.125,530.5,20260805_soil_log.txt,2026-03-28 19:36:43
2026-03-28,19:41:44,-11.5,-122.125,-107.25,546.375,20260805_soil_log.txt,2026-03-28 19:41:44
2026-03-28,19:46:44,-11.5,-122.125,-107.25,520.1250000000001,20260805_soil_log.txt,2026-03-28 19:46:44
2026-03-28,19:51:44,-11.25,-122.0,-107.25,545.75,20260805_soil_log.txt,2026-03-28 19:51:44
2026-03-28,19:56:44,-10.375,-122.0,-107.25,543.7500000000001,20260805_soil_log.txt,2026-03-28 19:56:44
2026-03-28,20:01:45,-10.375,-121.875,-107.25,540.0,20260805_soil_log.txt,2026-03-28 20:01:45
2026-03-28,20:06:45,-10.125,-121.875,-107.125,541.625,20260805_soil_log.txt,2026-03-28 20:06:45
2026-03-28,20:11:45,-12.125,-121.875,-107.125,527.1250000000001,20260805_soil_log.txt,2026-03-28 20:11:45
2026-03-28,20:16:45,-12.0,-121.875,-107.125,532.5,20260805_soil_log.txt,2026-03-28 20:16:45
2026-03-28,20:21:45,-9.375,-121.75,-107.125,540.25,20260805_soil_log.txt,2026-03-28 20:21:45
2026-03-28,20:26:46,-9.375,-121.625,-107.0,526.25,20260805_soil_log.txt,2026-03-28 20:26:46
2026-03-28,20:31:46,-10.5,-121.625,-107.125,546.625,20260805_soil_log.txt,2026-03-28 20:31:46
2026-03-28,20:36:46,-11.375,-121.625,-107.125,535.125,20260805_soil_log.txt,2026-03-28 20:36:46
2026-03-28,20:41:46,-9.125,-121.5,-107.125,543.375,20260805_soil_log.txt,2026-03-28 20:41:46
2026-03-28,20:46:47,-11.375,-121.5,-107.0,533.7500000000001,20260805_soil_log.txt,2026-03-28 20:46:47
2026-03-28,20:51:47,-8.375,-121.5,-107.0,532.625,20260805_soil_log.txt,2026-03-28 20:51:47
2026-03-28,20:56:47,-10.625,-121.5,-107.0,546.875,20260805_soil_log.txt,2026-03-28 20:56:47
2026-03-28,21:01:47,-10.75,-121.375,-106.875,539.875,20260805_soil_log.txt,2026-03-28 21:01:47
2026-03-28,21:06:47,-9.625,-121.375,-106.875,520.625,20260805_soil_log.txt,2026-03-28 21:06:47
2026-03-28,21:11:48,-8.625,-121.25,-106.875,537.0,20260805_soil_log.txt,2026-03-28 21:11:48
2026-03-28,21:16:48,-10.875000000000002,-121.0,-106.875,547.375,20260805_soil_log.txt,2026-03-28 21:16:48
2026-03-28,21:21:48,-10.375,-121.0,-106.75,520.5,20260805_soil_log.txt,2026-03-28 21:21:48
2026-03-28,21:26:48,-11.375,-121.0,-106.75,537.25,20260805_soil_log.txt,2026-03-28 21:26:48
2026-03-28,21:31:48,-11.5,-121.0,-106.75,534.125,20260805_soil_log.txt,2026-03-28 21:31:48
2026-03-28,21:36:49,-9.75,-121.0,-106.75,546.625,20260805_soil_log.txt,2026-03-28 21:36:49
2026-03-28,21:41:49,-8.875000000000002,-120.875,-106.625,521.1250000000001,20260805_soil_log.txt,2026-03-28 21:41:49
2026-03-28,21:46:49,-8.625,-120.875,-106.625,533.125,20260805_soil_log.txt,2026-03-28 21:46:49
2026-03-28,21:51:49,-8.25,-120.75,-106.625,520.5,20260805_soil_log.txt,2026-03-28 21:51:49
2026-03-28,21:56:49,-8.625,-120.75,-106.625,521.5,20260805_soil_log.txt,2026-03-28 21:56:49
2026-03-28,22:01:50,-9.875,-120.625,-106.625,523.1250000000001,20260805_soil_log.txt,2026-03-28 22:01:50
2026-03-28,22:06:50,-11.0,-120.625,-106.625,539.25,20260805_soil_log.txt,2026-03-28 22:06:50
2026-03-28,22:11:50,-11.0,-120.5,-106.5,542.125,20260805_soil_log.txt,2026-03-28 22:11:50
2026-03-28,22:16:50,-8.375,-120.25,-106.5,535.375,20260805_soil_log.txt,2026-03-28 22:16:50
2026-03-28,22:21:51,-8.75,-120.125,-106.375,545.875,20260805_soil_log.txt,2026-03-28 22:21:51
2026-03-28,22:26:51,-8.5,-120.25,-106.375,525.75,20260805_soil_log.txt,2026-03-28 22:26:51
2026-03-28,22:31:51,-11.25,-120.25,-106.375,532.875,20260805_soil_log.txt,2026-03-28 22:31:51
2026-03-28,22:36:51,-9.25,-120.125,-106.375,521.0,20260805_soil_log.txt,2026-03-28 22:36:51
2026-03-28,22:41:52,-10.0,-120.0,-106.375,547.0,20260805_soil_log.txt,2026-03-28 22:41:52
2026-03-28,22:46:52,-11.25,-119.87500000000001,-106.375,529.375,20260805_soil_log.txt,2026-03-28 22:46:52
2026-03-28,22:51:52,-11.125,-119.75000000000001,-106.5,539.7500000000001,20260805_soil_log.txt,2026-03-28 22:51:52
2026-03-28,22:56:52,-10.125,-119.62500000000001,-106.375,547.375,20260805_soil_log.txt,2026-03-28 22:56:52
2026-03-28,23:01:52,-8.875000000000002,-119.62500000000001,-106.375,544.625,20260805_soil_log.txt,2026-03-28 23:01:52
2026-03-28,23:06:53,-8.625,-119.50000000000001,-106.25,523.875,20260805_soil_log.txt,2026-03-28 23:06:53
2026-03-28,23:11:53,-9.000000000000002,-119.50000000000001,-106.25,547.125,20260805_soil_log.txt,2026-03-28 23:11:53
2026-03-28,23:16:53,-9.000000000000002,-119.50000000000001,-106.25,540.875,20260805_soil_log.txt,2026-03-28 23:16:53
2026-03-28,23:21:53,-8.625,-119.37500000000001,-106.25,521.75,20260805_soil_log.txt,2026-03-28 23:21:53
2026-03-28,23:26:53,-11.125,-119.25000000000001,-106.25,531.125,20260805_soil_log.txt,2026-03-28 23:26:53
2026-03-28,23:31:54,-10.5,-119.12500000000001,-106.25,525.75,20260805_soil_log.txt,2026-03-28 23:31:54
2026-03-28,23:36:54,-8.375,-119.12500000000001,-106.25,527.875,20260805_soil_log.txt,2026-03-28 23:36:54
2026-03-28,23:41:54,-11.125,-119.12500000000001,-106.25,537.125,20260805_soil_log.txt,2026-03-28 23:41:54
2026-03-28,23:46:54,-9.000000000000002,-119.12500000000001,-106.25,544.625,20260805_soil_log.txt,2026-03-28 23:46:54
2026-03-28,23:51:55,-10.875000000000002,-119.00000000000001,-106.25,529.25,20260805_soil_log.txt,2026-03-28 23:51:55
2026-03-28,23:56:55,-8.25,-118.87500000000001,-106.25,528.125,20260805_soil_log.txt,2026-03-28 23:56:55
2026-03-29,00:01:55,-10.875000000000002,-118.87500000000001,-106.125,530.0,20260805_soil_log.txt,2026-03-29 00:01:55
2026-03-29,00:06:55,-9.875,-118.87500000000001,-106.125,527.0,20260805_soil_log.txt,2026-03-29 00:06:55
2026-03-29,00:11:56,-8.375,-118.75000000000001,-106.0,539.875,20260805_soil_log.txt,2026-03-29 00:11:56
2026-03-29,00:16:56,-9.875,-118.62500000000001,-106.0,547.375,20260805_soil_log.txt,2026-03-29 00:16:56
2026-03-29,00:21:56,-10.625,-118.50000000000001,-106.0,530.375,20260805_soil_log.txt,2026-03-29 00:21:56
2026-03-29,00:26:56,-11.125,-118.37500000000001,-105.875,532.375,20260805_soil_log.txt,2026-03-29 00:26:56
2026-03-29,00:31:56,-10.375,-118.37500000000001,-105.875,548.625,20260805_soil_log.txt,2026-03-29 00:31:56
2026-03-29,00:36:57,-8.875000000000002,-118.25000000000001,-105.75,532.625,20260805_soil_log.txt,2026-03-29 00:36:57
2026-03-29,00:41:57,-9.25,-118.25000000000001,-105.75,526.875,20260805_soil_log.txt,2026-03-29 00:41:57
2026-03-29,00:46:57,-10.75,-118.12500000000001,-105.75,548.75,20260805_soil_log.txt,2026-03-29 00:46:57
2026-03-29,00:51:57,-12.25,-118.12500000000001,-105.625,541.5,20260805_soil_log.txt,2026-03-29 00:51:57
2026-03-29,00:56:58,-10.625,-118.00000000000001,-105.75,542.25,20260805_soil_log.txt,2026-03-29 00:56:58
2026-03-29,02:01:58,-9.75,-118.00000000000001,-105.75,539.0,20260805_soil_log.txt,2026-03-29 02:01:58
2026-03-29,02:06:58,-12.0,-117.87500000000001,-105.75,525.75,20260805_soil_log.txt,2026-03-29 02:06:58
2026-03-29,02:11:58,-9.625,-117.75000000000001,-105.625,542.875,20260805_soil_log.txt,2026-03-29 02:11:58
2026-03-29,02:16:58,-12.0,-117.62500000000001,-105.625,536.875,20260805_soil_log.txt,2026-03-29 02:16:58
2026-03-29,02:21:59,-12.0,-117.50000000000001,-105.625,539.7500000000001,20260805_soil_log.txt,2026-03-29 02:21:59
2026-03-29,02:26:59,-11.5,-117.50000000000001,-105.625,547.5,20260805_soil_log.txt,2026-03-29 02:26:59
2026-03-29,02:31:59,-9.75,-117.50000000000001,-105.5,529.75,20260805_soil_log.txt,2026-03-29 02:31:59
2026-03-29,02:36:59,-9.5,-117.50000000000001,-105.625,531.75,20260805_soil_log.txt,2026-03-29 02:36:59
2026-03-29,02:42:00,-11.5,-117.375,-105.625,548.625,20260805_soil_log.txt,2026-03-29 02:42:00
2026-03-29,02:47:00,-12.0,-117.25,-105.5,542.7500000000001,20260805_soil_log.txt,2026-03-29 02:47:00
2026-03-29,02:52:00,-11.75,-117.25,-105.5,523.0,20260805_soil_log.txt,2026-03-29 02:52:00
2026-03-29,02:57:00,-11.625,-117.25,-105.375,529.5,20260805_soil_log.txt,2026-03-29 02:57:00
2026-03-29,03:02:01,-9.375,-117.0,-105.375,538.875,20260805_soil_log.txt,2026-03-29 03:02:01
2026-03-29,03:07:01,-10.0,-117.0,-105.5,526.75,20260805_soil_log.txt,2026-03-29 03:07:01
2026-03-29,03:12:01,-10.25,-117.0,-105.5,548.375,20260805_soil_log.txt,2026-03-29 03:12:01
2026-03-29,03:17:01,-8.5,-117.0,-105.5,524.1250000000001,20260805_soil_log.txt,2026-03-29 03:17:01
2026-03-29,03:22:01,-10.0,-117.0,-105.375,524.625,20260805_soil_log.txt,2026-03-29 03:22:01
2026-03-29,03:27:02,-11.0,-117.0,-105.375,540.7500000000001,20260805_soil_log.txt,2026-03-29 03:27:02
2026-03-29,03:32:02,-10.5,-116.875,-105.25,536.5,20260805_soil_log.txt,2026-03-29 03:32:02
2026-03-29,03:37:02,-9.625,-116.75,-105.25,549.125,20260805_soil_log.txt,2026-03-29 03:37:02
2026-03-29,03:42:02,-11.0,-116.75,-105.25,534.5,20260805_soil_log.txt,2026-03-29 03:42:02
2026-03-29,03:47:02,-10.375,-116.625,-105.25,541.875,20260805_soil_log.txt,2026-03-29 03:47:02
2026-03-29,03:52:02,-8.75,-116.625,-105.125,549.5,20260805_soil_log.txt,2026-03-29 03:52:02
2026-03-29,03:57:03,-10.375,-116.5,-105.0,541.25,20260805_soil_log.txt,2026-03-29 03:57:03
2026-03-29,04:02:03,-7.75,-116.5,-105.125,530.375,20260805_soil_log.txt,2026-03-29 04:02:03
2026-03-29,04:07:03,-10.125,-116.375,-105.125,545.875,20260805_soil_log.txt,2026-03-29 04:07:03
2026-03-29,04:12:03,-8.875000000000002,-116.375,-105.125,548.375,20260805_soil_log.txt,2026-03-29 04:12:03
2026-03-29,04:17:04,-10.5,-116.375,-105.0,548.875,20260805_soil_log.txt,2026-03-29 04:17:04
2026-03-29,04:22:04,-7.625,-116.375,-105.0,523.875,20260805_soil_log.txt,2026-03-29 04:22:04
2026-03-29,04:27:04,-7.625,-116.25,-105.0,540.375,20260805_soil_log.txt,2026-03-29 04:27:04
2026-03-29,04:32:04,-9.875,-116.125,-105.0,543.7500000000001,20260805_soil_log.txt,2026-03-29 04:32:04
2026-03-29,04:37:04,-9.75,-116.125,-105.0,546.5,20260805_soil_log.txt,2026-03-29 04:37:04
2026-03-29,04:42:05,-7.25,-116.0,-104.875,524.625,20260805_soil_log.txt,2026-03-29 04:42:05
2026-03-29,04:47:05,-7.0,-116.0,-104.875,548.5,20260805_soil_log.txt,2026-03-29 04:47:05
2026-03-29,04:52:05,-9.625,-116.0,-104.75,545.5,20260805_soil_log.txt,2026-03-29 04:52:05
2026-03-29,04:57:05,-9.375,-116.0,-104.875,547.875,20260805_soil_log.txt,2026-03-29 04:57:05
2026-03-29,05:02:06,-8.75,-115.75,-104.75,548.0,20260805_soil_log.txt,2026-03-29 05:02:06
2026-03-29,05:07:06,-8.75,-115.875,-104.75,524.875,20260805_soil_log.txt,2026-03-29 05:07:06
2026-03-29,05:12:06,-6.875,-115.75,-104.625,541.7500000000001,20260805_soil_log.txt,2026-03-29 05:12:06
2026-03-29,05:17:06,-8.25,-115.625,-104.625,528.375,20260805_soil_log.txt,2026-03-29 05:17:06
2026-03-29,05:22:07,-9.75,-115.625,-104.5,537.5,20260805_soil_log.txt,2026-03-29 05:22:07
2026-03-29,05:27:07,-9.375,-115.25,-104.625,529.75,20260805_soil_log.txt,2026-03-29 05:27:07
2026-03-29,05:32:07,-8.875000000000002,-115.5,-104.5,550.5,20260805_soil_log.txt,2026-03-29 05:32:07
2026-03-29,05:37:07,-7.0,-115.25,-104.5,549.625,20260805_soil_log.txt,2026-03-29 05:37:07
2026-03-29,05:42:07,-9.25,-115.25,-104.5,525.375,20260805_soil_log.txt,2026-03-29 05:42:07
2026-03-29,05:47:08,-7.75,-115.25,-104.5,527.25,20260805_soil_log.txt,2026-03-29 05:47:08
2026-03-29,05:52:08,-9.125,-115.125,-104.5,532.375,20260805_soil_log.txt,2026-03-29 05:52:08
2026-03-29,05:57:08,-7.0,-115.125,-104.5,544.875,20260805_soil_log.txt,2026-03-29 05:57:08
2026-03-29,06:02:08,-7.125,-115.125,-104.5,535.625,20260805_soil_log.txt,2026-03-29 06:02:08
2026-03-29,06:07:09,-8.0,-115.0,-104.375,525.5,20260805_soil_log.txt,2026-03-29 06:07:09
2026-03-29,06:12:09,-9.625,-115.0,-104.375,544.0,20260805_soil_log.txt,2026-03-29 06:12:09
2026-03-29,06:17:09,-9.625,-114.875,-104.375,539.25,20260805_soil_log.txt,2026-03-29 06:17:09
2026-03-29,06:22:09,-9.625,-114.875,-104.375,524.1250000000001,20260805_soil_log.txt,2026-03-29 06:22:09
2026-03-29,06:27:10,-7.875,-114.875,-104.375,539.375,20260805_soil_log.txt,2026-03-29 06:27:10
2026-03-29,06:32:10,-6.75,-114.75,-104.375,544.5,20260805_soil_log.txt,2026-03-29 06:32:10
2026-03-29,06:37:10,-8.25,-114.75,-104.25,525.75,20260805_soil_log.txt,2026-03-29 06:37:10
2026-03-29,06:42:10,-7.5,-114.75,-104.375,548.875,20260805_soil_log.txt,2026-03-29 06:42:10
2026-03-29,06:47:10,-6.375000000000001,-114.625,-104.25,524.375,20260805_soil_log.txt,2026-03-29 06:47:10
2026-03-29,06:52:11,-6.375000000000001,-114.5,-104.25,523.625,20260805_soil_log.txt,2026-03-29 06:52:11
2026-03-29,06:57:11,-8.375,-114.5,-104.25,544.375,20260805_soil_log.txt,2026-03-29 06:57:11
2026-03-29,07:02:11,-7.0,-114.375,-104.375,525.625,20260805_soil_log.txt,2026-03-29 07:02:11
2026-03-29,07:07:11,-6.75,-114.375,-104.25,549.3750000000001,20260805_soil_log.txt,2026-03-29 07:07:11
2026-03-29,07:12:12,-6.75,-114.375,-104.25,526.0,20260805_soil_log.txt,2026-03-29 07:12:12
2026-03-29,07:17:12,-7.125,-114.25,-104.25,528.75,20260805_soil_log.txt,2026-03-29 07:17:12
2026-03-29,07:22:12,-6.25,-114.375,-104.25,542.0,20260805_soil_log.txt,2026-03-29 07:22:12
2026-03-29,07:27:12,-6.625,-114.25,-104.125,526.1250000000001,20260805_soil_log.txt,2026-03-29 07:27:12
2026-03-29,07:32:13,-7.0,-114.25,-104.00000000000001,548.5,20260805_soil_log.txt,2026-03-29 07:32:13
2026-03-29,07:37:13,-7.625,-114.125,-104.125,534.625,20260805_soil_log.txt,2026-03-29 07:37:13
2026-03-29,07:42:13,-5.875,-114.125,-104.00000000000001,547.625,20260805_soil_log.txt,2026-03-29 07:42:13
2026-03-29,07:47:13,-7.625,-114.0,-104.00000000000001,525.75,20260805_soil_log.txt,2026-03-29 07:47:13
2026-03-29,07:52:13,-5.375,-114.0,-104.00000000000001,546.5,20260805_soil_log.txt,2026-03-29 07:52:13
2026-03-29,07:57:14,-5.625,-114.0,-103.87500000000001,534.125,20260805_soil_log.txt,2026-03-29 07:57:14
2026-03-29,08:02:14,-6.375000000000001,-114.0,-103.87500000000001,545.75,20260805_soil_log.txt,2026-03-29 08:02:14
2026-03-29,08:07:14,-6.875,-113.875,-103.87500000000001,532.0,20260805_soil_log.txt,2026-03-29 08:07:14
2026-03-29,08:12:14,-5.5,-113.75,-103.87500000000001,537.875,20260805_soil_log.txt,2026-03-29 08:12:14
2026-03-29,08:17:15,-6.0,-113.875,-104.00000000000001,543.875,20260805_soil_log.txt,2026-03-29 08:17:15
2026-03-29,08:22:15,-7.875,-113.75,-103.87500000000001,544.125,20260805_soil_log.txt,2026-03-29 08:22:15
2026-03-29,08:27:15,-6.875,-113.75,-103.87500000000001,523.875,20260805_soil_log.txt,2026-03-29 08:27:15
2026-03-29,08:32:15,-7.125,-113.625,-103.87500000000001,524.5,20260805_soil_log.txt,2026-03-29 08:32:15
2026-03-29,08:37:16,-8.625,-113.625,-103.87500000000001,542.7500000000001,20260805_soil_log.txt,2026-03-29 08:37:16
2026-03-29,08:42:16,-8.375,-113.625,-103.87500000000001,543.0,20260805_soil_log.txt,2026-03-29 08:42:16
2026-03-29,08:47:16,-6.0,-113.625,-103.87500000000001,544.625,20260805_soil_log.txt,2026-03-29 08:47:16
2026-03-29,08:52:16,-6.625,-113.5,-103.87500000000001,532.0,20260805_soil_log.txt,2026-03-29 08:52:16
2026-03-29,08:57:16,-6.75,-113.5,-104.00000000000001,522.25,20260805_soil_log.txt,2026-03-29 08:57:16
2026-03-29,09:02:17,-8.0,-113.5,-103.87500000000001,537.7500000000001,20260805_soil_log.txt,2026-03-29 09:02:17
2026-03-29,09:07:17,-6.125,-113.5,-103.87500000000001,523.0,20260805_soil_log.txt,2026-03-29 09:07:17
2026-03-29,09:12:17,-5.875,-113.5,-103.87500000000001,543.625,20260805_soil_log.txt,2026-03-29 09:12:17
2026-03-29,09:17:17,-5.5,-113.375,-103.87500000000001,529.25,20260805_soil_log.txt,2026-03-29 09:17:17
2026-03-29,09:22:17,-5.5,-113.375,-103.75000000000001,525.0,20260805_soil_log.txt,2026-03-29 09:22:17
2026-03-29,09:27:18,-6.75,-113.375,-103.75000000000001,545.375,20260805_soil_log.txt,2026-03-29 09:27:18
2026-03-29,09:32:18,-6.875,-113.375,-103.87500000000001,536.5,20260805_soil_log.txt,2026-03-29 09:32:18
2026-03-29,09:37:18,-7.75,-113.25,-103.75000000000001,540.25,20260805_soil_log.txt,2026-03-29 09:37:18
2026-03-29,09:42:18,-7.125,-113.25,-103.62500000000001,525.625,20260805_soil_log.txt,2026-03-29 09:42:18
2026-03-29,09:47:19,-7.125,-113.25,-103.62500000000001,527.375,20260805_soil_log.txt,2026-03-29 09:47:19
2026-03-29,09:52:19,-7.5,-113.125,-103.62500000000001,531.875,20260805_soil_log.txt,2026-03-29 09:52:19
2026-03-29,09:57:19,-7.625,-113.125,-103.62500000000001,533.625,20260805_soil_log.txt,2026-03-29 09:57:19
2026-03-29,10:02:19,-5.875,-113.125,-103.75000000000001,544.75,20260805_soil_log.txt,2026-03-29 10:02:19
2026-03-29,10:07:19,-6.25,-113.0,-103.62500000000001,523.5,20260805_soil_log.txt,2026-03-29 10:07:19
2026-03-29,10:12:20,-6.625,-112.875,-103.62500000000001,546.875,20260805_soil_log.txt,2026-03-29 10:12:20
2026-03-29,10:17:20,-7.125,-112.875,-103.75000000000001,528.375,20260805_soil_log.txt,2026-03-29 10:17:20
2026-03-29,10:22:20,-5.625,-112.75,-103.62500000000001,523.1250000000001,20260805_soil_log.txt,2026-03-29 10:22:20
2026-03-29,10:27:20,-7.125,-112.75,-103.62500000000001,538.25,20260805_soil_log.txt,2026-03-29 10:27:20
2026-03-29,10:32:20,-5.375,-112.75,-103.62500000000001,547.5,20260805_soil_log.txt,2026-03-29 10:32:20
2026-03-29,10:37:21,-5.625,-112.625,-103.50000000000001,541.0,20260805_soil_log.txt,2026-03-29 10:37:21
2026-03-29,10:42:21,-5.375,-112.625,-103.50000000000001,544.25,20260805_soil_log.txt,2026-03-29 10:42:21
2026-03-29,10:47:21,-6.125,-112.5,-103.50000000000001,522.875,20260805_soil_log.txt,2026-03-29 10:47:21
2026-03-29,10:52:21,-5.375,-112.5,-103.50000000000001,533.875,20260805_soil_log.txt,2026-03-29 10:52:21
2026-03-29,10:57:22,-7.25,-112.5,-103.50000000000001,548.25,20260805_soil_log.txt,2026-03-29 10:57:22
2026-03-29,11:02:22,-5.25,-112.375,-103.50000000000001,543.25,20260805_soil_log.txt,2026-03-29 11:02:22
2026-03-29,11:07:22,-5.875,-112.375,-103.50000000000001,523.0,20260805_soil_log.txt,2026-03-29 11:07:22
2026-03-29,11:12:22,-5.75,-112.375,-103.50000000000001,544.375,20260805_soil_log.txt,2026-03-29 11:12:22
2026-03-29,11:17:22,-7.25,-112.375,-103.50000000000001,544.5,20260805_soil_log.txt,2026-03-29 11:17:22
2026-03-29,11:22:23,-7.0,-112.25,-103.37500000000001,526.25,20260805_soil_log.txt,2026-03-29 11:22:23
2026-03-29,11:27:23,-5.5,-112.25,-103.37500000000001,530.625,20260805_soil_log.txt,2026-03-29 11:27:23
2026-03-29,11:32:23,-6.375000000000001,-112.125,-103.50000000000001,548.75,20260805_soil_log.txt,2026-03-29 11:32:23
2026-03-29,11:37:23,-5.125,-112.125,-103.50000000000001,528.75,20260805_soil_log.txt,2026-03-29 11:37:23
2026-03-29,11:42:23,-5.25,-112.0,-103.50000000000001,540.375,20260805_soil_log.txt,2026-03-29 11:42:23
2026-03-29,11:47:24,-7.125,-111.875,-103.50000000000001,541.625,20260805_soil_log.txt,2026-03-29 11:47:24
2026-03-29,11:52:24,-7.0,-112.0,-103.37500000000001,540.125,20260805_soil_log.txt,2026-03-29 11:52:24
2026-03-29,11:57:24,-7.0,-111.875,-103.37500000000001,538.625,20260805_soil_log.txt,2026-03-29 11:57:24
2026-03-29,12:02:24,-6.375000000000001,-111.875,-103.37500000000001,546.25,20260805_soil_log.txt,2026-03-29 12:02:24
2026-03-29,12:07:25,-4.625,-111.875,-103.25000000000001,543.375,20260805_soil_log.txt,2026-03-29 12:07:25
2026-03-29,12:12:25,-4.500000000000001,-111.875,-103.25000000000001,535.5,20260805_soil_log.txt,2026-03-29 12:12:25
2026-03-29,12:17:25,-6.375000000000001,-111.75,-103.25000000000001,548.125,20260805_soil_log.txt,2026-03-29 12:17:25
2026-03-29,12:22:25,-6.0,-111.75,-103.25000000000001,526.625,20260805_soil_log.txt,2026-03-29 12:22:25
2026-03-29,12:27:25,-5.125,-111.625,-103.12500000000001,522.625,20260805_soil_log.txt,2026-03-29 12:27:25
2026-03-29,12:32:26,-6.500000000000001,-111.625,-103.12500000000001,548.625,20260805_soil_log.txt,2026-03-29 12:32:26
2026-03-29,12:37:26,-7.0,-111.375,-103.12500000000001,541.375,20260805_soil_log.txt,2026-03-29 12:37:26
2026-03-29,12:42:26,-4.375,-111.5,-103.12500000000001,533.7500000000001,20260805_soil_log.txt,2026-03-29 12:42:26
2026-03-29,12:47:26,-4.625,-111.5,-103.00000000000001,533.5,20260805_soil_log.txt,2026-03-29 12:47:26
2026-03-29,12:52:27,-4.125,-111.375,-103.00000000000001,535.0,20260805_soil_log.txt,2026-03-29 12:52:27
2026-03-29,12:57:27,-4.125,-111.375,-102.87500000000001,548.875,20260805_soil_log.txt,2026-03-29 12:57:27
2026-03-29,13:02:27,-3.125,-111.375,-102.87500000000001,537.25,20260805_soil_log.txt,2026-03-29 13:02:27
2026-03-29,13:07:27,-5.375,-111.25,-102.87500000000001,530.5,20260805_soil_log.txt,2026-03-29 13:07:27
2026-03-29,13:12:27,-3.125,-111.25,-103.00000000000001,545.125,20260805_soil_log.txt,2026-03-29 13:12:27
2026-03-29,13:17:28,-3.2500000000000004,-111.25,-103.00000000000001,538.375,20260805_soil_log.txt,2026-03-29 13:17:28
2026-03-29,13:22:28,-4.625,-111.25,-102.87500000000001,530.625,20260805_soil_log.txt,2026-03-29 13:22:28
2026-03-29,13:27:28,-3.75,-111.125,-102.87500000000001,543.25,20260805_soil_log.txt,2026-03-29 13:27:28
2026-03-29,13:32:28,-3.5,-111.0,-102.75000000000001,525.875,20260805_soil_log.txt,2026-03-29 13:32:28
2026-03-29,13:37:29,-5.125,-111.0,-102.75000000000001,546.0,20260805_soil_log.txt,2026-03-29 13:37:29
2026-03-29,13:42:29,-4.75,-110.875,-102.75000000000001,549.625,20260805_soil_log.txt,2026-03-29 13:42:29
2026-03-29,13:47:29,-4.375,-110.875,-102.75000000000001,549.625,20260805_soil_log.txt,2026-03-29 13:47:29
2026-03-29,13:52:29,-3.375,-110.875,-102.75000000000001,529.75,20260805_soil_log.txt,2026-03-29 13:52:29
2026-03-29,13:57:30,-5.375,-110.875,-102.75000000000001,542.7500000000001,20260805_soil_log.txt,2026-03-29 13:57:30
2026-03-29,14:02:30,-5.125,-110.875,-102.75000000000001,543.7500000000001,20260805_soil_log.txt,2026-03-29 14:02:30
2026-03-29,14:07:30,-3.125,-110.875,-102.75000000000001,527.375,20260805_soil_log.txt,2026-03-29 14:07:30
2026-03-29,14:12:30,-5.125,-110.875,-102.75000000000001,526.75,20260805_soil_log.txt,2026-03-29 14:12:30
2026-03-29,14:17:30,-5.0,-110.875,-102.75000000000001,534.375,20260805_soil_log.txt,2026-03-29 14:17:30
2026-03-29,14:22:31,-3.2500000000000004,-110.875,-102.75000000000001,534.375,20260805_soil_log.txt,2026-03-29 14:22:31
2026-03-29,14:27:31,-3.5,-110.75,-102.62500000000001,547.875,20260805_soil_log.txt,2026-03-29 14:27:31
2026-03-29,14:32:31,-4.875,-110.75,-102.62500000000001,549.125,20260805_soil_log.txt,2026-03-29 14:32:31
2026-03-29,14:37:31,-3.625,-110.75,-102.62500000000001,524.5,20260805_soil_log.txt,2026-03-29 14:37:31
2026-03-29,14:42:32,-4.375,-110.625,-102.62500000000001,525.25,20260805_soil_log.txt,2026-03-29 14:42:32
2026-03-29,14:47:32,-5.25,-110.625,-102.50000000000001,536.125,20260805_soil_log.txt,2026-03-29 14:47:32
2026-03-29,14:52:32,-3.375,-110.75,-102.50000000000001,544.0,20260805_soil_log.txt,2026-03-29 14:52:32
2026-03-29,14:57:32,-3.625,-110.625,-102.50000000000001,549.25,20260805_soil_log.txt,2026-03-29 14:57:32
2026-03-29,15:02:33,-3.125,-110.5,-102.50000000000001,539.875,20260805_soil_log.txt,2026-03-29 15:02:33
2026-03-29,15:07:33,-3.125,-110.5,-102.37500000000001,527.625,20260805_soil_log.txt,2026-03-29 15:07:33
2026-03-29,15:12:33,-3.125,-110.5,-102.37500000000001,538.125,20260805_soil_log.txt,2026-03-29 15:12:33
2026-03-29,15:17:33,-4.125,-110.375,-102.37500000000001,548.375,20260805_soil_log.txt,2026-03-29 15:17:33
2026-03-29,15:22:33,-3.875,-110.375,-102.37500000000001,525.0,20260805_soil_log.txt,2026-03-29 15:22:33
2026-03-29,15:27:34,-2.75,-110.375,-102.37500000000001,549.625,20260805_soil_log.txt,2026-03-29 15:27:34
2026-03-29,15:32:34,-3.375,-110.25,-102.37500000000001,529.25,20260805_soil_log.txt,2026-03-29 15:32:34
2026-03-29,15:37:34,-4.75,-110.25,-102.25000000000001,535.625,20260805_soil_log.txt,2026-03-29 15:37:34
2026-03-29,15:42:34,-3.5,-110.25,-102.25000000000001,549.3750000000001,20260805_soil_log.txt,2026-03-29 15:42:34
2026-03-29,15:47:35,-1.75,-110.125,-102.25000000000001,537.375,20260805_soil_log.txt,2026-03-29 15:47:35
2026-03-29,15:52:35,-2.125,-110.125,-102.12500000000001,528.75,20260805_soil_log.txt,2026-03-29 15:52:35
2026-03-29,15:57:35,-2.0,-110.0,-102.12500000000001,548.375,20260805_soil_log.txt,2026-03-29 15:57:35
2026-03-29,16:02:35,-3.125,-110.0,-102.12500000000001,542.875,20260805_soil_log.txt,2026-03-29 16:02:35
2026-03-29,16:07:35,-1.75,-109.875,-102.25000000000001,549.25,20260805_soil_log.txt,2026-03-29 16:07:35
2026-03-29,16:12:36,-2.875,-109.875,-102.25000000000001,530.5,20260805_soil_log.txt,2026-03-29 16:12:36
2026-03-29,16:17:36,-1.375,-109.875,-102.12500000000001,542.0,20260805_soil_log.txt,2026-03-29 16:17:36
2026-03-29,16:22:36,-1.25,-109.75,-102.12500000000001,547.375,20260805_soil_log.txt,2026-03-29 16:22:36
2026-03-29,16:27:36,-2.375,-109.75,-102.12500000000001,550.625,20260805_soil_log.txt,2026-03-29 16:27:36
2026-03-29,16:32:37,-1.875,-109.75,-102.12500000000001,525.625,20260805_soil_log.txt,2026-03-29 16:32:37
2026-03-29,16:37:37,-1.375,-109.5,-102.12500000000001,531.5,20260805_soil_log.txt,2026-03-29 16:37:37
2026-03-29,16:42:37,-2.5,-109.5,-102.12500000000001,549.5,20260805_soil_log.txt,2026-03-29 16:42:37
2026-03-29,16:47:37,-1.75,-109.5,-102.12500000000001,550.3750000000001,20260805_soil_log.txt,2026-03-29 16:47:37
2026-03-29,16:52:37,-2.0,-109.375,-102.12500000000001,525.375,20260805_soil_log.txt,2026-03-29 16:52:37
2026-03-29,16:57:38,-1.375,-109.25,-102.12500000000001,542.125,20260805_soil_log.txt,2026-03-29 16:57:38
2026-03-29,17:02:38,-2.625,-109.25,-102.00000000000001,528.25,20260805_soil_log.txt,2026-03-29 17:02:38
2026-03-29,17:07:38,-2.375,-109.25,-102.00000000000001,550.25,20260805_soil_log.txt,2026-03-29 17:07:38
2026-03-29,17:12:38,-0.875,-109.25,-102.00000000000001,539.0,20260805_soil_log.txt,2026-03-29 17:12:38
2026-03-29,17:17:38,-1.5,-109.25,-102.00000000000001,525.875,20260805_soil_log.txt,2026-03-29 17:17:38
2026-03-29,17:22:39,-1.6250000000000002,-109.125,-102.00000000000001,525.375,20260805_soil_log.txt,2026-03-29 17:22:39
2026-03-29,17:27:39,-2.875,-109.125,-102.00000000000001,548.375,20260805_soil_log.txt,2026-03-29 17:27:39
2026-03-29,17:32:39,-1.75,-109.125,-101.87500000000001,529.0,20260805_soil_log.txt,2026-03-29 17:32:39
2026-03-29,17:37:39,-1.0,-109.0,-101.87500000000001,534.625,20260805_soil_log.txt,2026-03-29 17:37:39
2026-03-29,17:42:40,-1.0,-109.0,-101.87500000000001,528.875,20260805_soil_log.txt,2026-03-29 17:42:40
2026-03-29,17:47:40,-1.25,-108.875,-101.87500000000001,549.5,20260805_soil_log.txt,2026-03-29 17:47:40
2026-03-29,17:52:40,-2.0,-108.875,-101.87500000000001,551.0,20260805_soil_log.txt,2026-03-29 17:52:40
2026-03-29,17:57:40,-2.875,-108.875,-101.87500000000001,542.625,20260805_soil_log.txt,2026-03-29 17:57:40
2026-03-29,18:02:40,-1.375,-108.75,-101.87500000000001,531.5,20260805_soil_log.txt,2026-03-29 18:02:40
2026-03-29,18:07:41,-1.0,-108.75,-101.87500000000001,526.5,20260805_soil_log.txt,2026-03-29 18:07:41
2026-03-29,18:12:41,-2.75,-108.625,-101.87500000000001,551.125,20260805_soil_log.txt,2026-03-29 18:12:41
2026-03-29,18:17:41,-0.5,-108.625,-101.75,533.7500000000001,20260805_soil_log.txt,2026-03-29 18:17:41
2026-03-29,18:22:41,-0.875,-108.625,-101.75,546.0,20260805_soil_log.txt,2026-03-29 18:22:41
2026-03-29,18:27:42,-2.875,-108.5,-101.75,527.1250000000001,20260805_soil_log.txt,2026-03-29 18:27:42
2026-03-29,18:32:42,-1.6250000000000002,-108.375,-101.75,548.0,20260805_soil_log.txt,2026-03-29 18:32:42
2026-03-29,18:37:42,-0.5,-108.375,-101.75,532.375,20260805_soil_log.txt,2026-03-29 18:37:42
2026-03-29,18:42:42,-1.6250000000000002,-108.25,-101.75,527.0,20260805_soil_log.txt,2026-03-29 18:42:42
2026-03-29,18:47:43,-2.2500000000000004,-108.25,-101.625,547.75,20260805_soil_log.txt,2026-03-29 18:47:43
2026-03-29,18:52:43,-0.375,-108.25,-101.75,529.375,20260805_soil_log.txt,2026-03-29 18:52:43
2026-03-29,18:57:43,-2.375,-108.125,-101.625,538.875,20260805_soil_log.txt,2026-03-29 18:57:43
2026-03-29,19:02:43,-1.25,-108.0,-101.625,529.125,20260805_soil_log.txt,2026-03-29 19:02:43
2026-03-29,19:07:43,-0.25,-108.0,-101.625,543.125,20260805_soil_log.txt,2026-03-29 19:07:43
2026-03-29,19:12:44,-0.25,-107.875,-101.625,543.0,20260805_soil_log.txt,2026-03-29 19:12:44
2026-03-29,19:17:44,-2.375,-107.75,-101.625,538.7500000000001,20260805_soil_log.txt,2026-03-29 19:17:44
2026-03-29,19:22:44,-1.5,-107.75,-101.5,552.0,20260805_soil_log.txt,2026-03-29 19:22:44
2026-03-29,19:27:44,-1.875,-107.625,-101.625,531.0,20260805_soil_log.txt,2026-03-29 19:27:44
2026-03-29,19:32:44,0.75,-107.625,-101.5,538.625,20260805_soil_log.txt,2026-03-29 19:32:44
2026-03-29,19:37:45,0.75,-107.625,-101.5,542.0,20260805_soil_log.txt,2026-03-29 19:37:45
2026-03-29,19:42:45,-1.75,-107.5,-101.375,550.25,20260805_soil_log.txt,2026-03-29 19:42:45
2026-03-29,19:47:45,0.375,-107.5,-101.25,531.75,20260805_soil_log.txt,2026-03-29 19:47:45
2026-03-29,19:52:45,0.75,-107.375,-101.375,549.875,20260805_soil_log.txt,2026-03-29 19:52:45
2026-03-29,19:57:45,0.125,-107.375,-101.375,538.125,20260805_soil_log.txt,2026-03-29 19:57:45
2026-03-29,20:02:46,0.0,-107.25,-101.375,531.25,20260805_soil_log.txt,2026-03-29 20:02:46
2026-03-29,20:07:46,0.625,-107.25,-101.25,544.0,20260805_soil_log.txt,2026-03-29 20:07:46
2026-03-29,20:12:46,-1.25,-107.25,-101.25,530.75,20260805_soil_log.txt,2026-03-29 20:12:46
2026-03-29,20:17:46,-1.6250000000000002,-107.125,-101.375,552.125,20260805_soil_log.txt,2026-03-29 20:17:46
2026-03-29,20:22:47,-1.75,-107.125,-101.25,529.75,20260805_soil_log.txt,2026-03-29 20:22:47
2026-03-29,20:27:47,-1.1250000000000002,-107.125,-101.25,528.5,20260805_soil_log.txt,2026-03-29 20:27:47
2026-03-29,20:32:47,-2.2500000000000004,-107.0,-101.25,547.25,20260805_soil_log.txt,2026-03-29 20:32:47
2026-03-29,20:37:47,-0.625,-107.0,-101.125,551.625,20260805_soil_log.txt,2026-03-29 20:37:47
2026-03-29,20:42:47,-0.375,-106.875,-101.125,540.0,20260805_soil_log.txt,2026-03-29 20:42:47
2026-03-29,20:47:48,-1.375,-106.75,-101.0,553.0,20260805_soil_log.txt,2026-03-29 20:47:48
2026-03-29,20:52:48,-2.5,-106.625,-101.0,535.7500000000001,20260805_soil_log.txt,2026-03-29 20:52:48
2026-03-29,20:57:48,-0.875,-106.75,-101.0,527.875,20260805_soil_log.txt,2026-03-29 20:57:48
2026-03-29,21:02:48,-1.1250000000000002,-106.625,-101.0,528.25,20260805_soil_log.txt,2026-03-29 21:02:48
2026-03-29,21:07:48,-0.875,-106.5,-100.875,553.5,20260805_soil_log.txt,2026-03-29 21:07:48
2026-03-29,21:12:49,-0.875,-106.5,-100.875,529.125,20260805_soil_log.txt,2026-03-29 21:12:49
2026-03-29,21:17:49,-2.375,-106.375,-101.0,549.0,20260805_soil_log.txt,2026-03-29 21:17:49
2026-03-29,21:22:49,-1.375,-106.5,-100.875,528.75,20260805_soil_log.txt,2026-03-29 21:22:49
2026-03-29,21:27:49,-2.5,-106.375,-100.75,542.0,20260805_soil_log.txt,2026-03-29 21:27:49
2026-03-29,21:32:50,-2.625,-106.25,-100.75,544.625,20260805_soil_log.txt,2026-03-29 21:32:50
2026-03-29,21:37:50,-2.5,-106.25,-100.75,539.875,20260805_soil_log.txt,2026-03-29 21:37:50
2026-03-29,21:42:50,-2.375,-106.125,-100.75,530.5,20260805_soil_log.txt,2026-03-29 21:42:50
2026-03-29,21:47:50,-3.0,-106.125,-100.75,542.125,20260805_soil_log.txt,2026-03-29 21:47:50
2026-03-29,21:52:51,-2.375,-106.0,-100.625,549.875,20260805_soil_log.txt,2026-03-29 21:52:51
2026-03-29,21:57:51,0.125,-106.0,-100.625,547.25,20260805_soil_log.txt,2026-03-29 21:57:51
2026-03-29,22:02:51,-1.1250000000000002,-105.875,-100.5,528.625,20260805_soil_log.txt,2026-03-29 22:02:51
2026-03-29,22:07:51,-0.625,-105.875,-100.625,553.75,20260805_soil_log.txt,2026-03-29 22:07:51
2026-03-29,22:12:51,-2.125,-105.75,-100.625,539.25,20260805_soil_log.txt,2026-03-29 22:12:51
2026-03-29,22:17:52,-1.6250000000000002,-105.75,-100.5,546.75,20260805_soil_log.txt,2026-03-29 22:17:52
2026-03-29,22:22:52,-1.6250000000000002,-105.625,-100.5,546.75,20260805_soil_log.txt,2026-03-29 22:22:52
2026-03-29,22:27:52,-1.25,-105.625,-100.5,553.75,20260805_soil_log.txt,2026-03-29 22:27:52
2026-03-29,22:32:52,-0.625,-105.5,-100.375,529.375,20260805_soil_log.txt,2026-03-29 22:32:52
2026-03-29,22:37:53,1.375,-105.5,-100.5,531.625,20260805_soil_log.txt,2026-03-29 22:37:53
2026-03-29,22:42:53,-1.6250000000000002,-105.375,-100.375,533.7500000000001,20260805_soil_log.txt,2026-03-29 22:42:53
2026-03-29,22:47:53,0.125,-105.25,-100.375,529.125,20260805_soil_log.txt,2026-03-29 22:47:53
2026-03-29,22:52:53,-1.5,-105.125,-100.375,543.0,20260805_soil_log.txt,2026-03-29 22:52:53
2026-03-29,22:57:53,-0.75,-105.125,-100.25,529.625,20260805_soil_log.txt,2026-03-29 22:57:53
2026-03-29,23:02:54,0.375,-105.0,-100.25,552.125,20260805_soil_log.txt,2026-03-29 23:02:54
2026-03-29,23:07:54,-0.125,-105.0,-100.25,547.125,20260805_soil_log.txt,2026-03-29 23:07:54
2026-03-29,23:12:54,0.625,-104.875,-100.25,532.75,20260805_soil_log.txt,2026-03-29 23:12:54
2026-03-29,23:17:54,-0.375,-104.875,-100.25,529.625,20260805_soil_log.txt,2026-03-29 23:17:54
2026-03-29,23:22:55,1.1250000000000002,-104.875,-100.25,544.125,20260805_soil_log.txt,2026-03-29 23:22:55
2026-03-29,23:27:55,-1.25,-104.875,-100.125,531.625,20260805_soil_log.txt,2026-03-29 23:27:55
2026-03-29,23:32:55,0.75,-104.75,-100.25,537.625,20260805_soil_log.txt,2026-03-29 23:32:55
2026-03-29,23:37:55,-1.25,-104.625,-100.25,552.625,20260805_soil_log.txt,2026-03-29 23:37:55
2026-03-29,23:42:56,1.25,-104.625,-100.125,545.5,20260805_soil_log.txt,2026-03-29 23:42:56
2026-03-29,23:47:56,-1.5,-104.625,-100.125,539.5,20260805_soil_log.txt,2026-03-29 23:47:56
2026-03-29,23:52:56,0.375,-104.5,-100.125,553.125,20260805_soil_log.txt,2026-03-29 23:52:56
2026-03-29,23:57:56,-0.375,-104.375,-100.125,533.125,20260805_soil_log.txt,2026-03-29 23:57:56
2026-03-30,00:02:56,-1.6250000000000002,-104.25,-100.0,547.25,20260805_soil_log.txt,2026-03-30 00:02:56
2026-03-30,00:07:57,-1.25,-104.25,-100.0,546.5,20260805_soil_log.txt,2026-03-30 00:07:57
2026-03-30,00:12:57,-1.1250000000000002,-104.25,-100.0,537.25,20260805_soil_log.txt,2026-03-30 00:12:57
2026-03-30,00:17:57,1.6250000000000002,-104.25,-100.0,533.125,20260805_soil_log.txt,2026-03-30 00:17:57
2026-03-30,00:22:57,0.375,-104.25,-99.875,533.5,20260805_soil_log.txt,2026-03-30 00:22:57
2026-03-30,00:27:58,1.5,-104.125,-99.875,544.75,20260805_soil_log.txt,2026-03-30 00:27:58
2026-03-30,00:32:58,0.125,-104.00000000000001,-99.875,528.75,20260805_soil_log.txt,2026-03-30 00:32:58
2026-03-30,00:37:58,0.5,-104.00000000000001,-99.875,552.625,20260805_soil_log.txt,2026-03-30 00:37:58
2026-03-30,00:42:58,-0.375,-104.00000000000001,-99.75,552.125,20260805_soil_log.txt,2026-03-30 00:42:58
2026-03-30,00:47:58,-1.0,-103.87500000000001,-99.75,534.875,20260805_soil_log.txt,2026-03-30 00:47:58
2026-03-30,00:52:59,-1.0,-103.87500000000001,-99.625,551.0,20260805_soil_log.txt,2026-03-30 00:52:59
2026-03-30,00:57:59,0.25,-103.75000000000001,-99.75,531.875,20260805_soil_log.txt,2026-03-30 00:57:59
2026-03-30,01:02:59,1.5,-103.62500000000001,-99.625,548.375,20260805_soil_log.txt,2026-03-30 01:02:59
2026-03-30,01:07:59,0.125,-103.62500000000001,-99.625,531.75,20260805_soil_log.txt,2026-03-30 01:07:59
2026-03-30,01:12:59,-0.25,-103.50000000000001,-99.625,530.0,20260805_soil_log.txt,2026-03-30 01:12:59
2026-03-30,01:18:00,0.0,-103.37500000000001,-99.5,554.125,20260805_soil_log.txt,2026-03-30 01:18:00
2026-03-30,01:23:00,-1.1250000000000002,-103.37500000000001,-99.5,532.375,20260805_soil_log.txt,2026-03-30 01:23:00
2026-03-30,01:28:00,-1.6250000000000002,-103.25000000000001,-99.5,545.25,20260805_soil_log.txt,2026-03-30 01:28:00
2026-03-30,01:33:00,1.5,-103.25000000000001,-99.5,545.5,20260805_soil_log.txt,2026-03-30 01:33:00
2026-03-30,01:38:00,0.5,-103.25000000000001,-99.375,531.375,20260805_soil_log.txt,2026-03-30 01:38:00
2026-03-30,01:43:01,1.25,-103.12500000000001,-99.375,542.625,20260805_soil_log.txt,2026-03-30 01:43:01
2026-03-30,01:48:01,-0.125,-103.12500000000001,-99.375,531.875,20260805_soil_log.txt,2026-03-30 01:48:01
2026-03-30,01:53:01,-1.6250000000000002,-103.00000000000001,-99.25,543.7500000000001,20260805_soil_log.txt,2026-03-30 01:53:01
2026-03-30,01:58:01,0.125,-102.87500000000001,-99.375,530.25,20260805_soil_log.txt,2026-03-30 01:58:01
2026-03-30,02:03:02,0.75,-102.87500000000001,-99.25,549.75,20260805_soil_log.txt,2026-03-30 02:03:02
2026-03-30,02:08:02,-0.875,-102.75000000000001,-99.25,544.75,20260805_soil_log.txt,2026-03-30 02:08:02
2026-03-30,02:13:02,-0.625,-102.75000000000001,-99.25,531.5,20260805_soil_log.txt,2026-03-30 02:13:02
2026-03-30,02:18:02,1.75,-102.75000000000001,-99.25,534.25,20260805_soil_log.txt,2026-03-30 02:18:02
2026-03-30,02:23:02,2.0,-102.75000000000001,-99.25,538.7500000000001,20260805_soil_log.txt,2026-03-30 02:23:02
2026-03-30,02:28:03,1.875,-102.75000000000001,-99.125,533.875,20260805_soil_log.txt,2026-03-30 02:28:03
2026-03-30,02:33:03,1.875,-102.62500000000001,-99.125,533.25,20260805_soil_log.txt,2026-03-30 02:33:03
2026-03-30,02:38:03,0.625,-102.62500000000001,-99.125,554.75,20260805_soil_log.txt,2026-03-30 02:38:03
2026-03-30,02:43:03,1.6250000000000002,-102.62500000000001,-99.125,542.0,20260805_soil_log.txt,2026-03-30 02:43:03
2026-03-30,02:48:03,1.0,-102.50000000000001,-99.0,552.125,20260805_soil_log.txt,2026-03-30 02:48:03
2026-03-30,02:53:04,0.75,-102.50000000000001,-99.0,552.25,20260805_soil_log.txt,2026-03-30 02:53:04
2026-03-30,02:58:04,-0.875,-102.50000000000001,-99.0,539.0,20260805_soil_log.txt,2026-03-30 02:58:04
2026-03-30,03:03:04,0.875,-102.37500000000001,-99.0,554.5,20260805_soil_log.txt,2026-03-30 03:03:04
2026-03-30,03:08:04,1.375,-102.37500000000001,-99.0,547.125,20260805_soil_log.txt,2026-03-30 03:08:04
2026-03-30,03:13:04,-1.1250000000000002,-102.25000000000001,-98.875,546.5,20260805_soil_log.txt,2026-03-30 03:13:04
2026-03-30,03:18:05,0.75,-102.12500000000001,-98.75,531.125,20260805_soil_log.txt,2026-03-30 03:18:05
2026-03-30,03:23:05,-0.5,-102.12500000000001,-98.875,530.875,20260805_soil_log.txt,2026-03-30 03:23:05
2026-03-30,03:28:05,-0.625,-102.00000000000001,-98.75,547.375,20260805_soil_log.txt,2026-03-30 03:28:05
2026-03-30,03:33:05,-0.125,-102.00000000000001,-98.75,546.75,20260805_soil_log.txt,2026-03-30 03:33:05
2026-03-30,03:38:06,0.0,-102.00000000000001,-98.75,554.3750000000001,20260805_soil_log.txt,2026-03-30 03:38:06
2026-03-30,03:43:06,1.6250000000000002,-101.87500000000001,-98.75,541.0,20260805_soil_log.txt,2026-03-30 03:43:06
2026-03-30,03:48:06,-0.375,-101.87500000000001,-98.625,534.0,20260805_soil_log.txt,2026-03-30 03:48:06
2026-03-30,03:53:06,0.0,-101.75,-98.625,554.3750000000001,20260805_soil_log.txt,2026-03-30 03:53:06
2026-03-30,03:58:06,1.75,-101.75,-98.625,536.125,20260805_soil_log.txt,2026-03-30 03:58:06
2026-03-30,04:03:07,0.25,-101.75,-98.5,554.125,20260805_soil_log.txt,2026-03-30 04:03:07
2026-03-30,04:08:07,-1.5,-101.75,-98.375,539.7500000000001,20260805_soil_log.txt,2026-03-30 04:08:07
2026-03-30,04:13:07,1.1250000000000002,-101.75,-98.375,544.0,20260805_soil_log.txt,2026-03-30 04:13:07
2026-03-30,04:18:07,1.1250000000000002,-101.625,-98.375,534.0,20260805_soil_log.txt,2026-03-30 04:18:07
2026-03-30,04:23:08,0.75,-101.5,-98.375,530.75,20260805_soil_log.txt,2026-03-30 04:23:08
2026-03-30,04:28:08,-0.875,-101.5,-98.375,548.5,20260805_soil_log.txt,2026-03-30 04:28:08
2026-03-30,04:33:08,-1.0,-101.5,-98.25,549.625,20260805_soil_log.txt,2026-03-30 04:33:08
2026-03-30,04:38:08,1.5,-101.375,-98.25,531.625,20260805_soil_log.txt,2026-03-30 04:38:08
2026-03-30,04:43:08,-0.875,-101.25,-98.25,547.5,20260805_soil_log.txt,2026-03-30 04:43:08
2026-03-30,04:48:09,-0.75,-101.25,-98.125,550.5,20260805_soil_log.txt,2026-03-30 04:48:09
2026-03-30,04:53:09,-0.625,-101.125,-98.125,539.7500000000001,20260805_soil_log.txt,2026-03-30 04:53:09
2026-03-30,04:58:09,-0.375,-101.125,-98.125,539.25,20260805_soil_log.txt,2026-03-30 04:58:09
2026-03-30,05:03:09,1.6250000000000002,-101.0,-98.0,532.5,20260805_soil_log.txt,2026-03-30 05:03:09
2026-03-30,05:08:09,0.375,-101.0,-98.125,554.875,20260805_soil_log.txt,2026-03-30 05:08:09
2026-03-30,05:13:10,0.375,-101.0,-98.0,555.3750000000001,20260805_soil_log.txt,2026-03-30 05:13:10
2026-03-30,05:18:10,1.375,-100.875,-98.0,554.5,20260805_soil_log.txt,2026-03-30 05:18:10
2026-03-30,05:23:10,2.625,-100.75,-98.0,542.7500000000001,20260805_soil_log.txt,2026-03-30 05:23:10
2026-03-30,05:28:10,0.5,-100.75,-98.0,548.625,20260805_soil_log.txt,2026-03-30 05:28:10
2026-03-30,05:33:11,2.625,-100.625,-98.0,541.125,20260805_soil_log.txt,2026-03-30 05:33:11
2026-03-30,05:38:11,0.625,-100.625,-98.0,548.5,20260805_soil_log.txt,2026-03-30 05:38:11
2026-03-30,05:43:11,1.25,-100.625,-98.0,555.125,20260805_soil_log.txt,2026-03-30 05:43:11
2026-03-30,05:48:11,2.2500000000000004,-100.5,-98.0,551.3750000000001,20260805_soil_log.txt,2026-03-30 05:48:11
2026-03-30,05:53:11,0.75,-100.375,-97.875,533.125,20260805_soil_log.txt,2026-03-30 05:53:11
2026-03-30,05:58:12,2.375,-100.375,-97.875,548.75,20260805_soil_log.txt,2026-03-30 05:58:12
2026-03-30,06:03:12,0.75,-100.25,-97.875,546.375,20260805_soil_log.txt,2026-03-30 06:03:12
2026-03-30,06:08:12,2.2500000000000004,-100.125,-97.75,544.625,20260805_soil_log.txt,2026-03-30 06:08:12
2026-03-30,06:13:12,0.125,-100.125,-97.75,551.5,20260805_soil_log.txt,2026-03-30 06:13:12
2026-03-30,06:18:13,-0.5,-100.125,-97.75,547.5,20260805_soil_log.txt,2026-03-30 06:18:13
2026-03-30,06:23:13,1.875,-100.125,-97.875,538.375,20260805_soil_log.txt,2026-03-30 06:23:13
2026-03-30,06:28:13,0.75,-100.125,-97.875,554.3750000000001,20260805_soil_log.txt,2026-03-30 06:28:13
2026-03-30,06:33:13,0.0,-100.125,-97.75,532.625,20260805_soil_log.txt,2026-03-30 06:33:13
2026-03-30,06:38:14,1.1250000000000002,-100.0,-97.75,551.0,20260805_soil_log.txt,2026-03-30 06:38:14
2026-03-30,06:43:14,-0.125,-100.0,-97.75,530.25,20260805_soil_log.txt,2026-03-30 06:43:14
2026-03-30,06:48:14,-1.375,-99.875,-97.875,552.875,20260805_soil_log.txt,2026-03-30 06:48:14
2026-03-30,06:53:14,-1.1250000000000002,-99.875,-97.75,546.0,20260805_soil_log.txt,2026-03-30 06:53:14
2026-03-30,06:58:14,-1.1250000000000002,-99.875,-97.75,535.875,20260805_soil_log.txt,2026-03-30 06:58:14
2026-03-30,07:03:15,-1.0,-99.75,-97.75,550.625,20260805_soil_log.txt,2026-03-30 07:03:15
2026-03-30,07:08:15,-0.125,-99.75,-97.625,531.25,20260805_soil_log.txt,2026-03-30 07:08:15
2026-03-30,07:13:15,1.25,-99.75,-97.75,553.25,20260805_soil_log.txt,2026-03-30 07:13:15
2026-03-30,07:18:15,1.6250000000000002,-99.625,-97.625,546.5,20260805_soil_log.txt,2026-03-30 07:18:15
2026-03-30,07:23:16,-0.75,-99.5,-97.625,540.875,20260805_soil_log.txt,2026-03-30 07:23:16
2026-03-30,07:28:16,1.5,-99.5,-97.625,552.3750000000001,20260805_soil_log.txt,2026-03-30 07:28:16
2026-03-30,07:33:16,0.25,-99.375,-97.625,551.5,20260805_soil_log.txt,2026-03-30 07:33:16
2026-03-30,07:38:16,0.25,-99.5,-97.625,531.125,20260805_soil_log.txt,2026-03-30 07:38:16
2026-03-30,07:43:16,0.625,-99.375,-97.625,530.375,20260805_soil_log.txt,2026-03-30 07:43:16
2026-03-30,07:48:17,2.0,-99.375,-97.5,531.0,20260805_soil_log.txt,2026-03-30 07:48:17
2026-03-30,07:53:17,1.75,-99.25,-97.5,549.625,20260805_soil_log.txt,2026-03-30 07:53:17
2026-03-30,07:58:17,1.1250000000000002,-99.25,-97.625,530.0,20260805_soil_log.txt,2026-03-30 07:58:17
2026-03-30,08:03:17,1.1250000000000002,-99.25,-97.375,553.0,20260805_soil_log.txt,2026-03-30 08:03:17
2026-03-30,08:08:18,3.5,-99.25,-97.375,529.875,20260805_soil_log.txt,2026-03-30 08:08:18
2026-03-30,08:13:18,1.875,-99.25,-97.375,533.7500000000001,20260805_soil_log.txt,2026-03-30 08:13:18
2026-03-30,08:18:18,3.125,-99.125,-97.375,550.0,20260805_soil_log.txt,2026-03-30 08:18:18
2026-03-30,08:23:18,2.75,-99.125,-97.375,549.875,20260805_soil_log.txt,2026-03-30 08:23:18
2026-03-30,08:28:18,2.625,-99.125,-97.25,533.875,20260805_soil_log.txt,2026-03-30 08:28:18
2026-03-30,08:33:19,2.0,-99.0,-97.25,547.875,20260805_soil_log.txt,2026-03-30 08:33:19
2026-03-30,08:38:19,3.625,-99.0,-97.25,538.625,20260805_soil_log.txt,2026-03-30 08:38:19
2026-03-30,08:43:19,2.875,-98.875,-97.25,538.625,20260805_soil_log.txt,2026-03-30 08:43:19
2026-03-30,08:48:19,1.375,-98.875,-97.125,547.25,20260805_soil_log.txt,2026-03-30 08:48:19
2026-03-30,08:53:20,2.75,-98.75,-97.125,553.3750000000001,20260805_soil_log.txt,2026-03-30 08:53:20
2026-03-30,08:58:20,1.875,-98.625,-97.125,551.5,20260805_soil_log.txt,2026-03-30 08:58:20
2026-03-30,09:03:20,3.625,-98.625,-97.125,537.375,20260805_soil_log.txt,2026-03-30 09:03:20
2026-03-30,09:08:20,2.375,-98.75,-97.0,551.0,20260805_soil_log.txt,2026-03-30 09:08:20
2026-03-30,09:13:20,2.5,-98.625,-97.0,550.875,20260805_soil_log.txt,2026-03-30 09:13:20
2026-03-30,09:18:21,3.125,-98.625,-97.0,553.0,20260805_soil_log.txt,2026-03-30 09:18:21
2026-03-30,09:23:21,2.125,-98.625,-97.0,553.3750000000001,20260805_soil_log.txt,2026-03-30 09:23:21
2026-03-30,09:28:21,1.75,-98.5,-97.0,536.375,20260805_soil_log.txt,2026-03-30 09:28:21
2026-03-30,09:33:21,2.125,-98.5,-97.0,539.0,20260805_soil_log.txt,2026-03-30 09:33:21
2026-03-30,09:38:22,2.125,-98.5,-97.0,533.7500000000001,20260805_soil_log.txt,2026-03-30 09:38:22
2026-03-30,09:43:22,2.0,-98.5,-97.0,553.25,20260805_soil_log.txt,2026-03-30 09:43:22
2026-03-30,09:48:22,3.125,-98.375,-97.0,551.625,20260805_soil_log.txt,2026-03-30 09:48:22
2026-03-30,09:53:22,2.5,-98.375,-97.0,532.5,20260805_soil_log.txt,2026-03-30 09:53:22
2026-03-30,09:58:22,2.0,-98.375,-96.875,537.125,20260805_soil_log.txt,2026-03-30 09:58:22
2026-03-30,10:03:23,2.375,-98.25,-96.875,553.75,20260805_soil_log.txt,2026-03-30 10:03:23
2026-03-30,10:08:23,2.375,-98.25,-96.875,532.625,20260805_soil_log.txt,2026-03-30 10:08:23
2026-03-30,10:13:23,2.0,-98.125,-96.875,539.125,20260805_soil_log.txt,2026-03-30 10:13:23
2026-03-30,10:18:23,2.5,-98.125,-96.875,553.3750000000001,20260805_soil_log.txt,2026-03-30 10:18:23
2026-03-30,10:23:24,2.2500000000000004,-98.125,-96.75,542.5,20260805_soil_log.txt,2026-03-30 10:23:24
2026-03-30,10:28:24,3.2500000000000004,-98.0,-96.75,531.5,20260805_soil_log.txt,2026-03-30 10:28:24
2026-03-30,10:33:24,2.5,-98.0,-96.75,547.375,20260805_soil_log.txt,2026-03-30 10:33:24
2026-03-30,10:38:24,4.0,-98.0,-96.625,535.5,20260805_soil_log.txt,2026-03-30 10:38:24
2026-03-30,10:43:24,4.25,-97.875,-96.75,541.7500000000001,20260805_soil_log.txt,2026-03-30 10:43:24
2026-03-30,10:48:25,4.125,-97.75,-96.75,530.75,20260805_soil_log.txt,2026-03-30 10:48:25
2026-03-30,10:53:25,4.25,-97.75,-96.625,530.125,20260805_soil_log.txt,2026-03-30 10:53:25
2026-03-30,10:58:25,4.375,-97.75,-96.625,536.0,20260805_soil_log.txt,2026-03-30 10:58:25
2026-03-30,11:03:25,4.625,-97.75,-96.625,539.25,20260805_soil_log.txt,2026-03-30 11:03:25
2026-03-30,11:08:26,4.625,-97.625,-96.5,538.625,20260805_soil_log.txt,2026-03-30 11:08:26
2026-03-30,11:13:26,4.25,-97.625,-96.5,543.625,20260805_soil_log.txt,2026-03-30 11:13:26
2026-03-30,11:18:26,2.625,-97.5,-96.5,550.25,20260805_soil_log.txt,2026-03-30 11:18:26
2026-03-30,11:23:26,4.75,-97.5,-96.5,552.625,20260805_soil_log.txt,2026-03-30 11:23:26
2026-03-30,11:28:26,4.25,-97.5,-96.5,535.375,20260805_soil_log.txt,2026-03-30 11:28:26
2026-03-30,11:33:27,5.25,-97.5,-96.5,542.0,20260805_soil_log.txt,2026-03-30 11:33:27
2026-03-30,11:38:27,3.375,-97.375,-96.5,548.625,20260805_soil_log.txt,2026-03-30 11:38:27
2026-03-30,11:43:27,3.875,-97.375,-96.375,532.625,20260805_soil_log.txt,2026-03-30 11:43:27
2026-03-30,11:48:27,3.2500000000000004,-97.375,-96.375,546.75,20260805_soil_log.txt,2026-03-30 11:48:27
2026-03-30,11:53:28,4.75,-97.25,-96.375,532.625,20260805_soil_log.txt,2026-03-30 11:53:28
2026-03-30,11:58:28,5.0,-97.125,-96.25,549.125,20260805_soil_log.txt,2026-03-30 11:58:28
2026-03-30,12:03:28,5.125,-97.0,-96.375,540.125,20260805_soil_log.txt,2026-03-30 12:03:28
2026-03-30,12:08:28,3.625,-97.0,-96.25,553.75,20260805_soil_log.txt,2026-03-30 12:08:28
2026-03-30,12:13:28,3.75,-97.0,-96.25,531.125,20260805_soil_log.txt,2026-03-30 12:13:28
2026-03-30,12:18:29,4.0,-96.875,-96.25,553.25,20260805_soil_log.txt,2026-03-30 12:18:29
2026-03-30,12:23:29,3.0,-96.875,-96.25,542.5,20260805_soil_log.txt,2026-03-30 12:23:29
2026-03-30,12:28:29,3.0,-96.75,-96.25,547.75,20260805_soil_log.txt,2026-03-30 12:28:29
2026-03-30,12:33:29,3.625,-96.75,-96.25,553.5,20260805_soil_log.txt,2026-03-30 12:33:29
2026-03-30,12:38:29,4.0,-96.625,-96.25,553.3750000000001,20260805_soil_log.txt,2026-03-30 12:38:29
2026-03-30,12:43:30,5.0,-96.625,-96.25,536.625,20260805_soil_log.txt,2026-03-30 12:43:30
2026-03-30,12:48:30,4.375,-96.625,-96.375,553.25,20260805_soil_log.txt,2026-03-30 12:48:30
2026-03-30,12:53:30,4.875,-96.625,-96.25,551.875,20260805_soil_log.txt,2026-03-30 12:53:30
2026-03-30,12:58:30,4.875,-96.625,-96.25,550.25,20260805_soil_log.txt,2026-03-30 12:58:30
2026-03-30,13:03:30,3.625,-96.625,-96.25,533.25,20260805_soil_log.txt,2026-03-30 13:03:30
2026-03-30,13:08:31,4.75,-96.5,-96.25,553.25,20260805_soil_log.txt,2026-03-30 13:08:31
2026-03-30,13:13:31,4.500000000000001,-96.5,-96.25,552.5,20260805_soil_log.txt,2026-03-30 13:13:31
2026-03-30,13:18:31,3.375,-96.5,-96.25,535.875,20260805_soil_log.txt,2026-03-30 13:18:31
2026-03-30,13:23:31,5.125,-96.375,-96.125,548.125,20260805_soil_log.txt,2026-03-30 13:23:31
2026-03-30,13:28:31,3.2500000000000004,-96.375,-96.125,540.0,20260805_soil_log.txt,2026-03-30 13:28:31
2026-03-30,13:33:32,5.25,-96.375,-96.125,540.5,20260805_soil_log.txt,2026-03-30 13:33:32
2026-03-30,13:38:32,5.125,-96.375,-96.125,548.25,20260805_soil_log.txt,2026-03-30 13:38:32
2026-03-30,13:43:32,4.625,-96.25,-96.125,529.875,20260805_soil_log.txt,2026-03-30 13:43:32
2026-03-30,13:48:32,5.25,-96.25,-96.125,544.0,20260805_soil_log.txt,2026-03-30 13:48:32
2026-03-30,13:53:33,3.375,-96.125,-96.0,548.375,20260805_soil_log.txt,2026-03-30 13:53:33
2026-03-30,13:58:33,3.75,-96.0,-96.0,553.0,20260805_soil_log.txt,2026-03-30 13:58:33
2026-03-30,14:03:33,4.500000000000001,-96.0,-96.0,531.75,20260805_soil_log.txt,2026-03-30 14:03:33
2026-03-30,14:08:33,5.5,-96.0,-96.0,532.125,20260805_soil_log.txt,2026-03-30 14:08:33
2026-03-30,14:13:33,5.625,-95.875,-95.875,534.125,20260805_soil_log.txt,2026-03-30 14:13:33
2026-03-30,14:18:34,4.500000000000001,-95.875,-95.875,553.75,20260805_soil_log.txt,2026-03-30 14:18:34
2026-03-30,14:23:34,5.875,-95.875,-95.875,551.625,20260805_soil_log.txt,2026-03-30 14:23:34
2026-03-30,14:28:34,4.25,-95.75,-95.75,552.75,20260805_soil_log.txt,2026-03-30 14:28:34
2026-03-30,14:33:34,4.125,-95.625,-95.875,529.5,20260805_soil_log.txt,2026-03-30 14:33:34
2026-03-30,14:38:34,4.25,-95.625,-95.875,545.625,20260805_soil_log.txt,2026-03-30 14:38:34
2026-03-30,14:43:35,4.625,-95.625,-95.75,552.5,20260805_soil_log.txt,2026-03-30 14:43:35
2026-03-30,14:48:35,6.125,-95.5,-95.75,547.75,20260805_soil_log.txt,2026-03-30 14:48:35
2026-03-30,14:53:35,6.25,-95.375,-95.75,534.25,20260805_soil_log.txt,2026-03-30 14:53:35
2026-03-30,14:58:35,6.375000000000001,-95.375,-95.625,544.25,20260805_soil_log.txt,2026-03-30 14:58:35
2026-03-30,15:03:36,6.500000000000001,-95.375,-95.625,540.0,20260805_soil_log.txt,2026-03-30 15:03:36
2026-03-30,15:08:36,5.625,-95.25,-95.625,531.375,20260805_soil_log.txt,2026-03-30 15:08:36
2026-03-30,15:13:36,4.75,-95.125,-95.625,546.375,20260805_soil_log.txt,2026-03-30 15:13:36
2026-03-30,15:18:36,6.500000000000001,-95.125,-95.5,531.625,20260805_soil_log.txt,2026-03-30 15:18:36
2026-03-30,15:23:37,4.875,-95.125,-95.5,536.5,20260805_soil_log.txt,2026-03-30 15:23:37
2026-03-30,15:28:37,6.500000000000001,-95.125,-95.5,531.5,20260805_soil_log.txt,2026-03-30 15:28:37
2026-03-30,15:33:37,4.75,-95.0,-95.5,548.25,20260805_soil_log.txt,2026-03-30 15:33:37
2026-03-30,15:38:37,6.125,-94.875,-95.5,553.625,20260805_soil_log.txt,2026-03-30 15:38:37
2026-03-30,15:43:37,4.875,-95.0,-95.5,536.5,20260805_soil_log.txt,2026-03-30 15:43:37
2026-03-30,15:48:38,6.25,-94.875,-95.5,551.5,20260805_soil_log.txt,2026-03-30 15:48:38
2026-03-30,15:53:38,5.125,-94.75,-95.5,549.25,20260805_soil_log.txt,2026-03-30 15:53:38
2026-03-30,15:58:38,6.875,-94.875,-95.375,551.75,20260805_soil_log.txt,2026-03-30 15:58:38
2026-03-30,16:03:38,5.75,-94.75,-95.375,553.5,20260805_soil_log.txt,2026-03-30 16:03:38
2026-03-30,16:08:39,6.25,-94.75,-95.375,531.375,20260805_soil_log.txt,2026-03-30 16:08:39
2026-03-30,16:13:39,6.375000000000001,-94.75,-95.375,530.0,20260805_soil_log.txt,2026-03-30 16:13:39
2026-03-30,16:18:39,5.25,-94.625,-95.25,553.5,20260805_soil_log.txt,2026-03-30 16:18:39
2026-03-30,16:23:39,5.0,-94.5,-95.25,537.875,20260805_soil_log.txt,2026-03-30 16:23:39
2026-03-30,16:28:40,6.500000000000001,-94.5,-95.25,549.3750000000001,20260805_soil_log.txt,2026-03-30 16:28:40
2026-03-30,16:33:40,6.125,-94.375,-95.25,531.0,20260805_soil_log.txt,2026-03-30 16:33:40
2026-03-30,16:38:40,5.75,-94.625,-95.125,531.25,20260805_soil_log.txt,2026-03-30 16:38:40
2026-03-30,16:43:40,7.125,-94.375,-95.125,544.25,20260805_soil_log.txt,2026-03-30 16:43:40
2026-03-30,16:48:40,4.875,-94.375,-95.125,549.25,20260805_soil_log.txt,2026-03-30 16:48:40
2026-03-30,16:53:41,5.125,-94.375,-95.125,554.125,20260805_soil_log.txt,2026-03-30 16:53:41
2026-03-30,16:58:41,6.625,-94.25,-95.125,549.3750000000001,20260805_soil_log.txt,2026-03-30 16:58:41
2026-03-30,17:03:41,6.25,-94.25,-95.125,549.625,20260805_soil_log.txt,2026-03-30 17:03:41
2026-03-30,17:08:41,4.500000000000001,-94.25,-95.125,534.875,20260805_soil_log.txt,2026-03-30 17:08:41
2026-03-30,17:13:42,6.0,-94.25,-95.125,530.625,20260805_soil_log.txt,2026-03-30 17:13:42
2026-03-30,17:18:42,4.500000000000001,-94.125,-95.125,551.125,20260805_soil_log.txt,2026-03-30 17:18:42
2026-03-30,17:23:42,6.375000000000001,-94.125,-95.125,551.0,20260805_soil_log.txt,2026-03-30 17:23:42
2026-03-30,17:28:42,6.375000000000001,-94.125,-95.125,532.375,20260805_soil_log.txt,2026-03-30 17:28:42
2026-03-30,17:33:42,4.625,-94.0,-95.125,552.625,20260805_soil_log.txt,2026-03-30 17:33:42
2026-03-30,17:38:43,6.625,-94.0,-95.125,544.5,20260805_soil_log.txt,2026-03-30 17:38:43
2026-03-30,17:43:43,6.25,-93.875,-95.0,533.25,20260805_soil_log.txt,2026-03-30 17:43:43
2026-03-30,17:48:43,6.500000000000001,-93.875,-95.0,545.25,20260805_soil_log.txt,2026-03-30 17:48:43
2026-03-30,17:53:43,4.500000000000001,-93.875,-95.0,548.25,20260805_soil_log.txt,2026-03-30 17:53:43
2026-03-30,17:58:44,5.625,-93.75,-94.875,553.75,20260805_soil_log.txt,2026-03-30 17:58:44
2026-03-30,18:03:44,4.375,-93.75,-94.875,534.875,20260805_soil_log.txt,2026-03-30 18:03:44
2026-03-30,18:08:44,6.0,-93.75,-94.875,537.125,20260805_soil_log.txt,2026-03-30 18:08:44
2026-03-30,18:13:44,5.5,-93.75,-94.875,553.625,20260805_soil_log.txt,2026-03-30 18:13:44
2026-03-30,18:18:44,6.500000000000001,-93.75,-94.875,537.5,20260805_soil_log.txt,2026-03-30 18:18:44
2026-03-30,18:23:45,4.875,-93.625,-94.875,551.875,20260805_soil_log.txt,2026-03-30 18:23:45
2026-03-30,18:28:45,5.25,-93.5,-94.75,553.875,20260805_soil_log.txt,2026-03-30 18:28:45
2026-03-30,18:33:45,6.75,-93.375,-94.75,552.3750000000001,20260805_soil_log.txt,2026-03-30 18:33:45
2026-03-30,18:38:45,6.75,-93.375,-94.875,536.625,20260805_soil_log.txt,2026-03-30 18:38:45
2026-03-30,18:43:46,6.375000000000001,-93.375,-94.75,553.75,20260805_soil_log.txt,2026-03-30 18:43:46
2026-03-30,18:48:46,5.0,-93.375,-94.75,553.25,20260805_soil_log.txt,2026-03-30 18:48:46
2026-03-30,18:53:46,5.625,-93.375,-94.75,554.0,20260805_soil_log.txt,2026-03-30 18:53:46
2026-03-30,18:58:46,5.125,-93.375,-94.875,554.0,20260805_soil_log.txt,2026-03-30 18:58:46
2026-03-30,19:03:46,5.25,-93.25,-94.75,552.3750000000001,20260805_soil_log.txt,2026-03-30 19:03:46
2026-03-30,19:08:47,5.25,-93.125,-94.75,547.5,20260805_soil_log.txt,2026-03-30 19:08:47
2026-03-30,19:13:47,7.125,-93.125,-94.75,540.7500000000001,20260805_soil_log.txt,2026-03-30 19:13:47
2026-03-30,19:18:47,7.125,-93.125,-94.75,537.5,20260805_soil_log.txt,2026-03-30 19:18:47
2026-03-30,19:23:47,6.500000000000001,-93.125,-94.75,554.625,20260805_soil_log.txt,2026-03-30 19:23:47
2026-03-30,19:28:48,5.875,-93.125,-94.75,536.625,20260805_soil_log.txt,2026-03-30 19:28:48
2026-03-30,19:33:48,5.5,-93.0,-94.625,535.0,20260805_soil_log.txt,2026-03-30 19:33:48
2026-03-30,19:38:48,5.5,-93.0,-94.625,550.3750000000001,20260805_soil_log.txt,2026-03-30 19:38:48
2026-03-30,19:43:48,6.375000000000001,-92.875,-94.625,554.3750000000001,20260805_soil_log.txt,2026-03-30 19:43:48
2026-03-30,19:48:48,6.375000000000001,-92.875,-94.625,531.75,20260805_soil_log.txt,2026-03-30 19:48:48
2026-03-30,19:53:49,6.125,-92.75,-94.625,535.25,20260805_soil_log.txt,2026-03-30 19:53:49
2026-03-30,19:58:49,6.625,-92.75,-94.5,530.375,20260805_soil_log.txt,2026-03-30 19:58:49
2026-03-30,20:03:49,7.375000000000001,-92.75,-94.5,548.625,20260805_soil_log.txt,2026-03-30 20:03:49
2026-03-30,20:08:49,5.125,-92.75,-94.375,543.375,20260805_soil_log.txt,2026-03-30 20:08:49
2026-03-30,20:13:49,6.500000000000001,-92.625,-94.375,531.0,20260805_soil_log.txt,2026-03-30 20:13:49
2026-03-30,20:18:50,5.125,-92.625,-94.5,530.125,20260805_soil_log.txt,2026-03-30 20:18:50
2026-03-30,20:23:50,5.125,-92.625,-94.375,532.25,20260805_soil_log.txt,2026-03-30 20:23:50
2026-03-30,20:28:50,6.0,-92.5,-94.375,536.5,20260805_soil_log.txt,2026-03-30 20:28:50
2026-03-30,20:33:50,7.5,-92.5,-94.375,546.875,20260805_soil_log.txt,2026-03-30 20:33:50
2026-03-30,20:38:51,5.625,-92.5,-94.375,540.875,20260805_soil_log.txt,2026-03-30 20:38:51
2026-03-30,20:43:51,7.75,-92.5,-94.375,552.25,20260805_soil_log.txt,2026-03-30 20:43:51
2026-03-30,20:48:51,7.625,-92.375,-94.25,549.3750000000001,20260805_soil_log.txt,2026-03-30 20:48:51
2026-03-30,20:53:51,6.0,-92.375,-94.25,535.875,20260805_soil_log.txt,2026-03-30 20:53:51
2026-03-30,20:58:51,6.625,-92.25,-94.25,531.125,20260805_soil_log.txt,2026-03-30 20:58:51
2026-03-30,21:03:52,6.75,-92.125,-94.25,554.3750000000001,20260805_soil_log.txt,2026-03-30 21:03:52
2026-03-30,21:08:52,8.5,-92.125,-94.125,540.875,20260805_soil_log.txt,2026-03-30 21:08:52
2026-03-30,21:13:52,6.625,-92.125,-94.125,537.125,20260805_soil_log.txt,2026-03-30 21:13:52
2026-03-30,21:18:52,7.5,-92.125,-94.125,531.75,20260805_soil_log.txt,2026-03-30 21:18:52
2026-03-30,21:23:53,8.625,-92.0,-94.125,542.625,20260805_soil_log.txt,2026-03-30 21:23:53
2026-03-30,21:28:53,7.25,-91.875,-94.125,553.75,20260805_soil_log.txt,2026-03-30 21:28:53
2026-03-30,21:33:53,8.875000000000002,-92.0,-94.125,549.25,20260805_soil_log.txt,2026-03-30 21:33:53
2026-03-30,21:38:53,8.375,-92.0,-94.125,555.0,20260805_soil_log.txt,2026-03-30 21:38:53
2026-03-30,21:43:53,9.125,-91.875,-94.0,540.125,20260805_soil_log.txt,2026-03-30 21:43:53
2026-03-30,21:48:54,7.0,-91.75,-94.0,553.625,20260805_soil_log.txt,2026-03-30 21:48:54
2026-03-30,21:53:54,6.875,-91.75,-94.0,554.5,20260805_soil_log.txt,2026-03-30 21:53:54
2026-03-30,21:58:54,7.625,-91.75,-94.0,532.125,20260805_soil_log.txt,2026-03-30 21:58:54
2026-03-30,22:03:54,8.0,-91.625,-94.0,555.3750000000001,20260805_soil_log.txt,2026-03-30 22:03:54
2026-03-30,22:08:54,7.25,-91.625,-94.0,532.125,20260805_soil_log.txt,2026-03-30 22:08:54
2026-03-30,22:13:55,6.75,-91.625,-94.0,540.7500000000001,20260805_soil_log.txt,2026-03-30 22:13:55
2026-03-30,22:18:55,7.0,-91.5,-94.0,554.5,20260805_soil_log.txt,2026-03-30 22:18:55
2026-03-30,22:23:55,7.625,-91.5,-94.0,554.875,20260805_soil_log.txt,2026-03-30 22:23:55
2026-03-30,22:28:55,6.75,-91.375,-93.875,554.0,20260805_soil_log.txt,2026-03-30 22:28:55
2026-03-30,22:33:56,7.0,-91.375,-93.75,540.25,20260805_soil_log.txt,2026-03-30 22:33:56
2026-03-30,22:38:56,7.5,-91.375,-93.75,537.125,20260805_soil_log.txt,2026-03-30 22:38:56
2026-03-30,22:43:56,9.125,-91.25,-93.75,535.375,20260805_soil_log.txt,2026-03-30 22:43:56
2026-03-30,22:48:56,8.75,-91.25,-93.75,550.5,20260805_soil_log.txt,2026-03-30 22:48:56
2026-03-30,22:53:57,9.000000000000002,-91.25,-93.75,548.25,20260805_soil_log.txt,2026-03-30 22:53:57
2026-03-30,22:58:57,8.375,-91.125,-93.625,550.25,20260805_soil_log.txt,2026-03-30 22:58:57
2026-03-30,23:03:57,6.75,-91.125,-93.625,534.375,20260805_soil_log.txt,2026-03-30 23:03:57
2026-03-30,23:08:57,8.125,-91.125,-93.625,556.625,20260805_soil_log.txt,2026-03-30 23:08:57
2026-03-30,23:13:57,6.125,-91.0,-93.5,541.7500000000001,20260805_soil_log.txt,2026-03-30 23:13:57
2026-03-30,23:18:58,6.125,-91.0,-93.625,551.875,20260805_soil_log.txt,2026-03-30 23:18:58
2026-03-30,23:23:58,7.875,-91.0,-93.625,532.5,20260805_soil_log.txt,2026-03-30 23:23:58
2026-03-30,23:28:58,6.25,-90.875,-93.5,532.75,20260805_soil_log.txt,2026-03-30 23:28:58
2026-03-30,23:33:58,6.75,-90.75,-93.625,553.0,20260805_soil_log.txt,2026-03-30 23:33:58
2026-03-30,23:38:59,6.625,-90.875,-93.5,550.75,20260805_soil_log.txt,2026-03-30 23:38:59
2026-03-30,23:43:59,6.625,-90.75,-93.5,535.25,20260805_soil_log.txt,2026-03-30 23:43:59
2026-03-30,23:48:59,8.25,-90.75,-93.5,545.5,20260805_soil_log.txt,2026-03-30 23:48:59
2026-03-30,23:53:59,7.25,-90.625,-93.5,532.5,20260805_soil_log.txt,2026-03-30 23:53:59
2026-03-30,23:58:59,8.375,-90.75,-93.375,545.25,20260805_soil_log.txt,2026-03-30 23:58:59
2026-03-31,00:04:00,7.875,-90.625,-93.375,551.125,20260805_soil_log.txt,2026-03-31 00:04:00
2026-03-31,00:09:00,6.25,-90.625,-93.375,555.625,20260805_soil_log.txt,2026-03-31 00:09:00
2026-03-31,00:14:00,7.875,-90.5,-93.375,533.875,20260805_soil_log.txt,2026-03-31 00:14:00
2026-03-31,00:19:00,7.0,-90.5,-93.25,536.25,20260805_soil_log.txt,2026-03-31 00:19:00
2026-03-31,00:24:01,8.375,-90.375,-93.25,538.0,20260805_soil_log.txt,2026-03-31 00:24:01
2026-03-31,00:29:01,7.625,-90.375,-93.25,553.125,20260805_soil_log.txt,2026-03-31 00:29:01
2026-03-31,00:34:01,7.25,-90.25,-93.25,533.0,20260805_soil_log.txt,2026-03-31 00:34:01
2026-03-31,00:39:01,6.25,-90.25,-93.125,536.375,20260805_soil_log.txt,2026-03-31 00:39:01
2026-03-31,00:44:01,7.625,-90.125,-93.25,533.375,20260805_soil_log.txt,2026-03-31 00:44:01
2026-03-31,00:49:02,6.25,-90.125,-93.125,541.375,20260805_soil_log.txt,2026-03-31 00:49:02
2026-03-31,00:54:02,8.625,-90.125,-93.0,550.25,20260805_soil_log.txt,2026-03-31 00:54:02
2026-03-31,00:59:02,8.625,-90.0,-93.0,556.5,20260805_soil_log.txt,2026-03-31 00:59:02
2026-03-31,01:04:02,6.125,-90.0,-93.0,547.625,20260805_soil_log.txt,2026-03-31 01:04:02
2026-03-31,01:09:03,6.500000000000001,-89.875,-93.0,550.3750000000001,20260805_soil_log.txt,2026-03-31 01:09:03
2026-03-31,01:14:03,7.25,-89.875,-93.0,554.875,20260805_soil_log.txt,2026-03-31 01:14:03
2026-03-31,01:19:03,6.875,-89.875,-93.0,554.875,20260805_soil_log.txt,2026-03-31 01:19:03
2026-03-31,01:24:03,6.375000000000001,-89.75,-93.0,546.875,20260805_soil_log.txt,2026-03-31 01:24:03
2026-03-31,01:29:03,6.25,-89.75,-93.0,539.875,20260805_soil_log.txt,2026-03-31 01:29:03
2026-03-31,01:34:04,7.875,-89.75,-92.875,534.0,20260805_soil_log.txt,2026-03-31 01:34:04
2026-03-31,01:39:04,7.75,-89.625,-92.75,555.875,20260805_soil_log.txt,2026-03-31 01:39:04
2026-03-31,01:44:04,8.75,-89.625,-92.75,543.375,20260805_soil_log.txt,2026-03-31 01:44:04
2026-03-31,01:49:04,7.75,-89.5,-92.875,556.0,20260805_soil_log.txt,2026-03-31 01:49:04
2026-03-31,01:54:04,7.0,-89.375,-92.875,552.25,20260805_soil_log.txt,2026-03-31 01:54:04
2026-03-31,01:59:05,6.500000000000001,-89.375,-92.75,546.25,20260805_soil_log.txt,2026-03-31 01:59:05
2026-03-31,02:04:05,6.500000000000001,-89.375,-92.625,547.0,20260805_soil_log.txt,2026-03-31 02:04:05
2026-03-31,02:09:05,8.125,-89.375,-92.75,534.0,20260805_soil_log.txt,2026-03-31 02:09:05
2026-03-31,02:14:05,8.375,-89.25,-92.625,556.125,20260805_soil_log.txt,2026-03-31 02:14:05
2026-03-31,02:19:06,8.5,-89.25,-92.625,539.7500000000001,20260805_soil_log.txt,2026-03-31 02:19:06
2026-03-31,02:24:06,6.875,-89.25,-92.625,546.125,20260805_soil_log.txt,2026-03-31 02:24:06
2026-03-31,02:29:06,9.000000000000002,-89.125,-92.625,542.7500000000001,20260805_soil_log.txt,2026-03-31 02:29:06
2026-03-31,02:34:06,8.625,-89.25,-92.625,539.0,20260805_soil_log.txt,2026-03-31 02:34:06
2026-03-31,02:39:07,9.000000000000002,-89.125,-92.625,541.375,20260805_soil_log.txt,2026-03-31 02:39:07
2026-03-31,02:44:07,8.125,-89.0,-92.5,534.25,20260805_soil_log.txt,2026-03-31 02:44:07
2026-03-31,02:49:07,7.0,-89.0,-92.5,541.375,20260805_soil_log.txt,2026-03-31 02:49:07
2026-03-31,02:54:07,8.75,-88.875,-92.5,536.5,20260805_soil_log.txt,2026-03-31 02:54:07
2026-03-31,02:59:07,8.375,-88.875,-92.5,556.625,20260805_soil_log.txt,2026-03-31 02:59:07
2026-03-31,03:04:08,8.75,-88.75,-92.375,538.5,20260805_soil_log.txt,2026-03-31 03:04:08
2026-03-31,03:09:08,8.5,-88.75,-92.375,535.5,20260805_soil_log.txt,2026-03-31 03:09:08
2026-03-31,03:14:08,8.125,-88.625,-92.375,556.25,20260805_soil_log.txt,2026-03-31 03:14:08
2026-03-31,03:19:08,6.75,-88.625,-92.375,546.25,20260805_soil_log.txt,2026-03-31 03:19:08
2026-03-31,03:24:08,9.125,-88.625,-92.375,542.5,20260805_soil_log.txt,2026-03-31 03:24:08
2026-03-31,03:29:09,6.75,-88.5,-92.25,535.875,20260805_soil_log.txt,2026-03-31 03:29:09
2026-03-31,03:34:09,8.0,-88.375,-92.25,534.125,20260805_soil_log.txt,2026-03-31 03:34:09
2026-03-31,03:39:09,7.375000000000001,-88.375,-92.25,555.75,20260805_soil_log.txt,2026-03-31 03:39:09
2026-03-31,03:44:09,7.125,-88.375,-92.25,555.625,20260805_soil_log.txt,2026-03-31 03:44:09
2026-03-31,03:49:10,8.75,-88.25,-92.25,541.625,20260805_soil_log.txt,2026-03-31 03:49:10
2026-03-31,03:54:10,8.125,-88.25,-92.125,554.3750000000001,20260805_soil_log.txt,2026-03-31 03:54:10
2026-03-31,03:59:10,6.75,-88.25,-92.125,539.875,20260805_soil_log.txt,2026-03-31 03:59:10
2026-03-31,04:04:10,8.0,-88.125,-92.125,554.875,20260805_soil_log.txt,2026-03-31 04:04:10
2026-03-31,04:09:10,6.875,-88.125,-92.125,533.875,20260805_soil_log.txt,2026-03-31 04:09:10
2026-03-31,04:14:11,7.625,-88.125,-92.0,533.875,20260805_soil_log.txt,2026-03-31 04:14:11
2026-03-31,04:19:11,8.75,-88.0,-92.0,540.5,20260805_soil_log.txt,2026-03-31 04:19:11
2026-03-31,04:24:11,6.375000000000001,-88.0,-91.875,543.625,20260805_soil_log.txt,2026-03-31 04:24:11
2026-03-31,04:29:11,6.875,-87.87500000000001,-91.875,546.625,20260805_soil_log.txt,2026-03-31 04:29:11
2026-03-31,04:34:11,7.0,-87.87500000000001,-91.875,549.3750000000001,20260805_soil_log.txt,2026-03-31 04:34:11
2026-03-31,04:39:12,6.500000000000001,-87.75000000000001,-91.875,549.875,20260805_soil_log.txt,2026-03-31 04:39:12
2026-03-31,04:44:12,7.625,-87.75000000000001,-91.75,537.0,20260805_soil_log.txt,2026-03-31 04:44:12
2026-03-31,04:49:12,7.375000000000001,-87.62500000000001,-91.875,552.0,20260805_soil_log.txt,2026-03-31 04:49:12
2026-03-31,04:54:12,7.625,-87.62500000000001,-91.75,534.375,20260805_soil_log.txt,2026-03-31 04:54:12
2026-03-31,04:59:13,7.875,-87.50000000000001,-91.75,534.125,20260805_soil_log.txt,2026-03-31 04:59:13
2026-03-31,05:04:13,8.375,-87.50000000000001,-91.75,557.125,20260805_soil_log.txt,2026-03-31 05:04:13
2026-03-31,05:09:13,8.125,-87.50000000000001,-91.625,537.25,20260805_soil_log.txt,2026-03-31 05:09:13
2026-03-31,05:14:13,8.625,-87.37500000000001,-91.5,557.0,20260805_soil_log.txt,2026-03-31 05:14:13
2026-03-31,05:19:13,8.875000000000002,-87.25000000000001,-91.625,549.75,20260805_soil_log.txt,2026-03-31 05:19:13
2026-03-31,05:24:14,6.125,-87.25000000000001,-91.625,549.625,20260805_soil_log.txt,2026-03-31 05:24:14
2026-03-31,05:29:14,7.25,-87.25000000000001,-91.5,535.875,20260805_soil_log.txt,2026-03-31 05:29:14
2026-03-31,05:34:14,8.875000000000002,-87.00000000000001,-91.5,555.3750000000001,20260805_soil_log.txt,2026-03-31 05:34:14
2026-03-31,05:39:14,7.875,-87.00000000000001,-91.375,535.375,20260805_soil_log.txt,2026-03-31 05:39:14
2026-03-31,05:44:15,7.0,-87.00000000000001,-91.375,555.0,20260805_soil_log.txt,2026-03-31 05:44:15
2026-03-31,05:49:15,8.625,-87.00000000000001,-91.375,547.75,20260805_soil_log.txt,2026-03-31 05:49:15
2026-03-31,05:54:15,7.625,-87.00000000000001,-91.375,557.125,20260805_soil_log.txt,2026-03-31 05:54:15
2026-03-31,05:59:15,8.625,-86.87500000000001,-91.375,536.0,20260805_soil_log.txt,2026-03-31 05:59:15
2026-03-31,06:04:15,6.625,-86.87500000000001,-91.375,548.5,20260805_soil_log.txt,2026-03-31 06:04:15
2026-03-31,06:09:15,8.625,-86.75000000000001,-91.375,540.5,20260805_soil_log.txt,2026-03-31 06:09:15
2026-03-31,06:14:16,8.75,-86.75000000000001,-91.25,555.25,20260805_soil_log.txt,2026-03-31 06:14:16
2026-03-31,06:19:16,8.875000000000002,-86.62500000000001,-91.25,557.75,20260805_soil_log.txt,2026-03-31 06:19:16
2026-03-31,06:24:16,8.875000000000002,-86.62500000000001,-91.125,553.25,20260805_soil_log.txt,2026-03-31 06:24:16
2026-03-31,06:29:16,6.875,-86.62500000000001,-91.25,554.125,20260805_soil_log.txt,2026-03-31 06:29:16
2026-03-31,06:34:17,8.375,-86.75000000000001,-91.25,554.0,20260805_soil_log.txt,2026-03-31 06:34:17
2026-03-31,06:39:17,8.375,-86.62500000000001,-91.125,556.875,20260805_soil_log.txt,2026-03-31 06:39:17
2026-03-31,06:44:17,9.25,-86.62500000000001,-91.125,547.5,20260805_soil_log.txt,2026-03-31 06:44:17
2026-03-31,06:49:17,8.375,-86.50000000000001,-91.125,535.0,20260805_soil_log.txt,2026-03-31 06:49:17
2026-03-31,06:54:18,8.125,-86.37500000000001,-91.125,552.25,20260805_soil_log.txt,2026-03-31 06:54:18
2026-03-31,06:59:18,8.375,-86.37500000000001,-91.125,549.0,20260805_soil_log.txt,2026-03-31 06:59:18
2026-03-31,07:04:18,7.0,-86.25000000000001,-91.125,533.625,20260805_soil_log.txt,2026-03-31 07:04:18
2026-03-31,07:09:18,9.375,-86.37500000000001,-91.125,549.25,20260805_soil_log.txt,2026-03-31 07:09:18
2026-03-31,07:14:18,8.0,-86.37500000000001,-91.0,534.5,20260805_soil_log.txt,2026-03-31 07:14:18
2026-03-31,07:19:19,8.5,-86.37500000000001,-91.0,548.625,20260805_soil_log.txt,2026-03-31 07:19:19
2026-03-31,07:24:19,8.0,-86.25000000000001,-91.0,543.5,20260805_soil_log.txt,2026-03-31 07:24:19
2026-03-31,07:29:19,9.375,-86.25000000000001,-91.0,556.75,20260805_soil_log.txt,2026-03-31 07:29:19
2026-03-31,07:34:19,7.5,-86.25000000000001,-91.0,552.625,20260805_soil_log.txt,2026-03-31 07:34:19
2026-03-31,07:39:19,8.75,-86.125,-91.0,533.875,20260805_soil_log.txt,2026-03-31 07:39:19
2026-03-31,07:44:20,7.625,-86.0,-91.0,552.3750000000001,20260805_soil_log.txt,2026-03-31 07:44:20
2026-03-31,07:49:20,8.25,-86.0,-91.0,538.7500000000001,20260805_soil_log.txt,2026-03-31 07:49:20
2026-03-31,07:54:20,9.625,-86.0,-90.875,556.125,20260805_soil_log.txt,2026-03-31 07:54:20
2026-03-31,07:59:20,9.75,-86.0,-91.0,542.875,20260805_soil_log.txt,2026-03-31 07:59:20
2026-03-31,08:04:20,8.875000000000002,-86.0,-90.875,533.625,20260805_soil_log.txt,2026-03-31 08:04:20
2026-03-31,08:09:21,9.625,-85.875,-90.875,549.25,20260805_soil_log.txt,2026-03-31 08:09:21
2026-03-31,08:14:21,8.875000000000002,-85.875,-90.875,535.125,20260805_soil_log.txt,2026-03-31 08:14:21
2026-03-31,08:19:21,9.625,-85.875,-90.75,550.0,20260805_soil_log.txt,2026-03-31 08:19:21
2026-03-31,08:24:21,9.75,-85.875,-90.75,546.5,20260805_soil_log.txt,2026-03-31 08:24:21
2026-03-31,08:29:22,9.875,-85.875,-90.75,549.875,20260805_soil_log.txt,2026-03-31 08:29:22
2026-03-31,08:34:22,9.375,-85.75,-90.625,556.25,20260805_soil_log.txt,2026-03-31 08:34:22
2026-03-31,08:39:22,9.5,-85.75,-90.625,532.125,20260805_soil_log.txt,2026-03-31 08:39:22
2026-03-31,08:44:22,9.000000000000002,-85.625,-90.625,538.25,20260805_soil_log.txt,2026-03-31 08:44:22
2026-03-31,08:49:23,9.25,-85.625,-90.625,552.875,20260805_soil_log.txt,2026-03-31 08:49:23
2026-03-31,08:54:23,10.25,-85.5,-90.625,546.5,20260805_soil_log.txt,2026-03-31 08:54:23
2026-03-31,08:59:23,10.125,-85.375,-90.5,558.25,20260805_soil_log.txt,2026-03-31 08:59:23
2026-03-31,09:04:23,8.125,-85.25,-90.5,554.875,20260805_soil_log.txt,2026-03-31 09:04:23
2026-03-31,09:09:24,9.000000000000002,-85.25,-90.5,553.75,20260805_soil_log.txt,2026-03-31 09:09:24
2026-03-31,09:14:24,8.75,-85.25,-90.5,534.875,20260805_soil_log.txt,2026-03-31 09:14:24
2026-03-31,09:19:24,10.625,-85.125,-90.5,548.625,20260805_soil_log.txt,2026-03-31 09:19:24
2026-03-31,09:24:24,9.25,-85.125,-90.5,538.875,20260805_soil_log.txt,2026-03-31 09:24:24
2026-03-31,09:29:24,10.25,-85.0,-90.5,553.3750000000001,20260805_soil_log.txt,2026-03-31 09:29:24
2026-03-31,09:34:25,11.75,-85.0,-90.375,538.5,20260805_soil_log.txt,2026-03-31 09:34:25
2026-03-31,09:39:25,9.75,-85.0,-90.375,543.625,20260805_soil_log.txt,2026-03-31 09:39:25
2026-03-31,09:44:25,12.0,-84.875,-90.5,552.5,20260805_soil_log.txt,2026-03-31 09:44:25
2026-03-31,09:49:25,10.125,-84.875,-90.375,541.125,20260805_soil_log.txt,2026-03-31 09:49:25
2026-03-31,09:54:26,10.25,-84.75,-90.375,549.3750000000001,20260805_soil_log.txt,2026-03-31 09:54:26
2026-03-31,09:59:26,9.875,-84.75,-90.375,534.5,20260805_soil_log.txt,2026-03-31 09:59:26
2026-03-31,10:04:26,10.125,-84.75,-90.25,548.875,20260805_soil_log.txt,2026-03-31 10:04:26
2026-03-31,10:09:26,11.0,-84.75,-90.25,554.5,20260805_soil_log.txt,2026-03-31 10:09:26
2026-03-31,10:14:26,11.75,-84.625,-90.125,555.875,20260805_soil_log.txt,2026-03-31 10:14:26
2026-03-31,10:19:27,12.0,-84.625,-90.125,554.3750000000001,20260805_soil_log.txt,2026-03-31 10:19:27
2026-03-31,10:24:27,12.25,-84.5,-90.125,555.625,20260805_soil_log.txt,2026-03-31 10:24:27
2026-03-31,10:29:27,11.625,-84.5,-90.125,556.0,20260805_soil_log.txt,2026-03-31 10:29:27
2026-03-31,10:34:27,10.5,-84.625,-90.125,554.25,20260805_soil_log.txt,2026-03-31 10:34:27
2026-03-31,10:39:28,10.5,-84.625,-90.0,532.75,20260805_soil_log.txt,2026-03-31 10:39:28
2026-03-31,10:44:28,10.0,-84.5,-90.125,550.875,20260805_soil_log.txt,2026-03-31 10:44:28
2026-03-31,10:49:28,10.625,-84.5,-90.0,533.375,20260805_soil_log.txt,2026-03-31 10:49:28
2026-03-31,10:54:28,11.375,-84.5,-90.0,553.5,20260805_soil_log.txt,2026-03-31 10:54:28
2026-03-31,10:59:28,11.375,-84.375,-90.0,533.125,20260805_soil_log.txt,2026-03-31 10:59:28
2026-03-31,11:04:29,11.875,-84.375,-90.0,552.875,20260805_soil_log.txt,2026-03-31 11:04:29
2026-03-31,11:09:29,12.25,-84.25,-90.0,541.0,20260805_soil_log.txt,2026-03-31 11:09:29
2026-03-31,11:14:29,12.125,-84.25,-90.0,537.125,20260805_soil_log.txt,2026-03-31 11:14:29
2026-03-31,11:19:29,10.875000000000002,-84.25,-90.0,554.25,20260805_soil_log.txt,2026-03-31 11:19:29
2026-03-31,11:24:30,12.25,-84.0,-89.875,555.625,20260805_soil_log.txt,2026-03-31 11:24:30
2026-03-31,11:29:30,10.875000000000002,-83.875,-90.0,538.5,20260805_soil_log.txt,2026-03-31 11:29:30
2026-03-31,11:34:30,12.5,-83.75,-89.875,552.3750000000001,20260805_soil_log.txt,2026-03-31 11:34:30
2026-03-31,11:39:30,11.875,-83.75,-89.875,553.125,20260805_soil_log.txt,2026-03-31 11:39:30
2026-03-31,11:44:30,12.125,-83.625,-89.875,555.25,20260805_soil_log.txt,2026-03-31 11:44:30
2026-03-31,11:49:31,11.0,-83.625,-89.875,531.375,20260805_soil_log.txt,2026-03-31 11:49:31
2026-03-31,11:54:31,11.25,-83.5,-89.75,534.25,20260805_soil_log.txt,2026-03-31 11:54:31
2026-03-31,11:59:31,12.375,-83.5,-89.875,552.875,20260805_soil_log.txt,2026-03-31 11:59:31
2026-03-31,12:04:31,10.625,-83.5,-89.875,545.375,20260805_soil_log.txt,2026-03-31 12:04:31
2026-03-31,12:09:32,12.125,-83.5,-89.75,536.875,20260805_soil_log.txt,2026-03-31 12:09:32
2026-03-31,12:14:32,10.625,-83.5,-89.75,544.0,20260805_soil_log.txt,2026-03-31 12:14:32
2026-03-31,12:19:32,12.750000000000002,-83.375,-89.75,540.875,20260805_soil_log.txt,2026-03-31 12:19:32
2026-03-31,12:24:32,12.750000000000002,-83.375,-89.75,552.75,20260805_soil_log.txt,2026-03-31 12:24:32
2026-03-31,12:29:32,12.625,-83.375,-89.625,547.0,20260805_soil_log.txt,2026-03-31 12:29:32
2026-03-31,12:34:33,12.25,-83.375,-89.75,540.7500000000001,20260805_soil_log.txt,2026-03-31 12:34:33
2026-03-31,12:39:33,11.75,-83.25,-89.625,535.0,20260805_soil_log.txt,2026-03-31 12:39:33
2026-03-31,12:44:33,11.125,-83.25,-89.625,536.125,20260805_soil_log.txt,2026-03-31 12:44:33
2026-03-31,12:49:33,12.375,-83.125,-89.625,558.125,20260805_soil_log.txt,2026-03-31 12:49:33
2026-03-31,12:54:34,12.5,-83.0,-89.5,539.625,20260805_soil_log.txt,2026-03-31 12:54:34
2026-03-31,12:59:34,11.875,-83.0,-89.5,532.125,20260805_soil_log.txt,2026-03-31 12:59:34
2026-03-31,13:04:34,11.875,-82.875,-89.5,534.7500000000001,20260805_soil_log.txt,2026-03-31 13:04:34
2026-03-31,13:09:34,12.0,-82.875,-89.5,555.875,20260805_soil_log.txt,2026-03-31 13:09:34
2026-03-31,13:14:34,11.375,-82.875,-89.5,532.5,20260805_soil_log.txt,2026-03-31 13:14:34
2026-03-31,13:19:35,10.5,-82.875,-89.5,551.3750000000001,20260805_soil_log.txt,2026-03-31 13:19:35
2026-03-31,13:24:35,11.0,-82.75,-89.375,535.375,20260805_soil_log.txt,2026-03-31 13:24:35
2026-03-31,13:29:35,10.875000000000002,-82.75,-89.375,552.625,20260805_soil_log.txt,2026-03-31 13:29:35
2026-03-31,13:34:35,11.5,-82.625,-89.375,540.375,20260805_soil_log.txt,2026-03-31 13:34:35
2026-03-31,13:39:36,11.0,-82.625,-89.375,541.625,20260805_soil_log.txt,2026-03-31 13:39:36
2026-03-31,13:44:36,11.125,-82.625,-89.375,554.5,20260805_soil_log.txt,2026-03-31 13:44:36
2026-03-31,13:49:36,12.750000000000002,-82.625,-89.25,535.0,20260805_soil_log.txt,2026-03-31 13:49:36
2026-03-31,13:54:36,12.0,-82.5,-89.25,555.75,20260805_soil_log.txt,2026-03-31 13:54:36
2026-03-31,13:59:37,11.75,-82.5,-89.25,535.625,20260805_soil_log.txt,2026-03-31 13:59:37
2026-03-31,14:04:37,11.25,-82.375,-89.25,536.375,20260805_soil_log.txt,2026-03-31 14:04:37
2026-03-31,14:09:37,13.375,-82.25,-89.25,541.5,20260805_soil_log.txt,2026-03-31 14:09:37
2026-03-31,14:14:37,11.25,-82.25,-89.125,540.375,20260805_soil_log.txt,2026-03-31 14:14:37
2026-03-31,14:19:37,12.375,-82.125,-89.125,552.75,20260805_soil_log.txt,2026-03-31 14:19:37
2026-03-31,14:24:38,11.375,-82.0,-89.25,544.125,20260805_soil_log.txt,2026-03-31 14:24:38
2026-03-31,14:29:38,12.0,-82.0,-89.25,537.0,20260805_soil_log.txt,2026-03-31 14:29:38
2026-03-31,14:34:38,13.000000000000002,-82.0,-89.25,555.75,20260805_soil_log.txt,2026-03-31 14:34:38
2026-03-31,14:39:38,12.0,-81.875,-89.125,534.875,20260805_soil_log.txt,2026-03-31 14:39:38
2026-03-31,14:44:38,12.0,-81.75,-89.125,540.375,20260805_soil_log.txt,2026-03-31 14:44:38
2026-03-31,14:49:39,11.625,-81.75,-89.125,546.0,20260805_soil_log.txt,2026-03-31 14:49:39
2026-03-31,14:54:39,11.5,-81.625,-89.125,546.25,20260805_soil_log.txt,2026-03-31 14:54:39
2026-03-31,14:59:39,12.375,-81.625,-89.125,534.25,20260805_soil_log.txt,2026-03-31 14:59:39
2026-03-31,15:04:39,12.125,-81.5,-89.125,534.875,20260805_soil_log.txt,2026-03-31 15:04:39
2026-03-31,15:09:40,11.5,-81.5,-89.125,549.3750000000001,20260805_soil_log.txt,2026-03-31 15:09:40
2026-03-31,15:14:40,11.625,-81.375,-89.125,539.875,20260805_soil_log.txt,2026-03-31 15:14:40
2026-03-31,15:19:40,11.75,-81.375,-89.0,535.875,20260805_soil_log.txt,2026-03-31 15:19:40
2026-03-31,15:24:40,12.0,-81.375,-89.0,535.125,20260805_soil_log.txt,2026-03-31 15:24:40
2026-03-31,15:29:40,13.25,-81.5,-89.0,555.25,20260805_soil_log.txt,2026-03-31 15:29:40
2026-03-31,15:34:41,11.5,-81.25,-89.0,547.625,20260805_soil_log.txt,2026-03-31 15:34:41
2026-03-31,15:39:41,13.25,-81.25,-89.0,542.375,20260805_soil_log.txt,2026-03-31 15:39:41
2026-03-31,15:44:41,13.125,-81.25,-88.875,536.125,20260805_soil_log.txt,2026-03-31 15:44:41
2026-03-31,15:49:41,13.25,-81.25,-88.875,555.0,20260805_soil_log.txt,2026-03-31 15:49:41
2026-03-31,15:54:42,11.375,-81.25,-88.875,548.0,20260805_soil_log.txt,2026-03-31 15:54:42
2026-03-31,15:59:42,13.75,-81.25,-88.875,553.0,20260805_soil_log.txt,2026-03-31 15:59:42
2026-03-31,16:04:42,13.625,-81.125,-88.875,555.5,20260805_soil_log.txt,2026-03-31 16:04:42
2026-03-31,16:09:42,12.25,-81.0,-88.875,554.625,20260805_soil_log.txt,2026-03-31 16:09:42
2026-03-31,16:14:43,11.375,-81.0,-88.875,548.875,20260805_soil_log.txt,2026-03-31 16:14:43
2026-03-31,16:19:43,12.375,-81.0,-88.75,534.5,20260805_soil_log.txt,2026-03-31 16:19:43
2026-03-31,16:24:43,12.125,-80.875,-88.75,553.875,20260805_soil_log.txt,2026-03-31 16:24:43
2026-03-31,16:29:43,12.750000000000002,-80.875,-88.75,554.5,20260805_soil_log.txt,2026-03-31 16:29:43
2026-03-31,16:34:44,12.625,-80.875,-88.75,554.625,20260805_soil_log.txt,2026-03-31 16:34:44
2026-03-31,16:39:44,11.625,-80.75,-88.75,550.125,20260805_soil_log.txt,2026-03-31 16:39:44
2026-03-31,16:44:44,13.5,-80.625,-88.75,544.125,20260805_soil_log.txt,2026-03-31 16:44:44
2026-03-31,16:49:44,11.625,-80.625,-88.75,545.125,20260805_soil_log.txt,2026-03-31 16:49:44
2026-03-31,16:54:44,12.125,-80.625,-88.625,553.75,20260805_soil_log.txt,2026-03-31 16:54:44
2026-03-31,16:59:45,12.25,-80.5,-88.625,536.125,20260805_soil_log.txt,2026-03-31 16:59:45
2026-03-31,17:04:45,12.625,-80.5,-88.75,556.0,20260805_soil_log.txt,2026-03-31 17:04:45
2026-03-31,17:09:45,12.25,-80.25,-88.625,533.375,20260805_soil_log.txt,2026-03-31 17:09:45
2026-03-31,17:14:45,11.625,-80.25,-88.625,549.5,20260805_soil_log.txt,2026-03-31 17:14:45
2026-03-31,17:19:46,12.750000000000002,-80.125,-88.625,532.875,20260805_soil_log.txt,2026-03-31 17:19:46
2026-03-31,17:24:46,13.125,-80.125,-88.625,533.5,20260805_soil_log.txt,2026-03-31 17:24:46
2026-03-31,17:29:46,12.0,-80.0,-88.625,554.875,20260805_soil_log.txt,2026-03-31 17:29:46
2026-03-31,17:34:46,11.625,-79.875,-88.625,543.875,20260805_soil_log.txt,2026-03-31 17:34:46
2026-03-31,17:39:46,12.625,-79.875,-88.5,548.25,20260805_soil_log.txt,2026-03-31 17:39:46
