date,time,name,value,datetime,source_file
2026-03-20,14:14:34,autoclaved soil,108.75,2026-03-20 14:14:34,20260802_soil_log.txt
2026-03-20,14:19:04,autoclaved soil,77.375,2026-03-20 14:19:04,20260802_soil_log.txt
2026-03-20,14:19:35,autoclaved soil,100.125,2026-03-20 14:19:35,20260802_soil_log.txt
2026-03-20,14:24:05,autoclaved soil,65.375,2026-03-20 14:24:05,20260802_soil_log.txt
2026-03-20,14:29:05,autoclaved soil,65.375,2026-03-20 14:29:05,20260802_soil_log.txt
2026-03-20,14:34:05,autoclaved soil,55.0,2026-03-20 14:34:05,20260802_soil_log.txt
2026-03-20,14:39:05,autoclaved soil,58.87500000000001,2026-03-20 14:39:05,20260802_soil_log.txt
2026-03-20,14:44:06,autoclaved soil,55.125,2026-03-20 14:44:06,20260802_soil_log.txt
2026-03-20,14:49:06,autoclaved soil,54.625,2026-03-20 14:49:06,20260802_soil_log.txt
2026-03-20,14:54:06,autoclaved soil,52.875,2026-03-20 14:54:06,20260802_soil_log.txt
2026-03-20,14:59:06,autoclaved soil,56.25,2026-03-20 14:59:06,20260802_soil_log.txt
2026-03-20,15:04:06,autoclaved soil,52.00000000000001,2026-03-20 15:04:06,20260802_soil_log.txt
2026-03-20,15:09:07,autoclaved soil,53.75,2026-03-20 15:09:07,20260802_soil_log.txt
2026-03-20,15:14:07,autoclaved soil,52.25,2026-03-20 15:14:07,20260802_soil_log.txt
2026-03-20,15:19:07,autoclaved soil,54.125,2026-03-20 15:19:07,20260802_soil_log.txt
2026-03-20,15:24:07,autoclaved soil,51.75000000000001,2026-03-20 15:24:07,20260802_soil_log.txt
2026-03-20,15:29:08,autoclaved soil,50.25,2026-03-20 15:29:08,20260802_soil_log.txt
2026-03-20,15:34:08,autoclaved soil,46.625,2026-03-20 15:34:08,20260802_soil_log.txt
2026-03-20,15:39:08,autoclaved soil,48.625,2026-03-20 15:39:08,20260802_soil_log.txt
2026-03-20,15:44:08,autoclaved soil,44.25,2026-03-20 15:44:08,20260802_soil_log.txt
2026-03-20,15:49:08,autoclaved soil,39.75,2026-03-20 15:49:08,20260802_soil_log.txt
2026-03-20,15:54:09,autoclaved soil,39.625,2026-03-20 15:54:09,20260802_soil_log.txt
2026-03-20,15:59:09,autoclaved soil,45.375,2026-03-20 15:59:09,20260802_soil_log.txt
2026-03-20,16:04:09,autoclaved soil,44.625,2026-03-20 16:04:09,20260802_soil_log.txt
2026-03-20,16:09:09,autoclaved soil,42.0,2026-03-20 16:09:09,20260802_soil_log.txt
2026-03-20,16:14:10,autoclaved soil,36.5,2026-03-20 16:14:10,20260802_soil_log.txt
2026-03-20,16:19:10,autoclaved soil,39.5,2026-03-20 16:19:10,20260802_soil_log.txt
2026-03-20,16:24:10,autoclaved soil,41.5,2026-03-20 16:24:10,20260802_soil_log.txt
2026-03-20,16:29:10,autoclaved soil,34.25,2026-03-20 16:29:10,20260802_soil_log.txt
2026-03-20,16:34:10,autoclaved soil,34.125,2026-03-20 16:34:10,20260802_soil_log.txt
2026-03-20,16:39:11,autoclaved soil,32.375,2026-03-20 16:39:11,20260802_soil_log.txt
2026-03-20,16:44:11,autoclaved soil,32.875,2026-03-20 16:44:11,20260802_soil_log.txt
2026-03-20,16:49:11,autoclaved soil,33.0,2026-03-20 16:49:11,20260802_soil_log.txt
2026-03-20,16:54:11,autoclaved soil,35.87500000000001,2026-03-20 16:54:11,20260802_soil_log.txt
2026-03-20,16:59:12,autoclaved soil,35.125,2026-03-20 16:59:12,20260802_soil_log.txt
2026-03-20,17:04:12,autoclaved soil,32.0,2026-03-20 17:04:12,20260802_soil_log.txt
2026-03-20,17:09:12,autoclaved soil,27.75,2026-03-20 17:09:12,20260802_soil_log.txt
2026-03-20,17:14:12,autoclaved soil,33.25,2026-03-20 17:14:12,20260802_soil_log.txt
2026-03-20,17:19:13,autoclaved soil,32.5,2026-03-20 17:19:13,20260802_soil_log.txt
2026-03-20,17:24:13,autoclaved soil,31.125,2026-03-20 17:24:13,20260802_soil_log.txt
2026-03-20,17:29:13,autoclaved soil,27.75,2026-03-20 17:29:13,20260802_soil_log.txt
2026-03-20,17:34:13,autoclaved soil,27.875,2026-03-20 17:34:13,20260802_soil_log.txt
2026-03-20,17:39:13,autoclaved soil,29.500000000000004,2026-03-20 17:39:13,20260802_soil_log.txt
2026-03-20,17:44:14,autoclaved soil,28.875,2026-03-20 17:44:14,20260802_soil_log.txt
2026-03-20,17:49:14,autoclaved soil,27.875,2026-03-20 17:49:14,20260802_soil_log.txt
2026-03-20,17:54:14,autoclaved soil,24.0,2026-03-20 17:54:14,20260802_soil_log.txt
2026-03-20,17:59:14,autoclaved soil,21.0,2026-03-20 17:59:14,20260802_soil_log.txt
2026-03-20,18:04:15,autoclaved soil,24.625,2026-03-20 18:04:15,20260802_soil_log.txt
2026-03-20,18:09:15,autoclaved soil,23.25,2026-03-20 18:09:15,20260802_soil_log.txt
2026-03-20,18:14:15,autoclaved soil,24.25,2026-03-20 18:14:15,20260802_soil_log.txt
2026-03-20,18:19:15,autoclaved soil,17.5,2026-03-20 18:19:15,20260802_soil_log.txt
2026-03-20,18:24:16,autoclaved soil,16.125,2026-03-20 18:24:16,20260802_soil_log.txt
2026-03-20,18:29:16,autoclaved soil,15.875,2026-03-20 18:29:16,20260802_soil_log.txt
2026-03-20,18:34:16,autoclaved soil,21.375,2026-03-20 18:34:16,20260802_soil_log.txt
2026-03-20,18:39:16,autoclaved soil,20.75,2026-03-20 18:39:16,20260802_soil_log.txt
2026-03-20,18:44:16,autoclaved soil,16.25,2026-03-20 18:44:16,20260802_soil_log.txt
2026-03-20,18:49:17,autoclaved soil,15.125,2026-03-20 18:49:17,20260802_soil_log.txt
2026-03-20,18:54:17,autoclaved soil,12.625,2026-03-20 18:54:17,20260802_soil_log.txt
2026-03-20,18:59:17,autoclaved soil,13.5,2026-03-20 18:59:17,20260802_soil_log.txt
2026-03-20,19:04:17,autoclaved soil,9.5,2026-03-20 19:04:17,20260802_soil_log.txt
2026-03-20,19:09:18,autoclaved soil,11.5,2026-03-20 19:09:18,20260802_soil_log.txt
2026-03-20,19:14:18,autoclaved soil,13.625,2026-03-20 19:14:18,20260802_soil_log.txt
2026-03-20,19:19:18,autoclaved soil,9.125,2026-03-20 19:19:18,20260802_soil_log.txt
2026-03-20,19:24:18,autoclaved soil,8.75,2026-03-20 19:24:18,20260802_soil_log.txt
2026-03-20,19:29:18,autoclaved soil,8.75,2026-03-20 19:29:18,20260802_soil_log.txt
2026-03-20,19:34:19,autoclaved soil,10.0,2026-03-20 19:34:19,20260802_soil_log.txt
2026-03-20,19:39:19,autoclaved soil,9.125,2026-03-20 19:39:19,20260802_soil_log.txt
2026-03-20,19:44:19,autoclaved soil,5.5,2026-03-20 19:44:19,20260802_soil_log.txt
2026-03-20,19:49:19,autoclaved soil,4.875,2026-03-20 19:49:19,20260802_soil_log.txt
2026-03-20,19:54:20,autoclaved soil,0.5,2026-03-20 19:54:20,20260802_soil_log.txt
2026-03-20,19:59:20,autoclaved soil,0.75,2026-03-20 19:59:20,20260802_soil_log.txt
2026-03-20,20:04:20,autoclaved soil,-0.375,2026-03-20 20:04:20,20260802_soil_log.txt
2026-03-20,20:09:20,autoclaved soil,1.5,2026-03-20 20:09:20,20260802_soil_log.txt
2026-03-20,20:14:20,autoclaved soil,-0.375,2026-03-20 20:14:20,20260802_soil_log.txt
2026-03-20,20:19:21,autoclaved soil,1.0,2026-03-20 20:19:21,20260802_soil_log.txt
2026-03-20,20:24:21,autoclaved soil,-0.25,2026-03-20 20:24:21,20260802_soil_log.txt
2026-03-20,20:29:21,autoclaved soil,-0.125,2026-03-20 20:29:21,20260802_soil_log.txt
2026-03-20,20:34:21,autoclaved soil,-7.125,2026-03-20 20:34:21,20260802_soil_log.txt
2026-03-20,20:39:22,autoclaved soil,-7.75,2026-03-20 20:39:22,20260802_soil_log.txt
2026-03-20,20:44:22,autoclaved soil,-7.75,2026-03-20 20:44:22,20260802_soil_log.txt
2026-03-20,20:49:22,autoclaved soil,-5.0,2026-03-20 20:49:22,20260802_soil_log.txt
2026-03-20,20:54:22,autoclaved soil,-7.25,2026-03-20 20:54:22,20260802_soil_log.txt
2026-03-20,20:59:22,autoclaved soil,-6.875,2026-03-20 20:59:22,20260802_soil_log.txt
2026-03-20,21:04:23,autoclaved soil,-10.75,2026-03-20 21:04:23,20260802_soil_log.txt
2026-03-20,21:09:23,autoclaved soil,-7.625,2026-03-20 21:09:23,20260802_soil_log.txt
2026-03-20,21:14:23,autoclaved soil,-10.5,2026-03-20 21:14:23,20260802_soil_log.txt
2026-03-20,21:19:23,autoclaved soil,-14.750000000000002,2026-03-20 21:19:23,20260802_soil_log.txt
2026-03-20,21:24:24,autoclaved soil,-9.75,2026-03-20 21:24:24,20260802_soil_log.txt
2026-03-20,21:29:24,autoclaved soil,-16.5,2026-03-20 21:29:24,20260802_soil_log.txt
2026-03-20,21:34:24,autoclaved soil,-13.5,2026-03-20 21:34:24,20260802_soil_log.txt
2026-03-20,21:39:24,autoclaved soil,-15.625,2026-03-20 21:39:24,20260802_soil_log.txt
2026-03-20,21:44:24,autoclaved soil,-12.0,2026-03-20 21:44:24,20260802_soil_log.txt
2026-03-20,21:49:25,autoclaved soil,-15.0,2026-03-20 21:49:25,20260802_soil_log.txt
2026-03-20,21:54:25,autoclaved soil,-14.625,2026-03-20 21:54:25,20260802_soil_log.txt
2026-03-20,21:59:25,autoclaved soil,-21.750000000000004,2026-03-20 21:59:25,20260802_soil_log.txt
2026-03-20,22:04:25,autoclaved soil,-17.625,2026-03-20 22:04:25,20260802_soil_log.txt
2026-03-20,22:09:26,autoclaved soil,-17.5,2026-03-20 22:09:26,20260802_soil_log.txt
2026-03-20,22:14:26,autoclaved soil,-16.5,2026-03-20 22:14:26,20260802_soil_log.txt
2026-03-20,22:19:26,autoclaved soil,-17.750000000000004,2026-03-20 22:19:26,20260802_soil_log.txt
2026-03-20,22:24:26,autoclaved soil,-20.375,2026-03-20 22:24:26,20260802_soil_log.txt
2026-03-20,22:29:27,autoclaved soil,-23.375,2026-03-20 22:29:27,20260802_soil_log.txt
2026-03-20,22:34:27,autoclaved soil,-17.875000000000004,2026-03-20 22:34:27,20260802_soil_log.txt
2026-03-20,22:39:27,autoclaved soil,-24.625,2026-03-20 22:39:27,20260802_soil_log.txt
2026-03-20,22:44:27,autoclaved soil,-24.125,2026-03-20 22:44:27,20260802_soil_log.txt
2026-03-20,22:49:27,autoclaved soil,-19.75,2026-03-20 22:49:27,20260802_soil_log.txt
2026-03-20,22:54:28,autoclaved soil,-24.125,2026-03-20 22:54:28,20260802_soil_log.txt
2026-03-20,22:59:28,autoclaved soil,-19.25,2026-03-20 22:59:28,20260802_soil_log.txt
2026-03-20,23:04:28,autoclaved soil,-23.125,2026-03-20 23:04:28,20260802_soil_log.txt
2026-03-20,23:09:28,autoclaved soil,-25.375,2026-03-20 23:09:28,20260802_soil_log.txt
2026-03-20,23:14:28,autoclaved soil,-25.625000000000004,2026-03-20 23:14:28,20260802_soil_log.txt
2026-03-20,23:19:29,autoclaved soil,-24.625,2026-03-20 23:19:29,20260802_soil_log.txt
2026-03-20,23:24:29,autoclaved soil,-25.25,2026-03-20 23:24:29,20260802_soil_log.txt
2026-03-20,23:29:29,autoclaved soil,-25.750000000000004,2026-03-20 23:29:29,20260802_soil_log.txt
2026-03-20,23:34:29,autoclaved soil,-25.125,2026-03-20 23:34:29,20260802_soil_log.txt
2026-03-20,23:39:30,autoclaved soil,-23.875,2026-03-20 23:39:30,20260802_soil_log.txt
2026-03-20,23:44:30,autoclaved soil,-22.25,2026-03-20 23:44:30,20260802_soil_log.txt
2026-03-20,23:49:30,autoclaved soil,-23.125,2026-03-20 23:49:30,20260802_soil_log.txt
2026-03-20,23:54:30,autoclaved soil,-24.625,2026-03-20 23:54:30,20260802_soil_log.txt
2026-03-20,23:59:31,autoclaved soil,-20.25,2026-03-20 23:59:31,20260802_soil_log.txt
2026-03-21,00:04:31,autoclaved soil,-21.750000000000004,2026-03-21 00:04:31,20260802_soil_log.txt
2026-03-21,00:09:31,autoclaved soil,-21.750000000000004,2026-03-21 00:09:31,20260802_soil_log.txt
2026-03-21,00:14:31,autoclaved soil,-25.625000000000004,2026-03-21 00:14:31,20260802_soil_log.txt
2026-03-21,00:19:31,autoclaved soil,-22.125,2026-03-21 00:19:31,20260802_soil_log.txt
2026-03-21,00:24:32,autoclaved soil,-21.750000000000004,2026-03-21 00:24:32,20260802_soil_log.txt
2026-03-21,00:29:32,autoclaved soil,-24.0,2026-03-21 00:29:32,20260802_soil_log.txt
2026-03-21,00:34:32,autoclaved soil,-26.375,2026-03-21 00:34:32,20260802_soil_log.txt
2026-03-21,00:39:32,autoclaved soil,-25.125,2026-03-21 00:39:32,20260802_soil_log.txt
2026-03-21,00:44:33,autoclaved soil,-23.375,2026-03-21 00:44:33,20260802_soil_log.txt
2026-03-21,00:49:33,autoclaved soil,-24.875,2026-03-21 00:49:33,20260802_soil_log.txt
2026-03-21,00:54:33,autoclaved soil,-21.5,2026-03-21 00:54:33,20260802_soil_log.txt
2026-03-21,00:59:33,autoclaved soil,-21.375,2026-03-21 00:59:33,20260802_soil_log.txt
2026-03-21,01:04:33,autoclaved soil,-26.25,2026-03-21 01:04:33,20260802_soil_log.txt
2026-03-21,01:09:34,autoclaved soil,-26.5,2026-03-21 01:09:34,20260802_soil_log.txt
2026-03-21,01:14:34,autoclaved soil,-20.875,2026-03-21 01:14:34,20260802_soil_log.txt
2026-03-21,01:19:34,autoclaved soil,-27.375,2026-03-21 01:19:34,20260802_soil_log.txt
2026-03-21,01:24:34,autoclaved soil,-23.125,2026-03-21 01:24:34,20260802_soil_log.txt
2026-03-21,01:29:34,autoclaved soil,-26.875,2026-03-21 01:29:34,20260802_soil_log.txt
2026-03-21,01:34:35,autoclaved soil,-21.375,2026-03-21 01:34:35,20260802_soil_log.txt
2026-03-21,01:39:35,autoclaved soil,-21.625000000000004,2026-03-21 01:39:35,20260802_soil_log.txt
2026-03-21,01:44:35,autoclaved soil,-22.875,2026-03-21 01:44:35,20260802_soil_log.txt
2026-03-21,01:49:35,autoclaved soil,-26.125,2026-03-21 01:49:35,20260802_soil_log.txt
2026-03-21,01:54:35,autoclaved soil,-21.750000000000004,2026-03-21 01:54:35,20260802_soil_log.txt
2026-03-21,01:59:36,autoclaved soil,-21.750000000000004,2026-03-21 01:59:36,20260802_soil_log.txt
2026-03-21,02:04:36,autoclaved soil,-26.25,2026-03-21 02:04:36,20260802_soil_log.txt
2026-03-21,02:09:36,autoclaved soil,-21.125,2026-03-21 02:09:36,20260802_soil_log.txt
2026-03-21,02:14:36,autoclaved soil,-24.5,2026-03-21 02:14:36,20260802_soil_log.txt
2026-03-21,02:19:37,autoclaved soil,-25.25,2026-03-21 02:19:37,20260802_soil_log.txt
2026-03-21,02:24:37,autoclaved soil,-22.125,2026-03-21 02:24:37,20260802_soil_log.txt
2026-03-21,02:29:37,autoclaved soil,-25.500000000000004,2026-03-21 02:29:37,20260802_soil_log.txt
2026-03-21,02:34:37,autoclaved soil,-20.25,2026-03-21 02:34:37,20260802_soil_log.txt
2026-03-21,02:39:38,autoclaved soil,-26.000000000000004,2026-03-21 02:39:38,20260802_soil_log.txt
2026-03-21,02:44:38,autoclaved soil,-21.625000000000004,2026-03-21 02:44:38,20260802_soil_log.txt
2026-03-21,02:49:38,autoclaved soil,-23.0,2026-03-21 02:49:38,20260802_soil_log.txt
2026-03-21,02:54:38,autoclaved soil,-22.25,2026-03-21 02:54:38,20260802_soil_log.txt
2026-03-21,02:59:38,autoclaved soil,-24.0,2026-03-21 02:59:38,20260802_soil_log.txt
2026-03-21,03:04:39,autoclaved soil,-25.500000000000004,2026-03-21 03:04:39,20260802_soil_log.txt
2026-03-21,03:09:39,autoclaved soil,-20.25,2026-03-21 03:09:39,20260802_soil_log.txt
2026-03-21,03:14:39,autoclaved soil,-21.125,2026-03-21 03:14:39,20260802_soil_log.txt
2026-03-21,03:19:39,autoclaved soil,-26.25,2026-03-21 03:19:39,20260802_soil_log.txt
2026-03-21,03:24:39,autoclaved soil,-22.25,2026-03-21 03:24:39,20260802_soil_log.txt
2026-03-21,03:29:40,autoclaved soil,-21.625000000000004,2026-03-21 03:29:40,20260802_soil_log.txt
2026-03-21,03:34:40,autoclaved soil,-21.25,2026-03-21 03:34:40,20260802_soil_log.txt
2026-03-21,03:39:40,autoclaved soil,-24.0,2026-03-21 03:39:40,20260802_soil_log.txt
2026-03-21,03:44:40,autoclaved soil,-19.5,2026-03-21 03:44:40,20260802_soil_log.txt
2026-03-21,03:49:41,autoclaved soil,-23.5,2026-03-21 03:49:41,20260802_soil_log.txt
2026-03-21,03:54:41,autoclaved soil,-19.5,2026-03-21 03:54:41,20260802_soil_log.txt
2026-03-21,03:59:41,autoclaved soil,-25.500000000000004,2026-03-21 03:59:41,20260802_soil_log.txt
2026-03-21,04:04:41,autoclaved soil,-25.375,2026-03-21 04:04:41,20260802_soil_log.txt
2026-03-21,04:09:42,autoclaved soil,-22.25,2026-03-21 04:09:42,20260802_soil_log.txt
2026-03-21,04:14:42,autoclaved soil,-18.75,2026-03-21 04:14:42,20260802_soil_log.txt
2026-03-21,04:19:42,autoclaved soil,-20.625,2026-03-21 04:19:42,20260802_soil_log.txt
2026-03-21,04:24:42,autoclaved soil,-22.375,2026-03-21 04:24:42,20260802_soil_log.txt
2026-03-21,04:29:42,autoclaved soil,-17.25,2026-03-21 04:29:42,20260802_soil_log.txt
2026-03-21,04:34:43,autoclaved soil,-20.375,2026-03-21 04:34:43,20260802_soil_log.txt
2026-03-21,04:39:43,autoclaved soil,-23.375,2026-03-21 04:39:43,20260802_soil_log.txt
2026-03-21,04:44:43,autoclaved soil,-24.125,2026-03-21 04:44:43,20260802_soil_log.txt
2026-03-21,04:49:43,autoclaved soil,-19.0,2026-03-21 04:49:43,20260802_soil_log.txt
2026-03-21,04:54:44,autoclaved soil,-24.125,2026-03-21 04:54:44,20260802_soil_log.txt
2026-03-21,04:59:44,autoclaved soil,-21.875000000000004,2026-03-21 04:59:44,20260802_soil_log.txt
2026-03-21,05:04:44,autoclaved soil,-18.875,2026-03-21 05:04:44,20260802_soil_log.txt
2026-03-21,05:09:44,autoclaved soil,-20.875,2026-03-21 05:09:44,20260802_soil_log.txt
2026-03-21,05:14:45,autoclaved soil,-24.625,2026-03-21 05:14:45,20260802_soil_log.txt
2026-03-21,05:19:45,autoclaved soil,-18.625,2026-03-21 05:19:45,20260802_soil_log.txt
2026-03-21,05:24:45,autoclaved soil,-22.0,2026-03-21 05:24:45,20260802_soil_log.txt
2026-03-21,05:29:45,autoclaved soil,-21.875000000000004,2026-03-21 05:29:45,20260802_soil_log.txt
2026-03-21,05:34:45,autoclaved soil,-18.75,2026-03-21 05:34:45,20260802_soil_log.txt
2026-03-21,05:39:46,autoclaved soil,-18.375,2026-03-21 05:39:46,20260802_soil_log.txt
2026-03-21,05:44:46,autoclaved soil,-21.5,2026-03-21 05:44:46,20260802_soil_log.txt
2026-03-21,05:49:46,autoclaved soil,-17.750000000000004,2026-03-21 05:49:46,20260802_soil_log.txt
2026-03-21,05:54:46,autoclaved soil,-19.625,2026-03-21 05:54:46,20260802_soil_log.txt
2026-03-21,05:59:46,autoclaved soil,-22.75,2026-03-21 05:59:46,20260802_soil_log.txt
2026-03-21,06:04:47,autoclaved soil,-17.750000000000004,2026-03-21 06:04:47,20260802_soil_log.txt
2026-03-21,06:09:47,autoclaved soil,-24.375,2026-03-21 06:09:47,20260802_soil_log.txt
2026-03-21,06:14:47,autoclaved soil,-18.875,2026-03-21 06:14:47,20260802_soil_log.txt
2026-03-21,06:19:47,autoclaved soil,-22.25,2026-03-21 06:19:47,20260802_soil_log.txt
2026-03-21,06:24:47,autoclaved soil,-21.625000000000004,2026-03-21 06:24:47,20260802_soil_log.txt
2026-03-21,06:29:48,autoclaved soil,-20.75,2026-03-21 06:29:48,20260802_soil_log.txt
2026-03-21,06:34:48,autoclaved soil,-22.25,2026-03-21 06:34:48,20260802_soil_log.txt
2026-03-21,06:39:48,autoclaved soil,-21.25,2026-03-21 06:39:48,20260802_soil_log.txt
2026-03-21,06:44:48,autoclaved soil,-18.5,2026-03-21 06:44:48,20260802_soil_log.txt
2026-03-21,06:49:49,autoclaved soil,-18.875,2026-03-21 06:49:49,20260802_soil_log.txt
2026-03-21,06:54:49,autoclaved soil,-18.75,2026-03-21 06:54:49,20260802_soil_log.txt
2026-03-21,06:59:49,autoclaved soil,-23.125,2026-03-21 06:59:49,20260802_soil_log.txt
2026-03-21,07:04:49,autoclaved soil,-19.625,2026-03-21 07:04:49,20260802_soil_log.txt
2026-03-21,07:09:49,autoclaved soil,-18.625,2026-03-21 07:09:49,20260802_soil_log.txt
2026-03-21,07:14:50,autoclaved soil,-24.75,2026-03-21 07:14:50,20260802_soil_log.txt
2026-03-21,07:19:50,autoclaved soil,-24.125,2026-03-21 07:19:50,20260802_soil_log.txt
2026-03-21,07:24:50,autoclaved soil,-22.5,2026-03-21 07:24:50,20260802_soil_log.txt
2026-03-21,07:29:50,autoclaved soil,-20.5,2026-03-21 07:29:50,20260802_soil_log.txt
2026-03-21,07:34:50,autoclaved soil,-20.125,2026-03-21 07:34:50,20260802_soil_log.txt
2026-03-21,07:39:51,autoclaved soil,-19.375,2026-03-21 07:39:51,20260802_soil_log.txt
2026-03-21,07:44:51,autoclaved soil,-24.125,2026-03-21 07:44:51,20260802_soil_log.txt
2026-03-21,07:49:51,autoclaved soil,-22.375,2026-03-21 07:49:51,20260802_soil_log.txt
2026-03-21,07:54:51,autoclaved soil,-21.5,2026-03-21 07:54:51,20260802_soil_log.txt
2026-03-21,07:59:52,autoclaved soil,-22.125,2026-03-21 07:59:52,20260802_soil_log.txt
2026-03-21,08:04:52,autoclaved soil,-18.5,2026-03-21 08:04:52,20260802_soil_log.txt
2026-03-21,08:09:52,autoclaved soil,-22.25,2026-03-21 08:09:52,20260802_soil_log.txt
2026-03-21,08:14:52,autoclaved soil,-23.25,2026-03-21 08:14:52,20260802_soil_log.txt
2026-03-21,08:19:52,autoclaved soil,-19.0,2026-03-21 08:19:52,20260802_soil_log.txt
2026-03-21,08:24:53,autoclaved soil,-18.875,2026-03-21 08:24:53,20260802_soil_log.txt
2026-03-21,08:29:53,autoclaved soil,-22.125,2026-03-21 08:29:53,20260802_soil_log.txt
2026-03-21,08:34:53,autoclaved soil,-21.5,2026-03-21 08:34:53,20260802_soil_log.txt
2026-03-21,08:39:53,autoclaved soil,-18.125,2026-03-21 08:39:53,20260802_soil_log.txt
2026-03-21,08:44:54,autoclaved soil,-23.625,2026-03-21 08:44:54,20260802_soil_log.txt
2026-03-21,08:49:54,autoclaved soil,-18.125,2026-03-21 08:49:54,20260802_soil_log.txt
2026-03-21,08:54:54,autoclaved soil,-22.75,2026-03-21 08:54:54,20260802_soil_log.txt
2026-03-21,08:59:54,autoclaved soil,-23.25,2026-03-21 08:59:54,20260802_soil_log.txt
2026-03-21,09:04:54,autoclaved soil,-21.125,2026-03-21 09:04:54,20260802_soil_log.txt
2026-03-21,09:09:55,autoclaved soil,-19.125,2026-03-21 09:09:55,20260802_soil_log.txt
2026-03-21,09:14:55,autoclaved soil,-19.125,2026-03-21 09:14:55,20260802_soil_log.txt
2026-03-21,09:19:55,autoclaved soil,-20.25,2026-03-21 09:19:55,20260802_soil_log.txt
2026-03-21,09:24:55,autoclaved soil,-20.75,2026-03-21 09:24:55,20260802_soil_log.txt
2026-03-21,09:29:55,autoclaved soil,-18.5,2026-03-21 09:29:55,20260802_soil_log.txt
2026-03-21,09:34:56,autoclaved soil,-19.375,2026-03-21 09:34:56,20260802_soil_log.txt
2026-03-21,09:39:56,autoclaved soil,-16.625,2026-03-21 09:39:56,20260802_soil_log.txt
2026-03-21,09:44:56,autoclaved soil,-18.625,2026-03-21 09:44:56,20260802_soil_log.txt
2026-03-21,09:49:56,autoclaved soil,-20.875,2026-03-21 09:49:56,20260802_soil_log.txt
2026-03-21,09:54:57,autoclaved soil,-17.625,2026-03-21 09:54:57,20260802_soil_log.txt
2026-03-21,09:59:57,autoclaved soil,-20.875,2026-03-21 09:59:57,20260802_soil_log.txt
2026-03-21,10:04:57,autoclaved soil,-22.625,2026-03-21 10:04:57,20260802_soil_log.txt
2026-03-21,10:09:57,autoclaved soil,-20.5,2026-03-21 10:09:57,20260802_soil_log.txt
2026-03-21,10:14:57,autoclaved soil,-19.25,2026-03-21 10:14:57,20260802_soil_log.txt
2026-03-21,10:19:58,autoclaved soil,-18.000000000000004,2026-03-21 10:19:58,20260802_soil_log.txt
2026-03-21,10:24:58,autoclaved soil,-20.125,2026-03-21 10:24:58,20260802_soil_log.txt
2026-03-21,10:29:58,autoclaved soil,-21.625000000000004,2026-03-21 10:29:58,20260802_soil_log.txt
2026-03-21,10:34:58,autoclaved soil,-22.25,2026-03-21 10:34:58,20260802_soil_log.txt
2026-03-21,10:39:59,autoclaved soil,-19.0,2026-03-21 10:39:59,20260802_soil_log.txt
2026-03-21,10:44:59,autoclaved soil,-20.75,2026-03-21 10:44:59,20260802_soil_log.txt
2026-03-21,10:49:59,autoclaved soil,-15.25,2026-03-21 10:49:59,20260802_soil_log.txt
2026-03-21,10:54:59,autoclaved soil,-18.25,2026-03-21 10:54:59,20260802_soil_log.txt
2026-03-21,10:59:59,autoclaved soil,-21.875000000000004,2026-03-21 10:59:59,20260802_soil_log.txt
2026-03-21,11:05:00,autoclaved soil,-21.0,2026-03-21 11:05:00,20260802_soil_log.txt
2026-03-21,11:10:00,autoclaved soil,-17.0,2026-03-21 11:10:00,20260802_soil_log.txt
2026-03-21,11:15:00,autoclaved soil,-20.5,2026-03-21 11:15:00,20260802_soil_log.txt
2026-03-21,11:20:00,autoclaved soil,-14.375,2026-03-21 11:20:00,20260802_soil_log.txt
2026-03-21,11:25:01,autoclaved soil,-19.625,2026-03-21 11:25:01,20260802_soil_log.txt
2026-03-21,11:30:01,autoclaved soil,-16.875,2026-03-21 11:30:01,20260802_soil_log.txt
2026-03-21,11:35:01,autoclaved soil,-15.5,2026-03-21 11:35:01,20260802_soil_log.txt
2026-03-21,11:40:01,autoclaved soil,-19.875,2026-03-21 11:40:01,20260802_soil_log.txt
2026-03-21,11:45:01,autoclaved soil,-14.125,2026-03-21 11:45:01,20260802_soil_log.txt
2026-03-21,11:50:02,autoclaved soil,-17.375,2026-03-21 11:50:02,20260802_soil_log.txt
2026-03-21,11:55:02,autoclaved soil,-19.75,2026-03-21 11:55:02,20260802_soil_log.txt
2026-03-21,12:00:02,autoclaved soil,-16.5,2026-03-21 12:00:02,20260802_soil_log.txt
2026-03-21,12:05:02,autoclaved soil,-21.750000000000004,2026-03-21 12:05:02,20260802_soil_log.txt
2026-03-21,12:10:03,autoclaved soil,-18.25,2026-03-21 12:10:03,20260802_soil_log.txt
2026-03-21,12:15:03,autoclaved soil,-20.0,2026-03-21 12:15:03,20260802_soil_log.txt
2026-03-21,12:20:03,autoclaved soil,-19.25,2026-03-21 12:20:03,20260802_soil_log.txt
2026-03-21,12:25:03,autoclaved soil,-19.75,2026-03-21 12:25:03,20260802_soil_log.txt
2026-03-21,12:30:03,autoclaved soil,-17.125,2026-03-21 12:30:03,20260802_soil_log.txt
2026-03-21,12:35:04,autoclaved soil,-21.625000000000004,2026-03-21 12:35:04,20260802_soil_log.txt
2026-03-21,12:40:04,autoclaved soil,-15.375,2026-03-21 12:40:04,20260802_soil_log.txt
2026-03-21,12:45:04,autoclaved soil,-16.25,2026-03-21 12:45:04,20260802_soil_log.txt
2026-03-21,12:50:04,autoclaved soil,-16.25,2026-03-21 12:50:04,20260802_soil_log.txt
2026-03-21,12:55:04,autoclaved soil,-19.875,2026-03-21 12:55:04,20260802_soil_log.txt
2026-03-21,13:00:05,autoclaved soil,-19.625,2026-03-21 13:00:05,20260802_soil_log.txt
2026-03-21,13:05:05,autoclaved soil,-19.875,2026-03-21 13:05:05,20260802_soil_log.txt
2026-03-21,13:10:05,autoclaved soil,-15.625,2026-03-21 13:10:05,20260802_soil_log.txt
2026-03-21,13:15:05,autoclaved soil,-19.625,2026-03-21 13:15:05,20260802_soil_log.txt
2026-03-21,13:20:06,autoclaved soil,-20.0,2026-03-21 13:20:06,20260802_soil_log.txt
2026-03-21,13:25:06,autoclaved soil,-18.000000000000004,2026-03-21 13:25:06,20260802_soil_log.txt
2026-03-21,13:30:06,autoclaved soil,-21.5,2026-03-21 13:30:06,20260802_soil_log.txt
2026-03-21,13:35:06,autoclaved soil,-15.75,2026-03-21 13:35:06,20260802_soil_log.txt
2026-03-21,13:40:07,autoclaved soil,-19.375,2026-03-21 13:40:07,20260802_soil_log.txt
2026-03-21,13:45:07,autoclaved soil,-19.875,2026-03-21 13:45:07,20260802_soil_log.txt
2026-03-21,13:50:07,autoclaved soil,-21.375,2026-03-21 13:50:07,20260802_soil_log.txt
2026-03-21,13:55:07,autoclaved soil,-20.25,2026-03-21 13:55:07,20260802_soil_log.txt
2026-03-21,14:00:07,autoclaved soil,-16.625,2026-03-21 14:00:07,20260802_soil_log.txt
2026-03-21,14:05:07,autoclaved soil,-18.75,2026-03-21 14:05:07,20260802_soil_log.txt
2026-03-21,14:10:08,autoclaved soil,-17.625,2026-03-21 14:10:08,20260802_soil_log.txt
2026-03-21,14:15:08,autoclaved soil,-20.5,2026-03-21 14:15:08,20260802_soil_log.txt
2026-03-21,14:20:08,autoclaved soil,-17.750000000000004,2026-03-21 14:20:08,20260802_soil_log.txt
2026-03-21,14:25:08,autoclaved soil,-21.125,2026-03-21 14:25:08,20260802_soil_log.txt
2026-03-21,14:30:08,autoclaved soil,-19.875,2026-03-21 14:30:08,20260802_soil_log.txt
2026-03-21,14:35:09,autoclaved soil,-19.125,2026-03-21 14:35:09,20260802_soil_log.txt
2026-03-21,14:40:09,autoclaved soil,-20.375,2026-03-21 14:40:09,20260802_soil_log.txt
2026-03-21,14:45:09,autoclaved soil,-16.375,2026-03-21 14:45:09,20260802_soil_log.txt
2026-03-21,14:50:09,autoclaved soil,-15.75,2026-03-21 14:50:09,20260802_soil_log.txt
2026-03-21,14:55:10,autoclaved soil,-17.375,2026-03-21 14:55:10,20260802_soil_log.txt
2026-03-21,15:00:10,autoclaved soil,-16.5,2026-03-21 15:00:10,20260802_soil_log.txt
2026-03-21,15:05:10,autoclaved soil,-16.25,2026-03-21 15:05:10,20260802_soil_log.txt
2026-03-21,15:10:10,autoclaved soil,-15.875,2026-03-21 15:10:10,20260802_soil_log.txt
2026-03-21,15:15:10,autoclaved soil,-20.375,2026-03-21 15:15:10,20260802_soil_log.txt
2026-03-21,15:20:11,autoclaved soil,-20.125,2026-03-21 15:20:11,20260802_soil_log.txt
2026-03-21,15:25:11,autoclaved soil,-15.625,2026-03-21 15:25:11,20260802_soil_log.txt
2026-03-21,15:30:11,autoclaved soil,-15.5,2026-03-21 15:30:11,20260802_soil_log.txt
2026-03-21,15:35:11,autoclaved soil,-21.750000000000004,2026-03-21 15:35:11,20260802_soil_log.txt
2026-03-21,15:40:12,autoclaved soil,-20.5,2026-03-21 15:40:12,20260802_soil_log.txt
2026-03-21,15:45:12,autoclaved soil,-16.625,2026-03-21 15:45:12,20260802_soil_log.txt
2026-03-21,15:50:12,autoclaved soil,-21.375,2026-03-21 15:50:12,20260802_soil_log.txt
2026-03-21,15:55:12,autoclaved soil,-15.75,2026-03-21 15:55:12,20260802_soil_log.txt
2026-03-21,16:00:13,autoclaved soil,-16.75,2026-03-21 16:00:13,20260802_soil_log.txt
2026-03-21,16:05:13,autoclaved soil,-16.625,2026-03-21 16:05:13,20260802_soil_log.txt
2026-03-21,16:10:13,autoclaved soil,-16.375,2026-03-21 16:10:13,20260802_soil_log.txt
2026-03-21,16:15:13,autoclaved soil,-20.375,2026-03-21 16:15:13,20260802_soil_log.txt
2026-03-21,16:20:13,autoclaved soil,-16.75,2026-03-21 16:20:13,20260802_soil_log.txt
2026-03-21,16:25:14,autoclaved soil,-19.875,2026-03-21 16:25:14,20260802_soil_log.txt
2026-03-21,16:30:14,autoclaved soil,-18.000000000000004,2026-03-21 16:30:14,20260802_soil_log.txt
2026-03-21,16:35:14,autoclaved soil,-20.875,2026-03-21 16:35:14,20260802_soil_log.txt
2026-03-21,16:40:14,autoclaved soil,-16.625,2026-03-21 16:40:14,20260802_soil_log.txt
2026-03-21,16:45:14,autoclaved soil,-16.625,2026-03-21 16:45:14,20260802_soil_log.txt
2026-03-21,16:50:15,autoclaved soil,-17.875000000000004,2026-03-21 16:50:15,20260802_soil_log.txt
2026-03-21,16:55:15,autoclaved soil,-21.875000000000004,2026-03-21 16:55:15,20260802_soil_log.txt
2026-03-21,17:00:15,autoclaved soil,-17.750000000000004,2026-03-21 17:00:15,20260802_soil_log.txt
2026-03-21,17:05:15,autoclaved soil,-17.25,2026-03-21 17:05:15,20260802_soil_log.txt
2026-03-21,17:10:15,autoclaved soil,-23.0,2026-03-21 17:10:15,20260802_soil_log.txt
2026-03-21,17:15:16,autoclaved soil,-21.0,2026-03-21 17:15:16,20260802_soil_log.txt
2026-03-21,17:20:16,autoclaved soil,-22.625,2026-03-21 17:20:16,20260802_soil_log.txt
2026-03-21,17:25:16,autoclaved soil,-16.375,2026-03-21 17:25:16,20260802_soil_log.txt
2026-03-21,17:30:16,autoclaved soil,-17.5,2026-03-21 17:30:16,20260802_soil_log.txt
2026-03-21,17:35:17,autoclaved soil,-20.125,2026-03-21 17:35:17,20260802_soil_log.txt
2026-03-21,17:40:17,autoclaved soil,-21.375,2026-03-21 17:40:17,20260802_soil_log.txt
2026-03-21,17:45:17,autoclaved soil,-18.25,2026-03-21 17:45:17,20260802_soil_log.txt
2026-03-21,17:50:17,autoclaved soil,-17.125,2026-03-21 17:50:17,20260802_soil_log.txt
2026-03-21,17:55:17,autoclaved soil,-21.125,2026-03-21 17:55:17,20260802_soil_log.txt
2026-03-21,18:00:18,autoclaved soil,-22.5,2026-03-21 18:00:18,20260802_soil_log.txt
2026-03-21,18:05:18,autoclaved soil,-18.375,2026-03-21 18:05:18,20260802_soil_log.txt
2026-03-21,18:10:18,autoclaved soil,-20.25,2026-03-21 18:10:18,20260802_soil_log.txt
2026-03-21,18:15:18,autoclaved soil,-16.5,2026-03-21 18:15:18,20260802_soil_log.txt
2026-03-21,18:20:19,autoclaved soil,-21.0,2026-03-21 18:20:19,20260802_soil_log.txt
2026-03-21,18:25:19,autoclaved soil,-22.5,2026-03-21 18:25:19,20260802_soil_log.txt
2026-03-21,18:30:19,autoclaved soil,-18.25,2026-03-21 18:30:19,20260802_soil_log.txt
2026-03-21,18:35:19,autoclaved soil,-21.875000000000004,2026-03-21 18:35:19,20260802_soil_log.txt
2026-03-21,18:40:19,autoclaved soil,-19.875,2026-03-21 18:40:19,20260802_soil_log.txt
2026-03-21,18:45:20,autoclaved soil,-15.75,2026-03-21 18:45:20,20260802_soil_log.txt
2026-03-21,18:50:20,autoclaved soil,-20.875,2026-03-21 18:50:20,20260802_soil_log.txt
2026-03-21,18:55:20,autoclaved soil,-19.0,2026-03-21 18:55:20,20260802_soil_log.txt
2026-03-21,19:00:20,autoclaved soil,-17.5,2026-03-21 19:00:20,20260802_soil_log.txt
2026-03-21,19:05:21,autoclaved soil,-22.0,2026-03-21 19:05:21,20260802_soil_log.txt
2026-03-21,19:10:21,autoclaved soil,-22.125,2026-03-21 19:10:21,20260802_soil_log.txt
2026-03-21,19:15:21,autoclaved soil,-17.375,2026-03-21 19:15:21,20260802_soil_log.txt
2026-03-21,19:20:21,autoclaved soil,-17.125,2026-03-21 19:20:21,20260802_soil_log.txt
2026-03-21,19:25:22,autoclaved soil,-20.5,2026-03-21 19:25:22,20260802_soil_log.txt
2026-03-21,19:30:22,autoclaved soil,-16.125,2026-03-21 19:30:22,20260802_soil_log.txt
2026-03-21,19:35:22,autoclaved soil,-19.625,2026-03-21 19:35:22,20260802_soil_log.txt
2026-03-21,19:40:22,autoclaved soil,-21.125,2026-03-21 19:40:22,20260802_soil_log.txt
2026-03-21,19:45:22,autoclaved soil,-22.875,2026-03-21 19:45:22,20260802_soil_log.txt
2026-03-21,19:50:22,autoclaved soil,-20.875,2026-03-21 19:50:22,20260802_soil_log.txt
2026-03-21,19:55:23,autoclaved soil,-17.25,2026-03-21 19:55:23,20260802_soil_log.txt
2026-03-21,20:00:23,autoclaved soil,-21.5,2026-03-21 20:00:23,20260802_soil_log.txt
2026-03-21,20:05:23,autoclaved soil,-16.25,2026-03-21 20:05:23,20260802_soil_log.txt
2026-03-21,20:10:23,autoclaved soil,-17.0,2026-03-21 20:10:23,20260802_soil_log.txt
2026-03-21,20:15:24,autoclaved soil,-22.25,2026-03-21 20:15:24,20260802_soil_log.txt
2026-03-21,20:20:24,autoclaved soil,-22.375,2026-03-21 20:20:24,20260802_soil_log.txt
2026-03-21,20:25:24,autoclaved soil,-21.875000000000004,2026-03-21 20:25:24,20260802_soil_log.txt
2026-03-21,20:30:24,autoclaved soil,-19.375,2026-03-21 20:30:24,20260802_soil_log.txt
2026-03-21,20:35:24,autoclaved soil,-21.750000000000004,2026-03-21 20:35:24,20260802_soil_log.txt
2026-03-21,20:40:25,autoclaved soil,-16.125,2026-03-21 20:40:25,20260802_soil_log.txt
2026-03-21,20:45:25,autoclaved soil,-18.25,2026-03-21 20:45:25,20260802_soil_log.txt
2026-03-21,20:50:25,autoclaved soil,-20.375,2026-03-21 20:50:25,20260802_soil_log.txt
2026-03-21,20:55:25,autoclaved soil,-21.0,2026-03-21 20:55:25,20260802_soil_log.txt
2026-03-21,21:00:26,autoclaved soil,-21.750000000000004,2026-03-21 21:00:26,20260802_soil_log.txt
2026-03-21,21:05:26,autoclaved soil,-21.750000000000004,2026-03-21 21:05:26,20260802_soil_log.txt
2026-03-21,21:10:26,autoclaved soil,-20.125,2026-03-21 21:10:26,20260802_soil_log.txt
2026-03-21,21:15:26,autoclaved soil,-21.375,2026-03-21 21:15:26,20260802_soil_log.txt
2026-03-21,21:20:26,autoclaved soil,-22.25,2026-03-21 21:20:26,20260802_soil_log.txt
2026-03-21,21:25:27,autoclaved soil,-22.0,2026-03-21 21:25:27,20260802_soil_log.txt
2026-03-21,21:30:27,autoclaved soil,-22.75,2026-03-21 21:30:27,20260802_soil_log.txt
2026-03-21,21:35:27,autoclaved soil,-21.125,2026-03-21 21:35:27,20260802_soil_log.txt
2026-03-21,21:40:27,autoclaved soil,-19.625,2026-03-21 21:40:27,20260802_soil_log.txt
2026-03-21,21:45:28,autoclaved soil,-20.75,2026-03-21 21:45:28,20260802_soil_log.txt
2026-03-21,21:50:28,autoclaved soil,-19.25,2026-03-21 21:50:28,20260802_soil_log.txt
2026-03-21,21:55:28,autoclaved soil,-15.75,2026-03-21 21:55:28,20260802_soil_log.txt
2026-03-21,22:00:28,autoclaved soil,-17.5,2026-03-21 22:00:28,20260802_soil_log.txt
2026-03-21,22:05:29,autoclaved soil,-18.125,2026-03-21 22:05:29,20260802_soil_log.txt
2026-03-21,22:10:29,autoclaved soil,-17.625,2026-03-21 22:10:29,20260802_soil_log.txt
2026-03-21,22:15:29,autoclaved soil,-17.750000000000004,2026-03-21 22:15:29,20260802_soil_log.txt
2026-03-21,22:20:29,autoclaved soil,-18.125,2026-03-21 22:20:29,20260802_soil_log.txt
2026-03-21,22:25:29,autoclaved soil,-22.5,2026-03-21 22:25:29,20260802_soil_log.txt
2026-03-21,22:30:30,autoclaved soil,-20.875,2026-03-21 22:30:30,20260802_soil_log.txt
2026-03-21,22:35:30,autoclaved soil,-21.5,2026-03-21 22:35:30,20260802_soil_log.txt
2026-03-21,22:40:30,autoclaved soil,-16.5,2026-03-21 22:40:30,20260802_soil_log.txt
2026-03-21,22:45:30,autoclaved soil,-21.25,2026-03-21 22:45:30,20260802_soil_log.txt
2026-03-21,22:50:30,autoclaved soil,-16.75,2026-03-21 22:50:30,20260802_soil_log.txt
2026-03-21,22:55:31,autoclaved soil,-18.000000000000004,2026-03-21 22:55:31,20260802_soil_log.txt
2026-03-21,23:00:31,autoclaved soil,-17.875000000000004,2026-03-21 23:00:31,20260802_soil_log.txt
2026-03-21,23:05:31,autoclaved soil,-19.5,2026-03-21 23:05:31,20260802_soil_log.txt
2026-03-21,23:10:31,autoclaved soil,-21.875000000000004,2026-03-21 23:10:31,20260802_soil_log.txt
2026-03-21,23:15:31,autoclaved soil,-21.25,2026-03-21 23:15:31,20260802_soil_log.txt
2026-03-21,23:20:32,autoclaved soil,-15.875,2026-03-21 23:20:32,20260802_soil_log.txt
2026-03-21,23:25:32,autoclaved soil,-15.75,2026-03-21 23:25:32,20260802_soil_log.txt
2026-03-21,23:30:32,autoclaved soil,-17.0,2026-03-21 23:30:32,20260802_soil_log.txt
2026-03-21,23:35:32,autoclaved soil,-20.125,2026-03-21 23:35:32,20260802_soil_log.txt
2026-03-21,23:40:33,autoclaved soil,-21.0,2026-03-21 23:40:33,20260802_soil_log.txt
2026-03-21,23:45:33,autoclaved soil,-17.750000000000004,2026-03-21 23:45:33,20260802_soil_log.txt
2026-03-21,23:50:33,autoclaved soil,-20.25,2026-03-21 23:50:33,20260802_soil_log.txt
2026-03-21,23:55:33,autoclaved soil,-18.25,2026-03-21 23:55:33,20260802_soil_log.txt
2026-03-22,00:00:33,autoclaved soil,-20.875,2026-03-22 00:00:33,20260802_soil_log.txt
2026-03-22,00:05:34,autoclaved soil,-20.75,2026-03-22 00:05:34,20260802_soil_log.txt
2026-03-22,00:10:34,autoclaved soil,-15.0,2026-03-22 00:10:34,20260802_soil_log.txt
2026-03-22,00:15:34,autoclaved soil,-16.875,2026-03-22 00:15:34,20260802_soil_log.txt
2026-03-22,00:20:34,autoclaved soil,-19.5,2026-03-22 00:20:34,20260802_soil_log.txt
2026-03-22,00:25:34,autoclaved soil,-17.375,2026-03-22 00:25:34,20260802_soil_log.txt
2026-03-22,00:30:35,autoclaved soil,-20.875,2026-03-22 00:30:35,20260802_soil_log.txt
2026-03-22,00:35:35,autoclaved soil,-20.875,2026-03-22 00:35:35,20260802_soil_log.txt
2026-03-22,00:40:35,autoclaved soil,-15.875,2026-03-22 00:40:35,20260802_soil_log.txt
2026-03-22,00:45:35,autoclaved soil,-16.875,2026-03-22 00:45:35,20260802_soil_log.txt
2026-03-22,00:50:36,autoclaved soil,-20.875,2026-03-22 00:50:36,20260802_soil_log.txt
2026-03-22,00:55:36,autoclaved soil,-21.125,2026-03-22 00:55:36,20260802_soil_log.txt
2026-03-22,01:00:36,autoclaved soil,-17.25,2026-03-22 01:00:36,20260802_soil_log.txt
2026-03-22,01:05:36,autoclaved soil,-20.5,2026-03-22 01:05:36,20260802_soil_log.txt
2026-03-22,01:10:36,autoclaved soil,-20.25,2026-03-22 01:10:36,20260802_soil_log.txt
2026-03-22,01:15:37,autoclaved soil,-16.5,2026-03-22 01:15:37,20260802_soil_log.txt
2026-03-22,01:20:37,autoclaved soil,-15.5,2026-03-22 01:20:37,20260802_soil_log.txt
2026-03-22,01:25:37,autoclaved soil,-17.125,2026-03-22 01:25:37,20260802_soil_log.txt
2026-03-22,01:30:37,autoclaved soil,-19.125,2026-03-22 01:30:37,20260802_soil_log.txt
2026-03-22,01:35:38,autoclaved soil,-17.750000000000004,2026-03-22 01:35:38,20260802_soil_log.txt
2026-03-22,01:40:38,autoclaved soil,-20.5,2026-03-22 01:40:38,20260802_soil_log.txt
2026-03-22,01:45:38,autoclaved soil,-16.75,2026-03-22 01:45:38,20260802_soil_log.txt
2026-03-22,01:50:38,autoclaved soil,-16.375,2026-03-22 01:50:38,20260802_soil_log.txt
2026-03-22,01:55:38,autoclaved soil,-20.5,2026-03-22 01:55:38,20260802_soil_log.txt
2026-03-22,02:00:39,autoclaved soil,-15.25,2026-03-22 02:00:39,20260802_soil_log.txt
2026-03-22,02:05:39,autoclaved soil,-16.625,2026-03-22 02:05:39,20260802_soil_log.txt
2026-03-22,02:10:39,autoclaved soil,-16.0,2026-03-22 02:10:39,20260802_soil_log.txt
2026-03-22,02:15:39,autoclaved soil,-19.75,2026-03-22 02:15:39,20260802_soil_log.txt
2026-03-22,02:20:39,autoclaved soil,-16.125,2026-03-22 02:20:39,20260802_soil_log.txt
2026-03-22,02:25:40,autoclaved soil,-18.875,2026-03-22 02:25:40,20260802_soil_log.txt
2026-03-22,02:30:40,autoclaved soil,-19.125,2026-03-22 02:30:40,20260802_soil_log.txt
2026-03-22,02:35:40,autoclaved soil,-14.5,2026-03-22 02:35:40,20260802_soil_log.txt
2026-03-22,02:40:40,autoclaved soil,-19.375,2026-03-22 02:40:40,20260802_soil_log.txt
2026-03-22,02:45:41,autoclaved soil,-14.25,2026-03-22 02:45:41,20260802_soil_log.txt
2026-03-22,02:50:41,autoclaved soil,-15.625,2026-03-22 02:50:41,20260802_soil_log.txt
2026-03-22,02:55:41,autoclaved soil,-17.625,2026-03-22 02:55:41,20260802_soil_log.txt
2026-03-22,03:00:41,autoclaved soil,-18.875,2026-03-22 03:00:41,20260802_soil_log.txt
2026-03-22,03:05:42,autoclaved soil,-14.375,2026-03-22 03:05:42,20260802_soil_log.txt
2026-03-22,03:10:42,autoclaved soil,-15.375,2026-03-22 03:10:42,20260802_soil_log.txt
2026-03-22,03:15:42,autoclaved soil,-15.875,2026-03-22 03:15:42,20260802_soil_log.txt
2026-03-22,03:20:42,autoclaved soil,-16.375,2026-03-22 03:20:42,20260802_soil_log.txt
2026-03-22,03:25:42,autoclaved soil,-14.125,2026-03-22 03:25:42,20260802_soil_log.txt
2026-03-22,03:30:43,autoclaved soil,-17.875000000000004,2026-03-22 03:30:43,20260802_soil_log.txt
2026-03-22,03:35:43,autoclaved soil,-14.5,2026-03-22 03:35:43,20260802_soil_log.txt
2026-03-22,03:40:43,autoclaved soil,-20.625,2026-03-22 03:40:43,20260802_soil_log.txt
2026-03-22,03:45:43,autoclaved soil,-14.0,2026-03-22 03:45:43,20260802_soil_log.txt
2026-03-22,03:50:44,autoclaved soil,-18.000000000000004,2026-03-22 03:50:44,20260802_soil_log.txt
2026-03-22,03:55:44,autoclaved soil,-19.375,2026-03-22 03:55:44,20260802_soil_log.txt
2026-03-22,04:00:44,autoclaved soil,-13.25,2026-03-22 04:00:44,20260802_soil_log.txt
2026-03-22,04:05:44,autoclaved soil,-16.0,2026-03-22 04:05:44,20260802_soil_log.txt
2026-03-22,04:10:44,autoclaved soil,-13.000000000000002,2026-03-22 04:10:44,20260802_soil_log.txt
2026-03-22,04:15:45,autoclaved soil,-13.375,2026-03-22 04:15:45,20260802_soil_log.txt
2026-03-22,04:20:45,autoclaved soil,-18.875,2026-03-22 04:20:45,20260802_soil_log.txt
2026-03-22,04:25:45,autoclaved soil,-18.625,2026-03-22 04:25:45,20260802_soil_log.txt
2026-03-22,04:30:45,autoclaved soil,-14.875000000000002,2026-03-22 04:30:45,20260802_soil_log.txt
2026-03-22,04:35:46,autoclaved soil,-18.125,2026-03-22 04:35:46,20260802_soil_log.txt
2026-03-22,04:40:46,autoclaved soil,-13.875,2026-03-22 04:40:46,20260802_soil_log.txt
2026-03-22,04:45:46,autoclaved soil,-12.875000000000002,2026-03-22 04:45:46,20260802_soil_log.txt
2026-03-22,04:50:46,autoclaved soil,-17.5,2026-03-22 04:50:46,20260802_soil_log.txt
2026-03-22,04:55:46,autoclaved soil,-13.875,2026-03-22 04:55:46,20260802_soil_log.txt
2026-03-22,05:00:47,autoclaved soil,-17.375,2026-03-22 05:00:47,20260802_soil_log.txt
2026-03-22,05:05:47,autoclaved soil,-14.5,2026-03-22 05:05:47,20260802_soil_log.txt
2026-03-22,05:10:47,autoclaved soil,-16.125,2026-03-22 05:10:47,20260802_soil_log.txt
2026-03-22,05:15:47,autoclaved soil,-15.875,2026-03-22 05:15:47,20260802_soil_log.txt
2026-03-22,05:20:48,autoclaved soil,-16.125,2026-03-22 05:20:48,20260802_soil_log.txt
2026-03-22,05:25:48,autoclaved soil,-14.125,2026-03-22 05:25:48,20260802_soil_log.txt
2026-03-22,05:30:48,autoclaved soil,-14.875000000000002,2026-03-22 05:30:48,20260802_soil_log.txt
2026-03-22,05:35:48,autoclaved soil,-18.5,2026-03-22 05:35:48,20260802_soil_log.txt
2026-03-22,05:40:49,autoclaved soil,-17.625,2026-03-22 05:40:49,20260802_soil_log.txt
2026-03-22,05:45:49,autoclaved soil,-15.75,2026-03-22 05:45:49,20260802_soil_log.txt
2026-03-22,05:50:49,autoclaved soil,-17.875000000000004,2026-03-22 05:50:49,20260802_soil_log.txt
2026-03-22,05:55:49,autoclaved soil,-12.25,2026-03-22 05:55:49,20260802_soil_log.txt
2026-03-22,06:00:49,autoclaved soil,-11.5,2026-03-22 06:00:49,20260802_soil_log.txt
2026-03-22,06:05:50,autoclaved soil,-16.625,2026-03-22 06:05:50,20260802_soil_log.txt
2026-03-22,06:10:50,autoclaved soil,-15.75,2026-03-22 06:10:50,20260802_soil_log.txt
2026-03-22,06:15:50,autoclaved soil,-13.25,2026-03-22 06:15:50,20260802_soil_log.txt
2026-03-22,06:20:50,autoclaved soil,-13.5,2026-03-22 06:20:50,20260802_soil_log.txt
2026-03-22,06:25:51,autoclaved soil,-15.0,2026-03-22 06:25:51,20260802_soil_log.txt
2026-03-22,06:30:51,autoclaved soil,-14.750000000000002,2026-03-22 06:30:51,20260802_soil_log.txt
2026-03-22,06:35:51,autoclaved soil,-16.375,2026-03-22 06:35:51,20260802_soil_log.txt
2026-03-22,06:40:51,autoclaved soil,-16.25,2026-03-22 06:40:51,20260802_soil_log.txt
2026-03-22,06:45:51,autoclaved soil,-12.625,2026-03-22 06:45:51,20260802_soil_log.txt
2026-03-22,06:50:52,autoclaved soil,-12.875000000000002,2026-03-22 06:50:52,20260802_soil_log.txt
2026-03-22,06:55:52,autoclaved soil,-13.000000000000002,2026-03-22 06:55:52,20260802_soil_log.txt
2026-03-22,07:00:52,autoclaved soil,-14.0,2026-03-22 07:00:52,20260802_soil_log.txt
2026-03-22,07:05:52,autoclaved soil,-16.75,2026-03-22 07:05:52,20260802_soil_log.txt
2026-03-22,07:10:53,autoclaved soil,-17.375,2026-03-22 07:10:53,20260802_soil_log.txt
2026-03-22,07:15:53,autoclaved soil,-15.875,2026-03-22 07:15:53,20260802_soil_log.txt
2026-03-22,07:20:53,autoclaved soil,-13.000000000000002,2026-03-22 07:20:53,20260802_soil_log.txt
2026-03-22,07:25:53,autoclaved soil,-12.375,2026-03-22 07:25:53,20260802_soil_log.txt
2026-03-22,07:30:53,autoclaved soil,-17.750000000000004,2026-03-22 07:30:53,20260802_soil_log.txt
2026-03-22,07:35:54,autoclaved soil,-13.000000000000002,2026-03-22 07:35:54,20260802_soil_log.txt
2026-03-22,07:40:54,autoclaved soil,-16.375,2026-03-22 07:40:54,20260802_soil_log.txt
2026-03-22,07:45:54,autoclaved soil,-16.375,2026-03-22 07:45:54,20260802_soil_log.txt
2026-03-22,07:50:54,autoclaved soil,-18.375,2026-03-22 07:50:54,20260802_soil_log.txt
2026-03-22,07:55:55,autoclaved soil,-16.875,2026-03-22 07:55:55,20260802_soil_log.txt
2026-03-22,08:00:55,autoclaved soil,-17.125,2026-03-22 08:00:55,20260802_soil_log.txt
2026-03-22,08:05:55,autoclaved soil,-14.25,2026-03-22 08:05:55,20260802_soil_log.txt
2026-03-22,08:10:55,autoclaved soil,-14.875000000000002,2026-03-22 08:10:55,20260802_soil_log.txt
2026-03-22,08:15:55,autoclaved soil,-16.25,2026-03-22 08:15:55,20260802_soil_log.txt
2026-03-22,08:20:56,autoclaved soil,-14.5,2026-03-22 08:20:56,20260802_soil_log.txt
2026-03-22,08:25:56,autoclaved soil,-16.125,2026-03-22 08:25:56,20260802_soil_log.txt
2026-03-22,08:30:56,autoclaved soil,-14.750000000000002,2026-03-22 08:30:56,20260802_soil_log.txt
2026-03-22,08:35:56,autoclaved soil,-15.5,2026-03-22 08:35:56,20260802_soil_log.txt
2026-03-22,08:40:57,autoclaved soil,-17.25,2026-03-22 08:40:57,20260802_soil_log.txt
2026-03-22,08:45:57,autoclaved soil,-13.000000000000002,2026-03-22 08:45:57,20260802_soil_log.txt
2026-03-22,08:50:57,autoclaved soil,-13.000000000000002,2026-03-22 08:50:57,20260802_soil_log.txt
2026-03-22,08:55:57,autoclaved soil,-18.25,2026-03-22 08:55:57,20260802_soil_log.txt
2026-03-22,09:00:57,autoclaved soil,-14.25,2026-03-22 09:00:57,20260802_soil_log.txt
2026-03-22,09:05:58,autoclaved soil,-17.5,2026-03-22 09:05:58,20260802_soil_log.txt
2026-03-22,09:10:58,autoclaved soil,-15.125,2026-03-22 09:10:58,20260802_soil_log.txt
2026-03-22,09:15:58,autoclaved soil,-12.750000000000002,2026-03-22 09:15:58,20260802_soil_log.txt
2026-03-22,09:20:58,autoclaved soil,-13.375,2026-03-22 09:20:58,20260802_soil_log.txt
2026-03-22,09:25:59,autoclaved soil,-17.875000000000004,2026-03-22 09:25:59,20260802_soil_log.txt
2026-03-22,09:30:59,autoclaved soil,-16.125,2026-03-22 09:30:59,20260802_soil_log.txt
2026-03-22,09:35:59,autoclaved soil,-13.875,2026-03-22 09:35:59,20260802_soil_log.txt
2026-03-22,09:40:59,autoclaved soil,-17.875000000000004,2026-03-22 09:40:59,20260802_soil_log.txt
2026-03-22,09:45:59,autoclaved soil,-12.875000000000002,2026-03-22 09:45:59,20260802_soil_log.txt
2026-03-22,09:51:00,autoclaved soil,-18.000000000000004,2026-03-22 09:51:00,20260802_soil_log.txt
2026-03-22,09:56:00,autoclaved soil,-17.0,2026-03-22 09:56:00,20260802_soil_log.txt
2026-03-22,10:01:00,autoclaved soil,-15.875,2026-03-22 10:01:00,20260802_soil_log.txt
2026-03-22,10:06:00,autoclaved soil,-15.75,2026-03-22 10:06:00,20260802_soil_log.txt
2026-03-22,10:11:01,autoclaved soil,-12.875000000000002,2026-03-22 10:11:01,20260802_soil_log.txt
2026-03-22,10:16:01,autoclaved soil,-12.625,2026-03-22 10:16:01,20260802_soil_log.txt
2026-03-22,10:21:01,autoclaved soil,-13.000000000000002,2026-03-22 10:21:01,20260802_soil_log.txt
2026-03-22,10:26:01,autoclaved soil,-16.25,2026-03-22 10:26:01,20260802_soil_log.txt
2026-03-22,10:31:01,autoclaved soil,-13.875,2026-03-22 10:31:01,20260802_soil_log.txt
2026-03-22,10:36:02,autoclaved soil,-17.750000000000004,2026-03-22 10:36:02,20260802_soil_log.txt
2026-03-22,10:41:02,autoclaved soil,-17.875000000000004,2026-03-22 10:41:02,20260802_soil_log.txt
2026-03-22,10:46:02,autoclaved soil,-12.0,2026-03-22 10:46:02,20260802_soil_log.txt
2026-03-22,10:51:02,autoclaved soil,-12.750000000000002,2026-03-22 10:51:02,20260802_soil_log.txt
2026-03-22,10:56:03,autoclaved soil,-12.875000000000002,2026-03-22 10:56:03,20260802_soil_log.txt
2026-03-22,11:01:03,autoclaved soil,-14.875000000000002,2026-03-22 11:01:03,20260802_soil_log.txt
2026-03-22,11:06:03,autoclaved soil,-17.875000000000004,2026-03-22 11:06:03,20260802_soil_log.txt
2026-03-22,11:11:03,autoclaved soil,-12.625,2026-03-22 11:11:03,20260802_soil_log.txt
2026-03-22,11:16:03,autoclaved soil,-13.625,2026-03-22 11:16:03,20260802_soil_log.txt
2026-03-22,11:21:04,autoclaved soil,-18.25,2026-03-22 11:21:04,20260802_soil_log.txt
2026-03-22,11:26:04,autoclaved soil,-14.0,2026-03-22 11:26:04,20260802_soil_log.txt
2026-03-22,11:31:04,autoclaved soil,-12.5,2026-03-22 11:31:04,20260802_soil_log.txt
2026-03-22,11:36:04,autoclaved soil,-17.375,2026-03-22 11:36:04,20260802_soil_log.txt
2026-03-22,11:41:05,autoclaved soil,-12.25,2026-03-22 11:41:05,20260802_soil_log.txt
2026-03-22,11:46:05,autoclaved soil,-18.125,2026-03-22 11:46:05,20260802_soil_log.txt
2026-03-22,11:51:05,autoclaved soil,-17.0,2026-03-22 11:51:05,20260802_soil_log.txt
2026-03-22,11:56:05,autoclaved soil,-14.5,2026-03-22 11:56:05,20260802_soil_log.txt
2026-03-22,12:01:05,autoclaved soil,-17.625,2026-03-22 12:01:05,20260802_soil_log.txt
2026-03-22,12:06:06,autoclaved soil,-14.5,2026-03-22 12:06:06,20260802_soil_log.txt
2026-03-22,12:11:06,autoclaved soil,-12.375,2026-03-22 12:11:06,20260802_soil_log.txt
2026-03-22,12:16:06,autoclaved soil,-14.5,2026-03-22 12:16:06,20260802_soil_log.txt
2026-03-22,12:21:06,autoclaved soil,-14.875000000000002,2026-03-22 12:21:06,20260802_soil_log.txt
2026-03-22,12:26:07,autoclaved soil,-14.125,2026-03-22 12:26:07,20260802_soil_log.txt
2026-03-22,12:31:07,autoclaved soil,-14.625,2026-03-22 12:31:07,20260802_soil_log.txt
2026-03-22,12:36:07,autoclaved soil,-11.875,2026-03-22 12:36:07,20260802_soil_log.txt
2026-03-22,12:41:07,autoclaved soil,-16.875,2026-03-22 12:41:07,20260802_soil_log.txt
2026-03-22,12:46:07,autoclaved soil,-12.625,2026-03-22 12:46:07,20260802_soil_log.txt
2026-03-22,12:51:08,autoclaved soil,-17.0,2026-03-22 12:51:08,20260802_soil_log.txt
2026-03-22,12:56:08,autoclaved soil,-14.0,2026-03-22 12:56:08,20260802_soil_log.txt
2026-03-22,13:01:08,autoclaved soil,-15.0,2026-03-22 13:01:08,20260802_soil_log.txt
2026-03-22,13:06:08,autoclaved soil,-16.375,2026-03-22 13:06:08,20260802_soil_log.txt
2026-03-22,13:11:08,autoclaved soil,-13.000000000000002,2026-03-22 13:11:08,20260802_soil_log.txt
2026-03-22,13:16:09,autoclaved soil,-12.0,2026-03-22 13:16:09,20260802_soil_log.txt
2026-03-22,13:21:09,autoclaved soil,-11.75,2026-03-22 13:21:09,20260802_soil_log.txt
2026-03-22,13:26:09,autoclaved soil,-16.25,2026-03-22 13:26:09,20260802_soil_log.txt
2026-03-22,13:31:09,autoclaved soil,-11.125,2026-03-22 13:31:09,20260802_soil_log.txt
2026-03-22,13:36:09,autoclaved soil,-16.625,2026-03-22 13:36:09,20260802_soil_log.txt
2026-03-22,13:41:10,autoclaved soil,-16.625,2026-03-22 13:41:10,20260802_soil_log.txt
2026-03-22,13:46:10,autoclaved soil,-16.25,2026-03-22 13:46:10,20260802_soil_log.txt
2026-03-22,13:51:10,autoclaved soil,-16.125,2026-03-22 13:51:10,20260802_soil_log.txt
2026-03-22,13:56:10,autoclaved soil,-15.625,2026-03-22 13:56:10,20260802_soil_log.txt
2026-03-22,14:01:11,autoclaved soil,-10.125,2026-03-22 14:01:11,20260802_soil_log.txt
2026-03-22,14:06:11,autoclaved soil,-15.625,2026-03-22 14:06:11,20260802_soil_log.txt
2026-03-22,14:11:11,autoclaved soil,-14.625,2026-03-22 14:11:11,20260802_soil_log.txt
2026-03-22,14:16:11,autoclaved soil,-10.625,2026-03-22 14:16:11,20260802_soil_log.txt
2026-03-22,14:21:11,autoclaved soil,-12.625,2026-03-22 14:21:11,20260802_soil_log.txt
2026-03-22,14:26:12,autoclaved soil,-11.75,2026-03-22 14:26:12,20260802_soil_log.txt
2026-03-22,14:31:12,autoclaved soil,-16.375,2026-03-22 14:31:12,20260802_soil_log.txt
2026-03-22,14:36:12,autoclaved soil,-15.25,2026-03-22 14:36:12,20260802_soil_log.txt
2026-03-22,14:41:12,autoclaved soil,-15.0,2026-03-22 14:41:12,20260802_soil_log.txt
2026-03-22,14:46:13,autoclaved soil,-15.625,2026-03-22 14:46:13,20260802_soil_log.txt
2026-03-22,14:51:13,autoclaved soil,-15.125,2026-03-22 14:51:13,20260802_soil_log.txt
2026-03-22,14:56:13,autoclaved soil,-11.75,2026-03-22 14:56:13,20260802_soil_log.txt
2026-03-22,15:01:13,autoclaved soil,-14.5,2026-03-22 15:01:13,20260802_soil_log.txt
2026-03-22,15:06:13,autoclaved soil,-9.75,2026-03-22 15:06:13,20260802_soil_log.txt
2026-03-22,15:11:14,autoclaved soil,-15.25,2026-03-22 15:11:14,20260802_soil_log.txt
2026-03-22,15:16:14,autoclaved soil,-11.0,2026-03-22 15:16:14,20260802_soil_log.txt
2026-03-22,15:21:14,autoclaved soil,-12.750000000000002,2026-03-22 15:21:14,20260802_soil_log.txt
2026-03-22,15:26:14,autoclaved soil,-13.125,2026-03-22 15:26:14,20260802_soil_log.txt
2026-03-22,15:31:14,autoclaved soil,-9.625,2026-03-22 15:31:14,20260802_soil_log.txt
2026-03-22,15:36:15,autoclaved soil,-11.625,2026-03-22 15:36:15,20260802_soil_log.txt
2026-03-22,15:41:15,autoclaved soil,-13.000000000000002,2026-03-22 15:41:15,20260802_soil_log.txt
2026-03-22,15:46:15,autoclaved soil,-12.625,2026-03-22 15:46:15,20260802_soil_log.txt
2026-03-22,15:51:15,autoclaved soil,-10.125,2026-03-22 15:51:15,20260802_soil_log.txt
2026-03-22,15:56:16,autoclaved soil,-9.75,2026-03-22 15:56:16,20260802_soil_log.txt
2026-03-22,16:01:16,autoclaved soil,-15.125,2026-03-22 16:01:16,20260802_soil_log.txt
2026-03-22,16:06:16,autoclaved soil,-9.125,2026-03-22 16:06:16,20260802_soil_log.txt
2026-03-22,16:11:16,autoclaved soil,-12.625,2026-03-22 16:11:16,20260802_soil_log.txt
2026-03-22,16:16:16,autoclaved soil,-11.0,2026-03-22 16:16:16,20260802_soil_log.txt
2026-03-22,16:21:17,autoclaved soil,-12.375,2026-03-22 16:21:17,20260802_soil_log.txt
2026-03-22,16:26:17,autoclaved soil,-9.625,2026-03-22 16:26:17,20260802_soil_log.txt
2026-03-22,16:31:17,autoclaved soil,-11.375,2026-03-22 16:31:17,20260802_soil_log.txt
2026-03-22,16:36:17,autoclaved soil,-9.375,2026-03-22 16:36:17,20260802_soil_log.txt
2026-03-22,16:41:17,autoclaved soil,-9.5,2026-03-22 16:41:17,20260802_soil_log.txt
2026-03-22,16:46:18,autoclaved soil,-14.750000000000002,2026-03-22 16:46:18,20260802_soil_log.txt
2026-03-22,16:51:18,autoclaved soil,-9.75,2026-03-22 16:51:18,20260802_soil_log.txt
2026-03-22,16:56:18,autoclaved soil,-10.5,2026-03-22 16:56:18,20260802_soil_log.txt
2026-03-22,17:01:18,autoclaved soil,-12.5,2026-03-22 17:01:18,20260802_soil_log.txt
2026-03-22,17:06:19,autoclaved soil,-8.5,2026-03-22 17:06:19,20260802_soil_log.txt
2026-03-22,17:11:19,autoclaved soil,-9.875,2026-03-22 17:11:19,20260802_soil_log.txt
2026-03-22,17:16:19,autoclaved soil,-11.5,2026-03-22 17:16:19,20260802_soil_log.txt
2026-03-22,17:21:19,autoclaved soil,-9.75,2026-03-22 17:21:19,20260802_soil_log.txt
2026-03-22,17:26:19,autoclaved soil,-13.625,2026-03-22 17:26:19,20260802_soil_log.txt
2026-03-22,17:31:20,autoclaved soil,-14.375,2026-03-22 17:31:20,20260802_soil_log.txt
2026-03-22,17:36:20,autoclaved soil,-10.375,2026-03-22 17:36:20,20260802_soil_log.txt
2026-03-22,17:41:20,autoclaved soil,-14.625,2026-03-22 17:41:20,20260802_soil_log.txt
2026-03-22,17:46:20,autoclaved soil,-9.5,2026-03-22 17:46:20,20260802_soil_log.txt
2026-03-22,17:51:20,autoclaved soil,-9.375,2026-03-22 17:51:20,20260802_soil_log.txt
2026-03-22,17:56:21,autoclaved soil,-12.5,2026-03-22 17:56:21,20260802_soil_log.txt
2026-03-22,18:01:21,autoclaved soil,-14.0,2026-03-22 18:01:21,20260802_soil_log.txt
2026-03-22,18:06:21,autoclaved soil,-15.25,2026-03-22 18:06:21,20260802_soil_log.txt
2026-03-22,18:11:21,autoclaved soil,-9.875,2026-03-22 18:11:21,20260802_soil_log.txt
2026-03-22,18:16:21,autoclaved soil,-9.625,2026-03-22 18:16:21,20260802_soil_log.txt
2026-03-22,18:21:22,autoclaved soil,-14.375,2026-03-22 18:21:22,20260802_soil_log.txt
2026-03-22,18:26:22,autoclaved soil,-14.375,2026-03-22 18:26:22,20260802_soil_log.txt
2026-03-22,18:31:22,autoclaved soil,-14.375,2026-03-22 18:31:22,20260802_soil_log.txt
2026-03-22,18:36:22,autoclaved soil,-8.625,2026-03-22 18:36:22,20260802_soil_log.txt
2026-03-22,18:41:23,autoclaved soil,-8.875000000000002,2026-03-22 18:41:23,20260802_soil_log.txt
2026-03-22,18:46:23,autoclaved soil,-11.125,2026-03-22 18:46:23,20260802_soil_log.txt
2026-03-22,18:51:23,autoclaved soil,-9.125,2026-03-22 18:51:23,20260802_soil_log.txt
2026-03-22,18:56:23,autoclaved soil,-11.125,2026-03-22 18:56:23,20260802_soil_log.txt
2026-03-22,19:01:23,autoclaved soil,-8.75,2026-03-22 19:01:23,20260802_soil_log.txt
2026-03-22,19:06:24,autoclaved soil,-9.375,2026-03-22 19:06:24,20260802_soil_log.txt
2026-03-22,19:11:24,autoclaved soil,-13.875,2026-03-22 19:11:24,20260802_soil_log.txt
2026-03-22,19:16:24,autoclaved soil,-11.875,2026-03-22 19:16:24,20260802_soil_log.txt
2026-03-22,19:21:24,autoclaved soil,-14.0,2026-03-22 19:21:24,20260802_soil_log.txt
2026-03-22,19:26:25,autoclaved soil,-11.25,2026-03-22 19:26:25,20260802_soil_log.txt
2026-03-22,19:31:25,autoclaved soil,-14.625,2026-03-22 19:31:25,20260802_soil_log.txt
2026-03-22,19:36:25,autoclaved soil,-9.125,2026-03-22 19:36:25,20260802_soil_log.txt
2026-03-22,19:41:25,autoclaved soil,-12.125,2026-03-22 19:41:25,20260802_soil_log.txt
2026-03-22,19:46:25,autoclaved soil,-9.125,2026-03-22 19:46:25,20260802_soil_log.txt
2026-03-22,19:51:26,autoclaved soil,-10.5,2026-03-22 19:51:26,20260802_soil_log.txt
2026-03-22,19:56:26,autoclaved soil,-14.25,2026-03-22 19:56:26,20260802_soil_log.txt
2026-03-22,20:01:26,autoclaved soil,-11.0,2026-03-22 20:01:26,20260802_soil_log.txt
2026-03-22,20:06:26,autoclaved soil,-9.875,2026-03-22 20:06:26,20260802_soil_log.txt
2026-03-22,20:11:27,autoclaved soil,-14.625,2026-03-22 20:11:27,20260802_soil_log.txt
2026-03-22,20:16:27,autoclaved soil,-14.750000000000002,2026-03-22 20:16:27,20260802_soil_log.txt
2026-03-22,20:21:27,autoclaved soil,-14.0,2026-03-22 20:21:27,20260802_soil_log.txt
2026-03-22,20:26:27,autoclaved soil,-9.875,2026-03-22 20:26:27,20260802_soil_log.txt
2026-03-22,20:31:27,autoclaved soil,-11.125,2026-03-22 20:31:27,20260802_soil_log.txt
2026-03-22,20:36:28,autoclaved soil,-14.5,2026-03-22 20:36:28,20260802_soil_log.txt
2026-03-22,20:41:28,autoclaved soil,-12.750000000000002,2026-03-22 20:41:28,20260802_soil_log.txt
2026-03-22,20:46:28,autoclaved soil,-14.625,2026-03-22 20:46:28,20260802_soil_log.txt
2026-03-22,20:51:28,autoclaved soil,-14.625,2026-03-22 20:51:28,20260802_soil_log.txt
2026-03-22,20:56:29,autoclaved soil,-9.125,2026-03-22 20:56:29,20260802_soil_log.txt
2026-03-22,21:01:29,autoclaved soil,-9.000000000000002,2026-03-22 21:01:29,20260802_soil_log.txt
2026-03-22,21:06:29,autoclaved soil,-14.625,2026-03-22 21:06:29,20260802_soil_log.txt
2026-03-22,21:11:29,autoclaved soil,-14.375,2026-03-22 21:11:29,20260802_soil_log.txt
2026-03-22,21:16:29,autoclaved soil,-14.375,2026-03-22 21:16:29,20260802_soil_log.txt
2026-03-22,21:21:30,autoclaved soil,-13.000000000000002,2026-03-22 21:21:30,20260802_soil_log.txt
2026-03-22,21:26:30,autoclaved soil,-9.125,2026-03-22 21:26:30,20260802_soil_log.txt
2026-03-22,21:31:30,autoclaved soil,-9.25,2026-03-22 21:31:30,20260802_soil_log.txt
2026-03-22,21:36:30,autoclaved soil,-11.75,2026-03-22 21:36:30,20260802_soil_log.txt
2026-03-22,21:41:31,autoclaved soil,-8.75,2026-03-22 21:41:31,20260802_soil_log.txt
2026-03-22,21:46:31,autoclaved soil,-10.875000000000002,2026-03-22 21:46:31,20260802_soil_log.txt
2026-03-22,21:51:31,autoclaved soil,-8.5,2026-03-22 21:51:31,20260802_soil_log.txt
2026-03-22,21:56:31,autoclaved soil,-11.75,2026-03-22 21:56:31,20260802_soil_log.txt
2026-03-22,22:01:32,autoclaved soil,-11.625,2026-03-22 22:01:32,20260802_soil_log.txt
2026-03-22,22:06:32,autoclaved soil,-10.25,2026-03-22 22:06:32,20260802_soil_log.txt
2026-03-22,22:11:32,autoclaved soil,-13.000000000000002,2026-03-22 22:11:32,20260802_soil_log.txt
2026-03-22,22:16:32,autoclaved soil,-10.25,2026-03-22 22:16:32,20260802_soil_log.txt
2026-03-22,22:21:32,autoclaved soil,-12.750000000000002,2026-03-22 22:21:32,20260802_soil_log.txt
2026-03-22,22:26:33,autoclaved soil,-9.125,2026-03-22 22:26:33,20260802_soil_log.txt
2026-03-22,22:31:33,autoclaved soil,-11.625,2026-03-22 22:31:33,20260802_soil_log.txt
2026-03-22,22:36:33,autoclaved soil,-13.625,2026-03-22 22:36:33,20260802_soil_log.txt
2026-03-22,22:41:33,autoclaved soil,-13.25,2026-03-22 22:41:33,20260802_soil_log.txt
2026-03-22,22:46:33,autoclaved soil,-8.5,2026-03-22 22:46:33,20260802_soil_log.txt
2026-03-22,22:51:34,autoclaved soil,-8.625,2026-03-22 22:51:34,20260802_soil_log.txt
2026-03-22,22:56:34,autoclaved soil,-11.375,2026-03-22 22:56:34,20260802_soil_log.txt
2026-03-22,23:01:34,autoclaved soil,-8.0,2026-03-22 23:01:34,20260802_soil_log.txt
2026-03-22,23:06:34,autoclaved soil,-8.875000000000002,2026-03-22 23:06:34,20260802_soil_log.txt
2026-03-22,23:11:35,autoclaved soil,-13.625,2026-03-22 23:11:35,20260802_soil_log.txt
2026-03-22,23:16:35,autoclaved soil,-12.375,2026-03-22 23:16:35,20260802_soil_log.txt
2026-03-22,23:21:35,autoclaved soil,-8.625,2026-03-22 23:21:35,20260802_soil_log.txt
2026-03-22,23:26:35,autoclaved soil,-8.875000000000002,2026-03-22 23:26:35,20260802_soil_log.txt
2026-03-22,23:31:35,autoclaved soil,-8.625,2026-03-22 23:31:35,20260802_soil_log.txt
2026-03-22,23:36:36,autoclaved soil,-13.5,2026-03-22 23:36:36,20260802_soil_log.txt
2026-03-22,23:41:36,autoclaved soil,-8.5,2026-03-22 23:41:36,20260802_soil_log.txt
2026-03-22,23:46:36,autoclaved soil,-9.25,2026-03-22 23:46:36,20260802_soil_log.txt
2026-03-22,23:51:36,autoclaved soil,-8.5,2026-03-22 23:51:36,20260802_soil_log.txt
2026-03-22,23:56:37,autoclaved soil,-13.75,2026-03-22 23:56:37,20260802_soil_log.txt
2026-03-23,00:01:37,autoclaved soil,-11.0,2026-03-23 00:01:37,20260802_soil_log.txt
2026-03-23,00:06:37,autoclaved soil,-12.125,2026-03-23 00:06:37,20260802_soil_log.txt
2026-03-23,00:11:37,autoclaved soil,-10.25,2026-03-23 00:11:37,20260802_soil_log.txt
2026-03-23,00:16:37,autoclaved soil,-13.125,2026-03-23 00:16:37,20260802_soil_log.txt
2026-03-23,00:21:38,autoclaved soil,-11.375,2026-03-23 00:21:38,20260802_soil_log.txt
2026-03-23,00:26:38,autoclaved soil,-12.625,2026-03-23 00:26:38,20260802_soil_log.txt
2026-03-23,00:31:38,autoclaved soil,-11.5,2026-03-23 00:31:38,20260802_soil_log.txt
2026-03-23,00:36:38,autoclaved soil,-13.75,2026-03-23 00:36:38,20260802_soil_log.txt
2026-03-23,00:41:38,autoclaved soil,-9.625,2026-03-23 00:41:38,20260802_soil_log.txt
2026-03-23,00:46:39,autoclaved soil,-11.625,2026-03-23 00:46:39,20260802_soil_log.txt
2026-03-23,00:51:39,autoclaved soil,-14.125,2026-03-23 00:51:39,20260802_soil_log.txt
2026-03-23,00:56:39,autoclaved soil,-9.25,2026-03-23 00:56:39,20260802_soil_log.txt
2026-03-23,01:01:39,autoclaved soil,-11.125,2026-03-23 01:01:39,20260802_soil_log.txt
2026-03-23,01:06:40,autoclaved soil,-12.625,2026-03-23 01:06:40,20260802_soil_log.txt
2026-03-23,01:11:40,autoclaved soil,-14.25,2026-03-23 01:11:40,20260802_soil_log.txt
2026-03-23,01:16:40,autoclaved soil,-8.75,2026-03-23 01:16:40,20260802_soil_log.txt
2026-03-23,01:21:40,autoclaved soil,-8.0,2026-03-23 01:21:40,20260802_soil_log.txt
2026-03-23,01:26:40,autoclaved soil,-9.125,2026-03-23 01:26:40,20260802_soil_log.txt
2026-03-23,01:31:41,autoclaved soil,-13.875,2026-03-23 01:31:41,20260802_soil_log.txt
2026-03-23,01:36:41,autoclaved soil,-14.5,2026-03-23 01:36:41,20260802_soil_log.txt
2026-03-23,01:41:41,autoclaved soil,-15.125,2026-03-23 01:41:41,20260802_soil_log.txt
2026-03-23,01:46:41,autoclaved soil,-10.0,2026-03-23 01:46:41,20260802_soil_log.txt
2026-03-23,01:51:42,autoclaved soil,-12.750000000000002,2026-03-23 01:51:42,20260802_soil_log.txt
2026-03-23,01:56:42,autoclaved soil,-9.25,2026-03-23 01:56:42,20260802_soil_log.txt
2026-03-23,02:01:42,autoclaved soil,-15.75,2026-03-23 02:01:42,20260802_soil_log.txt
2026-03-23,02:06:42,autoclaved soil,-16.25,2026-03-23 02:06:42,20260802_soil_log.txt
2026-03-23,02:11:43,autoclaved soil,-11.125,2026-03-23 02:11:43,20260802_soil_log.txt
2026-03-23,02:16:43,autoclaved soil,-9.5,2026-03-23 02:16:43,20260802_soil_log.txt
2026-03-23,02:21:43,autoclaved soil,-13.625,2026-03-23 02:21:43,20260802_soil_log.txt
2026-03-23,02:26:43,autoclaved soil,-14.0,2026-03-23 02:26:43,20260802_soil_log.txt
2026-03-23,02:31:43,autoclaved soil,-8.625,2026-03-23 02:31:43,20260802_soil_log.txt
2026-03-23,02:36:44,autoclaved soil,-14.0,2026-03-23 02:36:44,20260802_soil_log.txt
2026-03-23,02:41:44,autoclaved soil,-8.75,2026-03-23 02:41:44,20260802_soil_log.txt
2026-03-23,02:46:44,autoclaved soil,-11.5,2026-03-23 02:46:44,20260802_soil_log.txt
2026-03-23,02:51:44,autoclaved soil,-13.75,2026-03-23 02:51:44,20260802_soil_log.txt
2026-03-23,02:56:44,autoclaved soil,-10.125,2026-03-23 02:56:44,20260802_soil_log.txt
2026-03-23,03:01:45,autoclaved soil,-8.0,2026-03-23 03:01:45,20260802_soil_log.txt
2026-03-23,03:06:45,autoclaved soil,-13.125,2026-03-23 03:06:45,20260802_soil_log.txt
2026-03-23,03:11:45,autoclaved soil,-12.25,2026-03-23 03:11:45,20260802_soil_log.txt
2026-03-23,03:16:45,autoclaved soil,-9.375,2026-03-23 03:16:45,20260802_soil_log.txt
2026-03-23,03:21:45,autoclaved soil,-8.375,2026-03-23 03:21:45,20260802_soil_log.txt
2026-03-23,03:26:46,autoclaved soil,-8.125,2026-03-23 03:26:46,20260802_soil_log.txt
2026-03-23,03:31:46,autoclaved soil,-9.5,2026-03-23 03:31:46,20260802_soil_log.txt
2026-03-23,03:36:46,autoclaved soil,-10.875000000000002,2026-03-23 03:36:46,20260802_soil_log.txt
2026-03-23,03:41:46,autoclaved soil,-8.375,2026-03-23 03:41:46,20260802_soil_log.txt
2026-03-23,03:46:47,autoclaved soil,-7.875,2026-03-23 03:46:47,20260802_soil_log.txt
2026-03-23,03:51:47,autoclaved soil,-9.25,2026-03-23 03:51:47,20260802_soil_log.txt
2026-03-23,03:56:47,autoclaved soil,-7.125,2026-03-23 03:56:47,20260802_soil_log.txt
2026-03-23,04:01:47,autoclaved soil,-8.0,2026-03-23 04:01:47,20260802_soil_log.txt
2026-03-23,04:06:47,autoclaved soil,-12.375,2026-03-23 04:06:47,20260802_soil_log.txt
2026-03-23,04:11:48,autoclaved soil,-8.5,2026-03-23 04:11:48,20260802_soil_log.txt
2026-03-23,04:16:48,autoclaved soil,-10.125,2026-03-23 04:16:48,20260802_soil_log.txt
2026-03-23,04:21:48,autoclaved soil,-7.125,2026-03-23 04:21:48,20260802_soil_log.txt
2026-03-23,04:26:48,autoclaved soil,-8.5,2026-03-23 04:26:48,20260802_soil_log.txt
2026-03-23,04:31:48,autoclaved soil,-11.625,2026-03-23 04:31:48,20260802_soil_log.txt
2026-03-23,04:36:49,autoclaved soil,-12.125,2026-03-23 04:36:49,20260802_soil_log.txt
2026-03-23,04:41:49,autoclaved soil,-11.875,2026-03-23 04:41:49,20260802_soil_log.txt
2026-03-23,04:46:49,autoclaved soil,-12.25,2026-03-23 04:46:49,20260802_soil_log.txt
2026-03-23,04:51:49,autoclaved soil,-12.5,2026-03-23 04:51:49,20260802_soil_log.txt
2026-03-23,04:56:50,autoclaved soil,-10.0,2026-03-23 04:56:50,20260802_soil_log.txt
2026-03-23,05:01:50,autoclaved soil,-10.75,2026-03-23 05:01:50,20260802_soil_log.txt
2026-03-23,05:06:50,autoclaved soil,-7.125,2026-03-23 05:06:50,20260802_soil_log.txt
2026-03-23,05:11:50,autoclaved soil,-8.625,2026-03-23 05:11:50,20260802_soil_log.txt
2026-03-23,05:16:50,autoclaved soil,-8.125,2026-03-23 05:16:50,20260802_soil_log.txt
2026-03-23,05:21:51,autoclaved soil,-12.625,2026-03-23 05:21:51,20260802_soil_log.txt
2026-03-23,05:26:51,autoclaved soil,-10.875000000000002,2026-03-23 05:26:51,20260802_soil_log.txt
2026-03-23,05:31:51,autoclaved soil,-10.875000000000002,2026-03-23 05:31:51,20260802_soil_log.txt
2026-03-23,05:36:51,autoclaved soil,-8.0,2026-03-23 05:36:51,20260802_soil_log.txt
2026-03-23,05:41:52,autoclaved soil,-7.625,2026-03-23 05:41:52,20260802_soil_log.txt
2026-03-23,05:46:52,autoclaved soil,-12.5,2026-03-23 05:46:52,20260802_soil_log.txt
2026-03-23,05:51:52,autoclaved soil,-10.75,2026-03-23 05:51:52,20260802_soil_log.txt
2026-03-23,05:56:52,autoclaved soil,-13.125,2026-03-23 05:56:52,20260802_soil_log.txt
2026-03-23,06:01:53,autoclaved soil,-8.5,2026-03-23 06:01:53,20260802_soil_log.txt
2026-03-23,06:06:53,autoclaved soil,-8.375,2026-03-23 06:06:53,20260802_soil_log.txt
2026-03-23,06:11:53,autoclaved soil,-13.625,2026-03-23 06:11:53,20260802_soil_log.txt
2026-03-23,06:16:53,autoclaved soil,-8.875000000000002,2026-03-23 06:16:53,20260802_soil_log.txt
2026-03-23,06:21:53,autoclaved soil,-13.375,2026-03-23 06:21:53,20260802_soil_log.txt
2026-03-23,06:26:54,autoclaved soil,-10.75,2026-03-23 06:26:54,20260802_soil_log.txt
2026-03-23,06:31:54,autoclaved soil,-11.125,2026-03-23 06:31:54,20260802_soil_log.txt
2026-03-23,06:36:54,autoclaved soil,-10.125,2026-03-23 06:36:54,20260802_soil_log.txt
2026-03-23,06:41:54,autoclaved soil,-12.875000000000002,2026-03-23 06:41:54,20260802_soil_log.txt
2026-03-23,06:46:54,autoclaved soil,-9.25,2026-03-23 06:46:54,20260802_soil_log.txt
2026-03-23,06:51:55,autoclaved soil,-13.625,2026-03-23 06:51:55,20260802_soil_log.txt
2026-03-23,06:56:55,autoclaved soil,-13.25,2026-03-23 06:56:55,20260802_soil_log.txt
2026-03-23,07:01:55,autoclaved soil,-12.125,2026-03-23 07:01:55,20260802_soil_log.txt
2026-03-23,07:06:55,autoclaved soil,-13.625,2026-03-23 07:06:55,20260802_soil_log.txt
2026-03-23,07:11:56,autoclaved soil,-13.125,2026-03-23 07:11:56,20260802_soil_log.txt
2026-03-23,07:16:56,autoclaved soil,-10.875000000000002,2026-03-23 07:16:56,20260802_soil_log.txt
2026-03-23,07:21:56,autoclaved soil,-8.75,2026-03-23 07:21:56,20260802_soil_log.txt
2026-03-23,07:26:56,autoclaved soil,-9.375,2026-03-23 07:26:56,20260802_soil_log.txt
2026-03-23,07:31:56,autoclaved soil,-8.5,2026-03-23 07:31:56,20260802_soil_log.txt
2026-03-23,07:36:57,autoclaved soil,-8.625,2026-03-23 07:36:57,20260802_soil_log.txt
2026-03-23,07:41:57,autoclaved soil,-9.5,2026-03-23 07:41:57,20260802_soil_log.txt
2026-03-23,07:46:57,autoclaved soil,-8.125,2026-03-23 07:46:57,20260802_soil_log.txt
2026-03-23,07:51:57,autoclaved soil,-13.25,2026-03-23 07:51:57,20260802_soil_log.txt
2026-03-23,07:56:58,autoclaved soil,-8.5,2026-03-23 07:56:58,20260802_soil_log.txt
2026-03-23,08:01:58,autoclaved soil,-10.0,2026-03-23 08:01:58,20260802_soil_log.txt
2026-03-23,08:06:58,autoclaved soil,-12.5,2026-03-23 08:06:58,20260802_soil_log.txt
2026-03-23,08:11:58,autoclaved soil,-9.5,2026-03-23 08:11:58,20260802_soil_log.txt
2026-03-23,08:16:59,autoclaved soil,-13.5,2026-03-23 08:16:59,20260802_soil_log.txt
2026-03-23,08:21:59,autoclaved soil,-12.875000000000002,2026-03-23 08:21:59,20260802_soil_log.txt
2026-03-23,08:26:59,autoclaved soil,-8.375,2026-03-23 08:26:59,20260802_soil_log.txt
2026-03-23,08:31:59,autoclaved soil,-8.25,2026-03-23 08:31:59,20260802_soil_log.txt
2026-03-23,08:36:59,autoclaved soil,-13.5,2026-03-23 08:36:59,20260802_soil_log.txt
2026-03-23,08:42:00,autoclaved soil,-13.25,2026-03-23 08:42:00,20260802_soil_log.txt
2026-03-23,08:47:00,autoclaved soil,-8.875000000000002,2026-03-23 08:47:00,20260802_soil_log.txt
2026-03-23,08:52:00,autoclaved soil,-13.125,2026-03-23 08:52:00,20260802_soil_log.txt
2026-03-23,08:57:00,autoclaved soil,-13.25,2026-03-23 08:57:00,20260802_soil_log.txt
2026-03-23,09:02:01,autoclaved soil,-13.25,2026-03-23 09:02:01,20260802_soil_log.txt
2026-03-23,09:07:01,autoclaved soil,-9.000000000000002,2026-03-23 09:07:01,20260802_soil_log.txt
2026-03-23,09:12:01,autoclaved soil,-11.0,2026-03-23 09:12:01,20260802_soil_log.txt
2026-03-23,09:17:01,autoclaved soil,-9.875,2026-03-23 09:17:01,20260802_soil_log.txt
2026-03-23,09:22:01,autoclaved soil,-12.875000000000002,2026-03-23 09:22:01,20260802_soil_log.txt
2026-03-23,09:27:02,autoclaved soil,-10.375,2026-03-23 09:27:02,20260802_soil_log.txt
2026-03-23,09:32:02,autoclaved soil,-13.75,2026-03-23 09:32:02,20260802_soil_log.txt
2026-03-23,09:37:02,autoclaved soil,-15.375,2026-03-23 09:37:02,20260802_soil_log.txt
2026-03-23,09:42:02,autoclaved soil,-15.75,2026-03-23 09:42:02,20260802_soil_log.txt
2026-03-23,09:47:03,autoclaved soil,-11.0,2026-03-23 09:47:03,20260802_soil_log.txt
2026-03-23,09:52:03,autoclaved soil,-15.625,2026-03-23 09:52:03,20260802_soil_log.txt
2026-03-23,09:57:03,autoclaved soil,-15.25,2026-03-23 09:57:03,20260802_soil_log.txt
2026-03-23,10:02:03,autoclaved soil,-14.125,2026-03-23 10:02:03,20260802_soil_log.txt
2026-03-23,10:07:03,autoclaved soil,-9.5,2026-03-23 10:07:03,20260802_soil_log.txt
2026-03-23,10:12:04,autoclaved soil,-12.125,2026-03-23 10:12:04,20260802_soil_log.txt
2026-03-23,10:17:04,autoclaved soil,-12.0,2026-03-23 10:17:04,20260802_soil_log.txt
2026-03-23,10:22:04,autoclaved soil,-10.5,2026-03-23 10:22:04,20260802_soil_log.txt
2026-03-23,10:27:04,autoclaved soil,-10.0,2026-03-23 10:27:04,20260802_soil_log.txt
2026-03-23,10:32:04,autoclaved soil,-10.375,2026-03-23 10:32:04,20260802_soil_log.txt
2026-03-23,10:37:05,autoclaved soil,-9.125,2026-03-23 10:37:05,20260802_soil_log.txt
2026-03-23,10:41:03,autoclaved soil,-18.25,2026-03-23 10:41:03,20260805_soil_log.txt
2026-03-23,10:46:04,autoclaved soil,-29.500000000000004,2026-03-23 10:46:04,20260805_soil_log.txt
2026-03-23,10:51:04,autoclaved soil,-25.750000000000004,2026-03-23 10:51:04,20260805_soil_log.txt
2026-03-23,10:56:04,autoclaved soil,-30.75,2026-03-23 10:56:04,20260805_soil_log.txt
2026-03-23,11:01:04,autoclaved soil,-34.25,2026-03-23 11:01:04,20260805_soil_log.txt
2026-03-23,11:06:05,autoclaved soil,-38.5,2026-03-23 11:06:05,20260805_soil_log.txt
2026-03-23,11:11:05,autoclaved soil,-46.5,2026-03-23 11:11:05,20260805_soil_log.txt
2026-03-23,11:16:05,autoclaved soil,-44.125,2026-03-23 11:16:05,20260805_soil_log.txt
2026-03-23,11:21:05,autoclaved soil,-48.375,2026-03-23 11:21:05,20260805_soil_log.txt
2026-03-23,11:26:05,autoclaved soil,-45.5,2026-03-23 11:26:05,20260805_soil_log.txt
2026-03-23,11:31:06,autoclaved soil,-48.125,2026-03-23 11:31:06,20260805_soil_log.txt
2026-03-23,11:36:06,autoclaved soil,-49.375,2026-03-23 11:36:06,20260805_soil_log.txt
2026-03-23,11:41:06,autoclaved soil,-50.875,2026-03-23 11:41:06,20260805_soil_log.txt
2026-03-23,11:46:06,autoclaved soil,-44.0,2026-03-23 11:46:06,20260805_soil_log.txt
2026-03-23,11:51:07,autoclaved soil,-48.25,2026-03-23 11:51:07,20260805_soil_log.txt
2026-03-23,11:56:07,autoclaved soil,-45.875,2026-03-23 11:56:07,20260805_soil_log.txt
2026-03-23,12:01:07,autoclaved soil,-50.875,2026-03-23 12:01:07,20260805_soil_log.txt
2026-03-23,12:06:07,autoclaved soil,-51.25000000000001,2026-03-23 12:06:07,20260805_soil_log.txt
2026-03-23,12:11:07,autoclaved soil,-48.125,2026-03-23 12:11:07,20260805_soil_log.txt
2026-03-23,12:16:08,autoclaved soil,-53.25,2026-03-23 12:16:08,20260805_soil_log.txt
2026-03-23,12:21:08,autoclaved soil,-48.875,2026-03-23 12:21:08,20260805_soil_log.txt
2026-03-23,12:26:08,autoclaved soil,-53.75,2026-03-23 12:26:08,20260805_soil_log.txt
2026-03-23,12:31:08,autoclaved soil,-50.5,2026-03-23 12:31:08,20260805_soil_log.txt
2026-03-23,12:36:09,autoclaved soil,-54.875,2026-03-23 12:36:09,20260805_soil_log.txt
2026-03-23,12:41:09,autoclaved soil,-56.5,2026-03-23 12:41:09,20260805_soil_log.txt
2026-03-23,12:46:09,autoclaved soil,-53.25,2026-03-23 12:46:09,20260805_soil_log.txt
2026-03-23,12:51:09,autoclaved soil,-58.0,2026-03-23 12:51:09,20260805_soil_log.txt
2026-03-23,12:56:09,autoclaved soil,-58.5,2026-03-23 12:56:09,20260805_soil_log.txt
2026-03-23,13:01:10,autoclaved soil,-54.875,2026-03-23 13:01:10,20260805_soil_log.txt
2026-03-23,13:06:10,autoclaved soil,-60.875,2026-03-23 13:06:10,20260805_soil_log.txt
2026-03-23,13:11:10,autoclaved soil,-55.75,2026-03-23 13:11:10,20260805_soil_log.txt
2026-03-23,13:16:10,autoclaved soil,-60.75,2026-03-23 13:16:10,20260805_soil_log.txt
2026-03-23,13:21:10,autoclaved soil,-62.875,2026-03-23 13:21:10,20260805_soil_log.txt
2026-03-23,13:26:11,autoclaved soil,-63.25,2026-03-23 13:26:11,20260805_soil_log.txt
2026-03-23,13:31:11,autoclaved soil,-61.375,2026-03-23 13:31:11,20260805_soil_log.txt
2026-03-23,13:36:11,autoclaved soil,-62.375,2026-03-23 13:36:11,20260805_soil_log.txt
2026-03-23,13:41:11,autoclaved soil,-60.75,2026-03-23 13:41:11,20260805_soil_log.txt
2026-03-23,13:46:11,autoclaved soil,-62.25,2026-03-23 13:46:11,20260805_soil_log.txt
2026-03-23,13:51:12,autoclaved soil,-63.0,2026-03-23 13:51:12,20260805_soil_log.txt
2026-03-23,13:56:12,autoclaved soil,-63.75,2026-03-23 13:56:12,20260805_soil_log.txt
2026-03-23,14:01:12,autoclaved soil,-64.375,2026-03-23 14:01:12,20260805_soil_log.txt
2026-03-23,14:06:12,autoclaved soil,-68.875,2026-03-23 14:06:12,20260805_soil_log.txt
2026-03-23,14:11:13,autoclaved soil,-70.25,2026-03-23 14:11:13,20260805_soil_log.txt
2026-03-23,14:16:13,autoclaved soil,-66.125,2026-03-23 14:16:13,20260805_soil_log.txt
2026-03-23,14:21:13,autoclaved soil,-68.125,2026-03-23 14:21:13,20260805_soil_log.txt
2026-03-23,14:26:13,autoclaved soil,-72.125,2026-03-23 14:26:13,20260805_soil_log.txt
2026-03-23,14:31:13,autoclaved soil,-71.25000000000001,2026-03-23 14:31:13,20260805_soil_log.txt
2026-03-23,14:36:14,autoclaved soil,-73.5,2026-03-23 14:36:14,20260805_soil_log.txt
2026-03-23,14:41:14,autoclaved soil,-69.75,2026-03-23 14:41:14,20260805_soil_log.txt
2026-03-23,14:46:14,autoclaved soil,-70.62500000000001,2026-03-23 14:46:14,20260805_soil_log.txt
2026-03-23,14:51:14,autoclaved soil,-72.875,2026-03-23 14:51:14,20260805_soil_log.txt
2026-03-23,14:56:15,autoclaved soil,-73.125,2026-03-23 14:56:15,20260805_soil_log.txt
2026-03-23,15:01:15,autoclaved soil,-72.125,2026-03-23 15:01:15,20260805_soil_log.txt
2026-03-23,15:06:15,autoclaved soil,-76.875,2026-03-23 15:06:15,20260805_soil_log.txt
2026-03-23,15:11:15,autoclaved soil,-73.625,2026-03-23 15:11:15,20260805_soil_log.txt
2026-03-23,15:16:16,autoclaved soil,-78.5,2026-03-23 15:16:16,20260805_soil_log.txt
2026-03-23,15:21:16,autoclaved soil,-74.375,2026-03-23 15:21:16,20260805_soil_log.txt
2026-03-23,15:26:16,autoclaved soil,-79.25,2026-03-23 15:26:16,20260805_soil_log.txt
2026-03-23,15:31:16,autoclaved soil,-79.25,2026-03-23 15:31:16,20260805_soil_log.txt
2026-03-23,15:36:16,autoclaved soil,-75.0,2026-03-23 15:36:16,20260805_soil_log.txt
2026-03-23,15:41:17,autoclaved soil,-76.0,2026-03-23 15:41:17,20260805_soil_log.txt
2026-03-23,15:46:17,autoclaved soil,-80.25,2026-03-23 15:46:17,20260805_soil_log.txt
2026-03-23,15:51:17,autoclaved soil,-80.125,2026-03-23 15:51:17,20260805_soil_log.txt
2026-03-23,15:56:17,autoclaved soil,-76.25,2026-03-23 15:56:17,20260805_soil_log.txt
2026-03-23,16:01:18,autoclaved soil,-78.875,2026-03-23 16:01:18,20260805_soil_log.txt
2026-03-23,16:06:18,autoclaved soil,-79.125,2026-03-23 16:06:18,20260805_soil_log.txt
2026-03-23,16:11:18,autoclaved soil,-76.125,2026-03-23 16:11:18,20260805_soil_log.txt
2026-03-23,16:16:18,autoclaved soil,-81.125,2026-03-23 16:16:18,20260805_soil_log.txt
2026-03-23,16:21:18,autoclaved soil,-80.0,2026-03-23 16:21:18,20260805_soil_log.txt
2026-03-23,16:26:19,autoclaved soil,-77.25,2026-03-23 16:26:19,20260805_soil_log.txt
2026-03-23,16:31:19,autoclaved soil,-80.75,2026-03-23 16:31:19,20260805_soil_log.txt
2026-03-23,16:36:19,autoclaved soil,-78.625,2026-03-23 16:36:19,20260805_soil_log.txt
2026-03-23,16:41:19,autoclaved soil,-82.125,2026-03-23 16:41:19,20260805_soil_log.txt
2026-03-23,16:46:19,autoclaved soil,-80.125,2026-03-23 16:46:19,20260805_soil_log.txt
2026-03-23,16:51:20,autoclaved soil,-81.875,2026-03-23 16:51:20,20260805_soil_log.txt
2026-03-23,16:56:20,autoclaved soil,-82.125,2026-03-23 16:56:20,20260805_soil_log.txt
2026-03-23,17:01:20,autoclaved soil,-81.5,2026-03-23 17:01:20,20260805_soil_log.txt
2026-03-23,17:06:20,autoclaved soil,-78.125,2026-03-23 17:06:20,20260805_soil_log.txt
2026-03-23,17:11:21,autoclaved soil,-79.875,2026-03-23 17:11:21,20260805_soil_log.txt
2026-03-23,17:16:21,autoclaved soil,-78.625,2026-03-23 17:16:21,20260805_soil_log.txt
2026-03-23,17:21:21,autoclaved soil,-82.5,2026-03-23 17:21:21,20260805_soil_log.txt
2026-03-23,17:26:21,autoclaved soil,-79.0,2026-03-23 17:26:21,20260805_soil_log.txt
2026-03-23,17:31:21,autoclaved soil,-84.125,2026-03-23 17:31:21,20260805_soil_log.txt
2026-03-23,17:36:22,autoclaved soil,-83.625,2026-03-23 17:36:22,20260805_soil_log.txt
2026-03-23,17:41:22,autoclaved soil,-84.5,2026-03-23 17:41:22,20260805_soil_log.txt
2026-03-23,17:46:22,autoclaved soil,-83.625,2026-03-23 17:46:22,20260805_soil_log.txt
2026-03-23,17:51:22,autoclaved soil,-79.75,2026-03-23 17:51:22,20260805_soil_log.txt
2026-03-23,17:56:23,autoclaved soil,-82.0,2026-03-23 17:56:23,20260805_soil_log.txt
2026-03-23,18:01:23,autoclaved soil,-80.375,2026-03-23 18:01:23,20260805_soil_log.txt
2026-03-23,18:06:23,autoclaved soil,-80.5,2026-03-23 18:06:23,20260805_soil_log.txt
2026-03-23,18:11:23,autoclaved soil,-81.625,2026-03-23 18:11:23,20260805_soil_log.txt
2026-03-23,18:16:23,autoclaved soil,-80.5,2026-03-23 18:16:23,20260805_soil_log.txt
2026-03-23,18:21:24,autoclaved soil,-81.75,2026-03-23 18:21:24,20260805_soil_log.txt
2026-03-23,18:26:24,autoclaved soil,-82.875,2026-03-23 18:26:24,20260805_soil_log.txt
2026-03-23,18:31:24,autoclaved soil,-79.875,2026-03-23 18:31:24,20260805_soil_log.txt
2026-03-23,18:36:24,autoclaved soil,-82.0,2026-03-23 18:36:24,20260805_soil_log.txt
2026-03-23,18:41:25,autoclaved soil,-85.25,2026-03-23 18:41:25,20260805_soil_log.txt
2026-03-23,18:46:25,autoclaved soil,-82.75,2026-03-23 18:46:25,20260805_soil_log.txt
2026-03-23,18:51:25,autoclaved soil,-85.625,2026-03-23 18:51:25,20260805_soil_log.txt
2026-03-23,18:56:25,autoclaved soil,-84.875,2026-03-23 18:56:25,20260805_soil_log.txt
2026-03-23,19:01:25,autoclaved soil,-81.375,2026-03-23 19:01:25,20260805_soil_log.txt
2026-03-23,19:06:26,autoclaved soil,-82.375,2026-03-23 19:06:26,20260805_soil_log.txt
2026-03-23,19:11:26,autoclaved soil,-86.0,2026-03-23 19:11:26,20260805_soil_log.txt
2026-03-23,19:16:26,autoclaved soil,-82.125,2026-03-23 19:16:26,20260805_soil_log.txt
2026-03-23,19:21:26,autoclaved soil,-83.125,2026-03-23 19:21:26,20260805_soil_log.txt
2026-03-23,19:26:26,autoclaved soil,-85.875,2026-03-23 19:26:26,20260805_soil_log.txt
2026-03-23,19:31:27,autoclaved soil,-83.0,2026-03-23 19:31:27,20260805_soil_log.txt
2026-03-23,19:36:27,autoclaved soil,-87.37500000000001,2026-03-23 19:36:27,20260805_soil_log.txt
2026-03-23,19:41:27,autoclaved soil,-85.875,2026-03-23 19:41:27,20260805_soil_log.txt
2026-03-23,19:46:27,autoclaved soil,-86.75000000000001,2026-03-23 19:46:27,20260805_soil_log.txt
2026-03-23,19:51:28,autoclaved soil,-84.25,2026-03-23 19:51:28,20260805_soil_log.txt
2026-03-23,19:56:28,autoclaved soil,-83.0,2026-03-23 19:56:28,20260805_soil_log.txt
2026-03-23,20:01:28,autoclaved soil,-82.375,2026-03-23 20:01:28,20260805_soil_log.txt
2026-03-23,20:06:28,autoclaved soil,-84.25,2026-03-23 20:06:28,20260805_soil_log.txt
2026-03-23,20:11:28,autoclaved soil,-84.5,2026-03-23 20:11:28,20260805_soil_log.txt
2026-03-23,20:16:29,autoclaved soil,-85.25,2026-03-23 20:16:29,20260805_soil_log.txt
2026-03-23,20:21:29,autoclaved soil,-85.5,2026-03-23 20:21:29,20260805_soil_log.txt
2026-03-23,20:26:29,autoclaved soil,-83.875,2026-03-23 20:26:29,20260805_soil_log.txt
2026-03-23,20:31:29,autoclaved soil,-85.125,2026-03-23 20:31:29,20260805_soil_log.txt
2026-03-23,20:36:30,autoclaved soil,-82.5,2026-03-23 20:36:30,20260805_soil_log.txt
2026-03-23,20:41:30,autoclaved soil,-86.125,2026-03-23 20:41:30,20260805_soil_log.txt
2026-03-23,20:46:30,autoclaved soil,-84.125,2026-03-23 20:46:30,20260805_soil_log.txt
2026-03-23,20:51:30,autoclaved soil,-84.375,2026-03-23 20:51:30,20260805_soil_log.txt
2026-03-23,20:56:30,autoclaved soil,-84.875,2026-03-23 20:56:30,20260805_soil_log.txt
2026-03-23,21:01:31,autoclaved soil,-84.875,2026-03-23 21:01:31,20260805_soil_log.txt
2026-03-23,21:06:31,autoclaved soil,-85.125,2026-03-23 21:06:31,20260805_soil_log.txt
2026-03-23,21:11:31,autoclaved soil,-86.25000000000001,2026-03-23 21:11:31,20260805_soil_log.txt
2026-03-23,21:16:31,autoclaved soil,-83.625,2026-03-23 21:16:31,20260805_soil_log.txt
2026-03-23,21:21:31,autoclaved soil,-82.25,2026-03-23 21:21:31,20260805_soil_log.txt
2026-03-23,21:26:32,autoclaved soil,-81.375,2026-03-23 21:26:32,20260805_soil_log.txt
2026-03-23,21:31:32,autoclaved soil,-81.25,2026-03-23 21:31:32,20260805_soil_log.txt
2026-03-23,21:36:32,autoclaved soil,-81.875,2026-03-23 21:36:32,20260805_soil_log.txt
2026-03-23,21:41:32,autoclaved soil,-84.875,2026-03-23 21:41:32,20260805_soil_log.txt
2026-03-23,21:46:33,autoclaved soil,-84.0,2026-03-23 21:46:33,20260805_soil_log.txt
2026-03-23,21:51:33,autoclaved soil,-84.875,2026-03-23 21:51:33,20260805_soil_log.txt
2026-03-23,21:56:33,autoclaved soil,-84.5,2026-03-23 21:56:33,20260805_soil_log.txt
2026-03-23,22:01:33,autoclaved soil,-81.375,2026-03-23 22:01:33,20260805_soil_log.txt
2026-03-23,22:06:33,autoclaved soil,-82.625,2026-03-23 22:06:33,20260805_soil_log.txt
2026-03-23,22:11:34,autoclaved soil,-79.625,2026-03-23 22:11:34,20260805_soil_log.txt
2026-03-23,22:16:34,autoclaved soil,-81.125,2026-03-23 22:16:34,20260805_soil_log.txt
2026-03-23,22:21:34,autoclaved soil,-83.75,2026-03-23 22:21:34,20260805_soil_log.txt
2026-03-23,22:26:34,autoclaved soil,-83.375,2026-03-23 22:26:34,20260805_soil_log.txt
2026-03-23,22:31:35,autoclaved soil,-78.875,2026-03-23 22:31:35,20260805_soil_log.txt
2026-03-23,22:36:35,autoclaved soil,-83.0,2026-03-23 22:36:35,20260805_soil_log.txt
2026-03-23,22:41:35,autoclaved soil,-82.125,2026-03-23 22:41:35,20260805_soil_log.txt
2026-03-23,22:46:35,autoclaved soil,-82.375,2026-03-23 22:46:35,20260805_soil_log.txt
2026-03-23,22:51:35,autoclaved soil,-81.875,2026-03-23 22:51:35,20260805_soil_log.txt
2026-03-23,22:56:36,autoclaved soil,-81.0,2026-03-23 22:56:36,20260805_soil_log.txt
2026-03-23,23:01:36,autoclaved soil,-77.5,2026-03-23 23:01:36,20260805_soil_log.txt
2026-03-23,23:06:36,autoclaved soil,-79.375,2026-03-23 23:06:36,20260805_soil_log.txt
2026-03-23,23:11:36,autoclaved soil,-78.125,2026-03-23 23:11:36,20260805_soil_log.txt
2026-03-23,23:16:36,autoclaved soil,-78.875,2026-03-23 23:16:36,20260805_soil_log.txt
2026-03-23,23:21:37,autoclaved soil,-77.0,2026-03-23 23:21:37,20260805_soil_log.txt
2026-03-23,23:26:37,autoclaved soil,-79.75,2026-03-23 23:26:37,20260805_soil_log.txt
2026-03-23,23:31:37,autoclaved soil,-76.0,2026-03-23 23:31:37,20260805_soil_log.txt
2026-03-23,23:36:37,autoclaved soil,-79.625,2026-03-23 23:36:37,20260805_soil_log.txt
2026-03-23,23:41:37,autoclaved soil,-76.25,2026-03-23 23:41:37,20260805_soil_log.txt
2026-03-23,23:46:38,autoclaved soil,-76.0,2026-03-23 23:46:38,20260805_soil_log.txt
2026-03-23,23:51:38,autoclaved soil,-75.625,2026-03-23 23:51:38,20260805_soil_log.txt
2026-03-23,23:56:38,autoclaved soil,-74.75,2026-03-23 23:56:38,20260805_soil_log.txt
2026-03-24,00:01:38,autoclaved soil,-78.625,2026-03-24 00:01:38,20260805_soil_log.txt
2026-03-24,00:06:39,autoclaved soil,-77.375,2026-03-24 00:06:39,20260805_soil_log.txt
2026-03-24,00:11:39,autoclaved soil,-73.0,2026-03-24 00:11:39,20260805_soil_log.txt
2026-03-24,00:16:39,autoclaved soil,-73.625,2026-03-24 00:16:39,20260805_soil_log.txt
2026-03-24,00:21:39,autoclaved soil,-75.375,2026-03-24 00:21:39,20260805_soil_log.txt
2026-03-24,00:26:39,autoclaved soil,-73.75,2026-03-24 00:26:39,20260805_soil_log.txt
2026-03-24,00:31:40,autoclaved soil,-72.25,2026-03-24 00:31:40,20260805_soil_log.txt
2026-03-24,00:36:40,autoclaved soil,-75.75,2026-03-24 00:36:40,20260805_soil_log.txt
2026-03-24,00:41:40,autoclaved soil,-72.375,2026-03-24 00:41:40,20260805_soil_log.txt
2026-03-24,00:46:40,autoclaved soil,-70.25,2026-03-24 00:46:40,20260805_soil_log.txt
2026-03-24,00:51:40,autoclaved soil,-73.375,2026-03-24 00:51:40,20260805_soil_log.txt
2026-03-24,00:56:41,autoclaved soil,-71.25000000000001,2026-03-24 00:56:41,20260805_soil_log.txt
2026-03-24,01:01:41,autoclaved soil,-70.125,2026-03-24 01:01:41,20260805_soil_log.txt
2026-03-24,01:06:41,autoclaved soil,-72.00000000000001,2026-03-24 01:06:41,20260805_soil_log.txt
2026-03-24,01:11:41,autoclaved soil,-71.37500000000001,2026-03-24 01:11:41,20260805_soil_log.txt
2026-03-24,01:16:41,autoclaved soil,-68.625,2026-03-24 01:16:41,20260805_soil_log.txt
2026-03-24,01:21:42,autoclaved soil,-67.875,2026-03-24 01:21:42,20260805_soil_log.txt
2026-03-24,01:26:42,autoclaved soil,-67.125,2026-03-24 01:26:42,20260805_soil_log.txt
2026-03-24,01:31:42,autoclaved soil,-70.5,2026-03-24 01:31:42,20260805_soil_log.txt
2026-03-24,01:36:42,autoclaved soil,-72.125,2026-03-24 01:36:42,20260805_soil_log.txt
2026-03-24,01:41:43,autoclaved soil,-68.0,2026-03-24 01:41:43,20260805_soil_log.txt
2026-03-24,01:46:43,autoclaved soil,-67.125,2026-03-24 01:46:43,20260805_soil_log.txt
2026-03-24,01:51:43,autoclaved soil,-66.875,2026-03-24 01:51:43,20260805_soil_log.txt
2026-03-24,01:56:43,autoclaved soil,-64.75,2026-03-24 01:56:43,20260805_soil_log.txt
2026-03-24,02:01:44,autoclaved soil,-66.125,2026-03-24 02:01:44,20260805_soil_log.txt
2026-03-24,02:06:44,autoclaved soil,-63.75,2026-03-24 02:06:44,20260805_soil_log.txt
2026-03-24,02:11:44,autoclaved soil,-66.875,2026-03-24 02:11:44,20260805_soil_log.txt
2026-03-24,02:16:44,autoclaved soil,-67.875,2026-03-24 02:16:44,20260805_soil_log.txt
2026-03-24,02:21:44,autoclaved soil,-66.875,2026-03-24 02:21:44,20260805_soil_log.txt
2026-03-24,02:26:45,autoclaved soil,-65.25,2026-03-24 02:26:45,20260805_soil_log.txt
2026-03-24,02:31:45,autoclaved soil,-64.5,2026-03-24 02:31:45,20260805_soil_log.txt
2026-03-24,02:36:45,autoclaved soil,-66.25,2026-03-24 02:36:45,20260805_soil_log.txt
2026-03-24,02:41:45,autoclaved soil,-66.25,2026-03-24 02:41:45,20260805_soil_log.txt
2026-03-24,02:46:46,autoclaved soil,-61.875,2026-03-24 02:46:46,20260805_soil_log.txt
2026-03-24,02:51:46,autoclaved soil,-64.875,2026-03-24 02:51:46,20260805_soil_log.txt
2026-03-24,02:56:46,autoclaved soil,-64.625,2026-03-24 02:56:46,20260805_soil_log.txt
2026-03-24,03:01:46,autoclaved soil,-64.25,2026-03-24 03:01:46,20260805_soil_log.txt
2026-03-24,03:06:46,autoclaved soil,-60.25,2026-03-24 03:06:46,20260805_soil_log.txt
2026-03-24,03:11:47,autoclaved soil,-63.625,2026-03-24 03:11:47,20260805_soil_log.txt
2026-03-24,03:16:47,autoclaved soil,-59.75000000000001,2026-03-24 03:16:47,20260805_soil_log.txt
2026-03-24,03:21:47,autoclaved soil,-61.25,2026-03-24 03:21:47,20260805_soil_log.txt
2026-03-24,03:26:47,autoclaved soil,-59.62500000000001,2026-03-24 03:26:47,20260805_soil_log.txt
2026-03-24,03:31:48,autoclaved soil,-62.0,2026-03-24 03:31:48,20260805_soil_log.txt
2026-03-24,03:36:48,autoclaved soil,-59.00000000000001,2026-03-24 03:36:48,20260805_soil_log.txt
2026-03-24,03:41:48,autoclaved soil,-62.125,2026-03-24 03:41:48,20260805_soil_log.txt
2026-03-24,03:46:48,autoclaved soil,-57.5,2026-03-24 03:46:48,20260805_soil_log.txt
2026-03-24,03:51:48,autoclaved soil,-57.75,2026-03-24 03:51:48,20260805_soil_log.txt
2026-03-24,03:56:49,autoclaved soil,-61.0,2026-03-24 03:56:49,20260805_soil_log.txt
2026-03-24,04:01:49,autoclaved soil,-58.75000000000001,2026-03-24 04:01:49,20260805_soil_log.txt
2026-03-24,04:06:49,autoclaved soil,-59.00000000000001,2026-03-24 04:06:49,20260805_soil_log.txt
2026-03-24,04:11:49,autoclaved soil,-55.25,2026-03-24 04:11:49,20260805_soil_log.txt
2026-03-24,04:16:50,autoclaved soil,-60.0,2026-03-24 04:16:50,20260805_soil_log.txt
2026-03-24,04:21:50,autoclaved soil,-55.25,2026-03-24 04:21:50,20260805_soil_log.txt
2026-03-24,04:26:50,autoclaved soil,-56.375,2026-03-24 04:26:50,20260805_soil_log.txt
2026-03-24,04:31:50,autoclaved soil,-59.37500000000001,2026-03-24 04:31:50,20260805_soil_log.txt
2026-03-24,04:36:50,autoclaved soil,-54.875,2026-03-24 04:36:50,20260805_soil_log.txt
2026-03-24,04:41:51,autoclaved soil,-56.375,2026-03-24 04:41:51,20260805_soil_log.txt
2026-03-24,04:46:51,autoclaved soil,-54.5,2026-03-24 04:46:51,20260805_soil_log.txt
2026-03-24,04:51:51,autoclaved soil,-58.375,2026-03-24 04:51:51,20260805_soil_log.txt
2026-03-24,04:56:51,autoclaved soil,-55.875,2026-03-24 04:56:51,20260805_soil_log.txt
2026-03-24,05:01:52,autoclaved soil,-55.125,2026-03-24 05:01:52,20260805_soil_log.txt
2026-03-24,05:06:52,autoclaved soil,-54.75,2026-03-24 05:06:52,20260805_soil_log.txt
2026-03-24,05:11:52,autoclaved soil,-54.375,2026-03-24 05:11:52,20260805_soil_log.txt
2026-03-24,05:16:52,autoclaved soil,-55.875,2026-03-24 05:16:52,20260805_soil_log.txt
2026-03-24,05:21:53,autoclaved soil,-56.125,2026-03-24 05:21:53,20260805_soil_log.txt
2026-03-24,05:26:53,autoclaved soil,-53.125,2026-03-24 05:26:53,20260805_soil_log.txt
2026-03-24,05:31:53,autoclaved soil,-56.25,2026-03-24 05:31:53,20260805_soil_log.txt
2026-03-24,05:36:53,autoclaved soil,-56.875,2026-03-24 05:36:53,20260805_soil_log.txt
2026-03-24,05:41:53,autoclaved soil,-54.625,2026-03-24 05:41:53,20260805_soil_log.txt
2026-03-24,05:46:54,autoclaved soil,-56.375,2026-03-24 05:46:54,20260805_soil_log.txt
2026-03-24,05:51:54,autoclaved soil,-56.0,2026-03-24 05:51:54,20260805_soil_log.txt
2026-03-24,05:56:54,autoclaved soil,-51.62500000000001,2026-03-24 05:56:54,20260805_soil_log.txt
2026-03-24,06:01:54,autoclaved soil,-52.625,2026-03-24 06:01:54,20260805_soil_log.txt
2026-03-24,06:06:55,autoclaved soil,-51.87500000000001,2026-03-24 06:06:55,20260805_soil_log.txt
2026-03-24,06:11:55,autoclaved soil,-56.0,2026-03-24 06:11:55,20260805_soil_log.txt
2026-03-24,06:16:55,autoclaved soil,-53.875,2026-03-24 06:16:55,20260805_soil_log.txt
2026-03-24,06:21:55,autoclaved soil,-54.0,2026-03-24 06:21:55,20260805_soil_log.txt
2026-03-24,06:26:56,autoclaved soil,-51.37500000000001,2026-03-24 06:26:56,20260805_soil_log.txt
2026-03-24,06:31:56,autoclaved soil,-53.375,2026-03-24 06:31:56,20260805_soil_log.txt
2026-03-24,06:36:56,autoclaved soil,-55.375,2026-03-24 06:36:56,20260805_soil_log.txt
2026-03-24,06:41:56,autoclaved soil,-53.375,2026-03-24 06:41:56,20260805_soil_log.txt
2026-03-24,06:46:56,autoclaved soil,-55.25,2026-03-24 06:46:56,20260805_soil_log.txt
2026-03-24,06:51:57,autoclaved soil,-54.0,2026-03-24 06:51:57,20260805_soil_log.txt
2026-03-24,06:56:57,autoclaved soil,-53.25,2026-03-24 06:56:57,20260805_soil_log.txt
2026-03-24,07:01:57,autoclaved soil,-50.625,2026-03-24 07:01:57,20260805_soil_log.txt
2026-03-24,07:06:57,autoclaved soil,-52.375,2026-03-24 07:06:57,20260805_soil_log.txt
2026-03-24,07:11:58,autoclaved soil,-50.125,2026-03-24 07:11:58,20260805_soil_log.txt
2026-03-24,07:16:58,autoclaved soil,-54.375,2026-03-24 07:16:58,20260805_soil_log.txt
2026-03-24,07:21:58,autoclaved soil,-53.75,2026-03-24 07:21:58,20260805_soil_log.txt
2026-03-24,07:26:58,autoclaved soil,-52.875,2026-03-24 07:26:58,20260805_soil_log.txt
2026-03-24,07:31:58,autoclaved soil,-54.125,2026-03-24 07:31:58,20260805_soil_log.txt
2026-03-24,07:36:59,autoclaved soil,-50.0,2026-03-24 07:36:59,20260805_soil_log.txt
2026-03-24,07:41:59,autoclaved soil,-50.125,2026-03-24 07:41:59,20260805_soil_log.txt
2026-03-24,07:46:59,autoclaved soil,-51.00000000000001,2026-03-24 07:46:59,20260805_soil_log.txt
2026-03-24,07:51:59,autoclaved soil,-54.0,2026-03-24 07:51:59,20260805_soil_log.txt
2026-03-24,07:57:00,autoclaved soil,-53.875,2026-03-24 07:57:00,20260805_soil_log.txt
2026-03-24,08:02:00,autoclaved soil,-53.75,2026-03-24 08:02:00,20260805_soil_log.txt
2026-03-24,08:07:00,autoclaved soil,-52.25,2026-03-24 08:07:00,20260805_soil_log.txt
2026-03-24,08:12:00,autoclaved soil,-49.375,2026-03-24 08:12:00,20260805_soil_log.txt
2026-03-24,08:17:00,autoclaved soil,-50.625,2026-03-24 08:17:00,20260805_soil_log.txt
2026-03-24,08:22:01,autoclaved soil,-49.0,2026-03-24 08:22:01,20260805_soil_log.txt
2026-03-24,08:27:01,autoclaved soil,-50.125,2026-03-24 08:27:01,20260805_soil_log.txt
2026-03-24,08:32:01,autoclaved soil,-48.5,2026-03-24 08:32:01,20260805_soil_log.txt
2026-03-24,08:37:01,autoclaved soil,-51.62500000000001,2026-03-24 08:37:01,20260805_soil_log.txt
2026-03-24,08:42:02,autoclaved soil,-52.625,2026-03-24 08:42:02,20260805_soil_log.txt
2026-03-24,08:47:02,autoclaved soil,-49.875,2026-03-24 08:47:02,20260805_soil_log.txt
2026-03-24,08:52:02,autoclaved soil,-48.0,2026-03-24 08:52:02,20260805_soil_log.txt
2026-03-24,08:57:02,autoclaved soil,-48.625,2026-03-24 08:57:02,20260805_soil_log.txt
2026-03-24,09:02:02,autoclaved soil,-47.75,2026-03-24 09:02:02,20260805_soil_log.txt
2026-03-24,09:07:03,autoclaved soil,-48.875,2026-03-24 09:07:03,20260805_soil_log.txt
2026-03-24,09:12:03,autoclaved soil,-47.875,2026-03-24 09:12:03,20260805_soil_log.txt
2026-03-24,09:17:03,autoclaved soil,-47.875,2026-03-24 09:17:03,20260805_soil_log.txt
2026-03-24,09:22:03,autoclaved soil,-51.00000000000001,2026-03-24 09:22:03,20260805_soil_log.txt
2026-03-24,09:27:04,autoclaved soil,-47.875,2026-03-24 09:27:04,20260805_soil_log.txt
2026-03-24,09:32:04,autoclaved soil,-48.0,2026-03-24 09:32:04,20260805_soil_log.txt
2026-03-24,09:37:04,autoclaved soil,-49.25,2026-03-24 09:37:04,20260805_soil_log.txt
2026-03-24,09:42:04,autoclaved soil,-46.875,2026-03-24 09:42:04,20260805_soil_log.txt
2026-03-24,09:47:04,autoclaved soil,-47.625,2026-03-24 09:47:04,20260805_soil_log.txt
2026-03-24,09:52:05,autoclaved soil,-50.625,2026-03-24 09:52:05,20260805_soil_log.txt
2026-03-24,09:57:05,autoclaved soil,-47.125,2026-03-24 09:57:05,20260805_soil_log.txt
2026-03-24,10:02:05,autoclaved soil,-49.25,2026-03-24 10:02:05,20260805_soil_log.txt
2026-03-24,10:07:05,autoclaved soil,-49.125,2026-03-24 10:07:05,20260805_soil_log.txt
2026-03-24,10:12:06,autoclaved soil,-49.875,2026-03-24 10:12:06,20260805_soil_log.txt
2026-03-24,10:17:06,autoclaved soil,-49.875,2026-03-24 10:17:06,20260805_soil_log.txt
2026-03-24,10:22:06,autoclaved soil,-47.75,2026-03-24 10:22:06,20260805_soil_log.txt
2026-03-24,10:27:06,autoclaved soil,-47.5,2026-03-24 10:27:06,20260805_soil_log.txt
2026-03-24,10:32:06,autoclaved soil,-48.125,2026-03-24 10:32:06,20260805_soil_log.txt
2026-03-24,10:37:07,autoclaved soil,-46.375,2026-03-24 10:37:07,20260805_soil_log.txt
2026-03-24,10:42:07,autoclaved soil,-45.75,2026-03-24 10:42:07,20260805_soil_log.txt
2026-03-24,10:47:07,autoclaved soil,-47.125,2026-03-24 10:47:07,20260805_soil_log.txt
2026-03-24,10:52:07,autoclaved soil,-47.0,2026-03-24 10:52:07,20260805_soil_log.txt
2026-03-24,10:57:08,autoclaved soil,-46.0,2026-03-24 10:57:08,20260805_soil_log.txt
2026-03-24,11:02:08,autoclaved soil,-49.75,2026-03-24 11:02:08,20260805_soil_log.txt
2026-03-24,11:07:08,autoclaved soil,-49.5,2026-03-24 11:07:08,20260805_soil_log.txt
2026-03-24,11:12:08,autoclaved soil,-49.75,2026-03-24 11:12:08,20260805_soil_log.txt
2026-03-24,11:17:08,autoclaved soil,-46.125,2026-03-24 11:17:08,20260805_soil_log.txt
2026-03-24,11:22:09,autoclaved soil,-49.25,2026-03-24 11:22:09,20260805_soil_log.txt
2026-03-24,11:27:09,autoclaved soil,-49.125,2026-03-24 11:27:09,20260805_soil_log.txt
2026-03-24,11:32:09,autoclaved soil,-45.0,2026-03-24 11:32:09,20260805_soil_log.txt
2026-03-24,11:37:09,autoclaved soil,-47.0,2026-03-24 11:37:09,20260805_soil_log.txt
2026-03-24,11:42:10,autoclaved soil,-44.5,2026-03-24 11:42:10,20260805_soil_log.txt
2026-03-24,11:47:10,autoclaved soil,-46.125,2026-03-24 11:47:10,20260805_soil_log.txt
2026-03-24,11:52:10,autoclaved soil,-46.0,2026-03-24 11:52:10,20260805_soil_log.txt
2026-03-24,11:57:10,autoclaved soil,-48.625,2026-03-24 11:57:10,20260805_soil_log.txt
2026-03-24,12:02:10,autoclaved soil,-48.0,2026-03-24 12:02:10,20260805_soil_log.txt
2026-03-24,12:07:10,autoclaved soil,-47.5,2026-03-24 12:07:10,20260805_soil_log.txt
2026-03-24,12:12:11,autoclaved soil,-44.875,2026-03-24 12:12:11,20260805_soil_log.txt
2026-03-24,12:17:11,autoclaved soil,-48.0,2026-03-24 12:17:11,20260805_soil_log.txt
2026-03-24,12:22:11,autoclaved soil,-48.0,2026-03-24 12:22:11,20260805_soil_log.txt
2026-03-24,12:27:11,autoclaved soil,-47.0,2026-03-24 12:27:11,20260805_soil_log.txt
2026-03-24,12:32:11,autoclaved soil,-45.125,2026-03-24 12:32:11,20260805_soil_log.txt
2026-03-24,12:37:12,autoclaved soil,-44.75,2026-03-24 12:37:12,20260805_soil_log.txt
2026-03-24,12:42:12,autoclaved soil,-44.5,2026-03-24 12:42:12,20260805_soil_log.txt
2026-03-24,12:47:12,autoclaved soil,-44.375,2026-03-24 12:47:12,20260805_soil_log.txt
2026-03-24,12:52:12,autoclaved soil,-46.25,2026-03-24 12:52:12,20260805_soil_log.txt
2026-03-24,12:57:13,autoclaved soil,-46.0,2026-03-24 12:57:13,20260805_soil_log.txt
2026-03-24,13:02:13,autoclaved soil,-45.5,2026-03-24 13:02:13,20260805_soil_log.txt
2026-03-24,13:07:13,autoclaved soil,-46.75,2026-03-24 13:07:13,20260805_soil_log.txt
2026-03-24,13:12:13,autoclaved soil,-44.625,2026-03-24 13:12:13,20260805_soil_log.txt
2026-03-24,13:17:13,autoclaved soil,-43.12500000000001,2026-03-24 13:17:13,20260805_soil_log.txt
2026-03-24,13:22:14,autoclaved soil,-46.375,2026-03-24 13:22:14,20260805_soil_log.txt
2026-03-24,13:27:14,autoclaved soil,-46.875,2026-03-24 13:27:14,20260805_soil_log.txt
2026-03-24,13:32:14,autoclaved soil,-46.5,2026-03-24 13:32:14,20260805_soil_log.txt
2026-03-24,13:37:14,autoclaved soil,-45.25,2026-03-24 13:37:14,20260805_soil_log.txt
2026-03-24,13:42:15,autoclaved soil,-42.75,2026-03-24 13:42:15,20260805_soil_log.txt
2026-03-24,13:47:15,autoclaved soil,-44.375,2026-03-24 13:47:15,20260805_soil_log.txt
2026-03-24,13:52:15,autoclaved soil,-46.0,2026-03-24 13:52:15,20260805_soil_log.txt
2026-03-24,13:57:15,autoclaved soil,-45.625,2026-03-24 13:57:15,20260805_soil_log.txt
2026-03-24,14:02:15,autoclaved soil,-46.25,2026-03-24 14:02:15,20260805_soil_log.txt
2026-03-24,14:07:16,autoclaved soil,-46.625,2026-03-24 14:07:16,20260805_soil_log.txt
2026-03-24,14:12:16,autoclaved soil,-44.0,2026-03-24 14:12:16,20260805_soil_log.txt
2026-03-24,14:17:16,autoclaved soil,-42.25,2026-03-24 14:17:16,20260805_soil_log.txt
2026-03-24,14:22:16,autoclaved soil,-42.625,2026-03-24 14:22:16,20260805_soil_log.txt
2026-03-24,14:27:16,autoclaved soil,-46.125,2026-03-24 14:27:16,20260805_soil_log.txt
2026-03-24,14:32:17,autoclaved soil,-42.75,2026-03-24 14:32:17,20260805_soil_log.txt
2026-03-24,14:37:17,autoclaved soil,-42.25,2026-03-24 14:37:17,20260805_soil_log.txt
2026-03-24,14:42:17,autoclaved soil,-45.125,2026-03-24 14:42:17,20260805_soil_log.txt
2026-03-24,14:47:17,autoclaved soil,-41.75,2026-03-24 14:47:17,20260805_soil_log.txt
2026-03-24,14:52:18,autoclaved soil,-44.375,2026-03-24 14:52:18,20260805_soil_log.txt
2026-03-24,14:57:18,autoclaved soil,-43.0,2026-03-24 14:57:18,20260805_soil_log.txt
2026-03-24,15:02:18,autoclaved soil,-46.0,2026-03-24 15:02:18,20260805_soil_log.txt
2026-03-24,15:07:18,autoclaved soil,-45.5,2026-03-24 15:07:18,20260805_soil_log.txt
2026-03-24,15:12:18,autoclaved soil,-46.5,2026-03-24 15:12:18,20260805_soil_log.txt
2026-03-24,15:17:19,autoclaved soil,-44.75,2026-03-24 15:17:19,20260805_soil_log.txt
2026-03-24,15:22:19,autoclaved soil,-44.875,2026-03-24 15:22:19,20260805_soil_log.txt
2026-03-24,15:27:19,autoclaved soil,-41.625,2026-03-24 15:27:19,20260805_soil_log.txt
2026-03-24,15:32:19,autoclaved soil,-42.125,2026-03-24 15:32:19,20260805_soil_log.txt
2026-03-24,15:37:19,autoclaved soil,-43.37500000000001,2026-03-24 15:37:19,20260805_soil_log.txt
2026-03-24,15:42:20,autoclaved soil,-42.5,2026-03-24 15:42:20,20260805_soil_log.txt
2026-03-24,15:47:20,autoclaved soil,-43.0,2026-03-24 15:47:20,20260805_soil_log.txt
2026-03-24,15:52:20,autoclaved soil,-42.25,2026-03-24 15:52:20,20260805_soil_log.txt
2026-03-24,15:57:20,autoclaved soil,-42.75,2026-03-24 15:57:20,20260805_soil_log.txt
2026-03-24,16:02:21,autoclaved soil,-44.625,2026-03-24 16:02:21,20260805_soil_log.txt
2026-03-24,16:07:21,autoclaved soil,-41.75,2026-03-24 16:07:21,20260805_soil_log.txt
2026-03-24,16:12:21,autoclaved soil,-43.75000000000001,2026-03-24 16:12:21,20260805_soil_log.txt
2026-03-24,16:17:21,autoclaved soil,-43.62500000000001,2026-03-24 16:17:21,20260805_soil_log.txt
2026-03-24,16:22:22,autoclaved soil,-44.875,2026-03-24 16:22:22,20260805_soil_log.txt
2026-03-24,16:27:22,autoclaved soil,-39.75,2026-03-24 16:27:22,20260805_soil_log.txt
2026-03-24,16:32:22,autoclaved soil,-43.87500000000001,2026-03-24 16:32:22,20260805_soil_log.txt
2026-03-24,16:37:22,autoclaved soil,-41.75,2026-03-24 16:37:22,20260805_soil_log.txt
2026-03-24,16:42:22,autoclaved soil,-43.75000000000001,2026-03-24 16:42:22,20260805_soil_log.txt
2026-03-24,16:47:23,autoclaved soil,-43.0,2026-03-24 16:47:23,20260805_soil_log.txt
2026-03-24,16:52:23,autoclaved soil,-43.75000000000001,2026-03-24 16:52:23,20260805_soil_log.txt
2026-03-24,16:57:23,autoclaved soil,-40.625,2026-03-24 16:57:23,20260805_soil_log.txt
2026-03-24,17:02:23,autoclaved soil,-41.25,2026-03-24 17:02:23,20260805_soil_log.txt
2026-03-24,17:07:24,autoclaved soil,-44.75,2026-03-24 17:07:24,20260805_soil_log.txt
2026-03-24,17:12:24,autoclaved soil,-39.75,2026-03-24 17:12:24,20260805_soil_log.txt
2026-03-24,17:17:24,autoclaved soil,-40.5,2026-03-24 17:17:24,20260805_soil_log.txt
2026-03-24,17:22:24,autoclaved soil,-40.5,2026-03-24 17:22:24,20260805_soil_log.txt
2026-03-24,17:27:24,autoclaved soil,-39.625,2026-03-24 17:27:24,20260805_soil_log.txt
2026-03-24,17:32:25,autoclaved soil,-42.75,2026-03-24 17:32:25,20260805_soil_log.txt
2026-03-24,17:37:25,autoclaved soil,-42.0,2026-03-24 17:37:25,20260805_soil_log.txt
2026-03-24,17:42:25,autoclaved soil,-42.5,2026-03-24 17:42:25,20260805_soil_log.txt
2026-03-24,17:47:25,autoclaved soil,-42.125,2026-03-24 17:47:25,20260805_soil_log.txt
2026-03-24,17:52:26,autoclaved soil,-39.125,2026-03-24 17:52:26,20260805_soil_log.txt
2026-03-24,17:57:26,autoclaved soil,-41.375,2026-03-24 17:57:26,20260805_soil_log.txt
2026-03-24,18:02:26,autoclaved soil,-41.25,2026-03-24 18:02:26,20260805_soil_log.txt
2026-03-24,18:07:26,autoclaved soil,-43.12500000000001,2026-03-24 18:07:26,20260805_soil_log.txt
2026-03-24,18:12:26,autoclaved soil,-39.5,2026-03-24 18:12:26,20260805_soil_log.txt
2026-03-24,18:17:27,autoclaved soil,-42.125,2026-03-24 18:17:27,20260805_soil_log.txt
2026-03-24,18:22:27,autoclaved soil,-42.625,2026-03-24 18:22:27,20260805_soil_log.txt
2026-03-24,18:27:27,autoclaved soil,-40.125,2026-03-24 18:27:27,20260805_soil_log.txt
2026-03-24,18:32:27,autoclaved soil,-43.25000000000001,2026-03-24 18:32:27,20260805_soil_log.txt
2026-03-24,18:37:28,autoclaved soil,-41.0,2026-03-24 18:37:28,20260805_soil_log.txt
2026-03-24,18:42:28,autoclaved soil,-39.375,2026-03-24 18:42:28,20260805_soil_log.txt
2026-03-24,18:47:28,autoclaved soil,-43.12500000000001,2026-03-24 18:47:28,20260805_soil_log.txt
2026-03-24,18:52:28,autoclaved soil,-43.12500000000001,2026-03-24 18:52:28,20260805_soil_log.txt
2026-03-24,18:57:28,autoclaved soil,-43.37500000000001,2026-03-24 18:57:28,20260805_soil_log.txt
2026-03-24,19:02:29,autoclaved soil,-39.125,2026-03-24 19:02:29,20260805_soil_log.txt
2026-03-24,19:07:29,autoclaved soil,-43.0,2026-03-24 19:07:29,20260805_soil_log.txt
2026-03-24,19:12:29,autoclaved soil,-43.12500000000001,2026-03-24 19:12:29,20260805_soil_log.txt
2026-03-24,19:17:29,autoclaved soil,-42.875,2026-03-24 19:17:29,20260805_soil_log.txt
2026-03-24,19:22:29,autoclaved soil,-41.75,2026-03-24 19:22:29,20260805_soil_log.txt
2026-03-24,19:27:30,autoclaved soil,-43.25000000000001,2026-03-24 19:27:30,20260805_soil_log.txt
2026-03-24,19:32:30,autoclaved soil,-38.875,2026-03-24 19:32:30,20260805_soil_log.txt
2026-03-24,19:37:30,autoclaved soil,-40.125,2026-03-24 19:37:30,20260805_soil_log.txt
2026-03-24,19:42:30,autoclaved soil,-39.625,2026-03-24 19:42:30,20260805_soil_log.txt
2026-03-24,19:47:30,autoclaved soil,-40.75,2026-03-24 19:47:30,20260805_soil_log.txt
2026-03-24,19:52:31,autoclaved soil,-42.375,2026-03-24 19:52:31,20260805_soil_log.txt
2026-03-24,19:57:31,autoclaved soil,-41.5,2026-03-24 19:57:31,20260805_soil_log.txt
2026-03-24,20:02:31,autoclaved soil,-42.375,2026-03-24 20:02:31,20260805_soil_log.txt
2026-03-24,20:07:31,autoclaved soil,-39.625,2026-03-24 20:07:31,20260805_soil_log.txt
2026-03-24,20:12:32,autoclaved soil,-38.875,2026-03-24 20:12:32,20260805_soil_log.txt
2026-03-24,20:17:32,autoclaved soil,-42.875,2026-03-24 20:17:32,20260805_soil_log.txt
2026-03-24,20:22:32,autoclaved soil,-41.625,2026-03-24 20:22:32,20260805_soil_log.txt
2026-03-24,20:27:32,autoclaved soil,-39.0,2026-03-24 20:27:32,20260805_soil_log.txt
2026-03-24,20:32:33,autoclaved soil,-40.875,2026-03-24 20:32:33,20260805_soil_log.txt
2026-03-24,20:37:33,autoclaved soil,-38.75,2026-03-24 20:37:33,20260805_soil_log.txt
2026-03-24,20:42:33,autoclaved soil,-42.125,2026-03-24 20:42:33,20260805_soil_log.txt
2026-03-24,20:47:33,autoclaved soil,-42.0,2026-03-24 20:47:33,20260805_soil_log.txt
2026-03-24,20:52:33,autoclaved soil,-42.25,2026-03-24 20:52:33,20260805_soil_log.txt
2026-03-24,20:57:34,autoclaved soil,-38.375,2026-03-24 20:57:34,20260805_soil_log.txt
2026-03-24,21:02:34,autoclaved soil,-38.375,2026-03-24 21:02:34,20260805_soil_log.txt
2026-03-24,21:07:34,autoclaved soil,-40.75,2026-03-24 21:07:34,20260805_soil_log.txt
2026-03-24,21:12:34,autoclaved soil,-38.5,2026-03-24 21:12:34,20260805_soil_log.txt
2026-03-24,21:17:35,autoclaved soil,-38.125,2026-03-24 21:17:35,20260805_soil_log.txt
2026-03-24,21:22:35,autoclaved soil,-39.0,2026-03-24 21:22:35,20260805_soil_log.txt
2026-03-24,21:27:35,autoclaved soil,-39.75,2026-03-24 21:27:35,20260805_soil_log.txt
2026-03-24,21:32:35,autoclaved soil,-38.875,2026-03-24 21:32:35,20260805_soil_log.txt
2026-03-24,21:37:35,autoclaved soil,-42.125,2026-03-24 21:37:35,20260805_soil_log.txt
2026-03-24,21:42:36,autoclaved soil,-39.125,2026-03-24 21:42:36,20260805_soil_log.txt
2026-03-24,21:47:36,autoclaved soil,-37.75,2026-03-24 21:47:36,20260805_soil_log.txt
2026-03-24,21:52:36,autoclaved soil,-41.625,2026-03-24 21:52:36,20260805_soil_log.txt
2026-03-24,21:57:36,autoclaved soil,-41.0,2026-03-24 21:57:36,20260805_soil_log.txt
2026-03-24,22:02:36,autoclaved soil,-41.875,2026-03-24 22:02:36,20260805_soil_log.txt
2026-03-24,22:07:37,autoclaved soil,-38.0,2026-03-24 22:07:37,20260805_soil_log.txt
2026-03-24,22:12:37,autoclaved soil,-42.125,2026-03-24 22:12:37,20260805_soil_log.txt
2026-03-24,22:17:37,autoclaved soil,-38.0,2026-03-24 22:17:37,20260805_soil_log.txt
2026-03-24,22:22:37,autoclaved soil,-38.625,2026-03-24 22:22:37,20260805_soil_log.txt
2026-03-24,22:27:38,autoclaved soil,-38.75,2026-03-24 22:27:38,20260805_soil_log.txt
2026-03-24,22:32:38,autoclaved soil,-38.125,2026-03-24 22:32:38,20260805_soil_log.txt
2026-03-24,22:37:38,autoclaved soil,-38.875,2026-03-24 22:37:38,20260805_soil_log.txt
2026-03-24,22:42:38,autoclaved soil,-39.5,2026-03-24 22:42:38,20260805_soil_log.txt
2026-03-24,22:47:38,autoclaved soil,-39.0,2026-03-24 22:47:38,20260805_soil_log.txt
2026-03-24,22:52:39,autoclaved soil,-39.875,2026-03-24 22:52:39,20260805_soil_log.txt
2026-03-24,22:57:39,autoclaved soil,-41.25,2026-03-24 22:57:39,20260805_soil_log.txt
2026-03-24,23:02:39,autoclaved soil,-41.125,2026-03-24 23:02:39,20260805_soil_log.txt
2026-03-24,23:07:39,autoclaved soil,-41.25,2026-03-24 23:07:39,20260805_soil_log.txt
2026-03-24,23:12:40,autoclaved soil,-41.5,2026-03-24 23:12:40,20260805_soil_log.txt
2026-03-24,23:17:40,autoclaved soil,-38.125,2026-03-24 23:17:40,20260805_soil_log.txt
2026-03-24,23:22:40,autoclaved soil,-40.75,2026-03-24 23:22:40,20260805_soil_log.txt
2026-03-24,23:27:40,autoclaved soil,-37.875,2026-03-24 23:27:40,20260805_soil_log.txt
2026-03-24,23:32:40,autoclaved soil,-37.125,2026-03-24 23:32:40,20260805_soil_log.txt
2026-03-24,23:37:41,autoclaved soil,-38.0,2026-03-24 23:37:41,20260805_soil_log.txt
2026-03-24,23:42:41,autoclaved soil,-37.375,2026-03-24 23:42:41,20260805_soil_log.txt
2026-03-24,23:47:41,autoclaved soil,-39.75,2026-03-24 23:47:41,20260805_soil_log.txt
2026-03-24,23:52:41,autoclaved soil,-39.875,2026-03-24 23:52:41,20260805_soil_log.txt
2026-03-24,23:57:41,autoclaved soil,-36.625,2026-03-24 23:57:41,20260805_soil_log.txt
2026-03-25,00:02:42,autoclaved soil,-39.625,2026-03-25 00:02:42,20260805_soil_log.txt
2026-03-25,00:07:42,autoclaved soil,-39.625,2026-03-25 00:07:42,20260805_soil_log.txt
2026-03-25,00:12:42,autoclaved soil,-36.125,2026-03-25 00:12:42,20260805_soil_log.txt
2026-03-25,00:17:42,autoclaved soil,-39.375,2026-03-25 00:17:42,20260805_soil_log.txt
2026-03-25,00:22:43,autoclaved soil,-40.5,2026-03-25 00:22:43,20260805_soil_log.txt
2026-03-25,00:27:43,autoclaved soil,-40.625,2026-03-25 00:27:43,20260805_soil_log.txt
2026-03-25,00:32:43,autoclaved soil,-36.875,2026-03-25 00:32:43,20260805_soil_log.txt
2026-03-25,00:37:43,autoclaved soil,-40.625,2026-03-25 00:37:43,20260805_soil_log.txt
2026-03-25,00:42:43,autoclaved soil,-36.625,2026-03-25 00:42:43,20260805_soil_log.txt
2026-03-25,00:47:44,autoclaved soil,-36.75,2026-03-25 00:47:44,20260805_soil_log.txt
2026-03-25,00:52:44,autoclaved soil,-40.375,2026-03-25 00:52:44,20260805_soil_log.txt
2026-03-25,00:57:44,autoclaved soil,-37.625,2026-03-25 00:57:44,20260805_soil_log.txt
2026-03-25,01:02:44,autoclaved soil,-40.375,2026-03-25 01:02:44,20260805_soil_log.txt
2026-03-25,01:07:44,autoclaved soil,-39.375,2026-03-25 01:07:44,20260805_soil_log.txt
2026-03-25,01:12:45,autoclaved soil,-38.75,2026-03-25 01:12:45,20260805_soil_log.txt
2026-03-25,01:17:45,autoclaved soil,-38.375,2026-03-25 01:17:45,20260805_soil_log.txt
2026-03-25,01:22:45,autoclaved soil,-40.375,2026-03-25 01:22:45,20260805_soil_log.txt
2026-03-25,01:27:45,autoclaved soil,-37.125,2026-03-25 01:27:45,20260805_soil_log.txt
2026-03-25,01:32:45,autoclaved soil,-37.0,2026-03-25 01:32:45,20260805_soil_log.txt
2026-03-25,01:37:46,autoclaved soil,-37.5,2026-03-25 01:37:46,20260805_soil_log.txt
2026-03-25,01:42:46,autoclaved soil,-36.5,2026-03-25 01:42:46,20260805_soil_log.txt
2026-03-25,01:47:46,autoclaved soil,-40.25,2026-03-25 01:47:46,20260805_soil_log.txt
2026-03-25,01:52:46,autoclaved soil,-37.75,2026-03-25 01:52:46,20260805_soil_log.txt
2026-03-25,01:57:46,autoclaved soil,-35.87500000000001,2026-03-25 01:57:46,20260805_soil_log.txt
2026-03-25,02:02:47,autoclaved soil,-38.375,2026-03-25 02:02:47,20260805_soil_log.txt
2026-03-25,02:07:47,autoclaved soil,-37.0,2026-03-25 02:07:47,20260805_soil_log.txt
2026-03-25,02:12:47,autoclaved soil,-38.0,2026-03-25 02:12:47,20260805_soil_log.txt
2026-03-25,02:17:47,autoclaved soil,-38.75,2026-03-25 02:17:47,20260805_soil_log.txt
2026-03-25,02:22:48,autoclaved soil,-38.375,2026-03-25 02:22:48,20260805_soil_log.txt
2026-03-25,02:27:48,autoclaved soil,-39.375,2026-03-25 02:27:48,20260805_soil_log.txt
2026-03-25,02:32:48,autoclaved soil,-39.625,2026-03-25 02:32:48,20260805_soil_log.txt
2026-03-25,02:37:48,autoclaved soil,-37.0,2026-03-25 02:37:48,20260805_soil_log.txt
2026-03-25,02:42:49,autoclaved soil,-39.125,2026-03-25 02:42:49,20260805_soil_log.txt
2026-03-25,02:47:49,autoclaved soil,-38.0,2026-03-25 02:47:49,20260805_soil_log.txt
2026-03-25,02:52:49,autoclaved soil,-37.875,2026-03-25 02:52:49,20260805_soil_log.txt
2026-03-25,02:57:49,autoclaved soil,-39.75,2026-03-25 02:57:49,20260805_soil_log.txt
2026-03-25,03:02:49,autoclaved soil,-39.625,2026-03-25 03:02:49,20260805_soil_log.txt
2026-03-25,03:07:49,autoclaved soil,-35.62500000000001,2026-03-25 03:07:49,20260805_soil_log.txt
2026-03-25,03:12:50,autoclaved soil,-40.0,2026-03-25 03:12:50,20260805_soil_log.txt
2026-03-25,03:17:50,autoclaved soil,-39.375,2026-03-25 03:17:50,20260805_soil_log.txt
2026-03-25,03:22:50,autoclaved soil,-37.25,2026-03-25 03:22:50,20260805_soil_log.txt
2026-03-25,03:27:50,autoclaved soil,-36.75,2026-03-25 03:27:50,20260805_soil_log.txt
2026-03-25,03:32:51,autoclaved soil,-39.5,2026-03-25 03:32:51,20260805_soil_log.txt
2026-03-25,03:37:51,autoclaved soil,-39.625,2026-03-25 03:37:51,20260805_soil_log.txt
2026-03-25,03:42:51,autoclaved soil,-36.875,2026-03-25 03:42:51,20260805_soil_log.txt
2026-03-25,03:47:51,autoclaved soil,-39.125,2026-03-25 03:47:51,20260805_soil_log.txt
2026-03-25,03:52:52,autoclaved soil,-40.625,2026-03-25 03:52:52,20260805_soil_log.txt
2026-03-25,03:57:52,autoclaved soil,-36.25,2026-03-25 03:57:52,20260805_soil_log.txt
2026-03-25,04:02:52,autoclaved soil,-37.0,2026-03-25 04:02:52,20260805_soil_log.txt
2026-03-25,04:07:52,autoclaved soil,-37.75,2026-03-25 04:07:52,20260805_soil_log.txt
2026-03-25,04:12:53,autoclaved soil,-40.125,2026-03-25 04:12:53,20260805_soil_log.txt
2026-03-25,04:17:53,autoclaved soil,-39.375,2026-03-25 04:17:53,20260805_soil_log.txt
2026-03-25,04:22:53,autoclaved soil,-36.00000000000001,2026-03-25 04:22:53,20260805_soil_log.txt
2026-03-25,04:27:53,autoclaved soil,-36.875,2026-03-25 04:27:53,20260805_soil_log.txt
2026-03-25,04:32:53,autoclaved soil,-37.125,2026-03-25 04:32:53,20260805_soil_log.txt
2026-03-25,04:37:54,autoclaved soil,-35.87500000000001,2026-03-25 04:37:54,20260805_soil_log.txt
2026-03-25,04:42:54,autoclaved soil,-35.75000000000001,2026-03-25 04:42:54,20260805_soil_log.txt
2026-03-25,04:47:54,autoclaved soil,-36.00000000000001,2026-03-25 04:47:54,20260805_soil_log.txt
2026-03-25,04:52:54,autoclaved soil,-39.25,2026-03-25 04:52:54,20260805_soil_log.txt
2026-03-25,04:57:55,autoclaved soil,-39.125,2026-03-25 04:57:55,20260805_soil_log.txt
2026-03-25,05:02:55,autoclaved soil,-38.5,2026-03-25 05:02:55,20260805_soil_log.txt
2026-03-25,05:07:55,autoclaved soil,-38.875,2026-03-25 05:07:55,20260805_soil_log.txt
2026-03-25,05:12:55,autoclaved soil,-36.75,2026-03-25 05:12:55,20260805_soil_log.txt
2026-03-25,05:17:55,autoclaved soil,-36.75,2026-03-25 05:17:55,20260805_soil_log.txt
2026-03-25,05:22:56,autoclaved soil,-36.5,2026-03-25 05:22:56,20260805_soil_log.txt
2026-03-25,05:27:56,autoclaved soil,-40.0,2026-03-25 05:27:56,20260805_soil_log.txt
2026-03-25,05:32:56,autoclaved soil,-36.00000000000001,2026-03-25 05:32:56,20260805_soil_log.txt
2026-03-25,05:37:56,autoclaved soil,-37.25,2026-03-25 05:37:56,20260805_soil_log.txt
2026-03-25,05:42:57,autoclaved soil,-36.75,2026-03-25 05:42:57,20260805_soil_log.txt
2026-03-25,05:47:57,autoclaved soil,-38.25,2026-03-25 05:47:57,20260805_soil_log.txt
2026-03-25,05:52:57,autoclaved soil,-36.875,2026-03-25 05:52:57,20260805_soil_log.txt
2026-03-25,05:57:57,autoclaved soil,-37.25,2026-03-25 05:57:57,20260805_soil_log.txt
2026-03-25,06:02:57,autoclaved soil,-37.25,2026-03-25 06:02:57,20260805_soil_log.txt
2026-03-25,06:07:58,autoclaved soil,-39.375,2026-03-25 06:07:58,20260805_soil_log.txt
2026-03-25,06:12:58,autoclaved soil,-39.5,2026-03-25 06:12:58,20260805_soil_log.txt
2026-03-25,06:17:58,autoclaved soil,-36.125,2026-03-25 06:17:58,20260805_soil_log.txt
2026-03-25,06:22:58,autoclaved soil,-36.25,2026-03-25 06:22:58,20260805_soil_log.txt
2026-03-25,06:27:59,autoclaved soil,-37.25,2026-03-25 06:27:59,20260805_soil_log.txt
2026-03-25,06:32:59,autoclaved soil,-40.0,2026-03-25 06:32:59,20260805_soil_log.txt
2026-03-25,06:37:59,autoclaved soil,-38.125,2026-03-25 06:37:59,20260805_soil_log.txt
2026-03-25,06:42:59,autoclaved soil,-37.0,2026-03-25 06:42:59,20260805_soil_log.txt
2026-03-25,06:47:59,autoclaved soil,-39.5,2026-03-25 06:47:59,20260805_soil_log.txt
2026-03-25,06:53:00,autoclaved soil,-34.875,2026-03-25 06:53:00,20260805_soil_log.txt
2026-03-25,06:58:00,autoclaved soil,-34.0,2026-03-25 06:58:00,20260805_soil_log.txt
2026-03-25,07:03:00,autoclaved soil,-35.0,2026-03-25 07:03:00,20260805_soil_log.txt
2026-03-25,07:08:00,autoclaved soil,-34.875,2026-03-25 07:08:00,20260805_soil_log.txt
2026-03-25,07:13:00,autoclaved soil,-35.75000000000001,2026-03-25 07:13:00,20260805_soil_log.txt
2026-03-25,07:18:01,autoclaved soil,-37.75,2026-03-25 07:18:01,20260805_soil_log.txt
2026-03-25,07:23:01,autoclaved soil,-37.5,2026-03-25 07:23:01,20260805_soil_log.txt
2026-03-25,07:28:01,autoclaved soil,-36.25,2026-03-25 07:28:01,20260805_soil_log.txt
2026-03-25,07:33:01,autoclaved soil,-38.5,2026-03-25 07:33:01,20260805_soil_log.txt
2026-03-25,07:38:01,autoclaved soil,-35.37500000000001,2026-03-25 07:38:01,20260805_soil_log.txt
2026-03-25,07:43:02,autoclaved soil,-38.625,2026-03-25 07:43:02,20260805_soil_log.txt
2026-03-25,07:48:02,autoclaved soil,-36.75,2026-03-25 07:48:02,20260805_soil_log.txt
2026-03-25,07:53:02,autoclaved soil,-35.50000000000001,2026-03-25 07:53:02,20260805_soil_log.txt
2026-03-25,07:58:02,autoclaved soil,-36.00000000000001,2026-03-25 07:58:02,20260805_soil_log.txt
2026-03-25,08:03:03,autoclaved soil,-38.0,2026-03-25 08:03:03,20260805_soil_log.txt
2026-03-25,08:08:03,autoclaved soil,-37.75,2026-03-25 08:08:03,20260805_soil_log.txt
2026-03-25,08:13:03,autoclaved soil,-38.75,2026-03-25 08:13:03,20260805_soil_log.txt
2026-03-25,08:18:03,autoclaved soil,-38.0,2026-03-25 08:18:03,20260805_soil_log.txt
2026-03-25,08:23:03,autoclaved soil,-40.0,2026-03-25 08:23:03,20260805_soil_log.txt
2026-03-25,08:28:04,autoclaved soil,-36.25,2026-03-25 08:28:04,20260805_soil_log.txt
2026-03-25,08:33:04,autoclaved soil,-34.75,2026-03-25 08:33:04,20260805_soil_log.txt
2026-03-25,08:38:04,autoclaved soil,-38.0,2026-03-25 08:38:04,20260805_soil_log.txt
2026-03-25,08:43:04,autoclaved soil,-38.0,2026-03-25 08:43:04,20260805_soil_log.txt
2026-03-25,08:48:04,autoclaved soil,-36.00000000000001,2026-03-25 08:48:04,20260805_soil_log.txt
2026-03-25,08:53:05,autoclaved soil,-35.0,2026-03-25 08:53:05,20260805_soil_log.txt
2026-03-25,08:58:05,autoclaved soil,-35.50000000000001,2026-03-25 08:58:05,20260805_soil_log.txt
2026-03-25,09:03:05,autoclaved soil,-35.25,2026-03-25 09:03:05,20260805_soil_log.txt
2026-03-25,09:08:05,autoclaved soil,-35.25,2026-03-25 09:08:05,20260805_soil_log.txt
2026-03-25,09:13:06,autoclaved soil,-35.25,2026-03-25 09:13:06,20260805_soil_log.txt
2026-03-25,09:18:06,autoclaved soil,-37.25,2026-03-25 09:18:06,20260805_soil_log.txt
2026-03-25,09:23:06,autoclaved soil,-35.62500000000001,2026-03-25 09:23:06,20260805_soil_log.txt
2026-03-25,09:28:06,autoclaved soil,-37.125,2026-03-25 09:28:06,20260805_soil_log.txt
2026-03-25,09:33:07,autoclaved soil,-35.50000000000001,2026-03-25 09:33:07,20260805_soil_log.txt
2026-03-25,09:38:07,autoclaved soil,-37.0,2026-03-25 09:38:07,20260805_soil_log.txt
2026-03-25,09:43:07,autoclaved soil,-35.25,2026-03-25 09:43:07,20260805_soil_log.txt
2026-03-25,09:48:07,autoclaved soil,-37.0,2026-03-25 09:48:07,20260805_soil_log.txt
2026-03-25,09:53:07,autoclaved soil,-35.37500000000001,2026-03-25 09:53:07,20260805_soil_log.txt
2026-03-25,09:58:08,autoclaved soil,-38.5,2026-03-25 09:58:08,20260805_soil_log.txt
2026-03-25,10:03:08,autoclaved soil,-35.75000000000001,2026-03-25 10:03:08,20260805_soil_log.txt
2026-03-25,10:08:08,autoclaved soil,-35.50000000000001,2026-03-25 10:08:08,20260805_soil_log.txt
2026-03-25,10:13:08,autoclaved soil,-39.375,2026-03-25 10:13:08,20260805_soil_log.txt
2026-03-25,10:18:09,autoclaved soil,-40.0,2026-03-25 10:18:09,20260805_soil_log.txt
2026-03-25,10:23:09,autoclaved soil,-39.25,2026-03-25 10:23:09,20260805_soil_log.txt
2026-03-25,10:28:09,autoclaved soil,-35.25,2026-03-25 10:28:09,20260805_soil_log.txt
2026-03-25,10:33:09,autoclaved soil,-37.625,2026-03-25 10:33:09,20260805_soil_log.txt
2026-03-25,10:38:09,autoclaved soil,-36.875,2026-03-25 10:38:09,20260805_soil_log.txt
2026-03-25,10:43:10,autoclaved soil,-36.25,2026-03-25 10:43:10,20260805_soil_log.txt
2026-03-25,10:48:10,autoclaved soil,-36.125,2026-03-25 10:48:10,20260805_soil_log.txt
2026-03-25,10:53:10,autoclaved soil,-38.125,2026-03-25 10:53:10,20260805_soil_log.txt
2026-03-25,10:58:10,autoclaved soil,-37.5,2026-03-25 10:58:10,20260805_soil_log.txt
2026-03-25,11:03:11,autoclaved soil,-34.875,2026-03-25 11:03:11,20260805_soil_log.txt
2026-03-25,11:08:11,autoclaved soil,-36.875,2026-03-25 11:08:11,20260805_soil_log.txt
2026-03-25,11:13:11,autoclaved soil,-38.0,2026-03-25 11:13:11,20260805_soil_log.txt
2026-03-25,11:18:11,autoclaved soil,-37.125,2026-03-25 11:18:11,20260805_soil_log.txt
2026-03-25,11:23:11,autoclaved soil,-36.00000000000001,2026-03-25 11:23:11,20260805_soil_log.txt
2026-03-25,11:28:12,autoclaved soil,-35.37500000000001,2026-03-25 11:28:12,20260805_soil_log.txt
2026-03-25,11:33:12,autoclaved soil,-34.5,2026-03-25 11:33:12,20260805_soil_log.txt
2026-03-25,11:38:12,autoclaved soil,-34.5,2026-03-25 11:38:12,20260805_soil_log.txt
2026-03-25,11:43:12,autoclaved soil,-37.5,2026-03-25 11:43:12,20260805_soil_log.txt
2026-03-25,11:48:13,autoclaved soil,-36.5,2026-03-25 11:48:13,20260805_soil_log.txt
2026-03-25,11:53:13,autoclaved soil,-36.875,2026-03-25 11:53:13,20260805_soil_log.txt
2026-03-25,11:58:13,autoclaved soil,-33.75,2026-03-25 11:58:13,20260805_soil_log.txt
2026-03-25,12:03:13,autoclaved soil,-34.25,2026-03-25 12:03:13,20260805_soil_log.txt
2026-03-25,12:08:13,autoclaved soil,-34.25,2026-03-25 12:08:13,20260805_soil_log.txt
2026-03-25,12:13:14,autoclaved soil,-38.25,2026-03-25 12:13:14,20260805_soil_log.txt
2026-03-25,12:18:14,autoclaved soil,-34.875,2026-03-25 12:18:14,20260805_soil_log.txt
2026-03-25,12:23:14,autoclaved soil,-35.125,2026-03-25 12:23:14,20260805_soil_log.txt
2026-03-25,12:28:14,autoclaved soil,-35.25,2026-03-25 12:28:14,20260805_soil_log.txt
2026-03-25,12:33:15,autoclaved soil,-37.875,2026-03-25 12:33:15,20260805_soil_log.txt
2026-03-25,12:38:15,autoclaved soil,-34.75,2026-03-25 12:38:15,20260805_soil_log.txt
2026-03-25,12:43:15,autoclaved soil,-34.125,2026-03-25 12:43:15,20260805_soil_log.txt
2026-03-25,12:48:15,autoclaved soil,-37.125,2026-03-25 12:48:15,20260805_soil_log.txt
2026-03-25,12:53:15,autoclaved soil,-36.25,2026-03-25 12:53:15,20260805_soil_log.txt
2026-03-25,12:58:16,autoclaved soil,-38.625,2026-03-25 12:58:16,20260805_soil_log.txt
2026-03-25,13:03:16,autoclaved soil,-36.00000000000001,2026-03-25 13:03:16,20260805_soil_log.txt
2026-03-25,13:08:16,autoclaved soil,-34.5,2026-03-25 13:08:16,20260805_soil_log.txt
2026-03-25,13:13:16,autoclaved soil,-37.625,2026-03-25 13:13:16,20260805_soil_log.txt
2026-03-25,13:18:17,autoclaved soil,-37.875,2026-03-25 13:18:17,20260805_soil_log.txt
2026-03-25,13:23:17,autoclaved soil,-37.75,2026-03-25 13:23:17,20260805_soil_log.txt
2026-03-25,13:28:17,autoclaved soil,-37.5,2026-03-25 13:28:17,20260805_soil_log.txt
2026-03-25,13:33:17,autoclaved soil,-37.0,2026-03-25 13:33:17,20260805_soil_log.txt
2026-03-25,13:38:18,autoclaved soil,-34.625,2026-03-25 13:38:18,20260805_soil_log.txt
2026-03-25,13:43:18,autoclaved soil,-37.5,2026-03-25 13:43:18,20260805_soil_log.txt
2026-03-25,13:48:18,autoclaved soil,-34.625,2026-03-25 13:48:18,20260805_soil_log.txt
2026-03-25,13:53:18,autoclaved soil,-37.375,2026-03-25 13:53:18,20260805_soil_log.txt
2026-03-25,13:58:18,autoclaved soil,-33.75,2026-03-25 13:58:18,20260805_soil_log.txt
2026-03-25,14:03:19,autoclaved soil,-34.0,2026-03-25 14:03:19,20260805_soil_log.txt
2026-03-25,14:08:19,autoclaved soil,-37.0,2026-03-25 14:08:19,20260805_soil_log.txt
2026-03-25,14:13:19,autoclaved soil,-34.875,2026-03-25 14:13:19,20260805_soil_log.txt
2026-03-25,14:18:19,autoclaved soil,-37.625,2026-03-25 14:18:19,20260805_soil_log.txt
2026-03-25,14:23:19,autoclaved soil,-33.875,2026-03-25 14:23:19,20260805_soil_log.txt
2026-03-25,14:28:20,autoclaved soil,-36.375,2026-03-25 14:28:20,20260805_soil_log.txt
2026-03-25,14:33:20,autoclaved soil,-37.5,2026-03-25 14:33:20,20260805_soil_log.txt
2026-03-25,14:38:20,autoclaved soil,-36.75,2026-03-25 14:38:20,20260805_soil_log.txt
2026-03-25,14:43:20,autoclaved soil,-35.0,2026-03-25 14:43:20,20260805_soil_log.txt
2026-03-25,14:48:20,autoclaved soil,-34.75,2026-03-25 14:48:20,20260805_soil_log.txt
2026-03-25,14:53:21,autoclaved soil,-37.125,2026-03-25 14:53:21,20260805_soil_log.txt
2026-03-25,14:58:21,autoclaved soil,-35.87500000000001,2026-03-25 14:58:21,20260805_soil_log.txt
2026-03-25,15:03:21,autoclaved soil,-34.125,2026-03-25 15:03:21,20260805_soil_log.txt
2026-03-25,15:08:21,autoclaved soil,-33.625,2026-03-25 15:08:21,20260805_soil_log.txt
2026-03-25,15:13:21,autoclaved soil,-34.875,2026-03-25 15:13:21,20260805_soil_log.txt
2026-03-25,15:18:22,autoclaved soil,-37.125,2026-03-25 15:18:22,20260805_soil_log.txt
2026-03-25,15:23:22,autoclaved soil,-33.25,2026-03-25 15:23:22,20260805_soil_log.txt
2026-03-25,15:28:22,autoclaved soil,-34.125,2026-03-25 15:28:22,20260805_soil_log.txt
2026-03-25,15:33:22,autoclaved soil,-37.375,2026-03-25 15:33:22,20260805_soil_log.txt
2026-03-25,15:38:23,autoclaved soil,-33.125,2026-03-25 15:38:23,20260805_soil_log.txt
2026-03-25,15:43:23,autoclaved soil,-36.875,2026-03-25 15:43:23,20260805_soil_log.txt
2026-03-25,15:48:23,autoclaved soil,-36.125,2026-03-25 15:48:23,20260805_soil_log.txt
2026-03-25,15:53:23,autoclaved soil,-35.37500000000001,2026-03-25 15:53:23,20260805_soil_log.txt
2026-03-25,15:58:24,autoclaved soil,-36.875,2026-03-25 15:58:24,20260805_soil_log.txt
2026-03-25,16:03:24,autoclaved soil,-36.25,2026-03-25 16:03:24,20260805_soil_log.txt
2026-03-25,16:08:24,autoclaved soil,-36.625,2026-03-25 16:08:24,20260805_soil_log.txt
2026-03-25,16:13:24,autoclaved soil,-37.0,2026-03-25 16:13:24,20260805_soil_log.txt
2026-03-25,16:18:25,autoclaved soil,-35.75000000000001,2026-03-25 16:18:25,20260805_soil_log.txt
2026-03-25,16:23:25,autoclaved soil,-36.75,2026-03-25 16:23:25,20260805_soil_log.txt
2026-03-25,16:28:25,autoclaved soil,-36.00000000000001,2026-03-25 16:28:25,20260805_soil_log.txt
2026-03-25,16:33:25,autoclaved soil,-36.5,2026-03-25 16:33:25,20260805_soil_log.txt
2026-03-25,16:38:25,autoclaved soil,-34.625,2026-03-25 16:38:25,20260805_soil_log.txt
2026-03-25,16:43:26,autoclaved soil,-36.375,2026-03-25 16:43:26,20260805_soil_log.txt
2026-03-25,16:48:26,autoclaved soil,-32.75,2026-03-25 16:48:26,20260805_soil_log.txt
2026-03-25,16:53:26,autoclaved soil,-36.125,2026-03-25 16:53:26,20260805_soil_log.txt
2026-03-25,16:58:26,autoclaved soil,-36.5,2026-03-25 16:58:26,20260805_soil_log.txt
2026-03-25,17:03:27,autoclaved soil,-33.625,2026-03-25 17:03:27,20260805_soil_log.txt
2026-03-25,17:08:27,autoclaved soil,-35.0,2026-03-25 17:08:27,20260805_soil_log.txt
2026-03-25,17:13:27,autoclaved soil,-36.125,2026-03-25 17:13:27,20260805_soil_log.txt
2026-03-25,17:18:27,autoclaved soil,-35.0,2026-03-25 17:18:27,20260805_soil_log.txt
2026-03-25,17:23:27,autoclaved soil,-32.875,2026-03-25 17:23:27,20260805_soil_log.txt
2026-03-25,17:28:28,autoclaved soil,-32.875,2026-03-25 17:28:28,20260805_soil_log.txt
2026-03-25,17:33:28,autoclaved soil,-33.625,2026-03-25 17:33:28,20260805_soil_log.txt
2026-03-25,17:38:28,autoclaved soil,-36.625,2026-03-25 17:38:28,20260805_soil_log.txt
2026-03-25,17:43:28,autoclaved soil,-34.5,2026-03-25 17:43:28,20260805_soil_log.txt
2026-03-25,17:48:29,autoclaved soil,-35.87500000000001,2026-03-25 17:48:29,20260805_soil_log.txt
2026-03-25,17:53:29,autoclaved soil,-34.875,2026-03-25 17:53:29,20260805_soil_log.txt
2026-03-25,17:58:29,autoclaved soil,-32.875,2026-03-25 17:58:29,20260805_soil_log.txt
2026-03-25,18:03:29,autoclaved soil,-33.375,2026-03-25 18:03:29,20260805_soil_log.txt
2026-03-25,18:08:29,autoclaved soil,-36.00000000000001,2026-03-25 18:08:29,20260805_soil_log.txt
2026-03-25,18:13:30,autoclaved soil,-33.75,2026-03-25 18:13:30,20260805_soil_log.txt
2026-03-25,18:18:30,autoclaved soil,-35.62500000000001,2026-03-25 18:18:30,20260805_soil_log.txt
2026-03-25,18:23:30,autoclaved soil,-32.375,2026-03-25 18:23:30,20260805_soil_log.txt
2026-03-25,18:28:30,autoclaved soil,-34.125,2026-03-25 18:28:30,20260805_soil_log.txt
2026-03-25,18:33:30,autoclaved soil,-33.125,2026-03-25 18:33:30,20260805_soil_log.txt
2026-03-25,18:38:31,autoclaved soil,-33.0,2026-03-25 18:38:31,20260805_soil_log.txt
2026-03-25,18:43:31,autoclaved soil,-35.62500000000001,2026-03-25 18:43:31,20260805_soil_log.txt
2026-03-25,18:48:31,autoclaved soil,-35.0,2026-03-25 18:48:31,20260805_soil_log.txt
2026-03-25,18:53:31,autoclaved soil,-35.87500000000001,2026-03-25 18:53:31,20260805_soil_log.txt
2026-03-25,18:58:32,autoclaved soil,-35.87500000000001,2026-03-25 18:58:32,20260805_soil_log.txt
2026-03-25,19:03:32,autoclaved soil,-32.25,2026-03-25 19:03:32,20260805_soil_log.txt
2026-03-25,19:08:32,autoclaved soil,-34.75,2026-03-25 19:08:32,20260805_soil_log.txt
2026-03-25,19:13:32,autoclaved soil,-33.875,2026-03-25 19:13:32,20260805_soil_log.txt
2026-03-25,19:18:32,autoclaved soil,-35.25,2026-03-25 19:18:32,20260805_soil_log.txt
2026-03-25,19:23:33,autoclaved soil,-33.75,2026-03-25 19:23:33,20260805_soil_log.txt
2026-03-25,19:28:33,autoclaved soil,-36.125,2026-03-25 19:28:33,20260805_soil_log.txt
2026-03-25,19:33:33,autoclaved soil,-36.875,2026-03-25 19:33:33,20260805_soil_log.txt
2026-03-25,19:38:33,autoclaved soil,-33.0,2026-03-25 19:38:33,20260805_soil_log.txt
2026-03-25,19:43:34,autoclaved soil,-36.25,2026-03-25 19:43:34,20260805_soil_log.txt
2026-03-25,19:48:34,autoclaved soil,-36.125,2026-03-25 19:48:34,20260805_soil_log.txt
2026-03-25,19:53:34,autoclaved soil,-33.375,2026-03-25 19:53:34,20260805_soil_log.txt
2026-03-25,19:58:34,autoclaved soil,-35.62500000000001,2026-03-25 19:58:34,20260805_soil_log.txt
2026-03-25,20:03:35,autoclaved soil,-33.5,2026-03-25 20:03:35,20260805_soil_log.txt
2026-03-25,20:08:35,autoclaved soil,-34.375,2026-03-25 20:08:35,20260805_soil_log.txt
2026-03-25,20:13:35,autoclaved soil,-33.375,2026-03-25 20:13:35,20260805_soil_log.txt
2026-03-25,20:18:35,autoclaved soil,-34.5,2026-03-25 20:18:35,20260805_soil_log.txt
2026-03-25,20:23:35,autoclaved soil,-32.625,2026-03-25 20:23:35,20260805_soil_log.txt
2026-03-25,20:28:36,autoclaved soil,-36.75,2026-03-25 20:28:36,20260805_soil_log.txt
2026-03-25,20:33:36,autoclaved soil,-34.0,2026-03-25 20:33:36,20260805_soil_log.txt
2026-03-25,20:38:36,autoclaved soil,-35.87500000000001,2026-03-25 20:38:36,20260805_soil_log.txt
2026-03-25,20:43:36,autoclaved soil,-32.375,2026-03-25 20:43:36,20260805_soil_log.txt
2026-03-25,20:48:36,autoclaved soil,-32.75,2026-03-25 20:48:36,20260805_soil_log.txt
2026-03-25,20:53:37,autoclaved soil,-32.5,2026-03-25 20:53:37,20260805_soil_log.txt
2026-03-25,20:58:37,autoclaved soil,-33.5,2026-03-25 20:58:37,20260805_soil_log.txt
2026-03-25,21:03:37,autoclaved soil,-32.5,2026-03-25 21:03:37,20260805_soil_log.txt
2026-03-25,21:08:37,autoclaved soil,-32.625,2026-03-25 21:08:37,20260805_soil_log.txt
2026-03-25,21:13:38,autoclaved soil,-33.0,2026-03-25 21:13:38,20260805_soil_log.txt
2026-03-25,21:18:38,autoclaved soil,-32.75,2026-03-25 21:18:38,20260805_soil_log.txt
2026-03-25,21:23:38,autoclaved soil,-33.5,2026-03-25 21:23:38,20260805_soil_log.txt
2026-03-25,21:28:38,autoclaved soil,-33.5,2026-03-25 21:28:38,20260805_soil_log.txt
2026-03-25,21:33:38,autoclaved soil,-32.5,2026-03-25 21:33:38,20260805_soil_log.txt
2026-03-25,21:38:39,autoclaved soil,-34.5,2026-03-25 21:38:39,20260805_soil_log.txt
2026-03-25,21:43:39,autoclaved soil,-32.625,2026-03-25 21:43:39,20260805_soil_log.txt
2026-03-25,21:48:39,autoclaved soil,-33.375,2026-03-25 21:48:39,20260805_soil_log.txt
2026-03-25,21:53:39,autoclaved soil,-35.75000000000001,2026-03-25 21:53:39,20260805_soil_log.txt
2026-03-25,21:58:39,autoclaved soil,-33.75,2026-03-25 21:58:39,20260805_soil_log.txt
2026-03-25,22:03:40,autoclaved soil,-35.37500000000001,2026-03-25 22:03:40,20260805_soil_log.txt
2026-03-25,22:08:40,autoclaved soil,-36.00000000000001,2026-03-25 22:08:40,20260805_soil_log.txt
2026-03-25,22:13:40,autoclaved soil,-33.75,2026-03-25 22:13:40,20260805_soil_log.txt
2026-03-25,22:18:40,autoclaved soil,-32.875,2026-03-25 22:18:40,20260805_soil_log.txt
2026-03-25,22:23:41,autoclaved soil,-32.75,2026-03-25 22:23:41,20260805_soil_log.txt
2026-03-25,22:28:41,autoclaved soil,-33.125,2026-03-25 22:28:41,20260805_soil_log.txt
2026-03-25,22:33:41,autoclaved soil,-32.625,2026-03-25 22:33:41,20260805_soil_log.txt
2026-03-25,22:38:41,autoclaved soil,-32.0,2026-03-25 22:38:41,20260805_soil_log.txt
2026-03-25,22:43:41,autoclaved soil,-35.125,2026-03-25 22:43:41,20260805_soil_log.txt
2026-03-25,22:48:42,autoclaved soil,-31.875,2026-03-25 22:48:42,20260805_soil_log.txt
2026-03-25,22:53:42,autoclaved soil,-34.625,2026-03-25 22:53:42,20260805_soil_log.txt
2026-03-25,22:58:42,autoclaved soil,-34.5,2026-03-25 22:58:42,20260805_soil_log.txt
2026-03-25,23:03:42,autoclaved soil,-34.0,2026-03-25 23:03:42,20260805_soil_log.txt
2026-03-25,23:08:43,autoclaved soil,-31.875,2026-03-25 23:08:43,20260805_soil_log.txt
2026-03-25,23:13:43,autoclaved soil,-33.875,2026-03-25 23:13:43,20260805_soil_log.txt
2026-03-25,23:18:43,autoclaved soil,-32.625,2026-03-25 23:18:43,20260805_soil_log.txt
2026-03-25,23:23:43,autoclaved soil,-33.0,2026-03-25 23:23:43,20260805_soil_log.txt
2026-03-25,23:28:43,autoclaved soil,-32.125,2026-03-25 23:28:43,20260805_soil_log.txt
2026-03-25,23:33:44,autoclaved soil,-33.875,2026-03-25 23:33:44,20260805_soil_log.txt
2026-03-25,23:38:44,autoclaved soil,-34.375,2026-03-25 23:38:44,20260805_soil_log.txt
2026-03-25,23:43:44,autoclaved soil,-34.75,2026-03-25 23:43:44,20260805_soil_log.txt
2026-03-25,23:48:44,autoclaved soil,-34.0,2026-03-25 23:48:44,20260805_soil_log.txt
2026-03-25,23:53:45,autoclaved soil,-31.5,2026-03-25 23:53:45,20260805_soil_log.txt
2026-03-25,23:58:45,autoclaved soil,-34.5,2026-03-25 23:58:45,20260805_soil_log.txt
2026-03-26,00:03:45,autoclaved soil,-34.75,2026-03-26 00:03:45,20260805_soil_log.txt
2026-03-26,00:08:45,autoclaved soil,-32.625,2026-03-26 00:08:45,20260805_soil_log.txt
2026-03-26,00:13:45,autoclaved soil,-34.625,2026-03-26 00:13:45,20260805_soil_log.txt
2026-03-26,00:18:46,autoclaved soil,-32.5,2026-03-26 00:18:46,20260805_soil_log.txt
2026-03-26,00:23:46,autoclaved soil,-35.0,2026-03-26 00:23:46,20260805_soil_log.txt
2026-03-26,00:28:46,autoclaved soil,-34.0,2026-03-26 00:28:46,20260805_soil_log.txt
2026-03-26,00:33:46,autoclaved soil,-34.875,2026-03-26 00:33:46,20260805_soil_log.txt
2026-03-26,00:38:47,autoclaved soil,-32.25,2026-03-26 00:38:47,20260805_soil_log.txt
2026-03-26,00:43:47,autoclaved soil,-33.75,2026-03-26 00:43:47,20260805_soil_log.txt
2026-03-26,00:48:47,autoclaved soil,-35.0,2026-03-26 00:48:47,20260805_soil_log.txt
2026-03-26,00:53:47,autoclaved soil,-32.875,2026-03-26 00:53:47,20260805_soil_log.txt
2026-03-26,00:58:47,autoclaved soil,-32.125,2026-03-26 00:58:47,20260805_soil_log.txt
2026-03-26,01:03:48,autoclaved soil,-31.625,2026-03-26 01:03:48,20260805_soil_log.txt
2026-03-26,01:08:48,autoclaved soil,-34.875,2026-03-26 01:08:48,20260805_soil_log.txt
2026-03-26,01:13:48,autoclaved soil,-33.25,2026-03-26 01:13:48,20260805_soil_log.txt
2026-03-26,01:18:48,autoclaved soil,-34.125,2026-03-26 01:18:48,20260805_soil_log.txt
2026-03-26,01:23:49,autoclaved soil,-34.875,2026-03-26 01:23:49,20260805_soil_log.txt
2026-03-26,01:28:49,autoclaved soil,-32.875,2026-03-26 01:28:49,20260805_soil_log.txt
2026-03-26,01:33:49,autoclaved soil,-33.125,2026-03-26 01:33:49,20260805_soil_log.txt
2026-03-26,01:38:49,autoclaved soil,-31.875,2026-03-26 01:38:49,20260805_soil_log.txt
2026-03-26,01:43:49,autoclaved soil,-34.75,2026-03-26 01:43:49,20260805_soil_log.txt
2026-03-26,01:48:50,autoclaved soil,-32.875,2026-03-26 01:48:50,20260805_soil_log.txt
2026-03-26,01:53:50,autoclaved soil,-31.375,2026-03-26 01:53:50,20260805_soil_log.txt
2026-03-26,01:58:50,autoclaved soil,-31.125,2026-03-26 01:58:50,20260805_soil_log.txt
2026-03-26,02:03:50,autoclaved soil,-31.375,2026-03-26 02:03:50,20260805_soil_log.txt
2026-03-26,02:08:51,autoclaved soil,-32.625,2026-03-26 02:08:51,20260805_soil_log.txt
2026-03-26,02:13:51,autoclaved soil,-34.5,2026-03-26 02:13:51,20260805_soil_log.txt
2026-03-26,02:18:51,autoclaved soil,-31.5,2026-03-26 02:18:51,20260805_soil_log.txt
2026-03-26,02:23:51,autoclaved soil,-32.0,2026-03-26 02:23:51,20260805_soil_log.txt
2026-03-26,02:28:51,autoclaved soil,-32.5,2026-03-26 02:28:51,20260805_soil_log.txt
2026-03-26,02:33:52,autoclaved soil,-31.625,2026-03-26 02:33:52,20260805_soil_log.txt
2026-03-26,02:38:52,autoclaved soil,-31.75,2026-03-26 02:38:52,20260805_soil_log.txt
2026-03-26,02:43:52,autoclaved soil,-33.75,2026-03-26 02:43:52,20260805_soil_log.txt
2026-03-26,02:48:52,autoclaved soil,-31.0,2026-03-26 02:48:52,20260805_soil_log.txt
2026-03-26,02:53:52,autoclaved soil,-32.5,2026-03-26 02:53:52,20260805_soil_log.txt
2026-03-26,02:58:53,autoclaved soil,-30.75,2026-03-26 02:58:53,20260805_soil_log.txt
2026-03-26,03:03:53,autoclaved soil,-33.375,2026-03-26 03:03:53,20260805_soil_log.txt
2026-03-26,03:08:53,autoclaved soil,-33.5,2026-03-26 03:08:53,20260805_soil_log.txt
2026-03-26,03:13:53,autoclaved soil,-30.875,2026-03-26 03:13:53,20260805_soil_log.txt
2026-03-26,03:18:53,autoclaved soil,-31.25,2026-03-26 03:18:53,20260805_soil_log.txt
2026-03-26,03:23:54,autoclaved soil,-35.62500000000001,2026-03-26 03:23:54,20260805_soil_log.txt
2026-03-26,03:28:54,autoclaved soil,-32.875,2026-03-26 03:28:54,20260805_soil_log.txt
2026-03-26,03:33:54,autoclaved soil,-33.375,2026-03-26 03:33:54,20260805_soil_log.txt
2026-03-26,03:38:54,autoclaved soil,-33.625,2026-03-26 03:38:54,20260805_soil_log.txt
2026-03-26,03:43:55,autoclaved soil,-31.375,2026-03-26 03:43:55,20260805_soil_log.txt
2026-03-26,03:48:55,autoclaved soil,-33.625,2026-03-26 03:48:55,20260805_soil_log.txt
2026-03-26,03:53:55,autoclaved soil,-33.875,2026-03-26 03:53:55,20260805_soil_log.txt
2026-03-26,03:58:55,autoclaved soil,-31.625,2026-03-26 03:58:55,20260805_soil_log.txt
2026-03-26,04:03:55,autoclaved soil,-30.375,2026-03-26 04:03:55,20260805_soil_log.txt
2026-03-26,04:08:56,autoclaved soil,-33.0,2026-03-26 04:08:56,20260805_soil_log.txt
2026-03-26,04:13:56,autoclaved soil,-34.75,2026-03-26 04:13:56,20260805_soil_log.txt
2026-03-26,04:18:56,autoclaved soil,-34.0,2026-03-26 04:18:56,20260805_soil_log.txt
2026-03-26,04:23:56,autoclaved soil,-33.75,2026-03-26 04:23:56,20260805_soil_log.txt
2026-03-26,04:28:57,autoclaved soil,-32.625,2026-03-26 04:28:57,20260805_soil_log.txt
2026-03-26,04:33:57,autoclaved soil,-32.25,2026-03-26 04:33:57,20260805_soil_log.txt
2026-03-26,04:38:57,autoclaved soil,-32.75,2026-03-26 04:38:57,20260805_soil_log.txt
2026-03-26,04:43:57,autoclaved soil,-32.375,2026-03-26 04:43:57,20260805_soil_log.txt
2026-03-26,04:48:58,autoclaved soil,-32.75,2026-03-26 04:48:58,20260805_soil_log.txt
2026-03-26,04:53:58,autoclaved soil,-31.25,2026-03-26 04:53:58,20260805_soil_log.txt
2026-03-26,04:58:58,autoclaved soil,-33.375,2026-03-26 04:58:58,20260805_soil_log.txt
2026-03-26,05:03:58,autoclaved soil,-33.875,2026-03-26 05:03:58,20260805_soil_log.txt
2026-03-26,05:08:58,autoclaved soil,-33.875,2026-03-26 05:08:58,20260805_soil_log.txt
2026-03-26,05:13:59,autoclaved soil,-31.125,2026-03-26 05:13:59,20260805_soil_log.txt
2026-03-26,05:18:59,autoclaved soil,-31.125,2026-03-26 05:18:59,20260805_soil_log.txt
2026-03-26,05:23:59,autoclaved soil,-30.875,2026-03-26 05:23:59,20260805_soil_log.txt
2026-03-26,05:28:59,autoclaved soil,-30.5,2026-03-26 05:28:59,20260805_soil_log.txt
2026-03-26,05:34:00,autoclaved soil,-31.375,2026-03-26 05:34:00,20260805_soil_log.txt
2026-03-26,05:39:00,autoclaved soil,-31.25,2026-03-26 05:39:00,20260805_soil_log.txt
2026-03-26,05:44:00,autoclaved soil,-31.125,2026-03-26 05:44:00,20260805_soil_log.txt
2026-03-26,05:49:00,autoclaved soil,-32.5,2026-03-26 05:49:00,20260805_soil_log.txt
2026-03-26,05:54:00,autoclaved soil,-31.125,2026-03-26 05:54:00,20260805_soil_log.txt
2026-03-26,05:59:01,autoclaved soil,-30.625,2026-03-26 05:59:01,20260805_soil_log.txt
2026-03-26,06:04:01,autoclaved soil,-32.625,2026-03-26 06:04:01,20260805_soil_log.txt
2026-03-26,06:09:01,autoclaved soil,-33.5,2026-03-26 06:09:01,20260805_soil_log.txt
2026-03-26,06:14:01,autoclaved soil,-32.125,2026-03-26 06:14:01,20260805_soil_log.txt
2026-03-26,06:19:01,autoclaved soil,-32.75,2026-03-26 06:19:01,20260805_soil_log.txt
2026-03-26,06:24:02,autoclaved soil,-33.125,2026-03-26 06:24:02,20260805_soil_log.txt
2026-03-26,06:29:02,autoclaved soil,-30.875,2026-03-26 06:29:02,20260805_soil_log.txt
2026-03-26,06:34:02,autoclaved soil,-31.0,2026-03-26 06:34:02,20260805_soil_log.txt
2026-03-26,06:39:02,autoclaved soil,-33.5,2026-03-26 06:39:02,20260805_soil_log.txt
2026-03-26,06:44:03,autoclaved soil,-31.5,2026-03-26 06:44:03,20260805_soil_log.txt
2026-03-26,06:49:03,autoclaved soil,-31.625,2026-03-26 06:49:03,20260805_soil_log.txt
2026-03-26,06:54:03,autoclaved soil,-34.0,2026-03-26 06:54:03,20260805_soil_log.txt
2026-03-26,06:59:03,autoclaved soil,-31.875,2026-03-26 06:59:03,20260805_soil_log.txt
2026-03-26,07:04:04,autoclaved soil,-33.875,2026-03-26 07:04:04,20260805_soil_log.txt
2026-03-26,07:09:04,autoclaved soil,-31.0,2026-03-26 07:09:04,20260805_soil_log.txt
2026-03-26,07:14:04,autoclaved soil,-30.75,2026-03-26 07:14:04,20260805_soil_log.txt
2026-03-26,07:19:04,autoclaved soil,-32.375,2026-03-26 07:19:04,20260805_soil_log.txt
2026-03-26,07:24:04,autoclaved soil,-32.375,2026-03-26 07:24:04,20260805_soil_log.txt
2026-03-26,07:29:05,autoclaved soil,-30.75,2026-03-26 07:29:05,20260805_soil_log.txt
2026-03-26,07:34:05,autoclaved soil,-32.0,2026-03-26 07:34:05,20260805_soil_log.txt
2026-03-26,07:39:05,autoclaved soil,-32.875,2026-03-26 07:39:05,20260805_soil_log.txt
2026-03-26,07:44:05,autoclaved soil,-30.75,2026-03-26 07:44:05,20260805_soil_log.txt
2026-03-26,07:49:06,autoclaved soil,-32.625,2026-03-26 07:49:06,20260805_soil_log.txt
2026-03-26,07:54:06,autoclaved soil,-31.75,2026-03-26 07:54:06,20260805_soil_log.txt
2026-03-26,07:59:06,autoclaved soil,-30.875,2026-03-26 07:59:06,20260805_soil_log.txt
2026-03-26,08:04:06,autoclaved soil,-33.625,2026-03-26 08:04:06,20260805_soil_log.txt
2026-03-26,08:09:07,autoclaved soil,-31.625,2026-03-26 08:09:07,20260805_soil_log.txt
2026-03-26,08:14:07,autoclaved soil,-33.125,2026-03-26 08:14:07,20260805_soil_log.txt
2026-03-26,08:19:07,autoclaved soil,-32.25,2026-03-26 08:19:07,20260805_soil_log.txt
2026-03-26,08:24:07,autoclaved soil,-30.75,2026-03-26 08:24:07,20260805_soil_log.txt
2026-03-26,08:29:07,autoclaved soil,-33.625,2026-03-26 08:29:07,20260805_soil_log.txt
2026-03-26,08:34:08,autoclaved soil,-30.875,2026-03-26 08:34:08,20260805_soil_log.txt
2026-03-26,08:39:08,autoclaved soil,-31.25,2026-03-26 08:39:08,20260805_soil_log.txt
2026-03-26,08:44:08,autoclaved soil,-31.75,2026-03-26 08:44:08,20260805_soil_log.txt
2026-03-26,08:49:08,autoclaved soil,-30.125,2026-03-26 08:49:08,20260805_soil_log.txt
2026-03-26,08:54:08,autoclaved soil,-32.75,2026-03-26 08:54:08,20260805_soil_log.txt
2026-03-26,08:59:09,autoclaved soil,-32.5,2026-03-26 08:59:09,20260805_soil_log.txt
2026-03-26,09:04:09,autoclaved soil,-31.375,2026-03-26 09:04:09,20260805_soil_log.txt
2026-03-26,09:09:09,autoclaved soil,-33.25,2026-03-26 09:09:09,20260805_soil_log.txt
2026-03-26,09:14:09,autoclaved soil,-31.125,2026-03-26 09:14:09,20260805_soil_log.txt
2026-03-26,09:19:10,autoclaved soil,-33.375,2026-03-26 09:19:10,20260805_soil_log.txt
2026-03-26,09:24:10,autoclaved soil,-32.5,2026-03-26 09:24:10,20260805_soil_log.txt
2026-03-26,09:29:10,autoclaved soil,-30.75,2026-03-26 09:29:10,20260805_soil_log.txt
2026-03-26,09:34:10,autoclaved soil,-32.25,2026-03-26 09:34:10,20260805_soil_log.txt
2026-03-26,09:39:10,autoclaved soil,-33.5,2026-03-26 09:39:10,20260805_soil_log.txt
2026-03-26,09:44:11,autoclaved soil,-30.625,2026-03-26 09:44:11,20260805_soil_log.txt
2026-03-26,09:49:11,autoclaved soil,-31.375,2026-03-26 09:49:11,20260805_soil_log.txt
2026-03-26,09:54:11,autoclaved soil,-32.875,2026-03-26 09:54:11,20260805_soil_log.txt
2026-03-26,09:59:11,autoclaved soil,-31.375,2026-03-26 09:59:11,20260805_soil_log.txt
2026-03-26,10:04:12,autoclaved soil,-33.625,2026-03-26 10:04:12,20260805_soil_log.txt
2026-03-26,10:09:12,autoclaved soil,-30.375,2026-03-26 10:09:12,20260805_soil_log.txt
2026-03-26,10:14:12,autoclaved soil,-33.0,2026-03-26 10:14:12,20260805_soil_log.txt
2026-03-26,10:19:12,autoclaved soil,-33.0,2026-03-26 10:19:12,20260805_soil_log.txt
2026-03-26,10:24:12,autoclaved soil,-29.25,2026-03-26 10:24:12,20260805_soil_log.txt
2026-03-26,10:29:13,autoclaved soil,-29.875000000000004,2026-03-26 10:29:13,20260805_soil_log.txt
2026-03-26,10:34:13,autoclaved soil,-31.875,2026-03-26 10:34:13,20260805_soil_log.txt
2026-03-26,10:39:13,autoclaved soil,-32.875,2026-03-26 10:39:13,20260805_soil_log.txt
2026-03-26,10:44:13,autoclaved soil,-33.125,2026-03-26 10:44:13,20260805_soil_log.txt
2026-03-26,10:49:14,autoclaved soil,-31.5,2026-03-26 10:49:14,20260805_soil_log.txt
2026-03-26,10:54:14,autoclaved soil,-31.125,2026-03-26 10:54:14,20260805_soil_log.txt
2026-03-26,10:59:14,autoclaved soil,-30.25,2026-03-26 10:59:14,20260805_soil_log.txt
2026-03-26,11:04:14,autoclaved soil,-29.125,2026-03-26 11:04:14,20260805_soil_log.txt
2026-03-26,11:09:14,autoclaved soil,-32.75,2026-03-26 11:09:14,20260805_soil_log.txt
2026-03-26,11:14:15,autoclaved soil,-30.5,2026-03-26 11:14:15,20260805_soil_log.txt
2026-03-26,11:19:15,autoclaved soil,-29.375000000000004,2026-03-26 11:19:15,20260805_soil_log.txt
2026-03-26,11:24:15,autoclaved soil,-32.75,2026-03-26 11:24:15,20260805_soil_log.txt
2026-03-26,11:29:15,autoclaved soil,-29.375000000000004,2026-03-26 11:29:15,20260805_soil_log.txt
2026-03-26,11:34:15,autoclaved soil,-32.125,2026-03-26 11:34:15,20260805_soil_log.txt
2026-03-26,11:39:16,autoclaved soil,-32.125,2026-03-26 11:39:16,20260805_soil_log.txt
2026-03-26,11:44:16,autoclaved soil,-29.375000000000004,2026-03-26 11:44:16,20260805_soil_log.txt
2026-03-26,11:49:16,autoclaved soil,-29.125,2026-03-26 11:49:16,20260805_soil_log.txt
2026-03-26,11:54:16,autoclaved soil,-31.625,2026-03-26 11:54:16,20260805_soil_log.txt
2026-03-26,11:59:17,autoclaved soil,-31.0,2026-03-26 11:59:17,20260805_soil_log.txt
2026-03-26,12:04:17,autoclaved soil,-29.500000000000004,2026-03-26 12:04:17,20260805_soil_log.txt
2026-03-26,12:09:17,autoclaved soil,-32.375,2026-03-26 12:09:17,20260805_soil_log.txt
2026-03-26,12:14:17,autoclaved soil,-29.125,2026-03-26 12:14:17,20260805_soil_log.txt
2026-03-26,12:19:17,autoclaved soil,-30.75,2026-03-26 12:19:17,20260805_soil_log.txt
2026-03-26,12:24:18,autoclaved soil,-31.875,2026-03-26 12:24:18,20260805_soil_log.txt
2026-03-26,12:29:18,autoclaved soil,-30.375,2026-03-26 12:29:18,20260805_soil_log.txt
2026-03-26,12:34:18,autoclaved soil,-31.75,2026-03-26 12:34:18,20260805_soil_log.txt
2026-03-26,12:39:18,autoclaved soil,-31.875,2026-03-26 12:39:18,20260805_soil_log.txt
2026-03-26,12:44:19,autoclaved soil,-29.625000000000004,2026-03-26 12:44:19,20260805_soil_log.txt
2026-03-26,12:49:19,autoclaved soil,-30.5,2026-03-26 12:49:19,20260805_soil_log.txt
2026-03-26,12:54:19,autoclaved soil,-29.125,2026-03-26 12:54:19,20260805_soil_log.txt
2026-03-26,12:59:19,autoclaved soil,-31.625,2026-03-26 12:59:19,20260805_soil_log.txt
2026-03-26,13:04:20,autoclaved soil,-30.25,2026-03-26 13:04:20,20260805_soil_log.txt
2026-03-26,13:09:20,autoclaved soil,-29.0,2026-03-26 13:09:20,20260805_soil_log.txt
2026-03-26,13:14:20,autoclaved soil,-31.75,2026-03-26 13:14:20,20260805_soil_log.txt
2026-03-26,13:19:20,autoclaved soil,-29.875000000000004,2026-03-26 13:19:20,20260805_soil_log.txt
2026-03-26,13:24:20,autoclaved soil,-32.5,2026-03-26 13:24:20,20260805_soil_log.txt
2026-03-26,13:29:21,autoclaved soil,-31.625,2026-03-26 13:29:21,20260805_soil_log.txt
2026-03-26,13:34:21,autoclaved soil,-29.500000000000004,2026-03-26 13:34:21,20260805_soil_log.txt
2026-03-26,13:39:21,autoclaved soil,-30.625,2026-03-26 13:39:21,20260805_soil_log.txt
2026-03-26,13:44:21,autoclaved soil,-32.125,2026-03-26 13:44:21,20260805_soil_log.txt
2026-03-26,13:49:21,autoclaved soil,-28.75,2026-03-26 13:49:21,20260805_soil_log.txt
2026-03-26,13:54:22,autoclaved soil,-28.625,2026-03-26 13:54:22,20260805_soil_log.txt
2026-03-26,13:59:22,autoclaved soil,-29.625000000000004,2026-03-26 13:59:22,20260805_soil_log.txt
2026-03-26,14:04:22,autoclaved soil,-28.75,2026-03-26 14:04:22,20260805_soil_log.txt
2026-03-26,14:09:22,autoclaved soil,-28.75,2026-03-26 14:09:22,20260805_soil_log.txt
2026-03-26,14:14:23,autoclaved soil,-28.375,2026-03-26 14:14:23,20260805_soil_log.txt
2026-03-26,14:19:23,autoclaved soil,-27.375,2026-03-26 14:19:23,20260805_soil_log.txt
2026-03-26,14:24:23,autoclaved soil,-28.625,2026-03-26 14:24:23,20260805_soil_log.txt
2026-03-26,14:29:23,autoclaved soil,-30.75,2026-03-26 14:29:23,20260805_soil_log.txt
2026-03-26,14:34:23,autoclaved soil,-28.75,2026-03-26 14:34:23,20260805_soil_log.txt
2026-03-26,14:39:24,autoclaved soil,-30.875,2026-03-26 14:39:24,20260805_soil_log.txt
2026-03-26,14:44:24,autoclaved soil,-27.5,2026-03-26 14:44:24,20260805_soil_log.txt
2026-03-26,14:49:24,autoclaved soil,-29.500000000000004,2026-03-26 14:49:24,20260805_soil_log.txt
2026-03-26,14:54:24,autoclaved soil,-30.125,2026-03-26 14:54:24,20260805_soil_log.txt
2026-03-26,14:59:24,autoclaved soil,-30.625,2026-03-26 14:59:24,20260805_soil_log.txt
2026-03-26,15:04:25,autoclaved soil,-28.0,2026-03-26 15:04:25,20260805_soil_log.txt
2026-03-26,15:09:25,autoclaved soil,-27.75,2026-03-26 15:09:25,20260805_soil_log.txt
2026-03-26,15:14:25,autoclaved soil,-27.875,2026-03-26 15:14:25,20260805_soil_log.txt
2026-03-26,15:19:25,autoclaved soil,-28.375,2026-03-26 15:19:25,20260805_soil_log.txt
2026-03-26,15:24:26,autoclaved soil,-30.125,2026-03-26 15:24:26,20260805_soil_log.txt
2026-03-26,15:29:26,autoclaved soil,-28.0,2026-03-26 15:29:26,20260805_soil_log.txt
2026-03-26,15:34:26,autoclaved soil,-29.500000000000004,2026-03-26 15:34:26,20260805_soil_log.txt
2026-03-26,15:39:26,autoclaved soil,-26.625,2026-03-26 15:39:26,20260805_soil_log.txt
2026-03-26,15:44:26,autoclaved soil,-30.0,2026-03-26 15:44:26,20260805_soil_log.txt
2026-03-26,15:49:27,autoclaved soil,-29.750000000000004,2026-03-26 15:49:27,20260805_soil_log.txt
2026-03-26,15:54:27,autoclaved soil,-29.125,2026-03-26 15:54:27,20260805_soil_log.txt
2026-03-26,15:59:27,autoclaved soil,-28.375,2026-03-26 15:59:27,20260805_soil_log.txt
2026-03-26,16:04:27,autoclaved soil,-27.5,2026-03-26 16:04:27,20260805_soil_log.txt
2026-03-26,16:09:28,autoclaved soil,-28.625,2026-03-26 16:09:28,20260805_soil_log.txt
2026-03-26,16:14:28,autoclaved soil,-27.625,2026-03-26 16:14:28,20260805_soil_log.txt
2026-03-26,16:19:28,autoclaved soil,-27.75,2026-03-26 16:19:28,20260805_soil_log.txt
2026-03-26,16:24:28,autoclaved soil,-27.0,2026-03-26 16:24:28,20260805_soil_log.txt
2026-03-26,16:29:29,autoclaved soil,-28.375,2026-03-26 16:29:29,20260805_soil_log.txt
2026-03-26,16:34:29,autoclaved soil,-27.375,2026-03-26 16:34:29,20260805_soil_log.txt
2026-03-26,16:39:29,autoclaved soil,-29.125,2026-03-26 16:39:29,20260805_soil_log.txt
2026-03-26,16:44:29,autoclaved soil,-28.0,2026-03-26 16:44:29,20260805_soil_log.txt
2026-03-26,16:49:29,autoclaved soil,-29.375000000000004,2026-03-26 16:49:29,20260805_soil_log.txt
2026-03-26,16:54:30,autoclaved soil,-27.625,2026-03-26 16:54:30,20260805_soil_log.txt
2026-03-26,16:59:30,autoclaved soil,-28.375,2026-03-26 16:59:30,20260805_soil_log.txt
2026-03-26,17:04:30,autoclaved soil,-27.375,2026-03-26 17:04:30,20260805_soil_log.txt
2026-03-26,17:09:30,autoclaved soil,-27.5,2026-03-26 17:09:30,20260805_soil_log.txt
2026-03-26,17:14:31,autoclaved soil,-28.125,2026-03-26 17:14:31,20260805_soil_log.txt
2026-03-26,17:19:31,autoclaved soil,-29.875000000000004,2026-03-26 17:19:31,20260805_soil_log.txt
2026-03-26,17:24:31,autoclaved soil,-27.75,2026-03-26 17:24:31,20260805_soil_log.txt
2026-03-26,17:29:31,autoclaved soil,-28.75,2026-03-26 17:29:31,20260805_soil_log.txt
2026-03-26,17:34:32,autoclaved soil,-30.375,2026-03-26 17:34:32,20260805_soil_log.txt
2026-03-26,17:39:32,autoclaved soil,-30.25,2026-03-26 17:39:32,20260805_soil_log.txt
2026-03-26,17:44:32,autoclaved soil,-28.375,2026-03-26 17:44:32,20260805_soil_log.txt
2026-03-26,17:49:32,autoclaved soil,-30.25,2026-03-26 17:49:32,20260805_soil_log.txt
2026-03-26,17:54:32,autoclaved soil,-27.125,2026-03-26 17:54:32,20260805_soil_log.txt
2026-03-26,17:59:33,autoclaved soil,-30.0,2026-03-26 17:59:33,20260805_soil_log.txt
2026-03-26,18:04:33,autoclaved soil,-27.75,2026-03-26 18:04:33,20260805_soil_log.txt
2026-03-26,18:09:33,autoclaved soil,-27.125,2026-03-26 18:09:33,20260805_soil_log.txt
2026-03-26,18:14:33,autoclaved soil,-29.750000000000004,2026-03-26 18:14:33,20260805_soil_log.txt
2026-03-26,18:19:34,autoclaved soil,-28.125,2026-03-26 18:19:34,20260805_soil_log.txt
2026-03-26,18:24:34,autoclaved soil,-30.5,2026-03-26 18:24:34,20260805_soil_log.txt
2026-03-26,18:29:34,autoclaved soil,-27.875,2026-03-26 18:29:34,20260805_soil_log.txt
2026-03-26,18:34:34,autoclaved soil,-26.625,2026-03-26 18:34:34,20260805_soil_log.txt
2026-03-26,18:39:35,autoclaved soil,-29.375000000000004,2026-03-26 18:39:35,20260805_soil_log.txt
2026-03-26,18:44:35,autoclaved soil,-28.625,2026-03-26 18:44:35,20260805_soil_log.txt
2026-03-26,18:49:35,autoclaved soil,-26.000000000000004,2026-03-26 18:49:35,20260805_soil_log.txt
2026-03-26,18:54:35,autoclaved soil,-26.000000000000004,2026-03-26 18:54:35,20260805_soil_log.txt
2026-03-26,18:59:35,autoclaved soil,-26.75,2026-03-26 18:59:35,20260805_soil_log.txt
2026-03-26,19:04:36,autoclaved soil,-25.875000000000004,2026-03-26 19:04:36,20260805_soil_log.txt
2026-03-26,19:09:36,autoclaved soil,-29.25,2026-03-26 19:09:36,20260805_soil_log.txt
2026-03-26,19:14:36,autoclaved soil,-27.375,2026-03-26 19:14:36,20260805_soil_log.txt
2026-03-26,19:19:36,autoclaved soil,-28.0,2026-03-26 19:19:36,20260805_soil_log.txt
2026-03-26,19:24:37,autoclaved soil,-28.375,2026-03-26 19:24:37,20260805_soil_log.txt
2026-03-26,19:29:37,autoclaved soil,-29.125,2026-03-26 19:29:37,20260805_soil_log.txt
2026-03-26,19:34:37,autoclaved soil,-28.875,2026-03-26 19:34:37,20260805_soil_log.txt
2026-03-26,19:39:37,autoclaved soil,-27.875,2026-03-26 19:39:37,20260805_soil_log.txt
2026-03-26,19:44:37,autoclaved soil,-26.5,2026-03-26 19:44:37,20260805_soil_log.txt
2026-03-26,19:49:38,autoclaved soil,-28.0,2026-03-26 19:49:38,20260805_soil_log.txt
2026-03-26,19:54:38,autoclaved soil,-27.75,2026-03-26 19:54:38,20260805_soil_log.txt
2026-03-26,19:59:38,autoclaved soil,-28.75,2026-03-26 19:59:38,20260805_soil_log.txt
2026-03-26,20:04:38,autoclaved soil,-27.625,2026-03-26 20:04:38,20260805_soil_log.txt
2026-03-26,20:09:39,autoclaved soil,-28.875,2026-03-26 20:09:39,20260805_soil_log.txt
2026-03-26,20:14:39,autoclaved soil,-28.25,2026-03-26 20:14:39,20260805_soil_log.txt
2026-03-26,20:19:39,autoclaved soil,-25.500000000000004,2026-03-26 20:19:39,20260805_soil_log.txt
2026-03-26,20:24:39,autoclaved soil,-28.5,2026-03-26 20:24:39,20260805_soil_log.txt
2026-03-26,20:29:39,autoclaved soil,-26.875,2026-03-26 20:29:39,20260805_soil_log.txt
2026-03-26,20:34:40,autoclaved soil,-25.375,2026-03-26 20:34:40,20260805_soil_log.txt
2026-03-26,20:39:40,autoclaved soil,-28.0,2026-03-26 20:39:40,20260805_soil_log.txt
2026-03-26,20:44:40,autoclaved soil,-26.75,2026-03-26 20:44:40,20260805_soil_log.txt
2026-03-26,20:49:40,autoclaved soil,-26.875,2026-03-26 20:49:40,20260805_soil_log.txt
2026-03-26,20:54:41,autoclaved soil,-26.5,2026-03-26 20:54:41,20260805_soil_log.txt
2026-03-26,20:59:41,autoclaved soil,-25.375,2026-03-26 20:59:41,20260805_soil_log.txt
2026-03-26,21:04:41,autoclaved soil,-25.25,2026-03-26 21:04:41,20260805_soil_log.txt
2026-03-26,21:09:41,autoclaved soil,-24.875,2026-03-26 21:09:41,20260805_soil_log.txt
2026-03-26,21:14:42,autoclaved soil,-27.625,2026-03-26 21:14:42,20260805_soil_log.txt
2026-03-26,21:19:42,autoclaved soil,-27.75,2026-03-26 21:19:42,20260805_soil_log.txt
2026-03-26,21:24:42,autoclaved soil,-28.125,2026-03-26 21:24:42,20260805_soil_log.txt
2026-03-26,21:29:42,autoclaved soil,-26.125,2026-03-26 21:29:42,20260805_soil_log.txt
2026-03-26,21:34:42,autoclaved soil,-28.0,2026-03-26 21:34:42,20260805_soil_log.txt
2026-03-26,21:39:42,autoclaved soil,-24.5,2026-03-26 21:39:42,20260805_soil_log.txt
2026-03-26,21:44:43,autoclaved soil,-24.5,2026-03-26 21:44:43,20260805_soil_log.txt
2026-03-26,21:49:43,autoclaved soil,-26.375,2026-03-26 21:49:43,20260805_soil_log.txt
2026-03-26,21:54:43,autoclaved soil,-27.5,2026-03-26 21:54:43,20260805_soil_log.txt
2026-03-26,21:59:43,autoclaved soil,-24.75,2026-03-26 21:59:43,20260805_soil_log.txt
2026-03-26,22:04:44,autoclaved soil,-24.125,2026-03-26 22:04:44,20260805_soil_log.txt
2026-03-26,22:09:44,autoclaved soil,-25.875000000000004,2026-03-26 22:09:44,20260805_soil_log.txt
2026-03-26,22:14:44,autoclaved soil,-23.875,2026-03-26 22:14:44,20260805_soil_log.txt
2026-03-26,22:19:44,autoclaved soil,-27.0,2026-03-26 22:19:44,20260805_soil_log.txt
2026-03-26,22:24:44,autoclaved soil,-27.375,2026-03-26 22:24:44,20260805_soil_log.txt
2026-03-26,22:29:45,autoclaved soil,-25.625000000000004,2026-03-26 22:29:45,20260805_soil_log.txt
2026-03-26,22:34:45,autoclaved soil,-23.75,2026-03-26 22:34:45,20260805_soil_log.txt
2026-03-26,22:39:45,autoclaved soil,-23.75,2026-03-26 22:39:45,20260805_soil_log.txt
2026-03-26,22:44:45,autoclaved soil,-23.75,2026-03-26 22:44:45,20260805_soil_log.txt
2026-03-26,22:49:46,autoclaved soil,-26.625,2026-03-26 22:49:46,20260805_soil_log.txt
2026-03-26,22:54:46,autoclaved soil,-25.0,2026-03-26 22:54:46,20260805_soil_log.txt
2026-03-26,22:59:46,autoclaved soil,-23.75,2026-03-26 22:59:46,20260805_soil_log.txt
2026-03-26,23:04:46,autoclaved soil,-26.625,2026-03-26 23:04:46,20260805_soil_log.txt
2026-03-26,23:09:46,autoclaved soil,-26.75,2026-03-26 23:09:46,20260805_soil_log.txt
2026-03-26,23:14:47,autoclaved soil,-25.375,2026-03-26 23:14:47,20260805_soil_log.txt
2026-03-26,23:19:47,autoclaved soil,-26.5,2026-03-26 23:19:47,20260805_soil_log.txt
2026-03-26,23:24:47,autoclaved soil,-26.125,2026-03-26 23:24:47,20260805_soil_log.txt
2026-03-26,23:29:47,autoclaved soil,-24.875,2026-03-26 23:29:47,20260805_soil_log.txt
2026-03-26,23:34:48,autoclaved soil,-26.25,2026-03-26 23:34:48,20260805_soil_log.txt
2026-03-26,23:39:48,autoclaved soil,-26.625,2026-03-26 23:39:48,20260805_soil_log.txt
2026-03-26,23:44:48,autoclaved soil,-24.0,2026-03-26 23:44:48,20260805_soil_log.txt
2026-03-26,23:49:48,autoclaved soil,-23.875,2026-03-26 23:49:48,20260805_soil_log.txt
2026-03-26,23:54:48,autoclaved soil,-25.375,2026-03-26 23:54:48,20260805_soil_log.txt
2026-03-26,23:59:49,autoclaved soil,-25.125,2026-03-26 23:59:49,20260805_soil_log.txt
2026-03-27,00:04:49,autoclaved soil,-24.0,2026-03-27 00:04:49,20260805_soil_log.txt
2026-03-27,00:09:49,autoclaved soil,-26.625,2026-03-27 00:09:49,20260805_soil_log.txt
2026-03-27,00:14:49,autoclaved soil,-26.625,2026-03-27 00:14:49,20260805_soil_log.txt
2026-03-27,00:19:49,autoclaved soil,-24.5,2026-03-27 00:19:49,20260805_soil_log.txt
2026-03-27,00:24:50,autoclaved soil,-24.75,2026-03-27 00:24:50,20260805_soil_log.txt
2026-03-27,00:29:50,autoclaved soil,-25.25,2026-03-27 00:29:50,20260805_soil_log.txt
2026-03-27,00:34:50,autoclaved soil,-24.0,2026-03-27 00:34:50,20260805_soil_log.txt
2026-03-27,00:39:50,autoclaved soil,-25.875000000000004,2026-03-27 00:39:50,20260805_soil_log.txt
2026-03-27,00:44:51,autoclaved soil,-26.875,2026-03-27 00:44:51,20260805_soil_log.txt
2026-03-27,00:49:51,autoclaved soil,-23.625,2026-03-27 00:49:51,20260805_soil_log.txt
2026-03-27,00:54:51,autoclaved soil,-24.5,2026-03-27 00:54:51,20260805_soil_log.txt
2026-03-27,00:59:51,autoclaved soil,-26.5,2026-03-27 00:59:51,20260805_soil_log.txt
2026-03-27,01:04:52,autoclaved soil,-23.5,2026-03-27 01:04:52,20260805_soil_log.txt
2026-03-27,01:09:52,autoclaved soil,-23.625,2026-03-27 01:09:52,20260805_soil_log.txt
2026-03-27,01:14:52,autoclaved soil,-24.125,2026-03-27 01:14:52,20260805_soil_log.txt
2026-03-27,01:19:52,autoclaved soil,-23.625,2026-03-27 01:19:52,20260805_soil_log.txt
2026-03-27,01:24:52,autoclaved soil,-23.75,2026-03-27 01:24:52,20260805_soil_log.txt
2026-03-27,01:29:53,autoclaved soil,-25.25,2026-03-27 01:29:53,20260805_soil_log.txt
2026-03-27,01:34:53,autoclaved soil,-24.125,2026-03-27 01:34:53,20260805_soil_log.txt
2026-03-27,01:39:53,autoclaved soil,-26.375,2026-03-27 01:39:53,20260805_soil_log.txt
2026-03-27,01:44:53,autoclaved soil,-25.500000000000004,2026-03-27 01:44:53,20260805_soil_log.txt
2026-03-27,01:49:54,autoclaved soil,-24.0,2026-03-27 01:49:54,20260805_soil_log.txt
2026-03-27,01:54:54,autoclaved soil,-26.875,2026-03-27 01:54:54,20260805_soil_log.txt
2026-03-27,01:59:54,autoclaved soil,-24.0,2026-03-27 01:59:54,20260805_soil_log.txt
2026-03-27,02:04:54,autoclaved soil,-25.0,2026-03-27 02:04:54,20260805_soil_log.txt
2026-03-27,02:09:54,autoclaved soil,-26.000000000000004,2026-03-27 02:09:54,20260805_soil_log.txt
2026-03-27,02:14:55,autoclaved soil,-23.375,2026-03-27 02:14:55,20260805_soil_log.txt
2026-03-27,02:19:55,autoclaved soil,-25.125,2026-03-27 02:19:55,20260805_soil_log.txt
2026-03-27,02:24:55,autoclaved soil,-23.375,2026-03-27 02:24:55,20260805_soil_log.txt
2026-03-27,02:29:55,autoclaved soil,-24.625,2026-03-27 02:29:55,20260805_soil_log.txt
2026-03-27,02:34:56,autoclaved soil,-24.875,2026-03-27 02:34:56,20260805_soil_log.txt
2026-03-27,02:39:56,autoclaved soil,-25.0,2026-03-27 02:39:56,20260805_soil_log.txt
2026-03-27,02:44:56,autoclaved soil,-23.5,2026-03-27 02:44:56,20260805_soil_log.txt
2026-03-27,02:49:56,autoclaved soil,-24.25,2026-03-27 02:49:56,20260805_soil_log.txt
2026-03-27,02:54:56,autoclaved soil,-25.500000000000004,2026-03-27 02:54:56,20260805_soil_log.txt
2026-03-27,02:59:57,autoclaved soil,-26.000000000000004,2026-03-27 02:59:57,20260805_soil_log.txt
2026-03-27,03:04:57,autoclaved soil,-22.625,2026-03-27 03:04:57,20260805_soil_log.txt
2026-03-27,03:09:57,autoclaved soil,-24.875,2026-03-27 03:09:57,20260805_soil_log.txt
2026-03-27,03:14:57,autoclaved soil,-25.375,2026-03-27 03:14:57,20260805_soil_log.txt
2026-03-27,03:19:58,autoclaved soil,-23.75,2026-03-27 03:19:58,20260805_soil_log.txt
2026-03-27,03:24:58,autoclaved soil,-26.5,2026-03-27 03:24:58,20260805_soil_log.txt
2026-03-27,03:29:58,autoclaved soil,-23.125,2026-03-27 03:29:58,20260805_soil_log.txt
2026-03-27,03:34:58,autoclaved soil,-22.25,2026-03-27 03:34:58,20260805_soil_log.txt
2026-03-27,03:39:58,autoclaved soil,-22.5,2026-03-27 03:39:58,20260805_soil_log.txt
2026-03-27,03:44:59,autoclaved soil,-22.375,2026-03-27 03:44:59,20260805_soil_log.txt
2026-03-27,03:49:59,autoclaved soil,-25.625000000000004,2026-03-27 03:49:59,20260805_soil_log.txt
2026-03-27,03:54:59,autoclaved soil,-23.0,2026-03-27 03:54:59,20260805_soil_log.txt
2026-03-27,03:59:59,autoclaved soil,-22.5,2026-03-27 03:59:59,20260805_soil_log.txt
2026-03-27,04:05:00,autoclaved soil,-23.625,2026-03-27 04:05:00,20260805_soil_log.txt
2026-03-27,04:10:00,autoclaved soil,-22.375,2026-03-27 04:10:00,20260805_soil_log.txt
2026-03-27,04:15:00,autoclaved soil,-22.25,2026-03-27 04:15:00,20260805_soil_log.txt
2026-03-27,04:20:00,autoclaved soil,-22.75,2026-03-27 04:20:00,20260805_soil_log.txt
2026-03-27,04:25:01,autoclaved soil,-22.875,2026-03-27 04:25:01,20260805_soil_log.txt
2026-03-27,04:30:01,autoclaved soil,-24.25,2026-03-27 04:30:01,20260805_soil_log.txt
2026-03-27,04:35:01,autoclaved soil,-25.375,2026-03-27 04:35:01,20260805_soil_log.txt
2026-03-27,04:40:01,autoclaved soil,-25.500000000000004,2026-03-27 04:40:01,20260805_soil_log.txt
2026-03-27,04:45:01,autoclaved soil,-24.625,2026-03-27 04:45:01,20260805_soil_log.txt
2026-03-27,04:50:02,autoclaved soil,-22.875,2026-03-27 04:50:02,20260805_soil_log.txt
2026-03-27,04:55:02,autoclaved soil,-22.5,2026-03-27 04:55:02,20260805_soil_log.txt
2026-03-27,05:00:02,autoclaved soil,-25.500000000000004,2026-03-27 05:00:02,20260805_soil_log.txt
2026-03-27,05:05:02,autoclaved soil,-24.0,2026-03-27 05:05:02,20260805_soil_log.txt
2026-03-27,05:10:03,autoclaved soil,-25.0,2026-03-27 05:10:03,20260805_soil_log.txt
2026-03-27,05:15:03,autoclaved soil,-23.125,2026-03-27 05:15:03,20260805_soil_log.txt
2026-03-27,05:20:03,autoclaved soil,-22.875,2026-03-27 05:20:03,20260805_soil_log.txt
2026-03-27,05:25:03,autoclaved soil,-22.625,2026-03-27 05:25:03,20260805_soil_log.txt
2026-03-27,05:30:03,autoclaved soil,-22.75,2026-03-27 05:30:03,20260805_soil_log.txt
2026-03-27,05:35:04,autoclaved soil,-23.125,2026-03-27 05:35:04,20260805_soil_log.txt
2026-03-27,05:40:04,autoclaved soil,-22.5,2026-03-27 05:40:04,20260805_soil_log.txt
2026-03-27,05:45:04,autoclaved soil,-23.5,2026-03-27 05:45:04,20260805_soil_log.txt
2026-03-27,05:50:04,autoclaved soil,-25.375,2026-03-27 05:50:04,20260805_soil_log.txt
2026-03-27,05:55:04,autoclaved soil,-23.125,2026-03-27 05:55:04,20260805_soil_log.txt
2026-03-27,06:00:05,autoclaved soil,-22.375,2026-03-27 06:00:05,20260805_soil_log.txt
2026-03-27,06:05:05,autoclaved soil,-21.875000000000004,2026-03-27 06:05:05,20260805_soil_log.txt
2026-03-27,06:10:05,autoclaved soil,-24.75,2026-03-27 06:10:05,20260805_soil_log.txt
2026-03-27,06:15:05,autoclaved soil,-24.375,2026-03-27 06:15:05,20260805_soil_log.txt
2026-03-27,06:20:06,autoclaved soil,-23.875,2026-03-27 06:20:06,20260805_soil_log.txt
2026-03-27,06:25:06,autoclaved soil,-23.375,2026-03-27 06:25:06,20260805_soil_log.txt
2026-03-27,06:30:06,autoclaved soil,-22.375,2026-03-27 06:30:06,20260805_soil_log.txt
2026-03-27,06:35:06,autoclaved soil,-22.375,2026-03-27 06:35:06,20260805_soil_log.txt
2026-03-27,06:40:06,autoclaved soil,-22.5,2026-03-27 06:40:06,20260805_soil_log.txt
2026-03-27,06:45:07,autoclaved soil,-23.5,2026-03-27 06:45:07,20260805_soil_log.txt
2026-03-27,06:50:07,autoclaved soil,-24.625,2026-03-27 06:50:07,20260805_soil_log.txt
2026-03-27,06:55:07,autoclaved soil,-24.75,2026-03-27 06:55:07,20260805_soil_log.txt
2026-03-27,07:00:07,autoclaved soil,-22.375,2026-03-27 07:00:07,20260805_soil_log.txt
2026-03-27,07:05:08,autoclaved soil,-22.5,2026-03-27 07:05:08,20260805_soil_log.txt
2026-03-27,07:10:08,autoclaved soil,-23.5,2026-03-27 07:10:08,20260805_soil_log.txt
2026-03-27,07:15:08,autoclaved soil,-22.375,2026-03-27 07:15:08,20260805_soil_log.txt
2026-03-27,07:20:08,autoclaved soil,-22.375,2026-03-27 07:20:08,20260805_soil_log.txt
2026-03-27,07:25:08,autoclaved soil,-22.375,2026-03-27 07:25:08,20260805_soil_log.txt
2026-03-27,07:30:09,autoclaved soil,-21.375,2026-03-27 07:30:09,20260805_soil_log.txt
2026-03-27,07:35:09,autoclaved soil,-23.125,2026-03-27 07:35:09,20260805_soil_log.txt
2026-03-27,07:40:09,autoclaved soil,-22.75,2026-03-27 07:40:09,20260805_soil_log.txt
2026-03-27,07:45:09,autoclaved soil,-20.25,2026-03-27 07:45:09,20260805_soil_log.txt
2026-03-27,07:50:10,autoclaved soil,-22.875,2026-03-27 07:50:10,20260805_soil_log.txt
2026-03-27,07:55:10,autoclaved soil,-20.625,2026-03-27 07:55:10,20260805_soil_log.txt
2026-03-27,08:00:10,autoclaved soil,-19.75,2026-03-27 08:00:10,20260805_soil_log.txt
2026-03-27,08:05:10,autoclaved soil,-21.375,2026-03-27 08:05:10,20260805_soil_log.txt
2026-03-27,08:10:10,autoclaved soil,-21.25,2026-03-27 08:10:10,20260805_soil_log.txt
2026-03-27,08:15:11,autoclaved soil,-19.375,2026-03-27 08:15:11,20260805_soil_log.txt
2026-03-27,08:20:11,autoclaved soil,-19.875,2026-03-27 08:20:11,20260805_soil_log.txt
2026-03-27,08:25:11,autoclaved soil,-20.125,2026-03-27 08:25:11,20260805_soil_log.txt
2026-03-27,08:30:11,autoclaved soil,-19.75,2026-03-27 08:30:11,20260805_soil_log.txt
2026-03-27,08:35:12,autoclaved soil,-20.875,2026-03-27 08:35:12,20260805_soil_log.txt
2026-03-27,08:40:12,autoclaved soil,-22.375,2026-03-27 08:40:12,20260805_soil_log.txt
2026-03-27,08:45:12,autoclaved soil,-22.875,2026-03-27 08:45:12,20260805_soil_log.txt
2026-03-27,08:50:12,autoclaved soil,-20.0,2026-03-27 08:50:12,20260805_soil_log.txt
2026-03-27,08:55:12,autoclaved soil,-20.375,2026-03-27 08:55:12,20260805_soil_log.txt
2026-03-27,09:00:13,autoclaved soil,-22.25,2026-03-27 09:00:13,20260805_soil_log.txt
2026-03-27,09:05:13,autoclaved soil,-23.0,2026-03-27 09:05:13,20260805_soil_log.txt
2026-03-27,09:10:13,autoclaved soil,-19.75,2026-03-27 09:10:13,20260805_soil_log.txt
2026-03-27,09:15:13,autoclaved soil,-21.5,2026-03-27 09:15:13,20260805_soil_log.txt
2026-03-27,09:20:14,autoclaved soil,-21.625000000000004,2026-03-27 09:20:14,20260805_soil_log.txt
2026-03-27,09:25:14,autoclaved soil,-22.875,2026-03-27 09:25:14,20260805_soil_log.txt
2026-03-27,09:30:14,autoclaved soil,-21.5,2026-03-27 09:30:14,20260805_soil_log.txt
2026-03-27,09:35:14,autoclaved soil,-20.5,2026-03-27 09:35:14,20260805_soil_log.txt
2026-03-27,09:40:14,autoclaved soil,-20.5,2026-03-27 09:40:14,20260805_soil_log.txt
2026-03-27,09:45:15,autoclaved soil,-22.0,2026-03-27 09:45:15,20260805_soil_log.txt
2026-03-27,09:50:15,autoclaved soil,-22.75,2026-03-27 09:50:15,20260805_soil_log.txt
2026-03-27,09:55:15,autoclaved soil,-22.625,2026-03-27 09:55:15,20260805_soil_log.txt
2026-03-27,10:00:15,autoclaved soil,-19.625,2026-03-27 10:00:15,20260805_soil_log.txt
2026-03-27,10:05:16,autoclaved soil,-23.25,2026-03-27 10:05:16,20260805_soil_log.txt
2026-03-27,10:10:16,autoclaved soil,-23.375,2026-03-27 10:10:16,20260805_soil_log.txt
2026-03-27,10:15:16,autoclaved soil,-20.375,2026-03-27 10:15:16,20260805_soil_log.txt
2026-03-27,10:20:16,autoclaved soil,-20.125,2026-03-27 10:20:16,20260805_soil_log.txt
2026-03-27,10:25:16,autoclaved soil,-21.625000000000004,2026-03-27 10:25:16,20260805_soil_log.txt
2026-03-27,10:30:17,autoclaved soil,-20.625,2026-03-27 10:30:17,20260805_soil_log.txt
2026-03-27,10:35:17,autoclaved soil,-21.0,2026-03-27 10:35:17,20260805_soil_log.txt
2026-03-27,10:40:17,autoclaved soil,-20.875,2026-03-27 10:40:17,20260805_soil_log.txt
2026-03-27,10:45:17,autoclaved soil,-20.625,2026-03-27 10:45:17,20260805_soil_log.txt
2026-03-27,10:50:18,autoclaved soil,-20.5,2026-03-27 10:50:18,20260805_soil_log.txt
2026-03-27,10:55:18,autoclaved soil,-23.25,2026-03-27 10:55:18,20260805_soil_log.txt
2026-03-27,11:00:18,autoclaved soil,-21.25,2026-03-27 11:00:18,20260805_soil_log.txt
2026-03-27,11:05:18,autoclaved soil,-22.0,2026-03-27 11:05:18,20260805_soil_log.txt
2026-03-27,11:10:18,autoclaved soil,-20.25,2026-03-27 11:10:18,20260805_soil_log.txt
2026-03-27,11:15:19,autoclaved soil,-22.625,2026-03-27 11:15:19,20260805_soil_log.txt
2026-03-27,11:20:19,autoclaved soil,-21.875000000000004,2026-03-27 11:20:19,20260805_soil_log.txt
2026-03-27,11:25:19,autoclaved soil,-20.375,2026-03-27 11:25:19,20260805_soil_log.txt
2026-03-27,11:30:19,autoclaved soil,-23.125,2026-03-27 11:30:19,20260805_soil_log.txt
2026-03-27,11:35:20,autoclaved soil,-22.125,2026-03-27 11:35:20,20260805_soil_log.txt
2026-03-27,11:40:20,autoclaved soil,-21.125,2026-03-27 11:40:20,20260805_soil_log.txt
2026-03-27,11:45:20,autoclaved soil,-20.25,2026-03-27 11:45:20,20260805_soil_log.txt
2026-03-27,11:50:20,autoclaved soil,-21.0,2026-03-27 11:50:20,20260805_soil_log.txt
2026-03-27,11:55:20,autoclaved soil,-22.25,2026-03-27 11:55:20,20260805_soil_log.txt
2026-03-27,12:00:21,autoclaved soil,-19.125,2026-03-27 12:00:21,20260805_soil_log.txt
2026-03-27,12:05:21,autoclaved soil,-22.375,2026-03-27 12:05:21,20260805_soil_log.txt
2026-03-27,12:10:21,autoclaved soil,-20.875,2026-03-27 12:10:21,20260805_soil_log.txt
2026-03-27,12:15:21,autoclaved soil,-22.125,2026-03-27 12:15:21,20260805_soil_log.txt
2026-03-27,12:20:21,autoclaved soil,-19.75,2026-03-27 12:20:21,20260805_soil_log.txt
2026-03-27,12:25:22,autoclaved soil,-20.125,2026-03-27 12:25:22,20260805_soil_log.txt
2026-03-27,12:30:22,autoclaved soil,-20.5,2026-03-27 12:30:22,20260805_soil_log.txt
2026-03-27,12:35:22,autoclaved soil,-19.625,2026-03-27 12:35:22,20260805_soil_log.txt
2026-03-27,12:40:22,autoclaved soil,-22.0,2026-03-27 12:40:22,20260805_soil_log.txt
2026-03-27,12:45:22,autoclaved soil,-19.625,2026-03-27 12:45:22,20260805_soil_log.txt
2026-03-27,12:50:23,autoclaved soil,-22.125,2026-03-27 12:50:23,20260805_soil_log.txt
2026-03-27,12:55:23,autoclaved soil,-19.0,2026-03-27 12:55:23,20260805_soil_log.txt
2026-03-27,13:00:23,autoclaved soil,-22.5,2026-03-27 13:00:23,20260805_soil_log.txt
2026-03-27,13:05:23,autoclaved soil,-22.5,2026-03-27 13:05:23,20260805_soil_log.txt
2026-03-27,13:10:24,autoclaved soil,-19.625,2026-03-27 13:10:24,20260805_soil_log.txt
2026-03-27,13:15:24,autoclaved soil,-22.125,2026-03-27 13:15:24,20260805_soil_log.txt
2026-03-27,13:20:24,autoclaved soil,-19.625,2026-03-27 13:20:24,20260805_soil_log.txt
2026-03-27,13:25:24,autoclaved soil,-21.875000000000004,2026-03-27 13:25:24,20260805_soil_log.txt
2026-03-27,13:30:24,autoclaved soil,-19.75,2026-03-27 13:30:24,20260805_soil_log.txt
2026-03-27,13:35:25,autoclaved soil,-21.625000000000004,2026-03-27 13:35:25,20260805_soil_log.txt
2026-03-27,13:40:25,autoclaved soil,-21.0,2026-03-27 13:40:25,20260805_soil_log.txt
2026-03-27,13:45:25,autoclaved soil,-22.125,2026-03-27 13:45:25,20260805_soil_log.txt
2026-03-27,13:50:25,autoclaved soil,-19.875,2026-03-27 13:50:25,20260805_soil_log.txt
2026-03-27,13:55:25,autoclaved soil,-22.5,2026-03-27 13:55:25,20260805_soil_log.txt
2026-03-27,14:00:26,autoclaved soil,-20.625,2026-03-27 14:00:26,20260805_soil_log.txt
2026-03-27,14:05:26,autoclaved soil,-22.125,2026-03-27 14:05:26,20260805_soil_log.txt
2026-03-27,14:10:26,autoclaved soil,-20.25,2026-03-27 14:10:26,20260805_soil_log.txt
2026-03-27,14:15:26,autoclaved soil,-22.25,2026-03-27 14:15:26,20260805_soil_log.txt
2026-03-27,14:20:27,autoclaved soil,-21.375,2026-03-27 14:20:27,20260805_soil_log.txt
2026-03-27,14:25:27,autoclaved soil,-21.875000000000004,2026-03-27 14:25:27,20260805_soil_log.txt
2026-03-27,14:30:27,autoclaved soil,-19.875,2026-03-27 14:30:27,20260805_soil_log.txt
2026-03-27,14:35:27,autoclaved soil,-21.625000000000004,2026-03-27 14:35:27,20260805_soil_log.txt
2026-03-27,14:40:27,autoclaved soil,-20.375,2026-03-27 14:40:27,20260805_soil_log.txt
2026-03-27,14:45:28,autoclaved soil,-23.125,2026-03-27 14:45:28,20260805_soil_log.txt
2026-03-27,14:50:28,autoclaved soil,-20.25,2026-03-27 14:50:28,20260805_soil_log.txt
2026-03-27,14:55:28,autoclaved soil,-20.25,2026-03-27 14:55:28,20260805_soil_log.txt
2026-03-27,15:00:28,autoclaved soil,-22.75,2026-03-27 15:00:28,20260805_soil_log.txt
2026-03-27,15:05:28,autoclaved soil,-19.75,2026-03-27 15:05:28,20260805_soil_log.txt
2026-03-27,15:10:29,autoclaved soil,-19.75,2026-03-27 15:10:29,20260805_soil_log.txt
2026-03-27,15:15:29,autoclaved soil,-19.0,2026-03-27 15:15:29,20260805_soil_log.txt
2026-03-27,15:20:29,autoclaved soil,-19.5,2026-03-27 15:20:29,20260805_soil_log.txt
2026-03-27,15:25:29,autoclaved soil,-21.5,2026-03-27 15:25:29,20260805_soil_log.txt
2026-03-27,15:30:29,autoclaved soil,-20.125,2026-03-27 15:30:29,20260805_soil_log.txt
2026-03-27,15:35:30,autoclaved soil,-20.75,2026-03-27 15:35:30,20260805_soil_log.txt
2026-03-27,15:40:30,autoclaved soil,-20.625,2026-03-27 15:40:30,20260805_soil_log.txt
2026-03-27,15:45:30,autoclaved soil,-22.375,2026-03-27 15:45:30,20260805_soil_log.txt
2026-03-27,15:50:30,autoclaved soil,-20.625,2026-03-27 15:50:30,20260805_soil_log.txt
2026-03-27,15:55:31,autoclaved soil,-21.375,2026-03-27 15:55:31,20260805_soil_log.txt
2026-03-27,16:00:31,autoclaved soil,-20.0,2026-03-27 16:00:31,20260805_soil_log.txt
2026-03-27,16:05:31,autoclaved soil,-21.25,2026-03-27 16:05:31,20260805_soil_log.txt
2026-03-27,16:10:31,autoclaved soil,-19.25,2026-03-27 16:10:31,20260805_soil_log.txt
2026-03-27,16:15:32,autoclaved soil,-21.5,2026-03-27 16:15:32,20260805_soil_log.txt
2026-03-27,16:20:32,autoclaved soil,-21.0,2026-03-27 16:20:32,20260805_soil_log.txt
2026-03-27,16:25:32,autoclaved soil,-18.25,2026-03-27 16:25:32,20260805_soil_log.txt
2026-03-27,16:30:32,autoclaved soil,-21.125,2026-03-27 16:30:32,20260805_soil_log.txt
2026-03-27,16:35:33,autoclaved soil,-20.875,2026-03-27 16:35:33,20260805_soil_log.txt
2026-03-27,16:40:33,autoclaved soil,-19.125,2026-03-27 16:40:33,20260805_soil_log.txt
2026-03-27,16:45:33,autoclaved soil,-21.125,2026-03-27 16:45:33,20260805_soil_log.txt
2026-03-27,16:50:33,autoclaved soil,-20.875,2026-03-27 16:50:33,20260805_soil_log.txt
2026-03-27,16:55:33,autoclaved soil,-20.875,2026-03-27 16:55:33,20260805_soil_log.txt
2026-03-27,17:00:34,autoclaved soil,-20.625,2026-03-27 17:00:34,20260805_soil_log.txt
2026-03-27,17:05:34,autoclaved soil,-21.375,2026-03-27 17:05:34,20260805_soil_log.txt
2026-03-27,17:10:34,autoclaved soil,-22.0,2026-03-27 17:10:34,20260805_soil_log.txt
2026-03-27,17:15:34,autoclaved soil,-21.25,2026-03-27 17:15:34,20260805_soil_log.txt
2026-03-27,17:20:35,autoclaved soil,-21.750000000000004,2026-03-27 17:20:35,20260805_soil_log.txt
2026-03-27,17:25:35,autoclaved soil,-20.875,2026-03-27 17:25:35,20260805_soil_log.txt
2026-03-27,17:30:35,autoclaved soil,-21.875000000000004,2026-03-27 17:30:35,20260805_soil_log.txt
2026-03-27,17:35:35,autoclaved soil,-21.5,2026-03-27 17:35:35,20260805_soil_log.txt
2026-03-27,17:40:35,autoclaved soil,-20.5,2026-03-27 17:40:35,20260805_soil_log.txt
2026-03-27,17:45:36,autoclaved soil,-19.125,2026-03-27 17:45:36,20260805_soil_log.txt
2026-03-27,17:50:36,autoclaved soil,-19.0,2026-03-27 17:50:36,20260805_soil_log.txt
2026-03-27,17:55:36,autoclaved soil,-19.875,2026-03-27 17:55:36,20260805_soil_log.txt
2026-03-27,18:00:36,autoclaved soil,-19.5,2026-03-27 18:00:36,20260805_soil_log.txt
2026-03-27,18:05:37,autoclaved soil,-19.5,2026-03-27 18:05:37,20260805_soil_log.txt
2026-03-27,18:10:37,autoclaved soil,-21.5,2026-03-27 18:10:37,20260805_soil_log.txt
2026-03-27,18:15:37,autoclaved soil,-21.750000000000004,2026-03-27 18:15:37,20260805_soil_log.txt
2026-03-27,18:20:37,autoclaved soil,-21.375,2026-03-27 18:20:37,20260805_soil_log.txt
2026-03-27,18:25:37,autoclaved soil,-18.625,2026-03-27 18:25:37,20260805_soil_log.txt
2026-03-27,18:30:38,autoclaved soil,-21.375,2026-03-27 18:30:38,20260805_soil_log.txt
2026-03-27,18:35:38,autoclaved soil,-18.625,2026-03-27 18:35:38,20260805_soil_log.txt
2026-03-27,18:40:38,autoclaved soil,-20.375,2026-03-27 18:40:38,20260805_soil_log.txt
2026-03-27,18:45:38,autoclaved soil,-18.25,2026-03-27 18:45:38,20260805_soil_log.txt
2026-03-27,18:50:38,autoclaved soil,-18.75,2026-03-27 18:50:38,20260805_soil_log.txt
2026-03-27,18:55:39,autoclaved soil,-21.25,2026-03-27 18:55:39,20260805_soil_log.txt
2026-03-27,19:00:39,autoclaved soil,-21.750000000000004,2026-03-27 19:00:39,20260805_soil_log.txt
2026-03-27,19:05:39,autoclaved soil,-20.625,2026-03-27 19:05:39,20260805_soil_log.txt
2026-03-27,19:10:39,autoclaved soil,-18.875,2026-03-27 19:10:39,20260805_soil_log.txt
2026-03-27,19:15:40,autoclaved soil,-19.75,2026-03-27 19:15:40,20260805_soil_log.txt
2026-03-27,19:20:40,autoclaved soil,-17.750000000000004,2026-03-27 19:20:40,20260805_soil_log.txt
2026-03-27,19:25:40,autoclaved soil,-19.875,2026-03-27 19:25:40,20260805_soil_log.txt
2026-03-27,19:30:40,autoclaved soil,-20.375,2026-03-27 19:30:40,20260805_soil_log.txt
2026-03-27,19:35:40,autoclaved soil,-19.375,2026-03-27 19:35:40,20260805_soil_log.txt
2026-03-27,19:40:41,autoclaved soil,-21.0,2026-03-27 19:40:41,20260805_soil_log.txt
2026-03-27,19:45:41,autoclaved soil,-20.625,2026-03-27 19:45:41,20260805_soil_log.txt
2026-03-27,19:50:41,autoclaved soil,-20.625,2026-03-27 19:50:41,20260805_soil_log.txt
2026-03-27,19:55:41,autoclaved soil,-18.25,2026-03-27 19:55:41,20260805_soil_log.txt
2026-03-27,20:00:42,autoclaved soil,-20.5,2026-03-27 20:00:42,20260805_soil_log.txt
2026-03-27,20:05:42,autoclaved soil,-18.625,2026-03-27 20:05:42,20260805_soil_log.txt
2026-03-27,20:10:42,autoclaved soil,-19.125,2026-03-27 20:10:42,20260805_soil_log.txt
2026-03-27,20:15:42,autoclaved soil,-19.375,2026-03-27 20:15:42,20260805_soil_log.txt
2026-03-27,20:20:42,autoclaved soil,-20.75,2026-03-27 20:20:42,20260805_soil_log.txt
2026-03-27,20:25:43,autoclaved soil,-18.000000000000004,2026-03-27 20:25:43,20260805_soil_log.txt
2026-03-27,20:30:43,autoclaved soil,-19.75,2026-03-27 20:30:43,20260805_soil_log.txt
2026-03-27,20:35:43,autoclaved soil,-19.5,2026-03-27 20:35:43,20260805_soil_log.txt
2026-03-27,20:40:43,autoclaved soil,-20.75,2026-03-27 20:40:43,20260805_soil_log.txt
2026-03-27,20:45:43,autoclaved soil,-18.375,2026-03-27 20:45:43,20260805_soil_log.txt
2026-03-27,20:50:44,autoclaved soil,-20.5,2026-03-27 20:50:44,20260805_soil_log.txt
2026-03-27,20:55:44,autoclaved soil,-20.875,2026-03-27 20:55:44,20260805_soil_log.txt
2026-03-27,21:00:44,autoclaved soil,-19.125,2026-03-27 21:00:44,20260805_soil_log.txt
2026-03-27,21:05:44,autoclaved soil,-20.75,2026-03-27 21:05:44,20260805_soil_log.txt
2026-03-27,21:10:45,autoclaved soil,-20.625,2026-03-27 21:10:45,20260805_soil_log.txt
2026-03-27,21:15:45,autoclaved soil,-18.75,2026-03-27 21:15:45,20260805_soil_log.txt
2026-03-27,21:20:45,autoclaved soil,-18.375,2026-03-27 21:20:45,20260805_soil_log.txt
2026-03-27,21:25:45,autoclaved soil,-20.75,2026-03-27 21:25:45,20260805_soil_log.txt
2026-03-27,21:30:45,autoclaved soil,-20.0,2026-03-27 21:30:45,20260805_soil_log.txt
2026-03-27,21:35:46,autoclaved soil,-20.75,2026-03-27 21:35:46,20260805_soil_log.txt
2026-03-27,21:40:46,autoclaved soil,-19.375,2026-03-27 21:40:46,20260805_soil_log.txt
2026-03-27,21:45:46,autoclaved soil,-20.5,2026-03-27 21:45:46,20260805_soil_log.txt
2026-03-27,21:50:46,autoclaved soil,-20.5,2026-03-27 21:50:46,20260805_soil_log.txt
2026-03-27,21:55:46,autoclaved soil,-17.750000000000004,2026-03-27 21:55:46,20260805_soil_log.txt
2026-03-27,22:00:47,autoclaved soil,-18.000000000000004,2026-03-27 22:00:47,20260805_soil_log.txt
2026-03-27,22:05:47,autoclaved soil,-18.000000000000004,2026-03-27 22:05:47,20260805_soil_log.txt
2026-03-27,22:10:47,autoclaved soil,-17.875000000000004,2026-03-27 22:10:47,20260805_soil_log.txt
2026-03-27,22:15:47,autoclaved soil,-18.125,2026-03-27 22:15:47,20260805_soil_log.txt
2026-03-27,22:20:48,autoclaved soil,-18.000000000000004,2026-03-27 22:20:48,20260805_soil_log.txt
2026-03-27,22:25:48,autoclaved soil,-19.625,2026-03-27 22:25:48,20260805_soil_log.txt
2026-03-27,22:30:48,autoclaved soil,-18.125,2026-03-27 22:30:48,20260805_soil_log.txt
2026-03-27,22:35:48,autoclaved soil,-18.125,2026-03-27 22:35:48,20260805_soil_log.txt
2026-03-27,22:40:48,autoclaved soil,-18.875,2026-03-27 22:40:48,20260805_soil_log.txt
2026-03-27,22:45:49,autoclaved soil,-17.750000000000004,2026-03-27 22:45:49,20260805_soil_log.txt
2026-03-27,22:50:49,autoclaved soil,-20.625,2026-03-27 22:50:49,20260805_soil_log.txt
2026-03-27,22:55:49,autoclaved soil,-18.5,2026-03-27 22:55:49,20260805_soil_log.txt
2026-03-27,23:00:49,autoclaved soil,-20.75,2026-03-27 23:00:49,20260805_soil_log.txt
2026-03-27,23:05:50,autoclaved soil,-18.375,2026-03-27 23:05:50,20260805_soil_log.txt
2026-03-27,23:10:50,autoclaved soil,-18.5,2026-03-27 23:10:50,20260805_soil_log.txt
2026-03-27,23:15:50,autoclaved soil,-20.25,2026-03-27 23:15:50,20260805_soil_log.txt
2026-03-27,23:20:50,autoclaved soil,-19.375,2026-03-27 23:20:50,20260805_soil_log.txt
2026-03-27,23:25:51,autoclaved soil,-19.25,2026-03-27 23:25:51,20260805_soil_log.txt
2026-03-27,23:30:51,autoclaved soil,-17.875000000000004,2026-03-27 23:30:51,20260805_soil_log.txt
2026-03-27,23:35:51,autoclaved soil,-19.5,2026-03-27 23:35:51,20260805_soil_log.txt
2026-03-27,23:40:51,autoclaved soil,-18.625,2026-03-27 23:40:51,20260805_soil_log.txt
2026-03-27,23:45:51,autoclaved soil,-21.375,2026-03-27 23:45:51,20260805_soil_log.txt
2026-03-27,23:50:52,autoclaved soil,-18.25,2026-03-27 23:50:52,20260805_soil_log.txt
2026-03-27,23:55:52,autoclaved soil,-19.75,2026-03-27 23:55:52,20260805_soil_log.txt
2026-03-28,00:00:52,autoclaved soil,-19.0,2026-03-28 00:00:52,20260805_soil_log.txt
2026-03-28,00:05:52,autoclaved soil,-20.375,2026-03-28 00:05:52,20260805_soil_log.txt
2026-03-28,00:10:53,autoclaved soil,-17.625,2026-03-28 00:10:53,20260805_soil_log.txt
2026-03-28,00:15:53,autoclaved soil,-20.125,2026-03-28 00:15:53,20260805_soil_log.txt
2026-03-28,00:20:53,autoclaved soil,-20.0,2026-03-28 00:20:53,20260805_soil_log.txt
2026-03-28,00:25:53,autoclaved soil,-19.625,2026-03-28 00:25:53,20260805_soil_log.txt
2026-03-28,00:30:54,autoclaved soil,-19.875,2026-03-28 00:30:54,20260805_soil_log.txt
2026-03-28,00:35:54,autoclaved soil,-19.625,2026-03-28 00:35:54,20260805_soil_log.txt
2026-03-28,00:40:54,autoclaved soil,-19.5,2026-03-28 00:40:54,20260805_soil_log.txt
2026-03-28,00:45:54,autoclaved soil,-19.375,2026-03-28 00:45:54,20260805_soil_log.txt
2026-03-28,00:50:54,autoclaved soil,-18.625,2026-03-28 00:50:54,20260805_soil_log.txt
2026-03-28,00:55:54,autoclaved soil,-19.0,2026-03-28 00:55:54,20260805_soil_log.txt
2026-03-28,01:00:55,autoclaved soil,-18.75,2026-03-28 01:00:55,20260805_soil_log.txt
2026-03-28,01:05:55,autoclaved soil,-18.75,2026-03-28 01:05:55,20260805_soil_log.txt
2026-03-28,01:10:55,autoclaved soil,-17.125,2026-03-28 01:10:55,20260805_soil_log.txt
2026-03-28,01:15:55,autoclaved soil,-16.875,2026-03-28 01:15:55,20260805_soil_log.txt
2026-03-28,01:20:56,autoclaved soil,-17.125,2026-03-28 01:20:56,20260805_soil_log.txt
2026-03-28,01:25:56,autoclaved soil,-16.5,2026-03-28 01:25:56,20260805_soil_log.txt
2026-03-28,01:30:56,autoclaved soil,-18.125,2026-03-28 01:30:56,20260805_soil_log.txt
2026-03-28,01:35:56,autoclaved soil,-16.625,2026-03-28 01:35:56,20260805_soil_log.txt
2026-03-28,01:40:57,autoclaved soil,-16.75,2026-03-28 01:40:57,20260805_soil_log.txt
2026-03-28,01:45:57,autoclaved soil,-18.5,2026-03-28 01:45:57,20260805_soil_log.txt
2026-03-28,01:50:57,autoclaved soil,-19.625,2026-03-28 01:50:57,20260805_soil_log.txt
2026-03-28,01:55:57,autoclaved soil,-15.5,2026-03-28 01:55:57,20260805_soil_log.txt
2026-03-28,02:00:57,autoclaved soil,-17.750000000000004,2026-03-28 02:00:57,20260805_soil_log.txt
2026-03-28,02:05:58,autoclaved soil,-18.5,2026-03-28 02:05:58,20260805_soil_log.txt
2026-03-28,02:10:58,autoclaved soil,-16.625,2026-03-28 02:10:58,20260805_soil_log.txt
2026-03-28,02:15:58,autoclaved soil,-18.5,2026-03-28 02:15:58,20260805_soil_log.txt
2026-03-28,02:20:58,autoclaved soil,-16.5,2026-03-28 02:20:58,20260805_soil_log.txt
2026-03-28,02:25:59,autoclaved soil,-16.5,2026-03-28 02:25:59,20260805_soil_log.txt
2026-03-28,02:30:59,autoclaved soil,-18.5,2026-03-28 02:30:59,20260805_soil_log.txt
2026-03-28,02:35:59,autoclaved soil,-16.5,2026-03-28 02:35:59,20260805_soil_log.txt
2026-03-28,02:40:59,autoclaved soil,-17.25,2026-03-28 02:40:59,20260805_soil_log.txt
2026-03-28,02:45:59,autoclaved soil,-16.125,2026-03-28 02:45:59,20260805_soil_log.txt
2026-03-28,02:51:00,autoclaved soil,-18.25,2026-03-28 02:51:00,20260805_soil_log.txt
2026-03-28,02:56:00,autoclaved soil,-16.375,2026-03-28 02:56:00,20260805_soil_log.txt
2026-03-28,03:01:00,autoclaved soil,-18.875,2026-03-28 03:01:00,20260805_soil_log.txt
2026-03-28,03:06:00,autoclaved soil,-17.0,2026-03-28 03:06:00,20260805_soil_log.txt
2026-03-28,03:11:01,autoclaved soil,-19.625,2026-03-28 03:11:01,20260805_soil_log.txt
2026-03-28,03:16:01,autoclaved soil,-16.375,2026-03-28 03:16:01,20260805_soil_log.txt
2026-03-28,03:21:01,autoclaved soil,-19.25,2026-03-28 03:21:01,20260805_soil_log.txt
2026-03-28,03:26:01,autoclaved soil,-18.375,2026-03-28 03:26:01,20260805_soil_log.txt
2026-03-28,03:31:01,autoclaved soil,-17.750000000000004,2026-03-28 03:31:01,20260805_soil_log.txt
2026-03-28,03:36:02,autoclaved soil,-18.25,2026-03-28 03:36:02,20260805_soil_log.txt
2026-03-28,03:41:02,autoclaved soil,-16.875,2026-03-28 03:41:02,20260805_soil_log.txt
2026-03-28,03:46:02,autoclaved soil,-17.125,2026-03-28 03:46:02,20260805_soil_log.txt
2026-03-28,03:51:02,autoclaved soil,-21.0,2026-03-28 03:51:02,20260805_soil_log.txt
2026-03-28,03:56:03,autoclaved soil,-20.625,2026-03-28 03:56:03,20260805_soil_log.txt
2026-03-28,04:01:03,autoclaved soil,-17.125,2026-03-28 04:01:03,20260805_soil_log.txt
2026-03-28,04:06:03,autoclaved soil,-20.25,2026-03-28 04:06:03,20260805_soil_log.txt
2026-03-28,04:11:03,autoclaved soil,-18.000000000000004,2026-03-28 04:11:03,20260805_soil_log.txt
2026-03-28,04:16:03,autoclaved soil,-17.625,2026-03-28 04:16:03,20260805_soil_log.txt
2026-03-28,04:21:04,autoclaved soil,-17.125,2026-03-28 04:21:04,20260805_soil_log.txt
2026-03-28,04:26:04,autoclaved soil,-18.875,2026-03-28 04:26:04,20260805_soil_log.txt
2026-03-28,04:31:04,autoclaved soil,-17.125,2026-03-28 04:31:04,20260805_soil_log.txt
2026-03-28,04:36:04,autoclaved soil,-19.125,2026-03-28 04:36:04,20260805_soil_log.txt
2026-03-28,04:41:05,autoclaved soil,-18.5,2026-03-28 04:41:05,20260805_soil_log.txt
2026-03-28,04:46:05,autoclaved soil,-16.5,2026-03-28 04:46:05,20260805_soil_log.txt
2026-03-28,04:51:05,autoclaved soil,-17.5,2026-03-28 04:51:05,20260805_soil_log.txt
2026-03-28,04:56:05,autoclaved soil,-18.875,2026-03-28 04:56:05,20260805_soil_log.txt
2026-03-28,05:01:05,autoclaved soil,-16.5,2026-03-28 05:01:05,20260805_soil_log.txt
2026-03-28,05:06:06,autoclaved soil,-18.375,2026-03-28 05:06:06,20260805_soil_log.txt
2026-03-28,05:11:06,autoclaved soil,-17.125,2026-03-28 05:11:06,20260805_soil_log.txt
2026-03-28,05:16:06,autoclaved soil,-18.25,2026-03-28 05:16:06,20260805_soil_log.txt
2026-03-28,05:21:06,autoclaved soil,-17.875000000000004,2026-03-28 05:21:06,20260805_soil_log.txt
2026-03-28,05:26:07,autoclaved soil,-16.875,2026-03-28 05:26:07,20260805_soil_log.txt
2026-03-28,05:31:07,autoclaved soil,-17.750000000000004,2026-03-28 05:31:07,20260805_soil_log.txt
2026-03-28,05:36:07,autoclaved soil,-15.25,2026-03-28 05:36:07,20260805_soil_log.txt
2026-03-28,05:41:07,autoclaved soil,-15.875,2026-03-28 05:41:07,20260805_soil_log.txt
2026-03-28,05:46:07,autoclaved soil,-15.25,2026-03-28 05:46:07,20260805_soil_log.txt
2026-03-28,05:51:08,autoclaved soil,-15.5,2026-03-28 05:51:08,20260805_soil_log.txt
2026-03-28,05:56:08,autoclaved soil,-16.0,2026-03-28 05:56:08,20260805_soil_log.txt
2026-03-28,06:01:08,autoclaved soil,-15.625,2026-03-28 06:01:08,20260805_soil_log.txt
2026-03-28,06:06:08,autoclaved soil,-17.750000000000004,2026-03-28 06:06:08,20260805_soil_log.txt
2026-03-28,06:11:08,autoclaved soil,-17.375,2026-03-28 06:11:08,20260805_soil_log.txt
2026-03-28,06:16:09,autoclaved soil,-15.875,2026-03-28 06:16:09,20260805_soil_log.txt
2026-03-28,06:21:09,autoclaved soil,-14.5,2026-03-28 06:21:09,20260805_soil_log.txt
2026-03-28,06:26:09,autoclaved soil,-16.375,2026-03-28 06:26:09,20260805_soil_log.txt
2026-03-28,06:31:09,autoclaved soil,-16.125,2026-03-28 06:31:09,20260805_soil_log.txt
2026-03-28,06:36:10,autoclaved soil,-15.0,2026-03-28 06:36:10,20260805_soil_log.txt
2026-03-28,06:41:10,autoclaved soil,-15.75,2026-03-28 06:41:10,20260805_soil_log.txt
2026-03-28,06:46:10,autoclaved soil,-15.375,2026-03-28 06:46:10,20260805_soil_log.txt
2026-03-28,06:51:10,autoclaved soil,-15.0,2026-03-28 06:51:10,20260805_soil_log.txt
2026-03-28,06:56:10,autoclaved soil,-13.000000000000002,2026-03-28 06:56:10,20260805_soil_log.txt
2026-03-28,07:01:11,autoclaved soil,-13.75,2026-03-28 07:01:11,20260805_soil_log.txt
2026-03-28,07:06:11,autoclaved soil,-13.625,2026-03-28 07:06:11,20260805_soil_log.txt
2026-03-28,07:11:11,autoclaved soil,-15.0,2026-03-28 07:11:11,20260805_soil_log.txt
2026-03-28,07:16:11,autoclaved soil,-15.75,2026-03-28 07:16:11,20260805_soil_log.txt
2026-03-28,07:21:11,autoclaved soil,-15.5,2026-03-28 07:21:11,20260805_soil_log.txt
2026-03-28,07:26:12,autoclaved soil,-13.25,2026-03-28 07:26:12,20260805_soil_log.txt
2026-03-28,07:31:12,autoclaved soil,-13.000000000000002,2026-03-28 07:31:12,20260805_soil_log.txt
2026-03-28,07:36:12,autoclaved soil,-14.5,2026-03-28 07:36:12,20260805_soil_log.txt
2026-03-28,07:41:12,autoclaved soil,-13.000000000000002,2026-03-28 07:41:12,20260805_soil_log.txt
2026-03-28,07:46:12,autoclaved soil,-13.375,2026-03-28 07:46:12,20260805_soil_log.txt
2026-03-28,07:51:13,autoclaved soil,-15.75,2026-03-28 07:51:13,20260805_soil_log.txt
2026-03-28,07:56:13,autoclaved soil,-16.0,2026-03-28 07:56:13,20260805_soil_log.txt
2026-03-28,08:01:13,autoclaved soil,-14.875000000000002,2026-03-28 08:01:13,20260805_soil_log.txt
2026-03-28,08:06:13,autoclaved soil,-14.375,2026-03-28 08:06:13,20260805_soil_log.txt
2026-03-28,08:11:14,autoclaved soil,-16.0,2026-03-28 08:11:14,20260805_soil_log.txt
2026-03-28,08:16:14,autoclaved soil,-13.625,2026-03-28 08:16:14,20260805_soil_log.txt
2026-03-28,08:21:14,autoclaved soil,-13.375,2026-03-28 08:21:14,20260805_soil_log.txt
2026-03-28,08:26:14,autoclaved soil,-16.25,2026-03-28 08:26:14,20260805_soil_log.txt
2026-03-28,08:31:14,autoclaved soil,-13.75,2026-03-28 08:31:14,20260805_soil_log.txt
2026-03-28,08:36:15,autoclaved soil,-16.125,2026-03-28 08:36:15,20260805_soil_log.txt
2026-03-28,08:41:15,autoclaved soil,-14.750000000000002,2026-03-28 08:41:15,20260805_soil_log.txt
2026-03-28,08:46:15,autoclaved soil,-15.625,2026-03-28 08:46:15,20260805_soil_log.txt
2026-03-28,08:51:15,autoclaved soil,-13.375,2026-03-28 08:51:15,20260805_soil_log.txt
2026-03-28,08:56:15,autoclaved soil,-13.375,2026-03-28 08:56:15,20260805_soil_log.txt
2026-03-28,09:01:16,autoclaved soil,-13.875,2026-03-28 09:01:16,20260805_soil_log.txt
2026-03-28,09:06:16,autoclaved soil,-14.25,2026-03-28 09:06:16,20260805_soil_log.txt
2026-03-28,09:11:16,autoclaved soil,-15.125,2026-03-28 09:11:16,20260805_soil_log.txt
2026-03-28,09:16:16,autoclaved soil,-14.125,2026-03-28 09:16:16,20260805_soil_log.txt
2026-03-28,09:21:16,autoclaved soil,-15.75,2026-03-28 09:21:16,20260805_soil_log.txt
2026-03-28,09:26:17,autoclaved soil,-14.5,2026-03-28 09:26:17,20260805_soil_log.txt
2026-03-28,09:31:17,autoclaved soil,-14.750000000000002,2026-03-28 09:31:17,20260805_soil_log.txt
2026-03-28,09:36:17,autoclaved soil,-15.75,2026-03-28 09:36:17,20260805_soil_log.txt
2026-03-28,09:41:17,autoclaved soil,-14.5,2026-03-28 09:41:17,20260805_soil_log.txt
2026-03-28,09:46:18,autoclaved soil,-14.375,2026-03-28 09:46:18,20260805_soil_log.txt
2026-03-28,09:51:18,autoclaved soil,-13.375,2026-03-28 09:51:18,20260805_soil_log.txt
2026-03-28,09:56:18,autoclaved soil,-14.0,2026-03-28 09:56:18,20260805_soil_log.txt
2026-03-28,10:01:18,autoclaved soil,-16.0,2026-03-28 10:01:18,20260805_soil_log.txt
2026-03-28,10:06:18,autoclaved soil,-13.625,2026-03-28 10:06:18,20260805_soil_log.txt
2026-03-28,10:11:19,autoclaved soil,-14.125,2026-03-28 10:11:19,20260805_soil_log.txt
2026-03-28,10:16:19,autoclaved soil,-14.125,2026-03-28 10:16:19,20260805_soil_log.txt
2026-03-28,10:21:19,autoclaved soil,-13.375,2026-03-28 10:21:19,20260805_soil_log.txt
2026-03-28,10:26:19,autoclaved soil,-14.25,2026-03-28 10:26:19,20260805_soil_log.txt
2026-03-28,10:31:20,autoclaved soil,-13.25,2026-03-28 10:31:20,20260805_soil_log.txt
2026-03-28,10:36:20,autoclaved soil,-15.0,2026-03-28 10:36:20,20260805_soil_log.txt
2026-03-28,10:41:20,autoclaved soil,-14.0,2026-03-28 10:41:20,20260805_soil_log.txt
2026-03-28,10:46:20,autoclaved soil,-15.25,2026-03-28 10:46:20,20260805_soil_log.txt
2026-03-28,10:51:20,autoclaved soil,-15.0,2026-03-28 10:51:20,20260805_soil_log.txt
2026-03-28,10:56:21,autoclaved soil,-16.125,2026-03-28 10:56:21,20260805_soil_log.txt
2026-03-28,11:01:21,autoclaved soil,-14.750000000000002,2026-03-28 11:01:21,20260805_soil_log.txt
2026-03-28,11:06:21,autoclaved soil,-13.25,2026-03-28 11:06:21,20260805_soil_log.txt
2026-03-28,11:11:21,autoclaved soil,-14.625,2026-03-28 11:11:21,20260805_soil_log.txt
2026-03-28,11:16:22,autoclaved soil,-13.125,2026-03-28 11:16:22,20260805_soil_log.txt
2026-03-28,11:21:22,autoclaved soil,-15.375,2026-03-28 11:21:22,20260805_soil_log.txt
2026-03-28,11:26:22,autoclaved soil,-13.625,2026-03-28 11:26:22,20260805_soil_log.txt
2026-03-28,11:31:22,autoclaved soil,-15.0,2026-03-28 11:31:22,20260805_soil_log.txt
2026-03-28,11:36:22,autoclaved soil,-14.25,2026-03-28 11:36:22,20260805_soil_log.txt
2026-03-28,11:41:23,autoclaved soil,-14.0,2026-03-28 11:41:23,20260805_soil_log.txt
2026-03-28,11:46:23,autoclaved soil,-15.25,2026-03-28 11:46:23,20260805_soil_log.txt
2026-03-28,11:51:23,autoclaved soil,-12.5,2026-03-28 11:51:23,20260805_soil_log.txt
2026-03-28,11:56:23,autoclaved soil,-14.5,2026-03-28 11:56:23,20260805_soil_log.txt
2026-03-28,12:01:24,autoclaved soil,-13.625,2026-03-28 12:01:24,20260805_soil_log.txt
2026-03-28,12:06:24,autoclaved soil,-14.125,2026-03-28 12:06:24,20260805_soil_log.txt
2026-03-28,12:11:24,autoclaved soil,-14.625,2026-03-28 12:11:24,20260805_soil_log.txt
2026-03-28,12:16:24,autoclaved soil,-12.125,2026-03-28 12:16:24,20260805_soil_log.txt
2026-03-28,12:21:24,autoclaved soil,-14.25,2026-03-28 12:21:24,20260805_soil_log.txt
2026-03-28,12:26:25,autoclaved soil,-14.125,2026-03-28 12:26:25,20260805_soil_log.txt
2026-03-28,12:31:25,autoclaved soil,-12.875000000000002,2026-03-28 12:31:25,20260805_soil_log.txt
2026-03-28,12:36:25,autoclaved soil,-12.875000000000002,2026-03-28 12:36:25,20260805_soil_log.txt
2026-03-28,12:41:25,autoclaved soil,-13.375,2026-03-28 12:41:25,20260805_soil_log.txt
2026-03-28,12:46:25,autoclaved soil,-13.375,2026-03-28 12:46:25,20260805_soil_log.txt
2026-03-28,12:51:26,autoclaved soil,-15.5,2026-03-28 12:51:26,20260805_soil_log.txt
2026-03-28,12:56:26,autoclaved soil,-13.125,2026-03-28 12:56:26,20260805_soil_log.txt
2026-03-28,13:01:26,autoclaved soil,-15.75,2026-03-28 13:01:26,20260805_soil_log.txt
2026-03-28,13:06:26,autoclaved soil,-14.625,2026-03-28 13:06:26,20260805_soil_log.txt
2026-03-28,13:11:26,autoclaved soil,-13.75,2026-03-28 13:11:26,20260805_soil_log.txt
2026-03-28,13:16:27,autoclaved soil,-12.5,2026-03-28 13:16:27,20260805_soil_log.txt
2026-03-28,13:21:27,autoclaved soil,-14.25,2026-03-28 13:21:27,20260805_soil_log.txt
2026-03-28,13:26:27,autoclaved soil,-11.5,2026-03-28 13:26:27,20260805_soil_log.txt
2026-03-28,13:31:27,autoclaved soil,-13.375,2026-03-28 13:31:27,20260805_soil_log.txt
2026-03-28,13:36:28,autoclaved soil,-12.750000000000002,2026-03-28 13:36:28,20260805_soil_log.txt
2026-03-28,13:41:28,autoclaved soil,-11.625,2026-03-28 13:41:28,20260805_soil_log.txt
2026-03-28,13:46:28,autoclaved soil,-11.375,2026-03-28 13:46:28,20260805_soil_log.txt
2026-03-28,13:51:28,autoclaved soil,-10.875000000000002,2026-03-28 13:51:28,20260805_soil_log.txt
2026-03-28,13:56:29,autoclaved soil,-13.375,2026-03-28 13:56:29,20260805_soil_log.txt
2026-03-28,14:01:29,autoclaved soil,-10.75,2026-03-28 14:01:29,20260805_soil_log.txt
2026-03-28,14:06:29,autoclaved soil,-10.875000000000002,2026-03-28 14:06:29,20260805_soil_log.txt
2026-03-28,14:11:29,autoclaved soil,-12.750000000000002,2026-03-28 14:11:29,20260805_soil_log.txt
2026-03-28,14:16:29,autoclaved soil,-13.000000000000002,2026-03-28 14:16:29,20260805_soil_log.txt
2026-03-28,14:21:30,autoclaved soil,-13.5,2026-03-28 14:21:30,20260805_soil_log.txt
2026-03-28,14:26:30,autoclaved soil,-12.375,2026-03-28 14:26:30,20260805_soil_log.txt
2026-03-28,14:31:30,autoclaved soil,-14.375,2026-03-28 14:31:30,20260805_soil_log.txt
2026-03-28,14:36:30,autoclaved soil,-13.125,2026-03-28 14:36:30,20260805_soil_log.txt
2026-03-28,14:41:31,autoclaved soil,-13.75,2026-03-28 14:41:31,20260805_soil_log.txt
2026-03-28,14:46:31,autoclaved soil,-13.375,2026-03-28 14:46:31,20260805_soil_log.txt
2026-03-28,14:51:31,autoclaved soil,-13.875,2026-03-28 14:51:31,20260805_soil_log.txt
2026-03-28,14:56:31,autoclaved soil,-11.75,2026-03-28 14:56:31,20260805_soil_log.txt
2026-03-28,15:01:31,autoclaved soil,-14.0,2026-03-28 15:01:31,20260805_soil_log.txt
2026-03-28,15:06:32,autoclaved soil,-12.875000000000002,2026-03-28 15:06:32,20260805_soil_log.txt
2026-03-28,15:11:32,autoclaved soil,-16.5,2026-03-28 15:11:32,20260805_soil_log.txt
2026-03-28,15:16:32,autoclaved soil,-15.375,2026-03-28 15:16:32,20260805_soil_log.txt
2026-03-28,15:21:32,autoclaved soil,-13.000000000000002,2026-03-28 15:21:32,20260805_soil_log.txt
2026-03-28,15:26:33,autoclaved soil,-13.625,2026-03-28 15:26:33,20260805_soil_log.txt
2026-03-28,15:31:33,autoclaved soil,-12.875000000000002,2026-03-28 15:31:33,20260805_soil_log.txt
2026-03-28,15:36:33,autoclaved soil,-12.25,2026-03-28 15:36:33,20260805_soil_log.txt
2026-03-28,15:41:33,autoclaved soil,-13.5,2026-03-28 15:41:33,20260805_soil_log.txt
2026-03-28,15:46:33,autoclaved soil,-12.125,2026-03-28 15:46:33,20260805_soil_log.txt
2026-03-28,15:51:34,autoclaved soil,-12.0,2026-03-28 15:51:34,20260805_soil_log.txt
2026-03-28,15:56:34,autoclaved soil,-12.375,2026-03-28 15:56:34,20260805_soil_log.txt
2026-03-28,16:01:34,autoclaved soil,-13.625,2026-03-28 16:01:34,20260805_soil_log.txt
2026-03-28,16:06:34,autoclaved soil,-14.5,2026-03-28 16:06:34,20260805_soil_log.txt
2026-03-28,16:11:35,autoclaved soil,-13.125,2026-03-28 16:11:35,20260805_soil_log.txt
2026-03-28,16:16:35,autoclaved soil,-13.000000000000002,2026-03-28 16:16:35,20260805_soil_log.txt
2026-03-28,16:21:35,autoclaved soil,-10.75,2026-03-28 16:21:35,20260805_soil_log.txt
2026-03-28,16:26:35,autoclaved soil,-13.375,2026-03-28 16:26:35,20260805_soil_log.txt
2026-03-28,16:31:36,autoclaved soil,-11.375,2026-03-28 16:31:36,20260805_soil_log.txt
2026-03-28,16:36:36,autoclaved soil,-11.625,2026-03-28 16:36:36,20260805_soil_log.txt
2026-03-28,16:41:36,autoclaved soil,-13.75,2026-03-28 16:41:36,20260805_soil_log.txt
2026-03-28,16:46:36,autoclaved soil,-12.750000000000002,2026-03-28 16:46:36,20260805_soil_log.txt
2026-03-28,16:51:36,autoclaved soil,-12.875000000000002,2026-03-28 16:51:36,20260805_soil_log.txt
2026-03-28,16:56:37,autoclaved soil,-13.875,2026-03-28 16:56:37,20260805_soil_log.txt
2026-03-28,17:01:37,autoclaved soil,-11.625,2026-03-28 17:01:37,20260805_soil_log.txt
2026-03-28,17:06:37,autoclaved soil,-12.0,2026-03-28 17:06:37,20260805_soil_log.txt
2026-03-28,17:11:37,autoclaved soil,-12.750000000000002,2026-03-28 17:11:37,20260805_soil_log.txt
2026-03-28,17:16:38,autoclaved soil,-12.375,2026-03-28 17:16:38,20260805_soil_log.txt
2026-03-28,17:21:38,autoclaved soil,-12.5,2026-03-28 17:21:38,20260805_soil_log.txt
2026-03-28,17:26:38,autoclaved soil,-12.625,2026-03-28 17:26:38,20260805_soil_log.txt
2026-03-28,17:31:38,autoclaved soil,-14.0,2026-03-28 17:31:38,20260805_soil_log.txt
2026-03-28,17:36:38,autoclaved soil,-13.375,2026-03-28 17:36:38,20260805_soil_log.txt
2026-03-28,17:41:39,autoclaved soil,-16.625,2026-03-28 17:41:39,20260805_soil_log.txt
2026-03-28,17:46:39,autoclaved soil,-13.75,2026-03-28 17:46:39,20260805_soil_log.txt
2026-03-28,17:51:39,autoclaved soil,-13.25,2026-03-28 17:51:39,20260805_soil_log.txt
2026-03-28,17:56:39,autoclaved soil,-13.75,2026-03-28 17:56:39,20260805_soil_log.txt
2026-03-28,18:01:39,autoclaved soil,-13.000000000000002,2026-03-28 18:01:39,20260805_soil_log.txt
2026-03-28,18:06:40,autoclaved soil,-12.5,2026-03-28 18:06:40,20260805_soil_log.txt
2026-03-28,18:11:40,autoclaved soil,-11.5,2026-03-28 18:11:40,20260805_soil_log.txt
2026-03-28,18:16:40,autoclaved soil,-11.5,2026-03-28 18:16:40,20260805_soil_log.txt
2026-03-28,18:21:40,autoclaved soil,-10.75,2026-03-28 18:21:40,20260805_soil_log.txt
2026-03-28,18:26:40,autoclaved soil,-11.375,2026-03-28 18:26:40,20260805_soil_log.txt
2026-03-28,18:31:41,autoclaved soil,-12.750000000000002,2026-03-28 18:31:41,20260805_soil_log.txt
2026-03-28,18:36:41,autoclaved soil,-12.5,2026-03-28 18:36:41,20260805_soil_log.txt
2026-03-28,18:41:41,autoclaved soil,-10.75,2026-03-28 18:41:41,20260805_soil_log.txt
2026-03-28,18:46:41,autoclaved soil,-10.5,2026-03-28 18:46:41,20260805_soil_log.txt
2026-03-28,18:51:42,autoclaved soil,-12.750000000000002,2026-03-28 18:51:42,20260805_soil_log.txt
2026-03-28,18:56:42,autoclaved soil,-12.125,2026-03-28 18:56:42,20260805_soil_log.txt
2026-03-28,19:01:42,autoclaved soil,-12.625,2026-03-28 19:01:42,20260805_soil_log.txt
2026-03-28,19:06:42,autoclaved soil,-10.375,2026-03-28 19:06:42,20260805_soil_log.txt
2026-03-28,19:11:42,autoclaved soil,-12.25,2026-03-28 19:11:42,20260805_soil_log.txt
2026-03-28,19:16:43,autoclaved soil,-11.125,2026-03-28 19:16:43,20260805_soil_log.txt
2026-03-28,19:21:43,autoclaved soil,-12.875000000000002,2026-03-28 19:21:43,20260805_soil_log.txt
2026-03-28,19:26:43,autoclaved soil,-12.875000000000002,2026-03-28 19:26:43,20260805_soil_log.txt
2026-03-28,19:31:43,autoclaved soil,-12.5,2026-03-28 19:31:43,20260805_soil_log.txt
2026-03-28,19:36:43,autoclaved soil,-12.625,2026-03-28 19:36:43,20260805_soil_log.txt
2026-03-28,19:41:44,autoclaved soil,-11.5,2026-03-28 19:41:44,20260805_soil_log.txt
2026-03-28,19:46:44,autoclaved soil,-11.5,2026-03-28 19:46:44,20260805_soil_log.txt
2026-03-28,19:51:44,autoclaved soil,-11.25,2026-03-28 19:51:44,20260805_soil_log.txt
2026-03-28,19:56:44,autoclaved soil,-10.375,2026-03-28 19:56:44,20260805_soil_log.txt
2026-03-28,20:01:45,autoclaved soil,-10.375,2026-03-28 20:01:45,20260805_soil_log.txt
2026-03-28,20:06:45,autoclaved soil,-10.125,2026-03-28 20:06:45,20260805_soil_log.txt
2026-03-28,20:11:45,autoclaved soil,-12.125,2026-03-28 20:11:45,20260805_soil_log.txt
2026-03-28,20:16:45,autoclaved soil,-12.0,2026-03-28 20:16:45,20260805_soil_log.txt
2026-03-28,20:21:45,autoclaved soil,-9.375,2026-03-28 20:21:45,20260805_soil_log.txt
2026-03-28,20:26:46,autoclaved soil,-9.375,2026-03-28 20:26:46,20260805_soil_log.txt
2026-03-28,20:31:46,autoclaved soil,-10.5,2026-03-28 20:31:46,20260805_soil_log.txt
2026-03-28,20:36:46,autoclaved soil,-11.375,2026-03-28 20:36:46,20260805_soil_log.txt
2026-03-28,20:41:46,autoclaved soil,-9.125,2026-03-28 20:41:46,20260805_soil_log.txt
2026-03-28,20:46:47,autoclaved soil,-11.375,2026-03-28 20:46:47,20260805_soil_log.txt
2026-03-28,20:51:47,autoclaved soil,-8.375,2026-03-28 20:51:47,20260805_soil_log.txt
2026-03-28,20:56:47,autoclaved soil,-10.625,2026-03-28 20:56:47,20260805_soil_log.txt
2026-03-28,21:01:47,autoclaved soil,-10.75,2026-03-28 21:01:47,20260805_soil_log.txt
2026-03-28,21:06:47,autoclaved soil,-9.625,2026-03-28 21:06:47,20260805_soil_log.txt
2026-03-28,21:11:48,autoclaved soil,-8.625,2026-03-28 21:11:48,20260805_soil_log.txt
2026-03-28,21:16:48,autoclaved soil,-10.875000000000002,2026-03-28 21:16:48,20260805_soil_log.txt
2026-03-28,21:21:48,autoclaved soil,-10.375,2026-03-28 21:21:48,20260805_soil_log.txt
2026-03-28,21:26:48,autoclaved soil,-11.375,2026-03-28 21:26:48,20260805_soil_log.txt
2026-03-28,21:31:48,autoclaved soil,-11.5,2026-03-28 21:31:48,20260805_soil_log.txt
2026-03-28,21:36:49,autoclaved soil,-9.75,2026-03-28 21:36:49,20260805_soil_log.txt
2026-03-28,21:41:49,autoclaved soil,-8.875000000000002,2026-03-28 21:41:49,20260805_soil_log.txt
2026-03-28,21:46:49,autoclaved soil,-8.625,2026-03-28 21:46:49,20260805_soil_log.txt
2026-03-28,21:51:49,autoclaved soil,-8.25,2026-03-28 21:51:49,20260805_soil_log.txt
2026-03-28,21:56:49,autoclaved soil,-8.625,2026-03-28 21:56:49,20260805_soil_log.txt
2026-03-28,22:01:50,autoclaved soil,-9.875,2026-03-28 22:01:50,20260805_soil_log.txt
2026-03-28,22:06:50,autoclaved soil,-11.0,2026-03-28 22:06:50,20260805_soil_log.txt
2026-03-28,22:11:50,autoclaved soil,-11.0,2026-03-28 22:11:50,20260805_soil_log.txt
2026-03-28,22:16:50,autoclaved soil,-8.375,2026-03-28 22:16:50,20260805_soil_log.txt
2026-03-28,22:21:51,autoclaved soil,-8.75,2026-03-28 22:21:51,20260805_soil_log.txt
2026-03-28,22:26:51,autoclaved soil,-8.5,2026-03-28 22:26:51,20260805_soil_log.txt
2026-03-28,22:31:51,autoclaved soil,-11.25,2026-03-28 22:31:51,20260805_soil_log.txt
2026-03-28,22:36:51,autoclaved soil,-9.25,2026-03-28 22:36:51,20260805_soil_log.txt
2026-03-28,22:41:52,autoclaved soil,-10.0,2026-03-28 22:41:52,20260805_soil_log.txt
2026-03-28,22:46:52,autoclaved soil,-11.25,2026-03-28 22:46:52,20260805_soil_log.txt
2026-03-28,22:51:52,autoclaved soil,-11.125,2026-03-28 22:51:52,20260805_soil_log.txt
2026-03-28,22:56:52,autoclaved soil,-10.125,2026-03-28 22:56:52,20260805_soil_log.txt
2026-03-28,23:01:52,autoclaved soil,-8.875000000000002,2026-03-28 23:01:52,20260805_soil_log.txt
2026-03-28,23:06:53,autoclaved soil,-8.625,2026-03-28 23:06:53,20260805_soil_log.txt
2026-03-28,23:11:53,autoclaved soil,-9.000000000000002,2026-03-28 23:11:53,20260805_soil_log.txt
2026-03-28,23:16:53,autoclaved soil,-9.000000000000002,2026-03-28 23:16:53,20260805_soil_log.txt
2026-03-28,23:21:53,autoclaved soil,-8.625,2026-03-28 23:21:53,20260805_soil_log.txt
2026-03-28,23:26:53,autoclaved soil,-11.125,2026-03-28 23:26:53,20260805_soil_log.txt
2026-03-28,23:31:54,autoclaved soil,-10.5,2026-03-28 23:31:54,20260805_soil_log.txt
2026-03-28,23:36:54,autoclaved soil,-8.375,2026-03-28 23:36:54,20260805_soil_log.txt
2026-03-28,23:41:54,autoclaved soil,-11.125,2026-03-28 23:41:54,20260805_soil_log.txt
2026-03-28,23:46:54,autoclaved soil,-9.000000000000002,2026-03-28 23:46:54,20260805_soil_log.txt
2026-03-28,23:51:55,autoclaved soil,-10.875000000000002,2026-03-28 23:51:55,20260805_soil_log.txt
2026-03-28,23:56:55,autoclaved soil,-8.25,2026-03-28 23:56:55,20260805_soil_log.txt
2026-03-29,00:01:55,autoclaved soil,-10.875000000000002,2026-03-29 00:01:55,20260805_soil_log.txt
2026-03-29,00:06:55,autoclaved soil,-9.875,2026-03-29 00:06:55,20260805_soil_log.txt
2026-03-29,00:11:56,autoclaved soil,-8.375,2026-03-29 00:11:56,20260805_soil_log.txt
2026-03-29,00:16:56,autoclaved soil,-9.875,2026-03-29 00:16:56,20260805_soil_log.txt
2026-03-29,00:21:56,autoclaved soil,-10.625,2026-03-29 00:21:56,20260805_soil_log.txt
2026-03-29,00:26:56,autoclaved soil,-11.125,2026-03-29 00:26:56,20260805_soil_log.txt
2026-03-29,00:31:56,autoclaved soil,-10.375,2026-03-29 00:31:56,20260805_soil_log.txt
2026-03-29,00:36:57,autoclaved soil,-8.875000000000002,2026-03-29 00:36:57,20260805_soil_log.txt
2026-03-29,00:41:57,autoclaved soil,-9.25,2026-03-29 00:41:57,20260805_soil_log.txt
2026-03-29,00:46:57,autoclaved soil,-10.75,2026-03-29 00:46:57,20260805_soil_log.txt
2026-03-29,00:51:57,autoclaved soil,-12.25,2026-03-29 00:51:57,20260805_soil_log.txt
2026-03-29,00:56:58,autoclaved soil,-10.625,2026-03-29 00:56:58,20260805_soil_log.txt
2026-03-29,02:01:58,autoclaved soil,-9.75,2026-03-29 02:01:58,20260805_soil_log.txt
2026-03-29,02:06:58,autoclaved soil,-12.0,2026-03-29 02:06:58,20260805_soil_log.txt
2026-03-29,02:11:58,autoclaved soil,-9.625,2026-03-29 02:11:58,20260805_soil_log.txt
2026-03-29,02:16:58,autoclaved soil,-12.0,2026-03-29 02:16:58,20260805_soil_log.txt
2026-03-29,02:21:59,autoclaved soil,-12.0,2026-03-29 02:21:59,20260805_soil_log.txt
2026-03-29,02:26:59,autoclaved soil,-11.5,2026-03-29 02:26:59,20260805_soil_log.txt
2026-03-29,02:31:59,autoclaved soil,-9.75,2026-03-29 02:31:59,20260805_soil_log.txt
2026-03-29,02:36:59,autoclaved soil,-9.5,2026-03-29 02:36:59,20260805_soil_log.txt
2026-03-29,02:42:00,autoclaved soil,-11.5,2026-03-29 02:42:00,20260805_soil_log.txt
2026-03-29,02:47:00,autoclaved soil,-12.0,2026-03-29 02:47:00,20260805_soil_log.txt
2026-03-29,02:52:00,autoclaved soil,-11.75,2026-03-29 02:52:00,20260805_soil_log.txt
2026-03-29,02:57:00,autoclaved soil,-11.625,2026-03-29 02:57:00,20260805_soil_log.txt
2026-03-29,03:02:01,autoclaved soil,-9.375,2026-03-29 03:02:01,20260805_soil_log.txt
2026-03-29,03:07:01,autoclaved soil,-10.0,2026-03-29 03:07:01,20260805_soil_log.txt
2026-03-29,03:12:01,autoclaved soil,-10.25,2026-03-29 03:12:01,20260805_soil_log.txt
2026-03-29,03:17:01,autoclaved soil,-8.5,2026-03-29 03:17:01,20260805_soil_log.txt
2026-03-29,03:22:01,autoclaved soil,-10.0,2026-03-29 03:22:01,20260805_soil_log.txt
2026-03-29,03:27:02,autoclaved soil,-11.0,2026-03-29 03:27:02,20260805_soil_log.txt
2026-03-29,03:32:02,autoclaved soil,-10.5,2026-03-29 03:32:02,20260805_soil_log.txt
2026-03-29,03:37:02,autoclaved soil,-9.625,2026-03-29 03:37:02,20260805_soil_log.txt
2026-03-29,03:42:02,autoclaved soil,-11.0,2026-03-29 03:42:02,20260805_soil_log.txt
2026-03-29,03:47:02,autoclaved soil,-10.375,2026-03-29 03:47:02,20260805_soil_log.txt
2026-03-29,03:52:02,autoclaved soil,-8.75,2026-03-29 03:52:02,20260805_soil_log.txt
2026-03-29,03:57:03,autoclaved soil,-10.375,2026-03-29 03:57:03,20260805_soil_log.txt
2026-03-29,04:02:03,autoclaved soil,-7.75,2026-03-29 04:02:03,20260805_soil_log.txt
2026-03-29,04:07:03,autoclaved soil,-10.125,2026-03-29 04:07:03,20260805_soil_log.txt
2026-03-29,04:12:03,autoclaved soil,-8.875000000000002,2026-03-29 04:12:03,20260805_soil_log.txt
2026-03-29,04:17:04,autoclaved soil,-10.5,2026-03-29 04:17:04,20260805_soil_log.txt
2026-03-29,04:22:04,autoclaved soil,-7.625,2026-03-29 04:22:04,20260805_soil_log.txt
2026-03-29,04:27:04,autoclaved soil,-7.625,2026-03-29 04:27:04,20260805_soil_log.txt
2026-03-29,04:32:04,autoclaved soil,-9.875,2026-03-29 04:32:04,20260805_soil_log.txt
2026-03-29,04:37:04,autoclaved soil,-9.75,2026-03-29 04:37:04,20260805_soil_log.txt
2026-03-29,04:42:05,autoclaved soil,-7.25,2026-03-29 04:42:05,20260805_soil_log.txt
2026-03-29,04:47:05,autoclaved soil,-7.0,2026-03-29 04:47:05,20260805_soil_log.txt
2026-03-29,04:52:05,autoclaved soil,-9.625,2026-03-29 04:52:05,20260805_soil_log.txt
2026-03-29,04:57:05,autoclaved soil,-9.375,2026-03-29 04:57:05,20260805_soil_log.txt
2026-03-29,05:02:06,autoclaved soil,-8.75,2026-03-29 05:02:06,20260805_soil_log.txt
2026-03-29,05:07:06,autoclaved soil,-8.75,2026-03-29 05:07:06,20260805_soil_log.txt
2026-03-29,05:12:06,autoclaved soil,-6.875,2026-03-29 05:12:06,20260805_soil_log.txt
2026-03-29,05:17:06,autoclaved soil,-8.25,2026-03-29 05:17:06,20260805_soil_log.txt
2026-03-29,05:22:07,autoclaved soil,-9.75,2026-03-29 05:22:07,20260805_soil_log.txt
2026-03-29,05:27:07,autoclaved soil,-9.375,2026-03-29 05:27:07,20260805_soil_log.txt
2026-03-29,05:32:07,autoclaved soil,-8.875000000000002,2026-03-29 05:32:07,20260805_soil_log.txt
2026-03-29,05:37:07,autoclaved soil,-7.0,2026-03-29 05:37:07,20260805_soil_log.txt
2026-03-29,05:42:07,autoclaved soil,-9.25,2026-03-29 05:42:07,20260805_soil_log.txt
2026-03-29,05:47:08,autoclaved soil,-7.75,2026-03-29 05:47:08,20260805_soil_log.txt
2026-03-29,05:52:08,autoclaved soil,-9.125,2026-03-29 05:52:08,20260805_soil_log.txt
2026-03-29,05:57:08,autoclaved soil,-7.0,2026-03-29 05:57:08,20260805_soil_log.txt
2026-03-29,06:02:08,autoclaved soil,-7.125,2026-03-29 06:02:08,20260805_soil_log.txt
2026-03-29,06:07:09,autoclaved soil,-8.0,2026-03-29 06:07:09,20260805_soil_log.txt
2026-03-29,06:12:09,autoclaved soil,-9.625,2026-03-29 06:12:09,20260805_soil_log.txt
2026-03-29,06:17:09,autoclaved soil,-9.625,2026-03-29 06:17:09,20260805_soil_log.txt
2026-03-29,06:22:09,autoclaved soil,-9.625,2026-03-29 06:22:09,20260805_soil_log.txt
2026-03-29,06:27:10,autoclaved soil,-7.875,2026-03-29 06:27:10,20260805_soil_log.txt
2026-03-29,06:32:10,autoclaved soil,-6.75,2026-03-29 06:32:10,20260805_soil_log.txt
2026-03-29,06:37:10,autoclaved soil,-8.25,2026-03-29 06:37:10,20260805_soil_log.txt
2026-03-29,06:42:10,autoclaved soil,-7.5,2026-03-29 06:42:10,20260805_soil_log.txt
2026-03-29,06:47:10,autoclaved soil,-6.375000000000001,2026-03-29 06:47:10,20260805_soil_log.txt
2026-03-29,06:52:11,autoclaved soil,-6.375000000000001,2026-03-29 06:52:11,20260805_soil_log.txt
2026-03-29,06:57:11,autoclaved soil,-8.375,2026-03-29 06:57:11,20260805_soil_log.txt
2026-03-29,07:02:11,autoclaved soil,-7.0,2026-03-29 07:02:11,20260805_soil_log.txt
2026-03-29,07:07:11,autoclaved soil,-6.75,2026-03-29 07:07:11,20260805_soil_log.txt
2026-03-29,07:12:12,autoclaved soil,-6.75,2026-03-29 07:12:12,20260805_soil_log.txt
2026-03-29,07:17:12,autoclaved soil,-7.125,2026-03-29 07:17:12,20260805_soil_log.txt
2026-03-29,07:22:12,autoclaved soil,-6.25,2026-03-29 07:22:12,20260805_soil_log.txt
2026-03-29,07:27:12,autoclaved soil,-6.625,2026-03-29 07:27:12,20260805_soil_log.txt
2026-03-29,07:32:13,autoclaved soil,-7.0,2026-03-29 07:32:13,20260805_soil_log.txt
2026-03-29,07:37:13,autoclaved soil,-7.625,2026-03-29 07:37:13,20260805_soil_log.txt
2026-03-29,07:42:13,autoclaved soil,-5.875,2026-03-29 07:42:13,20260805_soil_log.txt
2026-03-29,07:47:13,autoclaved soil,-7.625,2026-03-29 07:47:13,20260805_soil_log.txt
2026-03-29,07:52:13,autoclaved soil,-5.375,2026-03-29 07:52:13,20260805_soil_log.txt
2026-03-29,07:57:14,autoclaved soil,-5.625,2026-03-29 07:57:14,20260805_soil_log.txt
2026-03-29,08:02:14,autoclaved soil,-6.375000000000001,2026-03-29 08:02:14,20260805_soil_log.txt
2026-03-29,08:07:14,autoclaved soil,-6.875,2026-03-29 08:07:14,20260805_soil_log.txt
2026-03-29,08:12:14,autoclaved soil,-5.5,2026-03-29 08:12:14,20260805_soil_log.txt
2026-03-29,08:17:15,autoclaved soil,-6.0,2026-03-29 08:17:15,20260805_soil_log.txt
2026-03-29,08:22:15,autoclaved soil,-7.875,2026-03-29 08:22:15,20260805_soil_log.txt
2026-03-29,08:27:15,autoclaved soil,-6.875,2026-03-29 08:27:15,20260805_soil_log.txt
2026-03-29,08:32:15,autoclaved soil,-7.125,2026-03-29 08:32:15,20260805_soil_log.txt
2026-03-29,08:37:16,autoclaved soil,-8.625,2026-03-29 08:37:16,20260805_soil_log.txt
2026-03-29,08:42:16,autoclaved soil,-8.375,2026-03-29 08:42:16,20260805_soil_log.txt
2026-03-29,08:47:16,autoclaved soil,-6.0,2026-03-29 08:47:16,20260805_soil_log.txt
2026-03-29,08:52:16,autoclaved soil,-6.625,2026-03-29 08:52:16,20260805_soil_log.txt
2026-03-29,08:57:16,autoclaved soil,-6.75,2026-03-29 08:57:16,20260805_soil_log.txt
2026-03-29,09:02:17,autoclaved soil,-8.0,2026-03-29 09:02:17,20260805_soil_log.txt
2026-03-29,09:07:17,autoclaved soil,-6.125,2026-03-29 09:07:17,20260805_soil_log.txt
2026-03-29,09:12:17,autoclaved soil,-5.875,2026-03-29 09:12:17,20260805_soil_log.txt
2026-03-29,09:17:17,autoclaved soil,-5.5,2026-03-29 09:17:17,20260805_soil_log.txt
2026-03-29,09:22:17,autoclaved soil,-5.5,2026-03-29 09:22:17,20260805_soil_log.txt
2026-03-29,09:27:18,autoclaved soil,-6.75,2026-03-29 09:27:18,20260805_soil_log.txt
2026-03-29,09:32:18,autoclaved soil,-6.875,2026-03-29 09:32:18,20260805_soil_log.txt
2026-03-29,09:37:18,autoclaved soil,-7.75,2026-03-29 09:37:18,20260805_soil_log.txt
2026-03-29,09:42:18,autoclaved soil,-7.125,2026-03-29 09:42:18,20260805_soil_log.txt
2026-03-29,09:47:19,autoclaved soil,-7.125,2026-03-29 09:47:19,20260805_soil_log.txt
2026-03-29,09:52:19,autoclaved soil,-7.5,2026-03-29 09:52:19,20260805_soil_log.txt
2026-03-29,09:57:19,autoclaved soil,-7.625,2026-03-29 09:57:19,20260805_soil_log.txt
2026-03-29,10:02:19,autoclaved soil,-5.875,2026-03-29 10:02:19,20260805_soil_log.txt
2026-03-29,10:07:19,autoclaved soil,-6.25,2026-03-29 10:07:19,20260805_soil_log.txt
2026-03-29,10:12:20,autoclaved soil,-6.625,2026-03-29 10:12:20,20260805_soil_log.txt
2026-03-29,10:17:20,autoclaved soil,-7.125,2026-03-29 10:17:20,20260805_soil_log.txt
2026-03-29,10:22:20,autoclaved soil,-5.625,2026-03-29 10:22:20,20260805_soil_log.txt
2026-03-29,10:27:20,autoclaved soil,-7.125,2026-03-29 10:27:20,20260805_soil_log.txt
2026-03-29,10:32:20,autoclaved soil,-5.375,2026-03-29 10:32:20,20260805_soil_log.txt
2026-03-29,10:37:21,autoclaved soil,-5.625,2026-03-29 10:37:21,20260805_soil_log.txt
2026-03-29,10:42:21,autoclaved soil,-5.375,2026-03-29 10:42:21,20260805_soil_log.txt
2026-03-29,10:47:21,autoclaved soil,-6.125,2026-03-29 10:47:21,20260805_soil_log.txt
2026-03-29,10:52:21,autoclaved soil,-5.375,2026-03-29 10:52:21,20260805_soil_log.txt
2026-03-29,10:57:22,autoclaved soil,-7.25,2026-03-29 10:57:22,20260805_soil_log.txt
2026-03-29,11:02:22,autoclaved soil,-5.25,2026-03-29 11:02:22,20260805_soil_log.txt
2026-03-29,11:07:22,autoclaved soil,-5.875,2026-03-29 11:07:22,20260805_soil_log.txt
2026-03-29,11:12:22,autoclaved soil,-5.75,2026-03-29 11:12:22,20260805_soil_log.txt
2026-03-29,11:17:22,autoclaved soil,-7.25,2026-03-29 11:17:22,20260805_soil_log.txt
2026-03-29,11:22:23,autoclaved soil,-7.0,2026-03-29 11:22:23,20260805_soil_log.txt
2026-03-29,11:27:23,autoclaved soil,-5.5,2026-03-29 11:27:23,20260805_soil_log.txt
2026-03-29,11:32:23,autoclaved soil,-6.375000000000001,2026-03-29 11:32:23,20260805_soil_log.txt
2026-03-29,11:37:23,autoclaved soil,-5.125,2026-03-29 11:37:23,20260805_soil_log.txt
2026-03-29,11:42:23,autoclaved soil,-5.25,2026-03-29 11:42:23,20260805_soil_log.txt
2026-03-29,11:47:24,autoclaved soil,-7.125,2026-03-29 11:47:24,20260805_soil_log.txt
2026-03-29,11:52:24,autoclaved soil,-7.0,2026-03-29 11:52:24,20260805_soil_log.txt
2026-03-29,11:57:24,autoclaved soil,-7.0,2026-03-29 11:57:24,20260805_soil_log.txt
2026-03-29,12:02:24,autoclaved soil,-6.375000000000001,2026-03-29 12:02:24,20260805_soil_log.txt
2026-03-29,12:07:25,autoclaved soil,-4.625,2026-03-29 12:07:25,20260805_soil_log.txt
2026-03-29,12:12:25,autoclaved soil,-4.500000000000001,2026-03-29 12:12:25,20260805_soil_log.txt
2026-03-29,12:17:25,autoclaved soil,-6.375000000000001,2026-03-29 12:17:25,20260805_soil_log.txt
2026-03-29,12:22:25,autoclaved soil,-6.0,2026-03-29 12:22:25,20260805_soil_log.txt
2026-03-29,12:27:25,autoclaved soil,-5.125,2026-03-29 12:27:25,20260805_soil_log.txt
2026-03-29,12:32:26,autoclaved soil,-6.500000000000001,2026-03-29 12:32:26,20260805_soil_log.txt
2026-03-29,12:37:26,autoclaved soil,-7.0,2026-03-29 12:37:26,20260805_soil_log.txt
2026-03-29,12:42:26,autoclaved soil,-4.375,2026-03-29 12:42:26,20260805_soil_log.txt
2026-03-29,12:47:26,autoclaved soil,-4.625,2026-03-29 12:47:26,20260805_soil_log.txt
2026-03-29,12:52:27,autoclaved soil,-4.125,2026-03-29 12:52:27,20260805_soil_log.txt
2026-03-29,12:57:27,autoclaved soil,-4.125,2026-03-29 12:57:27,20260805_soil_log.txt
2026-03-29,13:02:27,autoclaved soil,-3.125,2026-03-29 13:02:27,20260805_soil_log.txt
2026-03-29,13:07:27,autoclaved soil,-5.375,2026-03-29 13:07:27,20260805_soil_log.txt
2026-03-29,13:12:27,autoclaved soil,-3.125,2026-03-29 13:12:27,20260805_soil_log.txt
2026-03-29,13:17:28,autoclaved soil,-3.2500000000000004,2026-03-29 13:17:28,20260805_soil_log.txt
2026-03-29,13:22:28,autoclaved soil,-4.625,2026-03-29 13:22:28,20260805_soil_log.txt
2026-03-29,13:27:28,autoclaved soil,-3.75,2026-03-29 13:27:28,20260805_soil_log.txt
2026-03-29,13:32:28,autoclaved soil,-3.5,2026-03-29 13:32:28,20260805_soil_log.txt
2026-03-29,13:37:29,autoclaved soil,-5.125,2026-03-29 13:37:29,20260805_soil_log.txt
2026-03-29,13:42:29,autoclaved soil,-4.75,2026-03-29 13:42:29,20260805_soil_log.txt
2026-03-29,13:47:29,autoclaved soil,-4.375,2026-03-29 13:47:29,20260805_soil_log.txt
2026-03-29,13:52:29,autoclaved soil,-3.375,2026-03-29 13:52:29,20260805_soil_log.txt
2026-03-29,13:57:30,autoclaved soil,-5.375,2026-03-29 13:57:30,20260805_soil_log.txt
2026-03-29,14:02:30,autoclaved soil,-5.125,2026-03-29 14:02:30,20260805_soil_log.txt
2026-03-29,14:07:30,autoclaved soil,-3.125,2026-03-29 14:07:30,20260805_soil_log.txt
2026-03-29,14:12:30,autoclaved soil,-5.125,2026-03-29 14:12:30,20260805_soil_log.txt
2026-03-29,14:17:30,autoclaved soil,-5.0,2026-03-29 14:17:30,20260805_soil_log.txt
2026-03-29,14:22:31,autoclaved soil,-3.2500000000000004,2026-03-29 14:22:31,20260805_soil_log.txt
2026-03-29,14:27:31,autoclaved soil,-3.5,2026-03-29 14:27:31,20260805_soil_log.txt
2026-03-29,14:32:31,autoclaved soil,-4.875,2026-03-29 14:32:31,20260805_soil_log.txt
2026-03-29,14:37:31,autoclaved soil,-3.625,2026-03-29 14:37:31,20260805_soil_log.txt
2026-03-29,14:42:32,autoclaved soil,-4.375,2026-03-29 14:42:32,20260805_soil_log.txt
2026-03-29,14:47:32,autoclaved soil,-5.25,2026-03-29 14:47:32,20260805_soil_log.txt
2026-03-29,14:52:32,autoclaved soil,-3.375,2026-03-29 14:52:32,20260805_soil_log.txt
2026-03-29,14:57:32,autoclaved soil,-3.625,2026-03-29 14:57:32,20260805_soil_log.txt
2026-03-29,15:02:33,autoclaved soil,-3.125,2026-03-29 15:02:33,20260805_soil_log.txt
2026-03-29,15:07:33,autoclaved soil,-3.125,2026-03-29 15:07:33,20260805_soil_log.txt
2026-03-29,15:12:33,autoclaved soil,-3.125,2026-03-29 15:12:33,20260805_soil_log.txt
2026-03-29,15:17:33,autoclaved soil,-4.125,2026-03-29 15:17:33,20260805_soil_log.txt
2026-03-29,15:22:33,autoclaved soil,-3.875,2026-03-29 15:22:33,20260805_soil_log.txt
2026-03-29,15:27:34,autoclaved soil,-2.75,2026-03-29 15:27:34,20260805_soil_log.txt
2026-03-29,15:32:34,autoclaved soil,-3.375,2026-03-29 15:32:34,20260805_soil_log.txt
2026-03-29,15:37:34,autoclaved soil,-4.75,2026-03-29 15:37:34,20260805_soil_log.txt
2026-03-29,15:42:34,autoclaved soil,-3.5,2026-03-29 15:42:34,20260805_soil_log.txt
2026-03-29,15:47:35,autoclaved soil,-1.75,2026-03-29 15:47:35,20260805_soil_log.txt
2026-03-29,15:52:35,autoclaved soil,-2.125,2026-03-29 15:52:35,20260805_soil_log.txt
2026-03-29,15:57:35,autoclaved soil,-2.0,2026-03-29 15:57:35,20260805_soil_log.txt
2026-03-29,16:02:35,autoclaved soil,-3.125,2026-03-29 16:02:35,20260805_soil_log.txt
2026-03-29,16:07:35,autoclaved soil,-1.75,2026-03-29 16:07:35,20260805_soil_log.txt
2026-03-29,16:12:36,autoclaved soil,-2.875,2026-03-29 16:12:36,20260805_soil_log.txt
2026-03-29,16:17:36,autoclaved soil,-1.375,2026-03-29 16:17:36,20260805_soil_log.txt
2026-03-29,16:22:36,autoclaved soil,-1.25,2026-03-29 16:22:36,20260805_soil_log.txt
2026-03-29,16:27:36,autoclaved soil,-2.375,2026-03-29 16:27:36,20260805_soil_log.txt
2026-03-29,16:32:37,autoclaved soil,-1.875,2026-03-29 16:32:37,20260805_soil_log.txt
2026-03-29,16:37:37,autoclaved soil,-1.375,2026-03-29 16:37:37,20260805_soil_log.txt
2026-03-29,16:42:37,autoclaved soil,-2.5,2026-03-29 16:42:37,20260805_soil_log.txt
2026-03-29,16:47:37,autoclaved soil,-1.75,2026-03-29 16:47:37,20260805_soil_log.txt
2026-03-29,16:52:37,autoclaved soil,-2.0,2026-03-29 16:52:37,20260805_soil_log.txt
2026-03-29,16:57:38,autoclaved soil,-1.375,2026-03-29 16:57:38,20260805_soil_log.txt
2026-03-29,17:02:38,autoclaved soil,-2.625,2026-03-29 17:02:38,20260805_soil_log.txt
2026-03-29,17:07:38,autoclaved soil,-2.375,2026-03-29 17:07:38,20260805_soil_log.txt
2026-03-29,17:12:38,autoclaved soil,-0.875,2026-03-29 17:12:38,20260805_soil_log.txt
2026-03-29,17:17:38,autoclaved soil,-1.5,2026-03-29 17:17:38,20260805_soil_log.txt
2026-03-29,17:22:39,autoclaved soil,-1.6250000000000002,2026-03-29 17:22:39,20260805_soil_log.txt
2026-03-29,17:27:39,autoclaved soil,-2.875,2026-03-29 17:27:39,20260805_soil_log.txt
2026-03-29,17:32:39,autoclaved soil,-1.75,2026-03-29 17:32:39,20260805_soil_log.txt
2026-03-29,17:37:39,autoclaved soil,-1.0,2026-03-29 17:37:39,20260805_soil_log.txt
2026-03-29,17:42:40,autoclaved soil,-1.0,2026-03-29 17:42:40,20260805_soil_log.txt
2026-03-29,17:47:40,autoclaved soil,-1.25,2026-03-29 17:47:40,20260805_soil_log.txt
2026-03-29,17:52:40,autoclaved soil,-2.0,2026-03-29 17:52:40,20260805_soil_log.txt
2026-03-29,17:57:40,autoclaved soil,-2.875,2026-03-29 17:57:40,20260805_soil_log.txt
2026-03-29,18:02:40,autoclaved soil,-1.375,2026-03-29 18:02:40,20260805_soil_log.txt
2026-03-29,18:07:41,autoclaved soil,-1.0,2026-03-29 18:07:41,20260805_soil_log.txt
2026-03-29,18:12:41,autoclaved soil,-2.75,2026-03-29 18:12:41,20260805_soil_log.txt
2026-03-29,18:17:41,autoclaved soil,-0.5,2026-03-29 18:17:41,20260805_soil_log.txt
2026-03-29,18:22:41,autoclaved soil,-0.875,2026-03-29 18:22:41,20260805_soil_log.txt
2026-03-29,18:27:42,autoclaved soil,-2.875,2026-03-29 18:27:42,20260805_soil_log.txt
2026-03-29,18:32:42,autoclaved soil,-1.6250000000000002,2026-03-29 18:32:42,20260805_soil_log.txt
2026-03-29,18:37:42,autoclaved soil,-0.5,2026-03-29 18:37:42,20260805_soil_log.txt
2026-03-29,18:42:42,autoclaved soil,-1.6250000000000002,2026-03-29 18:42:42,20260805_soil_log.txt
2026-03-29,18:47:43,autoclaved soil,-2.2500000000000004,2026-03-29 18:47:43,20260805_soil_log.txt
2026-03-29,18:52:43,autoclaved soil,-0.375,2026-03-29 18:52:43,20260805_soil_log.txt
2026-03-29,18:57:43,autoclaved soil,-2.375,2026-03-29 18:57:43,20260805_soil_log.txt
2026-03-29,19:02:43,autoclaved soil,-1.25,2026-03-29 19:02:43,20260805_soil_log.txt
2026-03-29,19:07:43,autoclaved soil,-0.25,2026-03-29 19:07:43,20260805_soil_log.txt
2026-03-29,19:12:44,autoclaved soil,-0.25,2026-03-29 19:12:44,20260805_soil_log.txt
2026-03-29,19:17:44,autoclaved soil,-2.375,2026-03-29 19:17:44,20260805_soil_log.txt
2026-03-29,19:22:44,autoclaved soil,-1.5,2026-03-29 19:22:44,20260805_soil_log.txt
2026-03-29,19:27:44,autoclaved soil,-1.875,2026-03-29 19:27:44,20260805_soil_log.txt
2026-03-29,19:32:44,autoclaved soil,0.75,2026-03-29 19:32:44,20260805_soil_log.txt
2026-03-29,19:37:45,autoclaved soil,0.75,2026-03-29 19:37:45,20260805_soil_log.txt
2026-03-29,19:42:45,autoclaved soil,-1.75,2026-03-29 19:42:45,20260805_soil_log.txt
2026-03-29,19:47:45,autoclaved soil,0.375,2026-03-29 19:47:45,20260805_soil_log.txt
2026-03-29,19:52:45,autoclaved soil,0.75,2026-03-29 19:52:45,20260805_soil_log.txt
2026-03-29,19:57:45,autoclaved soil,0.125,2026-03-29 19:57:45,20260805_soil_log.txt
2026-03-29,20:02:46,autoclaved soil,0.0,2026-03-29 20:02:46,20260805_soil_log.txt
2026-03-29,20:07:46,autoclaved soil,0.625,2026-03-29 20:07:46,20260805_soil_log.txt
2026-03-29,20:12:46,autoclaved soil,-1.25,2026-03-29 20:12:46,20260805_soil_log.txt
2026-03-29,20:17:46,autoclaved soil,-1.6250000000000002,2026-03-29 20:17:46,20260805_soil_log.txt
2026-03-29,20:22:47,autoclaved soil,-1.75,2026-03-29 20:22:47,20260805_soil_log.txt
2026-03-29,20:27:47,autoclaved soil,-1.1250000000000002,2026-03-29 20:27:47,20260805_soil_log.txt
2026-03-29,20:32:47,autoclaved soil,-2.2500000000000004,2026-03-29 20:32:47,20260805_soil_log.txt
2026-03-29,20:37:47,autoclaved soil,-0.625,2026-03-29 20:37:47,20260805_soil_log.txt
2026-03-29,20:42:47,autoclaved soil,-0.375,2026-03-29 20:42:47,20260805_soil_log.txt
2026-03-29,20:47:48,autoclaved soil,-1.375,2026-03-29 20:47:48,20260805_soil_log.txt
2026-03-29,20:52:48,autoclaved soil,-2.5,2026-03-29 20:52:48,20260805_soil_log.txt
2026-03-29,20:57:48,autoclaved soil,-0.875,2026-03-29 20:57:48,20260805_soil_log.txt
2026-03-29,21:02:48,autoclaved soil,-1.1250000000000002,2026-03-29 21:02:48,20260805_soil_log.txt
2026-03-29,21:07:48,autoclaved soil,-0.875,2026-03-29 21:07:48,20260805_soil_log.txt
2026-03-29,21:12:49,autoclaved soil,-0.875,2026-03-29 21:12:49,20260805_soil_log.txt
2026-03-29,21:17:49,autoclaved soil,-2.375,2026-03-29 21:17:49,20260805_soil_log.txt
2026-03-29,21:22:49,autoclaved soil,-1.375,2026-03-29 21:22:49,20260805_soil_log.txt
2026-03-29,21:27:49,autoclaved soil,-2.5,2026-03-29 21:27:49,20260805_soil_log.txt
2026-03-29,21:32:50,autoclaved soil,-2.625,2026-03-29 21:32:50,20260805_soil_log.txt
2026-03-29,21:37:50,autoclaved soil,-2.5,2026-03-29 21:37:50,20260805_soil_log.txt
2026-03-29,21:42:50,autoclaved soil,-2.375,2026-03-29 21:42:50,20260805_soil_log.txt
2026-03-29,21:47:50,autoclaved soil,-3.0,2026-03-29 21:47:50,20260805_soil_log.txt
2026-03-29,21:52:51,autoclaved soil,-2.375,2026-03-29 21:52:51,20260805_soil_log.txt
2026-03-29,21:57:51,autoclaved soil,0.125,2026-03-29 21:57:51,20260805_soil_log.txt
2026-03-29,22:02:51,autoclaved soil,-1.1250000000000002,2026-03-29 22:02:51,20260805_soil_log.txt
2026-03-29,22:07:51,autoclaved soil,-0.625,2026-03-29 22:07:51,20260805_soil_log.txt
2026-03-29,22:12:51,autoclaved soil,-2.125,2026-03-29 22:12:51,20260805_soil_log.txt
2026-03-29,22:17:52,autoclaved soil,-1.6250000000000002,2026-03-29 22:17:52,20260805_soil_log.txt
2026-03-29,22:22:52,autoclaved soil,-1.6250000000000002,2026-03-29 22:22:52,20260805_soil_log.txt
2026-03-29,22:27:52,autoclaved soil,-1.25,2026-03-29 22:27:52,20260805_soil_log.txt
2026-03-29,22:32:52,autoclaved soil,-0.625,2026-03-29 22:32:52,20260805_soil_log.txt
2026-03-29,22:37:53,autoclaved soil,1.375,2026-03-29 22:37:53,20260805_soil_log.txt
2026-03-29,22:42:53,autoclaved soil,-1.6250000000000002,2026-03-29 22:42:53,20260805_soil_log.txt
2026-03-29,22:47:53,autoclaved soil,0.125,2026-03-29 22:47:53,20260805_soil_log.txt
2026-03-29,22:52:53,autoclaved soil,-1.5,2026-03-29 22:52:53,20260805_soil_log.txt
2026-03-29,22:57:53,autoclaved soil,-0.75,2026-03-29 22:57:53,20260805_soil_log.txt
2026-03-29,23:02:54,autoclaved soil,0.375,2026-03-29 23:02:54,20260805_soil_log.txt
2026-03-29,23:07:54,autoclaved soil,-0.125,2026-03-29 23:07:54,20260805_soil_log.txt
2026-03-29,23:12:54,autoclaved soil,0.625,2026-03-29 23:12:54,20260805_soil_log.txt
2026-03-29,23:17:54,autoclaved soil,-0.375,2026-03-29 23:17:54,20260805_soil_log.txt
2026-03-29,23:22:55,autoclaved soil,1.1250000000000002,2026-03-29 23:22:55,20260805_soil_log.txt
2026-03-29,23:27:55,autoclaved soil,-1.25,2026-03-29 23:27:55,20260805_soil_log.txt
2026-03-29,23:32:55,autoclaved soil,0.75,2026-03-29 23:32:55,20260805_soil_log.txt
2026-03-29,23:37:55,autoclaved soil,-1.25,2026-03-29 23:37:55,20260805_soil_log.txt
2026-03-29,23:42:56,autoclaved soil,1.25,2026-03-29 23:42:56,20260805_soil_log.txt
2026-03-29,23:47:56,autoclaved soil,-1.5,2026-03-29 23:47:56,20260805_soil_log.txt
2026-03-29,23:52:56,autoclaved soil,0.375,2026-03-29 23:52:56,20260805_soil_log.txt
2026-03-29,23:57:56,autoclaved soil,-0.375,2026-03-29 23:57:56,20260805_soil_log.txt
2026-03-30,00:02:56,autoclaved soil,-1.6250000000000002,2026-03-30 00:02:56,20260805_soil_log.txt
2026-03-30,00:07:57,autoclaved soil,-1.25,2026-03-30 00:07:57,20260805_soil_log.txt
2026-03-30,00:12:57,autoclaved soil,-1.1250000000000002,2026-03-30 00:12:57,20260805_soil_log.txt
2026-03-30,00:17:57,autoclaved soil,1.6250000000000002,2026-03-30 00:17:57,20260805_soil_log.txt
2026-03-30,00:22:57,autoclaved soil,0.375,2026-03-30 00:22:57,20260805_soil_log.txt
2026-03-30,00:27:58,autoclaved soil,1.5,2026-03-30 00:27:58,20260805_soil_log.txt
2026-03-30,00:32:58,autoclaved soil,0.125,2026-03-30 00:32:58,20260805_soil_log.txt
2026-03-30,00:37:58,autoclaved soil,0.5,2026-03-30 00:37:58,20260805_soil_log.txt
2026-03-30,00:42:58,autoclaved soil,-0.375,2026-03-30 00:42:58,20260805_soil_log.txt
2026-03-30,00:47:58,autoclaved soil,-1.0,2026-03-30 00:47:58,20260805_soil_log.txt
2026-03-30,00:52:59,autoclaved soil,-1.0,2026-03-30 00:52:59,20260805_soil_log.txt
2026-03-30,00:57:59,autoclaved soil,0.25,2026-03-30 00:57:59,20260805_soil_log.txt
2026-03-30,01:02:59,autoclaved soil,1.5,2026-03-30 01:02:59,20260805_soil_log.txt
2026-03-30,01:07:59,autoclaved soil,0.125,2026-03-30 01:07:59,20260805_soil_log.txt
2026-03-30,01:12:59,autoclaved soil,-0.25,2026-03-30 01:12:59,20260805_soil_log.txt
2026-03-30,01:18:00,autoclaved soil,0.0,2026-03-30 01:18:00,20260805_soil_log.txt
2026-03-30,01:23:00,autoclaved soil,-1.1250000000000002,2026-03-30 01:23:00,20260805_soil_log.txt
2026-03-30,01:28:00,autoclaved soil,-1.6250000000000002,2026-03-30 01:28:00,20260805_soil_log.txt
2026-03-30,01:33:00,autoclaved soil,1.5,2026-03-30 01:33:00,20260805_soil_log.txt
2026-03-30,01:38:00,autoclaved soil,0.5,2026-03-30 01:38:00,20260805_soil_log.txt
2026-03-30,01:43:01,autoclaved soil,1.25,2026-03-30 01:43:01,20260805_soil_log.txt
2026-03-30,01:48:01,autoclaved soil,-0.125,2026-03-30 01:48:01,20260805_soil_log.txt
2026-03-30,01:53:01,autoclaved soil,-1.6250000000000002,2026-03-30 01:53:01,20260805_soil_log.txt
2026-03-30,01:58:01,autoclaved soil,0.125,2026-03-30 01:58:01,20260805_soil_log.txt
2026-03-30,02:03:02,autoclaved soil,0.75,2026-03-30 02:03:02,20260805_soil_log.txt
2026-03-30,02:08:02,autoclaved soil,-0.875,2026-03-30 02:08:02,20260805_soil_log.txt
2026-03-30,02:13:02,autoclaved soil,-0.625,2026-03-30 02:13:02,20260805_soil_log.txt
2026-03-30,02:18:02,autoclaved soil,1.75,2026-03-30 02:18:02,20260805_soil_log.txt
2026-03-30,02:23:02,autoclaved soil,2.0,2026-03-30 02:23:02,20260805_soil_log.txt
2026-03-30,02:28:03,autoclaved soil,1.875,2026-03-30 02:28:03,20260805_soil_log.txt
2026-03-30,02:33:03,autoclaved soil,1.875,2026-03-30 02:33:03,20260805_soil_log.txt
2026-03-30,02:38:03,autoclaved soil,0.625,2026-03-30 02:38:03,20260805_soil_log.txt
2026-03-30,02:43:03,autoclaved soil,1.6250000000000002,2026-03-30 02:43:03,20260805_soil_log.txt
2026-03-30,02:48:03,autoclaved soil,1.0,2026-03-30 02:48:03,20260805_soil_log.txt
2026-03-30,02:53:04,autoclaved soil,0.75,2026-03-30 02:53:04,20260805_soil_log.txt
2026-03-30,02:58:04,autoclaved soil,-0.875,2026-03-30 02:58:04,20260805_soil_log.txt
2026-03-30,03:03:04,autoclaved soil,0.875,2026-03-30 03:03:04,20260805_soil_log.txt
2026-03-30,03:08:04,autoclaved soil,1.375,2026-03-30 03:08:04,20260805_soil_log.txt
2026-03-30,03:13:04,autoclaved soil,-1.1250000000000002,2026-03-30 03:13:04,20260805_soil_log.txt
2026-03-30,03:18:05,autoclaved soil,0.75,2026-03-30 03:18:05,20260805_soil_log.txt
2026-03-30,03:23:05,autoclaved soil,-0.5,2026-03-30 03:23:05,20260805_soil_log.txt
2026-03-30,03:28:05,autoclaved soil,-0.625,2026-03-30 03:28:05,20260805_soil_log.txt
2026-03-30,03:33:05,autoclaved soil,-0.125,2026-03-30 03:33:05,20260805_soil_log.txt
2026-03-30,03:38:06,autoclaved soil,0.0,2026-03-30 03:38:06,20260805_soil_log.txt
2026-03-30,03:43:06,autoclaved soil,1.6250000000000002,2026-03-30 03:43:06,20260805_soil_log.txt
2026-03-30,03:48:06,autoclaved soil,-0.375,2026-03-30 03:48:06,20260805_soil_log.txt
2026-03-30,03:53:06,autoclaved soil,0.0,2026-03-30 03:53:06,20260805_soil_log.txt
2026-03-30,03:58:06,autoclaved soil,1.75,2026-03-30 03:58:06,20260805_soil_log.txt
2026-03-30,04:03:07,autoclaved soil,0.25,2026-03-30 04:03:07,20260805_soil_log.txt
2026-03-30,04:08:07,autoclaved soil,-1.5,2026-03-30 04:08:07,20260805_soil_log.txt
2026-03-30,04:13:07,autoclaved soil,1.1250000000000002,2026-03-30 04:13:07,20260805_soil_log.txt
2026-03-30,04:18:07,autoclaved soil,1.1250000000000002,2026-03-30 04:18:07,20260805_soil_log.txt
2026-03-30,04:23:08,autoclaved soil,0.75,2026-03-30 04:23:08,20260805_soil_log.txt
2026-03-30,04:28:08,autoclaved soil,-0.875,2026-03-30 04:28:08,20260805_soil_log.txt
2026-03-30,04:33:08,autoclaved soil,-1.0,2026-03-30 04:33:08,20260805_soil_log.txt
2026-03-30,04:38:08,autoclaved soil,1.5,2026-03-30 04:38:08,20260805_soil_log.txt
2026-03-30,04:43:08,autoclaved soil,-0.875,2026-03-30 04:43:08,20260805_soil_log.txt
2026-03-30,04:48:09,autoclaved soil,-0.75,2026-03-30 04:48:09,20260805_soil_log.txt
2026-03-30,04:53:09,autoclaved soil,-0.625,2026-03-30 04:53:09,20260805_soil_log.txt
2026-03-30,04:58:09,autoclaved soil,-0.375,2026-03-30 04:58:09,20260805_soil_log.txt
2026-03-30,05:03:09,autoclaved soil,1.6250000000000002,2026-03-30 05:03:09,20260805_soil_log.txt
2026-03-30,05:08:09,autoclaved soil,0.375,2026-03-30 05:08:09,20260805_soil_log.txt
2026-03-30,05:13:10,autoclaved soil,0.375,2026-03-30 05:13:10,20260805_soil_log.txt
2026-03-30,05:18:10,autoclaved soil,1.375,2026-03-30 05:18:10,20260805_soil_log.txt
2026-03-30,05:23:10,autoclaved soil,2.625,2026-03-30 05:23:10,20260805_soil_log.txt
2026-03-30,05:28:10,autoclaved soil,0.5,2026-03-30 05:28:10,20260805_soil_log.txt
2026-03-30,05:33:11,autoclaved soil,2.625,2026-03-30 05:33:11,20260805_soil_log.txt
2026-03-30,05:38:11,autoclaved soil,0.625,2026-03-30 05:38:11,20260805_soil_log.txt
2026-03-30,05:43:11,autoclaved soil,1.25,2026-03-30 05:43:11,20260805_soil_log.txt
2026-03-30,05:48:11,autoclaved soil,2.2500000000000004,2026-03-30 05:48:11,20260805_soil_log.txt
2026-03-30,05:53:11,autoclaved soil,0.75,2026-03-30 05:53:11,20260805_soil_log.txt
2026-03-30,05:58:12,autoclaved soil,2.375,2026-03-30 05:58:12,20260805_soil_log.txt
2026-03-30,06:03:12,autoclaved soil,0.75,2026-03-30 06:03:12,20260805_soil_log.txt
2026-03-30,06:08:12,autoclaved soil,2.2500000000000004,2026-03-30 06:08:12,20260805_soil_log.txt
2026-03-30,06:13:12,autoclaved soil,0.125,2026-03-30 06:13:12,20260805_soil_log.txt
2026-03-30,06:18:13,autoclaved soil,-0.5,2026-03-30 06:18:13,20260805_soil_log.txt
2026-03-30,06:23:13,autoclaved soil,1.875,2026-03-30 06:23:13,20260805_soil_log.txt
2026-03-30,06:28:13,autoclaved soil,0.75,2026-03-30 06:28:13,20260805_soil_log.txt
2026-03-30,06:33:13,autoclaved soil,0.0,2026-03-30 06:33:13,20260805_soil_log.txt
2026-03-30,06:38:14,autoclaved soil,1.1250000000000002,2026-03-30 06:38:14,20260805_soil_log.txt
2026-03-30,06:43:14,autoclaved soil,-0.125,2026-03-30 06:43:14,20260805_soil_log.txt
2026-03-30,06:48:14,autoclaved soil,-1.375,2026-03-30 06:48:14,20260805_soil_log.txt
2026-03-30,06:53:14,autoclaved soil,-1.1250000000000002,2026-03-30 06:53:14,20260805_soil_log.txt
2026-03-30,06:58:14,autoclaved soil,-1.1250000000000002,2026-03-30 06:58:14,20260805_soil_log.txt
2026-03-30,07:03:15,autoclaved soil,-1.0,2026-03-30 07:03:15,20260805_soil_log.txt
2026-03-30,07:08:15,autoclaved soil,-0.125,2026-03-30 07:08:15,20260805_soil_log.txt
2026-03-30,07:13:15,autoclaved soil,1.25,2026-03-30 07:13:15,20260805_soil_log.txt
2026-03-30,07:18:15,autoclaved soil,1.6250000000000002,2026-03-30 07:18:15,20260805_soil_log.txt
2026-03-30,07:23:16,autoclaved soil,-0.75,2026-03-30 07:23:16,20260805_soil_log.txt
2026-03-30,07:28:16,autoclaved soil,1.5,2026-03-30 07:28:16,20260805_soil_log.txt
2026-03-30,07:33:16,autoclaved soil,0.25,2026-03-30 07:33:16,20260805_soil_log.txt
2026-03-30,07:38:16,autoclaved soil,0.25,2026-03-30 07:38:16,20260805_soil_log.txt
2026-03-30,07:43:16,autoclaved soil,0.625,2026-03-30 07:43:16,20260805_soil_log.txt
2026-03-30,07:48:17,autoclaved soil,2.0,2026-03-30 07:48:17,20260805_soil_log.txt
2026-03-30,07:53:17,autoclaved soil,1.75,2026-03-30 07:53:17,20260805_soil_log.txt
2026-03-30,07:58:17,autoclaved soil,1.1250000000000002,2026-03-30 07:58:17,20260805_soil_log.txt
2026-03-30,08:03:17,autoclaved soil,1.1250000000000002,2026-03-30 08:03:17,20260805_soil_log.txt
2026-03-30,08:08:18,autoclaved soil,3.5,2026-03-30 08:08:18,20260805_soil_log.txt
2026-03-30,08:13:18,autoclaved soil,1.875,2026-03-30 08:13:18,20260805_soil_log.txt
2026-03-30,08:18:18,autoclaved soil,3.125,2026-03-30 08:18:18,20260805_soil_log.txt
2026-03-30,08:23:18,autoclaved soil,2.75,2026-03-30 08:23:18,20260805_soil_log.txt
2026-03-30,08:28:18,autoclaved soil,2.625,2026-03-30 08:28:18,20260805_soil_log.txt
2026-03-30,08:33:19,autoclaved soil,2.0,2026-03-30 08:33:19,20260805_soil_log.txt
2026-03-30,08:38:19,autoclaved soil,3.625,2026-03-30 08:38:19,20260805_soil_log.txt
2026-03-30,08:43:19,autoclaved soil,2.875,2026-03-30 08:43:19,20260805_soil_log.txt
2026-03-30,08:48:19,autoclaved soil,1.375,2026-03-30 08:48:19,20260805_soil_log.txt
2026-03-30,08:53:20,autoclaved soil,2.75,2026-03-30 08:53:20,20260805_soil_log.txt
2026-03-30,08:58:20,autoclaved soil,1.875,2026-03-30 08:58:20,20260805_soil_log.txt
2026-03-30,09:03:20,autoclaved soil,3.625,2026-03-30 09:03:20,20260805_soil_log.txt
2026-03-30,09:08:20,autoclaved soil,2.375,2026-03-30 09:08:20,20260805_soil_log.txt
2026-03-30,09:13:20,autoclaved soil,2.5,2026-03-30 09:13:20,20260805_soil_log.txt
2026-03-30,09:18:21,autoclaved soil,3.125,2026-03-30 09:18:21,20260805_soil_log.txt
2026-03-30,09:23:21,autoclaved soil,2.125,2026-03-30 09:23:21,20260805_soil_log.txt
2026-03-30,09:28:21,autoclaved soil,1.75,2026-03-30 09:28:21,20260805_soil_log.txt
2026-03-30,09:33:21,autoclaved soil,2.125,2026-03-30 09:33:21,20260805_soil_log.txt
2026-03-30,09:38:22,autoclaved soil,2.125,2026-03-30 09:38:22,20260805_soil_log.txt
2026-03-30,09:43:22,autoclaved soil,2.0,2026-03-30 09:43:22,20260805_soil_log.txt
2026-03-30,09:48:22,autoclaved soil,3.125,2026-03-30 09:48:22,20260805_soil_log.txt
2026-03-30,09:53:22,autoclaved soil,2.5,2026-03-30 09:53:22,20260805_soil_log.txt
2026-03-30,09:58:22,autoclaved soil,2.0,2026-03-30 09:58:22,20260805_soil_log.txt
2026-03-30,10:03:23,autoclaved soil,2.375,2026-03-30 10:03:23,20260805_soil_log.txt
2026-03-30,10:08:23,autoclaved soil,2.375,2026-03-30 10:08:23,20260805_soil_log.txt
2026-03-30,10:13:23,autoclaved soil,2.0,2026-03-30 10:13:23,20260805_soil_log.txt
2026-03-30,10:18:23,autoclaved soil,2.5,2026-03-30 10:18:23,20260805_soil_log.txt
2026-03-30,10:23:24,autoclaved soil,2.2500000000000004,2026-03-30 10:23:24,20260805_soil_log.txt
2026-03-30,10:28:24,autoclaved soil,3.2500000000000004,2026-03-30 10:28:24,20260805_soil_log.txt
2026-03-30,10:33:24,autoclaved soil,2.5,2026-03-30 10:33:24,20260805_soil_log.txt
2026-03-30,10:38:24,autoclaved soil,4.0,2026-03-30 10:38:24,20260805_soil_log.txt
2026-03-30,10:43:24,autoclaved soil,4.25,2026-03-30 10:43:24,20260805_soil_log.txt
2026-03-30,10:48:25,autoclaved soil,4.125,2026-03-30 10:48:25,20260805_soil_log.txt
2026-03-30,10:53:25,autoclaved soil,4.25,2026-03-30 10:53:25,20260805_soil_log.txt
2026-03-30,10:58:25,autoclaved soil,4.375,2026-03-30 10:58:25,20260805_soil_log.txt
2026-03-30,11:03:25,autoclaved soil,4.625,2026-03-30 11:03:25,20260805_soil_log.txt
2026-03-30,11:08:26,autoclaved soil,4.625,2026-03-30 11:08:26,20260805_soil_log.txt
2026-03-30,11:13:26,autoclaved soil,4.25,2026-03-30 11:13:26,20260805_soil_log.txt
2026-03-30,11:18:26,autoclaved soil,2.625,2026-03-30 11:18:26,20260805_soil_log.txt
2026-03-30,11:23:26,autoclaved soil,4.75,2026-03-30 11:23:26,20260805_soil_log.txt
2026-03-30,11:28:26,autoclaved soil,4.25,2026-03-30 11:28:26,20260805_soil_log.txt
2026-03-30,11:33:27,autoclaved soil,5.25,2026-03-30 11:33:27,20260805_soil_log.txt
2026-03-30,11:38:27,autoclaved soil,3.375,2026-03-30 11:38:27,20260805_soil_log.txt
2026-03-30,11:43:27,autoclaved soil,3.875,2026-03-30 11:43:27,20260805_soil_log.txt
2026-03-30,11:48:27,autoclaved soil,3.2500000000000004,2026-03-30 11:48:27,20260805_soil_log.txt
2026-03-30,11:53:28,autoclaved soil,4.75,2026-03-30 11:53:28,20260805_soil_log.txt
2026-03-30,11:58:28,autoclaved soil,5.0,2026-03-30 11:58:28,20260805_soil_log.txt
2026-03-30,12:03:28,autoclaved soil,5.125,2026-03-30 12:03:28,20260805_soil_log.txt
2026-03-30,12:08:28,autoclaved soil,3.625,2026-03-30 12:08:28,20260805_soil_log.txt
2026-03-30,12:13:28,autoclaved soil,3.75,2026-03-30 12:13:28,20260805_soil_log.txt
2026-03-30,12:18:29,autoclaved soil,4.0,2026-03-30 12:18:29,20260805_soil_log.txt
2026-03-30,12:23:29,autoclaved soil,3.0,2026-03-30 12:23:29,20260805_soil_log.txt
2026-03-30,12:28:29,autoclaved soil,3.0,2026-03-30 12:28:29,20260805_soil_log.txt
2026-03-30,12:33:29,autoclaved soil,3.625,2026-03-30 12:33:29,20260805_soil_log.txt
2026-03-30,12:38:29,autoclaved soil,4.0,2026-03-30 12:38:29,20260805_soil_log.txt
2026-03-30,12:43:30,autoclaved soil,5.0,2026-03-30 12:43:30,20260805_soil_log.txt
2026-03-30,12:48:30,autoclaved soil,4.375,2026-03-30 12:48:30,20260805_soil_log.txt
2026-03-30,12:53:30,autoclaved soil,4.875,2026-03-30 12:53:30,20260805_soil_log.txt
2026-03-30,12:58:30,autoclaved soil,4.875,2026-03-30 12:58:30,20260805_soil_log.txt
2026-03-30,13:03:30,autoclaved soil,3.625,2026-03-30 13:03:30,20260805_soil_log.txt
2026-03-30,13:08:31,autoclaved soil,4.75,2026-03-30 13:08:31,20260805_soil_log.txt
2026-03-30,13:13:31,autoclaved soil,4.500000000000001,2026-03-30 13:13:31,20260805_soil_log.txt
2026-03-30,13:18:31,autoclaved soil,3.375,2026-03-30 13:18:31,20260805_soil_log.txt
2026-03-30,13:23:31,autoclaved soil,5.125,2026-03-30 13:23:31,20260805_soil_log.txt
2026-03-30,13:28:31,autoclaved soil,3.2500000000000004,2026-03-30 13:28:31,20260805_soil_log.txt
2026-03-30,13:33:32,autoclaved soil,5.25,2026-03-30 13:33:32,20260805_soil_log.txt
2026-03-30,13:38:32,autoclaved soil,5.125,2026-03-30 13:38:32,20260805_soil_log.txt
2026-03-30,13:43:32,autoclaved soil,4.625,2026-03-30 13:43:32,20260805_soil_log.txt
2026-03-30,13:48:32,autoclaved soil,5.25,2026-03-30 13:48:32,20260805_soil_log.txt
2026-03-30,13:53:33,autoclaved soil,3.375,2026-03-30 13:53:33,20260805_soil_log.txt
2026-03-30,13:58:33,autoclaved soil,3.75,2026-03-30 13:58:33,20260805_soil_log.txt
2026-03-30,14:03:33,autoclaved soil,4.500000000000001,2026-03-30 14:03:33,20260805_soil_log.txt
2026-03-30,14:08:33,autoclaved soil,5.5,2026-03-30 14:08:33,20260805_soil_log.txt
2026-03-30,14:13:33,autoclaved soil,5.625,2026-03-30 14:13:33,20260805_soil_log.txt
2026-03-30,14:18:34,autoclaved soil,4.500000000000001,2026-03-30 14:18:34,20260805_soil_log.txt
2026-03-30,14:23:34,autoclaved soil,5.875,2026-03-30 14:23:34,20260805_soil_log.txt
2026-03-30,14:28:34,autoclaved soil,4.25,2026-03-30 14:28:34,20260805_soil_log.txt
2026-03-30,14:33:34,autoclaved soil,4.125,2026-03-30 14:33:34,20260805_soil_log.txt
2026-03-30,14:38:34,autoclaved soil,4.25,2026-03-30 14:38:34,20260805_soil_log.txt
2026-03-30,14:43:35,autoclaved soil,4.625,2026-03-30 14:43:35,20260805_soil_log.txt
2026-03-30,14:48:35,autoclaved soil,6.125,2026-03-30 14:48:35,20260805_soil_log.txt
2026-03-30,14:53:35,autoclaved soil,6.25,2026-03-30 14:53:35,20260805_soil_log.txt
2026-03-30,14:58:35,autoclaved soil,6.375000000000001,2026-03-30 14:58:35,20260805_soil_log.txt
2026-03-30,15:03:36,autoclaved soil,6.500000000000001,2026-03-30 15:03:36,20260805_soil_log.txt
2026-03-30,15:08:36,autoclaved soil,5.625,2026-03-30 15:08:36,20260805_soil_log.txt
2026-03-30,15:13:36,autoclaved soil,4.75,2026-03-30 15:13:36,20260805_soil_log.txt
2026-03-30,15:18:36,autoclaved soil,6.500000000000001,2026-03-30 15:18:36,20260805_soil_log.txt
2026-03-30,15:23:37,autoclaved soil,4.875,2026-03-30 15:23:37,20260805_soil_log.txt
2026-03-30,15:28:37,autoclaved soil,6.500000000000001,2026-03-30 15:28:37,20260805_soil_log.txt
2026-03-30,15:33:37,autoclaved soil,4.75,2026-03-30 15:33:37,20260805_soil_log.txt
2026-03-30,15:38:37,autoclaved soil,6.125,2026-03-30 15:38:37,20260805_soil_log.txt
2026-03-30,15:43:37,autoclaved soil,4.875,2026-03-30 15:43:37,20260805_soil_log.txt
2026-03-30,15:48:38,autoclaved soil,6.25,2026-03-30 15:48:38,20260805_soil_log.txt
2026-03-30,15:53:38,autoclaved soil,5.125,2026-03-30 15:53:38,20260805_soil_log.txt
2026-03-30,15:58:38,autoclaved soil,6.875,2026-03-30 15:58:38,20260805_soil_log.txt
2026-03-30,16:03:38,autoclaved soil,5.75,2026-03-30 16:03:38,20260805_soil_log.txt
2026-03-30,16:08:39,autoclaved soil,6.25,2026-03-30 16:08:39,20260805_soil_log.txt
2026-03-30,16:13:39,autoclaved soil,6.375000000000001,2026-03-30 16:13:39,20260805_soil_log.txt
2026-03-30,16:18:39,autoclaved soil,5.25,2026-03-30 16:18:39,20260805_soil_log.txt
2026-03-30,16:23:39,autoclaved soil,5.0,2026-03-30 16:23:39,20260805_soil_log.txt
2026-03-30,16:28:40,autoclaved soil,6.500000000000001,2026-03-30 16:28:40,20260805_soil_log.txt
2026-03-30,16:33:40,autoclaved soil,6.125,2026-03-30 16:33:40,20260805_soil_log.txt
2026-03-30,16:38:40,autoclaved soil,5.75,2026-03-30 16:38:40,20260805_soil_log.txt
2026-03-30,16:43:40,autoclaved soil,7.125,2026-03-30 16:43:40,20260805_soil_log.txt
2026-03-30,16:48:40,autoclaved soil,4.875,2026-03-30 16:48:40,20260805_soil_log.txt
2026-03-30,16:53:41,autoclaved soil,5.125,2026-03-30 16:53:41,20260805_soil_log.txt
2026-03-30,16:58:41,autoclaved soil,6.625,2026-03-30 16:58:41,20260805_soil_log.txt
2026-03-30,17:03:41,autoclaved soil,6.25,2026-03-30 17:03:41,20260805_soil_log.txt
2026-03-30,17:08:41,autoclaved soil,4.500000000000001,2026-03-30 17:08:41,20260805_soil_log.txt
2026-03-30,17:13:42,autoclaved soil,6.0,2026-03-30 17:13:42,20260805_soil_log.txt
2026-03-30,17:18:42,autoclaved soil,4.500000000000001,2026-03-30 17:18:42,20260805_soil_log.txt
2026-03-30,17:23:42,autoclaved soil,6.375000000000001,2026-03-30 17:23:42,20260805_soil_log.txt
2026-03-30,17:28:42,autoclaved soil,6.375000000000001,2026-03-30 17:28:42,20260805_soil_log.txt
2026-03-30,17:33:42,autoclaved soil,4.625,2026-03-30 17:33:42,20260805_soil_log.txt
2026-03-30,17:38:43,autoclaved soil,6.625,2026-03-30 17:38:43,20260805_soil_log.txt
2026-03-30,17:43:43,autoclaved soil,6.25,2026-03-30 17:43:43,20260805_soil_log.txt
2026-03-30,17:48:43,autoclaved soil,6.500000000000001,2026-03-30 17:48:43,20260805_soil_log.txt
2026-03-30,17:53:43,autoclaved soil,4.500000000000001,2026-03-30 17:53:43,20260805_soil_log.txt
2026-03-30,17:58:44,autoclaved soil,5.625,2026-03-30 17:58:44,20260805_soil_log.txt
2026-03-30,18:03:44,autoclaved soil,4.375,2026-03-30 18:03:44,20260805_soil_log.txt
2026-03-30,18:08:44,autoclaved soil,6.0,2026-03-30 18:08:44,20260805_soil_log.txt
2026-03-30,18:13:44,autoclaved soil,5.5,2026-03-30 18:13:44,20260805_soil_log.txt
2026-03-30,18:18:44,autoclaved soil,6.500000000000001,2026-03-30 18:18:44,20260805_soil_log.txt
2026-03-30,18:23:45,autoclaved soil,4.875,2026-03-30 18:23:45,20260805_soil_log.txt
2026-03-30,18:28:45,autoclaved soil,5.25,2026-03-30 18:28:45,20260805_soil_log.txt
2026-03-30,18:33:45,autoclaved soil,6.75,2026-03-30 18:33:45,20260805_soil_log.txt
2026-03-30,18:38:45,autoclaved soil,6.75,2026-03-30 18:38:45,20260805_soil_log.txt
2026-03-30,18:43:46,autoclaved soil,6.375000000000001,2026-03-30 18:43:46,20260805_soil_log.txt
2026-03-30,18:48:46,autoclaved soil,5.0,2026-03-30 18:48:46,20260805_soil_log.txt
2026-03-30,18:53:46,autoclaved soil,5.625,2026-03-30 18:53:46,20260805_soil_log.txt
2026-03-30,18:58:46,autoclaved soil,5.125,2026-03-30 18:58:46,20260805_soil_log.txt
2026-03-30,19:03:46,autoclaved soil,5.25,2026-03-30 19:03:46,20260805_soil_log.txt
2026-03-30,19:08:47,autoclaved soil,5.25,2026-03-30 19:08:47,20260805_soil_log.txt
2026-03-30,19:13:47,autoclaved soil,7.125,2026-03-30 19:13:47,20260805_soil_log.txt
2026-03-30,19:18:47,autoclaved soil,7.125,2026-03-30 19:18:47,20260805_soil_log.txt
2026-03-30,19:23:47,autoclaved soil,6.500000000000001,2026-03-30 19:23:47,20260805_soil_log.txt
2026-03-30,19:28:48,autoclaved soil,5.875,2026-03-30 19:28:48,20260805_soil_log.txt
2026-03-30,19:33:48,autoclaved soil,5.5,2026-03-30 19:33:48,20260805_soil_log.txt
2026-03-30,19:38:48,autoclaved soil,5.5,2026-03-30 19:38:48,20260805_soil_log.txt
2026-03-30,19:43:48,autoclaved soil,6.375000000000001,2026-03-30 19:43:48,20260805_soil_log.txt
2026-03-30,19:48:48,autoclaved soil,6.375000000000001,2026-03-30 19:48:48,20260805_soil_log.txt
2026-03-30,19:53:49,autoclaved soil,6.125,2026-03-30 19:53:49,20260805_soil_log.txt
2026-03-30,19:58:49,autoclaved soil,6.625,2026-03-30 19:58:49,20260805_soil_log.txt
2026-03-30,20:03:49,autoclaved soil,7.375000000000001,2026-03-30 20:03:49,20260805_soil_log.txt
2026-03-30,20:08:49,autoclaved soil,5.125,2026-03-30 20:08:49,20260805_soil_log.txt
2026-03-30,20:13:49,autoclaved soil,6.500000000000001,2026-03-30 20:13:49,20260805_soil_log.txt
2026-03-30,20:18:50,autoclaved soil,5.125,2026-03-30 20:18:50,20260805_soil_log.txt
2026-03-30,20:23:50,autoclaved soil,5.125,2026-03-30 20:23:50,20260805_soil_log.txt
2026-03-30,20:28:50,autoclaved soil,6.0,2026-03-30 20:28:50,20260805_soil_log.txt
2026-03-30,20:33:50,autoclaved soil,7.5,2026-03-30 20:33:50,20260805_soil_log.txt
2026-03-30,20:38:51,autoclaved soil,5.625,2026-03-30 20:38:51,20260805_soil_log.txt
2026-03-30,20:43:51,autoclaved soil,7.75,2026-03-30 20:43:51,20260805_soil_log.txt
2026-03-30,20:48:51,autoclaved soil,7.625,2026-03-30 20:48:51,20260805_soil_log.txt
2026-03-30,20:53:51,autoclaved soil,6.0,2026-03-30 20:53:51,20260805_soil_log.txt
2026-03-30,20:58:51,autoclaved soil,6.625,2026-03-30 20:58:51,20260805_soil_log.txt
2026-03-30,21:03:52,autoclaved soil,6.75,2026-03-30 21:03:52,20260805_soil_log.txt
2026-03-30,21:08:52,autoclaved soil,8.5,2026-03-30 21:08:52,20260805_soil_log.txt
2026-03-30,21:13:52,autoclaved soil,6.625,2026-03-30 21:13:52,20260805_soil_log.txt
2026-03-30,21:18:52,autoclaved soil,7.5,2026-03-30 21:18:52,20260805_soil_log.txt
2026-03-30,21:23:53,autoclaved soil,8.625,2026-03-30 21:23:53,20260805_soil_log.txt
2026-03-30,21:28:53,autoclaved soil,7.25,2026-03-30 21:28:53,20260805_soil_log.txt
2026-03-30,21:33:53,autoclaved soil,8.875000000000002,2026-03-30 21:33:53,20260805_soil_log.txt
2026-03-30,21:38:53,autoclaved soil,8.375,2026-03-30 21:38:53,20260805_soil_log.txt
2026-03-30,21:43:53,autoclaved soil,9.125,2026-03-30 21:43:53,20260805_soil_log.txt
2026-03-30,21:48:54,autoclaved soil,7.0,2026-03-30 21:48:54,20260805_soil_log.txt
2026-03-30,21:53:54,autoclaved soil,6.875,2026-03-30 21:53:54,20260805_soil_log.txt
2026-03-30,21:58:54,autoclaved soil,7.625,2026-03-30 21:58:54,20260805_soil_log.txt
2026-03-30,22:03:54,autoclaved soil,8.0,2026-03-30 22:03:54,20260805_soil_log.txt
2026-03-30,22:08:54,autoclaved soil,7.25,2026-03-30 22:08:54,20260805_soil_log.txt
2026-03-30,22:13:55,autoclaved soil,6.75,2026-03-30 22:13:55,20260805_soil_log.txt
2026-03-30,22:18:55,autoclaved soil,7.0,2026-03-30 22:18:55,20260805_soil_log.txt
2026-03-30,22:23:55,autoclaved soil,7.625,2026-03-30 22:23:55,20260805_soil_log.txt
2026-03-30,22:28:55,autoclaved soil,6.75,2026-03-30 22:28:55,20260805_soil_log.txt
2026-03-30,22:33:56,autoclaved soil,7.0,2026-03-30 22:33:56,20260805_soil_log.txt
2026-03-30,22:38:56,autoclaved soil,7.5,2026-03-30 22:38:56,20260805_soil_log.txt
2026-03-30,22:43:56,autoclaved soil,9.125,2026-03-30 22:43:56,20260805_soil_log.txt
2026-03-30,22:48:56,autoclaved soil,8.75,2026-03-30 22:48:56,20260805_soil_log.txt
2026-03-30,22:53:57,autoclaved soil,9.000000000000002,2026-03-30 22:53:57,20260805_soil_log.txt
2026-03-30,22:58:57,autoclaved soil,8.375,2026-03-30 22:58:57,20260805_soil_log.txt
2026-03-30,23:03:57,autoclaved soil,6.75,2026-03-30 23:03:57,20260805_soil_log.txt
2026-03-30,23:08:57,autoclaved soil,8.125,2026-03-30 23:08:57,20260805_soil_log.txt
2026-03-30,23:13:57,autoclaved soil,6.125,2026-03-30 23:13:57,20260805_soil_log.txt
2026-03-30,23:18:58,autoclaved soil,6.125,2026-03-30 23:18:58,20260805_soil_log.txt
2026-03-30,23:23:58,autoclaved soil,7.875,2026-03-30 23:23:58,20260805_soil_log.txt
2026-03-30,23:28:58,autoclaved soil,6.25,2026-03-30 23:28:58,20260805_soil_log.txt
2026-03-30,23:33:58,autoclaved soil,6.75,2026-03-30 23:33:58,20260805_soil_log.txt
2026-03-30,23:38:59,autoclaved soil,6.625,2026-03-30 23:38:59,20260805_soil_log.txt
2026-03-30,23:43:59,autoclaved soil,6.625,2026-03-30 23:43:59,20260805_soil_log.txt
2026-03-30,23:48:59,autoclaved soil,8.25,2026-03-30 23:48:59,20260805_soil_log.txt
2026-03-30,23:53:59,autoclaved soil,7.25,2026-03-30 23:53:59,20260805_soil_log.txt
2026-03-30,23:58:59,autoclaved soil,8.375,2026-03-30 23:58:59,20260805_soil_log.txt
2026-03-31,00:04:00,autoclaved soil,7.875,2026-03-31 00:04:00,20260805_soil_log.txt
2026-03-31,00:09:00,autoclaved soil,6.25,2026-03-31 00:09:00,20260805_soil_log.txt
2026-03-31,00:14:00,autoclaved soil,7.875,2026-03-31 00:14:00,20260805_soil_log.txt
2026-03-31,00:19:00,autoclaved soil,7.0,2026-03-31 00:19:00,20260805_soil_log.txt
2026-03-31,00:24:01,autoclaved soil,8.375,2026-03-31 00:24:01,20260805_soil_log.txt
2026-03-31,00:29:01,autoclaved soil,7.625,2026-03-31 00:29:01,20260805_soil_log.txt
2026-03-31,00:34:01,autoclaved soil,7.25,2026-03-31 00:34:01,20260805_soil_log.txt
2026-03-31,00:39:01,autoclaved soil,6.25,2026-03-31 00:39:01,20260805_soil_log.txt
2026-03-31,00:44:01,autoclaved soil,7.625,2026-03-31 00:44:01,20260805_soil_log.txt
2026-03-31,00:49:02,autoclaved soil,6.25,2026-03-31 00:49:02,20260805_soil_log.txt
2026-03-31,00:54:02,autoclaved soil,8.625,2026-03-31 00:54:02,20260805_soil_log.txt
2026-03-31,00:59:02,autoclaved soil,8.625,2026-03-31 00:59:02,20260805_soil_log.txt
2026-03-31,01:04:02,autoclaved soil,6.125,2026-03-31 01:04:02,20260805_soil_log.txt
2026-03-31,01:09:03,autoclaved soil,6.500000000000001,2026-03-31 01:09:03,20260805_soil_log.txt
2026-03-31,01:14:03,autoclaved soil,7.25,2026-03-31 01:14:03,20260805_soil_log.txt
2026-03-31,01:19:03,autoclaved soil,6.875,2026-03-31 01:19:03,20260805_soil_log.txt
2026-03-31,01:24:03,autoclaved soil,6.375000000000001,2026-03-31 01:24:03,20260805_soil_log.txt
2026-03-31,01:29:03,autoclaved soil,6.25,2026-03-31 01:29:03,20260805_soil_log.txt
2026-03-31,01:34:04,autoclaved soil,7.875,2026-03-31 01:34:04,20260805_soil_log.txt
2026-03-31,01:39:04,autoclaved soil,7.75,2026-03-31 01:39:04,20260805_soil_log.txt
2026-03-31,01:44:04,autoclaved soil,8.75,2026-03-31 01:44:04,20260805_soil_log.txt
2026-03-31,01:49:04,autoclaved soil,7.75,2026-03-31 01:49:04,20260805_soil_log.txt
2026-03-31,01:54:04,autoclaved soil,7.0,2026-03-31 01:54:04,20260805_soil_log.txt
2026-03-31,01:59:05,autoclaved soil,6.500000000000001,2026-03-31 01:59:05,20260805_soil_log.txt
2026-03-31,02:04:05,autoclaved soil,6.500000000000001,2026-03-31 02:04:05,20260805_soil_log.txt
2026-03-31,02:09:05,autoclaved soil,8.125,2026-03-31 02:09:05,20260805_soil_log.txt
2026-03-31,02:14:05,autoclaved soil,8.375,2026-03-31 02:14:05,20260805_soil_log.txt
2026-03-31,02:19:06,autoclaved soil,8.5,2026-03-31 02:19:06,20260805_soil_log.txt
2026-03-31,02:24:06,autoclaved soil,6.875,2026-03-31 02:24:06,20260805_soil_log.txt
2026-03-31,02:29:06,autoclaved soil,9.000000000000002,2026-03-31 02:29:06,20260805_soil_log.txt
2026-03-31,02:34:06,autoclaved soil,8.625,2026-03-31 02:34:06,20260805_soil_log.txt
2026-03-31,02:39:07,autoclaved soil,9.000000000000002,2026-03-31 02:39:07,20260805_soil_log.txt
2026-03-31,02:44:07,autoclaved soil,8.125,2026-03-31 02:44:07,20260805_soil_log.txt
2026-03-31,02:49:07,autoclaved soil,7.0,2026-03-31 02:49:07,20260805_soil_log.txt
2026-03-31,02:54:07,autoclaved soil,8.75,2026-03-31 02:54:07,20260805_soil_log.txt
2026-03-31,02:59:07,autoclaved soil,8.375,2026-03-31 02:59:07,20260805_soil_log.txt
2026-03-31,03:04:08,autoclaved soil,8.75,2026-03-31 03:04:08,20260805_soil_log.txt
2026-03-31,03:09:08,autoclaved soil,8.5,2026-03-31 03:09:08,20260805_soil_log.txt
2026-03-31,03:14:08,autoclaved soil,8.125,2026-03-31 03:14:08,20260805_soil_log.txt
2026-03-31,03:19:08,autoclaved soil,6.75,2026-03-31 03:19:08,20260805_soil_log.txt
2026-03-31,03:24:08,autoclaved soil,9.125,2026-03-31 03:24:08,20260805_soil_log.txt
2026-03-31,03:29:09,autoclaved soil,6.75,2026-03-31 03:29:09,20260805_soil_log.txt
2026-03-31,03:34:09,autoclaved soil,8.0,2026-03-31 03:34:09,20260805_soil_log.txt
2026-03-31,03:39:09,autoclaved soil,7.375000000000001,2026-03-31 03:39:09,20260805_soil_log.txt
2026-03-31,03:44:09,autoclaved soil,7.125,2026-03-31 03:44:09,20260805_soil_log.txt
2026-03-31,03:49:10,autoclaved soil,8.75,2026-03-31 03:49:10,20260805_soil_log.txt
2026-03-31,03:54:10,autoclaved soil,8.125,2026-03-31 03:54:10,20260805_soil_log.txt
2026-03-31,03:59:10,autoclaved soil,6.75,2026-03-31 03:59:10,20260805_soil_log.txt
2026-03-31,04:04:10,autoclaved soil,8.0,2026-03-31 04:04:10,20260805_soil_log.txt
2026-03-31,04:09:10,autoclaved soil,6.875,2026-03-31 04:09:10,20260805_soil_log.txt
2026-03-31,04:14:11,autoclaved soil,7.625,2026-03-31 04:14:11,20260805_soil_log.txt
2026-03-31,04:19:11,autoclaved soil,8.75,2026-03-31 04:19:11,20260805_soil_log.txt
2026-03-31,04:24:11,autoclaved soil,6.375000000000001,2026-03-31 04:24:11,20260805_soil_log.txt
2026-03-31,04:29:11,autoclaved soil,6.875,2026-03-31 04:29:11,20260805_soil_log.txt
2026-03-31,04:34:11,autoclaved soil,7.0,2026-03-31 04:34:11,20260805_soil_log.txt
2026-03-31,04:39:12,autoclaved soil,6.500000000000001,2026-03-31 04:39:12,20260805_soil_log.txt
2026-03-31,04:44:12,autoclaved soil,7.625,2026-03-31 04:44:12,20260805_soil_log.txt
2026-03-31,04:49:12,autoclaved soil,7.375000000000001,2026-03-31 04:49:12,20260805_soil_log.txt
2026-03-31,04:54:12,autoclaved soil,7.625,2026-03-31 04:54:12,20260805_soil_log.txt
2026-03-31,04:59:13,autoclaved soil,7.875,2026-03-31 04:59:13,20260805_soil_log.txt
2026-03-31,05:04:13,autoclaved soil,8.375,2026-03-31 05:04:13,20260805_soil_log.txt
2026-03-31,05:09:13,autoclaved soil,8.125,2026-03-31 05:09:13,20260805_soil_log.txt
2026-03-31,05:14:13,autoclaved soil,8.625,2026-03-31 05:14:13,20260805_soil_log.txt
2026-03-31,05:19:13,autoclaved soil,8.875000000000002,2026-03-31 05:19:13,20260805_soil_log.txt
2026-03-31,05:24:14,autoclaved soil,6.125,2026-03-31 05:24:14,20260805_soil_log.txt
2026-03-31,05:29:14,autoclaved soil,7.25,2026-03-31 05:29:14,20260805_soil_log.txt
2026-03-31,05:34:14,autoclaved soil,8.875000000000002,2026-03-31 05:34:14,20260805_soil_log.txt
2026-03-31,05:39:14,autoclaved soil,7.875,2026-03-31 05:39:14,20260805_soil_log.txt
2026-03-31,05:44:15,autoclaved soil,7.0,2026-03-31 05:44:15,20260805_soil_log.txt
2026-03-31,05:49:15,autoclaved soil,8.625,2026-03-31 05:49:15,20260805_soil_log.txt
2026-03-31,05:54:15,autoclaved soil,7.625,2026-03-31 05:54:15,20260805_soil_log.txt
2026-03-31,05:59:15,autoclaved soil,8.625,2026-03-31 05:59:15,20260805_soil_log.txt
2026-03-31,06:04:15,autoclaved soil,6.625,2026-03-31 06:04:15,20260805_soil_log.txt
2026-03-31,06:09:15,autoclaved soil,8.625,2026-03-31 06:09:15,20260805_soil_log.txt
2026-03-31,06:14:16,autoclaved soil,8.75,2026-03-31 06:14:16,20260805_soil_log.txt
2026-03-31,06:19:16,autoclaved soil,8.875000000000002,2026-03-31 06:19:16,20260805_soil_log.txt
2026-03-31,06:24:16,autoclaved soil,8.875000000000002,2026-03-31 06:24:16,20260805_soil_log.txt
2026-03-31,06:29:16,autoclaved soil,6.875,2026-03-31 06:29:16,20260805_soil_log.txt
2026-03-31,06:34:17,autoclaved soil,8.375,2026-03-31 06:34:17,20260805_soil_log.txt
2026-03-31,06:39:17,autoclaved soil,8.375,2026-03-31 06:39:17,20260805_soil_log.txt
2026-03-31,06:44:17,autoclaved soil,9.25,2026-03-31 06:44:17,20260805_soil_log.txt
2026-03-31,06:49:17,autoclaved soil,8.375,2026-03-31 06:49:17,20260805_soil_log.txt
2026-03-31,06:54:18,autoclaved soil,8.125,2026-03-31 06:54:18,20260805_soil_log.txt
2026-03-31,06:59:18,autoclaved soil,8.375,2026-03-31 06:59:18,20260805_soil_log.txt
2026-03-31,07:04:18,autoclaved soil,7.0,2026-03-31 07:04:18,20260805_soil_log.txt
2026-03-31,07:09:18,autoclaved soil,9.375,2026-03-31 07:09:18,20260805_soil_log.txt
2026-03-31,07:14:18,autoclaved soil,8.0,2026-03-31 07:14:18,20260805_soil_log.txt
2026-03-31,07:19:19,autoclaved soil,8.5,2026-03-31 07:19:19,20260805_soil_log.txt
2026-03-31,07:24:19,autoclaved soil,8.0,2026-03-31 07:24:19,20260805_soil_log.txt
2026-03-31,07:29:19,autoclaved soil,9.375,2026-03-31 07:29:19,20260805_soil_log.txt
2026-03-31,07:34:19,autoclaved soil,7.5,2026-03-31 07:34:19,20260805_soil_log.txt
2026-03-31,07:39:19,autoclaved soil,8.75,2026-03-31 07:39:19,20260805_soil_log.txt
2026-03-31,07:44:20,autoclaved soil,7.625,2026-03-31 07:44:20,20260805_soil_log.txt
2026-03-31,07:49:20,autoclaved soil,8.25,2026-03-31 07:49:20,20260805_soil_log.txt
2026-03-31,07:54:20,autoclaved soil,9.625,2026-03-31 07:54:20,20260805_soil_log.txt
2026-03-31,07:59:20,autoclaved soil,9.75,2026-03-31 07:59:20,20260805_soil_log.txt
2026-03-31,08:04:20,autoclaved soil,8.875000000000002,2026-03-31 08:04:20,20260805_soil_log.txt
2026-03-31,08:09:21,autoclaved soil,9.625,2026-03-31 08:09:21,20260805_soil_log.txt
2026-03-31,08:14:21,autoclaved soil,8.875000000000002,2026-03-31 08:14:21,20260805_soil_log.txt
2026-03-31,08:19:21,autoclaved soil,9.625,2026-03-31 08:19:21,20260805_soil_log.txt
2026-03-31,08:24:21,autoclaved soil,9.75,2026-03-31 08:24:21,20260805_soil_log.txt
2026-03-31,08:29:22,autoclaved soil,9.875,2026-03-31 08:29:22,20260805_soil_log.txt
2026-03-31,08:34:22,autoclaved soil,9.375,2026-03-31 08:34:22,20260805_soil_log.txt
2026-03-31,08:39:22,autoclaved soil,9.5,2026-03-31 08:39:22,20260805_soil_log.txt
2026-03-31,08:44:22,autoclaved soil,9.000000000000002,2026-03-31 08:44:22,20260805_soil_log.txt
2026-03-31,08:49:23,autoclaved soil,9.25,2026-03-31 08:49:23,20260805_soil_log.txt
2026-03-31,08:54:23,autoclaved soil,10.25,2026-03-31 08:54:23,20260805_soil_log.txt
2026-03-31,08:59:23,autoclaved soil,10.125,2026-03-31 08:59:23,20260805_soil_log.txt
2026-03-31,09:04:23,autoclaved soil,8.125,2026-03-31 09:04:23,20260805_soil_log.txt
2026-03-31,09:09:24,autoclaved soil,9.000000000000002,2026-03-31 09:09:24,20260805_soil_log.txt
2026-03-31,09:14:24,autoclaved soil,8.75,2026-03-31 09:14:24,20260805_soil_log.txt
2026-03-31,09:19:24,autoclaved soil,10.625,2026-03-31 09:19:24,20260805_soil_log.txt
2026-03-31,09:24:24,autoclaved soil,9.25,2026-03-31 09:24:24,20260805_soil_log.txt
2026-03-31,09:29:24,autoclaved soil,10.25,2026-03-31 09:29:24,20260805_soil_log.txt
2026-03-31,09:34:25,autoclaved soil,11.75,2026-03-31 09:34:25,20260805_soil_log.txt
2026-03-31,09:39:25,autoclaved soil,9.75,2026-03-31 09:39:25,20260805_soil_log.txt
2026-03-31,09:44:25,autoclaved soil,12.0,2026-03-31 09:44:25,20260805_soil_log.txt
2026-03-31,09:49:25,autoclaved soil,10.125,2026-03-31 09:49:25,20260805_soil_log.txt
2026-03-31,09:54:26,autoclaved soil,10.25,2026-03-31 09:54:26,20260805_soil_log.txt
2026-03-31,09:59:26,autoclaved soil,9.875,2026-03-31 09:59:26,20260805_soil_log.txt
2026-03-31,10:04:26,autoclaved soil,10.125,2026-03-31 10:04:26,20260805_soil_log.txt
2026-03-31,10:09:26,autoclaved soil,11.0,2026-03-31 10:09:26,20260805_soil_log.txt
2026-03-31,10:14:26,autoclaved soil,11.75,2026-03-31 10:14:26,20260805_soil_log.txt
2026-03-31,10:19:27,autoclaved soil,12.0,2026-03-31 10:19:27,20260805_soil_log.txt
2026-03-31,10:24:27,autoclaved soil,12.25,2026-03-31 10:24:27,20260805_soil_log.txt
2026-03-31,10:29:27,autoclaved soil,11.625,2026-03-31 10:29:27,20260805_soil_log.txt
2026-03-31,10:34:27,autoclaved soil,10.5,2026-03-31 10:34:27,20260805_soil_log.txt
2026-03-31,10:39:28,autoclaved soil,10.5,2026-03-31 10:39:28,20260805_soil_log.txt
2026-03-31,10:44:28,autoclaved soil,10.0,2026-03-31 10:44:28,20260805_soil_log.txt
2026-03-31,10:49:28,autoclaved soil,10.625,2026-03-31 10:49:28,20260805_soil_log.txt
2026-03-31,10:54:28,autoclaved soil,11.375,2026-03-31 10:54:28,20260805_soil_log.txt
2026-03-31,10:59:28,autoclaved soil,11.375,2026-03-31 10:59:28,20260805_soil_log.txt
2026-03-31,11:04:29,autoclaved soil,11.875,2026-03-31 11:04:29,20260805_soil_log.txt
2026-03-31,11:09:29,autoclaved soil,12.25,2026-03-31 11:09:29,20260805_soil_log.txt
2026-03-31,11:14:29,autoclaved soil,12.125,2026-03-31 11:14:29,20260805_soil_log.txt
2026-03-31,11:19:29,autoclaved soil,10.875000000000002,2026-03-31 11:19:29,20260805_soil_log.txt
2026-03-31,11:24:30,autoclaved soil,12.25,2026-03-31 11:24:30,20260805_soil_log.txt
2026-03-31,11:29:30,autoclaved soil,10.875000000000002,2026-03-31 11:29:30,20260805_soil_log.txt
2026-03-31,11:34:30,autoclaved soil,12.5,2026-03-31 11:34:30,20260805_soil_log.txt
2026-03-31,11:39:30,autoclaved soil,11.875,2026-03-31 11:39:30,20260805_soil_log.txt
2026-03-31,11:44:30,autoclaved soil,12.125,2026-03-31 11:44:30,20260805_soil_log.txt
2026-03-31,11:49:31,autoclaved soil,11.0,2026-03-31 11:49:31,20260805_soil_log.txt
2026-03-31,11:54:31,autoclaved soil,11.25,2026-03-31 11:54:31,20260805_soil_log.txt
2026-03-31,11:59:31,autoclaved soil,12.375,2026-03-31 11:59:31,20260805_soil_log.txt
2026-03-31,12:04:31,autoclaved soil,10.625,2026-03-31 12:04:31,20260805_soil_log.txt
2026-03-31,12:09:32,autoclaved soil,12.125,2026-03-31 12:09:32,20260805_soil_log.txt
2026-03-31,12:14:32,autoclaved soil,10.625,2026-03-31 12:14:32,20260805_soil_log.txt
2026-03-31,12:19:32,autoclaved soil,12.750000000000002,2026-03-31 12:19:32,20260805_soil_log.txt
2026-03-31,12:24:32,autoclaved soil,12.750000000000002,2026-03-31 12:24:32,20260805_soil_log.txt
2026-03-31,12:29:32,autoclaved soil,12.625,2026-03-31 12:29:32,20260805_soil_log.txt
2026-03-31,12:34:33,autoclaved soil,12.25,2026-03-31 12:34:33,20260805_soil_log.txt
2026-03-31,12:39:33,autoclaved soil,11.75,2026-03-31 12:39:33,20260805_soil_log.txt
2026-03-31,12:44:33,autoclaved soil,11.125,2026-03-31 12:44:33,20260805_soil_log.txt
2026-03-31,12:49:33,autoclaved soil,12.375,2026-03-31 12:49:33,20260805_soil_log.txt
2026-03-31,12:54:34,autoclaved soil,12.5,2026-03-31 12:54:34,20260805_soil_log.txt
2026-03-31,12:59:34,autoclaved soil,11.875,2026-03-31 12:59:34,20260805_soil_log.txt
2026-03-31,13:04:34,autoclaved soil,11.875,2026-03-31 13:04:34,20260805_soil_log.txt
2026-03-31,13:09:34,autoclaved soil,12.0,2026-03-31 13:09:34,20260805_soil_log.txt
2026-03-31,13:14:34,autoclaved soil,11.375,2026-03-31 13:14:34,20260805_soil_log.txt
2026-03-31,13:19:35,autoclaved soil,10.5,2026-03-31 13:19:35,20260805_soil_log.txt
2026-03-31,13:24:35,autoclaved soil,11.0,2026-03-31 13:24:35,20260805_soil_log.txt
2026-03-31,13:29:35,autoclaved soil,10.875000000000002,2026-03-31 13:29:35,20260805_soil_log.txt
2026-03-31,13:34:35,autoclaved soil,11.5,2026-03-31 13:34:35,20260805_soil_log.txt
2026-03-31,13:39:36,autoclaved soil,11.0,2026-03-31 13:39:36,20260805_soil_log.txt
2026-03-31,13:44:36,autoclaved soil,11.125,2026-03-31 13:44:36,20260805_soil_log.txt
2026-03-31,13:49:36,autoclaved soil,12.750000000000002,2026-03-31 13:49:36,20260805_soil_log.txt
2026-03-31,13:54:36,autoclaved soil,12.0,2026-03-31 13:54:36,20260805_soil_log.txt
2026-03-31,13:59:37,autoclaved soil,11.75,2026-03-31 13:59:37,20260805_soil_log.txt
2026-03-31,14:04:37,autoclaved soil,11.25,2026-03-31 14:04:37,20260805_soil_log.txt
2026-03-31,14:09:37,autoclaved soil,13.375,2026-03-31 14:09:37,20260805_soil_log.txt
2026-03-31,14:14:37,autoclaved soil,11.25,2026-03-31 14:14:37,20260805_soil_log.txt
2026-03-31,14:19:37,autoclaved soil,12.375,2026-03-31 14:19:37,20260805_soil_log.txt
2026-03-31,14:24:38,autoclaved soil,11.375,2026-03-31 14:24:38,20260805_soil_log.txt
2026-03-31,14:29:38,autoclaved soil,12.0,2026-03-31 14:29:38,20260805_soil_log.txt
2026-03-31,14:34:38,autoclaved soil,13.000000000000002,2026-03-31 14:34:38,20260805_soil_log.txt
2026-03-31,14:39:38,autoclaved soil,12.0,2026-03-31 14:39:38,20260805_soil_log.txt
2026-03-31,14:44:38,autoclaved soil,12.0,2026-03-31 14:44:38,20260805_soil_log.txt
2026-03-31,14:49:39,autoclaved soil,11.625,2026-03-31 14:49:39,20260805_soil_log.txt
2026-03-31,14:54:39,autoclaved soil,11.5,2026-03-31 14:54:39,20260805_soil_log.txt
2026-03-31,14:59:39,autoclaved soil,12.375,2026-03-31 14:59:39,20260805_soil_log.txt
2026-03-31,15:04:39,autoclaved soil,12.125,2026-03-31 15:04:39,20260805_soil_log.txt
2026-03-31,15:09:40,autoclaved soil,11.5,2026-03-31 15:09:40,20260805_soil_log.txt
2026-03-31,15:14:40,autoclaved soil,11.625,2026-03-31 15:14:40,20260805_soil_log.txt
2026-03-31,15:19:40,autoclaved soil,11.75,2026-03-31 15:19:40,20260805_soil_log.txt
2026-03-31,15:24:40,autoclaved soil,12.0,2026-03-31 15:24:40,20260805_soil_log.txt
2026-03-31,15:29:40,autoclaved soil,13.25,2026-03-31 15:29:40,20260805_soil_log.txt
2026-03-31,15:34:41,autoclaved soil,11.5,2026-03-31 15:34:41,20260805_soil_log.txt
2026-03-31,15:39:41,autoclaved soil,13.25,2026-03-31 15:39:41,20260805_soil_log.txt
2026-03-31,15:44:41,autoclaved soil,13.125,2026-03-31 15:44:41,20260805_soil_log.txt
2026-03-31,15:49:41,autoclaved soil,13.25,2026-03-31 15:49:41,20260805_soil_log.txt
2026-03-31,15:54:42,autoclaved soil,11.375,2026-03-31 15:54:42,20260805_soil_log.txt
2026-03-31,15:59:42,autoclaved soil,13.75,2026-03-31 15:59:42,20260805_soil_log.txt
2026-03-31,16:04:42,autoclaved soil,13.625,2026-03-31 16:04:42,20260805_soil_log.txt
2026-03-31,16:09:42,autoclaved soil,12.25,2026-03-31 16:09:42,20260805_soil_log.txt
2026-03-31,16:14:43,autoclaved soil,11.375,2026-03-31 16:14:43,20260805_soil_log.txt
2026-03-31,16:19:43,autoclaved soil,12.375,2026-03-31 16:19:43,20260805_soil_log.txt
2026-03-31,16:24:43,autoclaved soil,12.125,2026-03-31 16:24:43,20260805_soil_log.txt
2026-03-31,16:29:43,autoclaved soil,12.750000000000002,2026-03-31 16:29:43,20260805_soil_log.txt
2026-03-31,16:34:44,autoclaved soil,12.625,2026-03-31 16:34:44,20260805_soil_log.txt
2026-03-31,16:39:44,autoclaved soil,11.625,2026-03-31 16:39:44,20260805_soil_log.txt
2026-03-31,16:44:44,autoclaved soil,13.5,2026-03-31 16:44:44,20260805_soil_log.txt
2026-03-31,16:49:44,autoclaved soil,11.625,2026-03-31 16:49:44,20260805_soil_log.txt
2026-03-31,16:54:44,autoclaved soil,12.125,2026-03-31 16:54:44,20260805_soil_log.txt
2026-03-31,16:59:45,autoclaved soil,12.25,2026-03-31 16:59:45,20260805_soil_log.txt
2026-03-31,17:04:45,autoclaved soil,12.625,2026-03-31 17:04:45,20260805_soil_log.txt
2026-03-31,17:09:45,autoclaved soil,12.25,2026-03-31 17:09:45,20260805_soil_log.txt
2026-03-31,17:14:45,autoclaved soil,11.625,2026-03-31 17:14:45,20260805_soil_log.txt
2026-03-31,17:19:46,autoclaved soil,12.750000000000002,2026-03-31 17:19:46,20260805_soil_log.txt
2026-03-31,17:24:46,autoclaved soil,13.125,2026-03-31 17:24:46,20260805_soil_log.txt
2026-03-31,17:29:46,autoclaved soil,12.0,2026-03-31 17:29:46,20260805_soil_log.txt
2026-03-31,17:34:46,autoclaved soil,11.625,2026-03-31 17:34:46,20260805_soil_log.txt
2026-03-31,17:39:46,autoclaved soil,12.625,2026-03-31 17:39:46,20260805_soil_log.txt
2026-03-20,14:14:34,soil culture 1,-113.25,2026-03-20 14:14:34,20260802_soil_log.txt
2026-03-20,14:19:04,soil culture 1,-120.125,2026-03-20 14:19:04,20260802_soil_log.txt
2026-03-20,14:19:35,soil culture 1,-117.75000000000001,2026-03-20 14:19:35,20260802_soil_log.txt
2026-03-20,14:24:05,soil culture 1,-121.125,2026-03-20 14:24:05,20260802_soil_log.txt
2026-03-20,14:29:05,soil culture 1,-127.62500000000001,2026-03-20 14:29:05,20260802_soil_log.txt
2026-03-20,14:34:05,soil culture 1,-130.125,2026-03-20 14:34:05,20260802_soil_log.txt
2026-03-20,14:39:05,soil culture 1,-131.125,2026-03-20 14:39:05,20260802_soil_log.txt
2026-03-20,14:44:06,soil culture 1,-131.75,2026-03-20 14:44:06,20260802_soil_log.txt
2026-03-20,14:49:06,soil culture 1,-132.25,2026-03-20 14:49:06,20260802_soil_log.txt
2026-03-20,14:54:06,soil culture 1,-132.75,2026-03-20 14:54:06,20260802_soil_log.txt
2026-03-20,14:59:06,soil culture 1,-133.125,2026-03-20 14:59:06,20260802_soil_log.txt
2026-03-20,15:04:06,soil culture 1,-133.75,2026-03-20 15:04:06,20260802_soil_log.txt
2026-03-20,15:09:07,soil culture 1,-134.625,2026-03-20 15:09:07,20260802_soil_log.txt
2026-03-20,15:14:07,soil culture 1,-135.875,2026-03-20 15:14:07,20260802_soil_log.txt
2026-03-20,15:19:07,soil culture 1,-135.875,2026-03-20 15:19:07,20260802_soil_log.txt
2026-03-20,15:24:07,soil culture 1,-137.125,2026-03-20 15:24:07,20260802_soil_log.txt
2026-03-20,15:29:08,soil culture 1,-137.875,2026-03-20 15:29:08,20260802_soil_log.txt
2026-03-20,15:34:08,soil culture 1,-138.875,2026-03-20 15:34:08,20260802_soil_log.txt
2026-03-20,15:39:08,soil culture 1,-140.375,2026-03-20 15:39:08,20260802_soil_log.txt
2026-03-20,15:44:08,soil culture 1,-140.25,2026-03-20 15:44:08,20260802_soil_log.txt
2026-03-20,15:49:08,soil culture 1,-140.5,2026-03-20 15:49:08,20260802_soil_log.txt
2026-03-20,15:54:09,soil culture 1,-140.5,2026-03-20 15:54:09,20260802_soil_log.txt
2026-03-20,15:59:09,soil culture 1,-139.875,2026-03-20 15:59:09,20260802_soil_log.txt
2026-03-20,16:04:09,soil culture 1,-140.625,2026-03-20 16:04:09,20260802_soil_log.txt
2026-03-20,16:09:09,soil culture 1,-141.0,2026-03-20 16:09:09,20260802_soil_log.txt
2026-03-20,16:14:10,soil culture 1,-141.125,2026-03-20 16:14:10,20260802_soil_log.txt
2026-03-20,16:19:10,soil culture 1,-141.375,2026-03-20 16:19:10,20260802_soil_log.txt
2026-03-20,16:24:10,soil culture 1,-141.375,2026-03-20 16:24:10,20260802_soil_log.txt
2026-03-20,16:29:10,soil culture 1,-141.50000000000003,2026-03-20 16:29:10,20260802_soil_log.txt
2026-03-20,16:34:10,soil culture 1,-144.75,2026-03-20 16:34:10,20260802_soil_log.txt
2026-03-20,16:39:11,soil culture 1,-143.50000000000003,2026-03-20 16:39:11,20260802_soil_log.txt
2026-03-20,16:44:11,soil culture 1,-143.25000000000003,2026-03-20 16:44:11,20260802_soil_log.txt
2026-03-20,16:49:11,soil culture 1,-143.125,2026-03-20 16:49:11,20260802_soil_log.txt
2026-03-20,16:54:11,soil culture 1,-143.25000000000003,2026-03-20 16:54:11,20260802_soil_log.txt
2026-03-20,16:59:12,soil culture 1,-143.375,2026-03-20 16:59:12,20260802_soil_log.txt
2026-03-20,17:04:12,soil culture 1,-143.50000000000003,2026-03-20 17:04:12,20260802_soil_log.txt
2026-03-20,17:09:12,soil culture 1,-143.625,2026-03-20 17:09:12,20260802_soil_log.txt
2026-03-20,17:14:12,soil culture 1,-143.75000000000003,2026-03-20 17:14:12,20260802_soil_log.txt
2026-03-20,17:19:13,soil culture 1,-144.00000000000003,2026-03-20 17:19:13,20260802_soil_log.txt
2026-03-20,17:24:13,soil culture 1,-144.125,2026-03-20 17:24:13,20260802_soil_log.txt
2026-03-20,17:29:13,soil culture 1,-144.375,2026-03-20 17:29:13,20260802_soil_log.txt
2026-03-20,17:34:13,soil culture 1,-144.625,2026-03-20 17:34:13,20260802_soil_log.txt
2026-03-20,17:39:13,soil culture 1,-145.0,2026-03-20 17:39:13,20260802_soil_log.txt
2026-03-20,17:44:14,soil culture 1,-145.25,2026-03-20 17:44:14,20260802_soil_log.txt
2026-03-20,17:49:14,soil culture 1,-145.625,2026-03-20 17:49:14,20260802_soil_log.txt
2026-03-20,17:54:14,soil culture 1,-145.875,2026-03-20 17:54:14,20260802_soil_log.txt
2026-03-20,17:59:14,soil culture 1,-146.25,2026-03-20 17:59:14,20260802_soil_log.txt
2026-03-20,18:04:15,soil culture 1,-146.625,2026-03-20 18:04:15,20260802_soil_log.txt
2026-03-20,18:09:15,soil culture 1,-146.875,2026-03-20 18:09:15,20260802_soil_log.txt
2026-03-20,18:14:15,soil culture 1,-147.25,2026-03-20 18:14:15,20260802_soil_log.txt
2026-03-20,18:19:15,soil culture 1,-147.5,2026-03-20 18:19:15,20260802_soil_log.txt
2026-03-20,18:24:16,soil culture 1,-148.0,2026-03-20 18:24:16,20260802_soil_log.txt
2026-03-20,18:29:16,soil culture 1,-147.25,2026-03-20 18:29:16,20260802_soil_log.txt
2026-03-20,18:34:16,soil culture 1,-148.125,2026-03-20 18:34:16,20260802_soil_log.txt
2026-03-20,18:39:16,soil culture 1,-148.875,2026-03-20 18:39:16,20260802_soil_log.txt
2026-03-20,18:44:16,soil culture 1,-149.5,2026-03-20 18:44:16,20260802_soil_log.txt
2026-03-20,18:49:17,soil culture 1,-150.0,2026-03-20 18:49:17,20260802_soil_log.txt
2026-03-20,18:54:17,soil culture 1,-150.625,2026-03-20 18:54:17,20260802_soil_log.txt
2026-03-20,18:59:17,soil culture 1,-151.125,2026-03-20 18:59:17,20260802_soil_log.txt
2026-03-20,19:04:17,soil culture 1,-151.75,2026-03-20 19:04:17,20260802_soil_log.txt
2026-03-20,19:09:18,soil culture 1,-152.125,2026-03-20 19:09:18,20260802_soil_log.txt
2026-03-20,19:14:18,soil culture 1,-152.75,2026-03-20 19:14:18,20260802_soil_log.txt
2026-03-20,19:19:18,soil culture 1,-153.125,2026-03-20 19:19:18,20260802_soil_log.txt
2026-03-20,19:24:18,soil culture 1,-153.75,2026-03-20 19:24:18,20260802_soil_log.txt
2026-03-20,19:29:18,soil culture 1,-154.125,2026-03-20 19:29:18,20260802_soil_log.txt
2026-03-20,19:34:19,soil culture 1,-154.75,2026-03-20 19:34:19,20260802_soil_log.txt
2026-03-20,19:39:19,soil culture 1,-155.25,2026-03-20 19:39:19,20260802_soil_log.txt
2026-03-20,19:44:19,soil culture 1,-155.625,2026-03-20 19:44:19,20260802_soil_log.txt
2026-03-20,19:49:19,soil culture 1,-156.125,2026-03-20 19:49:19,20260802_soil_log.txt
2026-03-20,19:54:20,soil culture 1,-156.625,2026-03-20 19:54:20,20260802_soil_log.txt
2026-03-20,19:59:20,soil culture 1,-156.87500000000003,2026-03-20 19:59:20,20260802_soil_log.txt
2026-03-20,20:04:20,soil culture 1,-157.37500000000003,2026-03-20 20:04:20,20260802_soil_log.txt
2026-03-20,20:09:20,soil culture 1,-157.87500000000003,2026-03-20 20:09:20,20260802_soil_log.txt
2026-03-20,20:14:20,soil culture 1,-158.37500000000003,2026-03-20 20:14:20,20260802_soil_log.txt
2026-03-20,20:19:21,soil culture 1,-158.75,2026-03-20 20:19:21,20260802_soil_log.txt
2026-03-20,20:24:21,soil culture 1,-159.25,2026-03-20 20:24:21,20260802_soil_log.txt
2026-03-20,20:29:21,soil culture 1,-159.62500000000003,2026-03-20 20:29:21,20260802_soil_log.txt
2026-03-20,20:34:21,soil culture 1,-160.125,2026-03-20 20:34:21,20260802_soil_log.txt
2026-03-20,20:39:22,soil culture 1,-160.5,2026-03-20 20:39:22,20260802_soil_log.txt
2026-03-20,20:44:22,soil culture 1,-161.0,2026-03-20 20:44:22,20260802_soil_log.txt
2026-03-20,20:49:22,soil culture 1,-161.25,2026-03-20 20:49:22,20260802_soil_log.txt
2026-03-20,20:54:22,soil culture 1,-161.75,2026-03-20 20:54:22,20260802_soil_log.txt
2026-03-20,20:59:22,soil culture 1,-162.125,2026-03-20 20:59:22,20260802_soil_log.txt
2026-03-20,21:04:23,soil culture 1,-162.5,2026-03-20 21:04:23,20260802_soil_log.txt
2026-03-20,21:09:23,soil culture 1,-162.875,2026-03-20 21:09:23,20260802_soil_log.txt
2026-03-20,21:14:23,soil culture 1,-163.375,2026-03-20 21:14:23,20260802_soil_log.txt
2026-03-20,21:19:23,soil culture 1,-163.625,2026-03-20 21:19:23,20260802_soil_log.txt
2026-03-20,21:24:24,soil culture 1,-164.0,2026-03-20 21:24:24,20260802_soil_log.txt
2026-03-20,21:29:24,soil culture 1,-164.375,2026-03-20 21:29:24,20260802_soil_log.txt
2026-03-20,21:34:24,soil culture 1,-164.625,2026-03-20 21:34:24,20260802_soil_log.txt
2026-03-20,21:39:24,soil culture 1,-164.875,2026-03-20 21:39:24,20260802_soil_log.txt
2026-03-20,21:44:24,soil culture 1,-165.125,2026-03-20 21:44:24,20260802_soil_log.txt
2026-03-20,21:49:25,soil culture 1,-165.375,2026-03-20 21:49:25,20260802_soil_log.txt
2026-03-20,21:54:25,soil culture 1,-165.5,2026-03-20 21:54:25,20260802_soil_log.txt
2026-03-20,21:59:25,soil culture 1,-165.75,2026-03-20 21:59:25,20260802_soil_log.txt
2026-03-20,22:04:25,soil culture 1,-165.875,2026-03-20 22:04:25,20260802_soil_log.txt
2026-03-20,22:09:26,soil culture 1,-166.125,2026-03-20 22:09:26,20260802_soil_log.txt
2026-03-20,22:14:26,soil culture 1,-166.125,2026-03-20 22:14:26,20260802_soil_log.txt
2026-03-20,22:19:26,soil culture 1,-166.25,2026-03-20 22:19:26,20260802_soil_log.txt
2026-03-20,22:24:26,soil culture 1,-166.375,2026-03-20 22:24:26,20260802_soil_log.txt
2026-03-20,22:29:27,soil culture 1,-166.5,2026-03-20 22:29:27,20260802_soil_log.txt
2026-03-20,22:34:27,soil culture 1,-166.625,2026-03-20 22:34:27,20260802_soil_log.txt
2026-03-20,22:39:27,soil culture 1,-166.5,2026-03-20 22:39:27,20260802_soil_log.txt
2026-03-20,22:44:27,soil culture 1,-166.75,2026-03-20 22:44:27,20260802_soil_log.txt
2026-03-20,22:49:27,soil culture 1,-167.0,2026-03-20 22:49:27,20260802_soil_log.txt
2026-03-20,22:54:28,soil culture 1,-167.0,2026-03-20 22:54:28,20260802_soil_log.txt
2026-03-20,22:59:28,soil culture 1,-167.0,2026-03-20 22:59:28,20260802_soil_log.txt
2026-03-20,23:04:28,soil culture 1,-167.125,2026-03-20 23:04:28,20260802_soil_log.txt
2026-03-20,23:09:28,soil culture 1,-167.125,2026-03-20 23:09:28,20260802_soil_log.txt
2026-03-20,23:14:28,soil culture 1,-167.125,2026-03-20 23:14:28,20260802_soil_log.txt
2026-03-20,23:19:29,soil culture 1,-167.0,2026-03-20 23:19:29,20260802_soil_log.txt
2026-03-20,23:24:29,soil culture 1,-167.0,2026-03-20 23:24:29,20260802_soil_log.txt
2026-03-20,23:29:29,soil culture 1,-167.0,2026-03-20 23:29:29,20260802_soil_log.txt
2026-03-20,23:34:29,soil culture 1,-166.875,2026-03-20 23:34:29,20260802_soil_log.txt
2026-03-20,23:39:30,soil culture 1,-166.875,2026-03-20 23:39:30,20260802_soil_log.txt
2026-03-20,23:44:30,soil culture 1,-166.75,2026-03-20 23:44:30,20260802_soil_log.txt
2026-03-20,23:49:30,soil culture 1,-166.75,2026-03-20 23:49:30,20260802_soil_log.txt
2026-03-20,23:54:30,soil culture 1,-166.875,2026-03-20 23:54:30,20260802_soil_log.txt
2026-03-20,23:59:31,soil culture 1,-166.75,2026-03-20 23:59:31,20260802_soil_log.txt
2026-03-21,00:04:31,soil culture 1,-166.625,2026-03-21 00:04:31,20260802_soil_log.txt
2026-03-21,00:09:31,soil culture 1,-166.625,2026-03-21 00:09:31,20260802_soil_log.txt
2026-03-21,00:14:31,soil culture 1,-166.625,2026-03-21 00:14:31,20260802_soil_log.txt
2026-03-21,00:19:31,soil culture 1,-166.5,2026-03-21 00:19:31,20260802_soil_log.txt
2026-03-21,00:24:32,soil culture 1,-166.5,2026-03-21 00:24:32,20260802_soil_log.txt
2026-03-21,00:29:32,soil culture 1,-166.5,2026-03-21 00:29:32,20260802_soil_log.txt
2026-03-21,00:34:32,soil culture 1,-166.5,2026-03-21 00:34:32,20260802_soil_log.txt
2026-03-21,00:39:32,soil culture 1,-166.25,2026-03-21 00:39:32,20260802_soil_log.txt
2026-03-21,00:44:33,soil culture 1,-166.125,2026-03-21 00:44:33,20260802_soil_log.txt
2026-03-21,00:49:33,soil culture 1,-166.375,2026-03-21 00:49:33,20260802_soil_log.txt
2026-03-21,00:54:33,soil culture 1,-166.25,2026-03-21 00:54:33,20260802_soil_log.txt
2026-03-21,00:59:33,soil culture 1,-166.25,2026-03-21 00:59:33,20260802_soil_log.txt
2026-03-21,01:04:33,soil culture 1,-166.375,2026-03-21 01:04:33,20260802_soil_log.txt
2026-03-21,01:09:34,soil culture 1,-166.375,2026-03-21 01:09:34,20260802_soil_log.txt
2026-03-21,01:14:34,soil culture 1,-166.375,2026-03-21 01:14:34,20260802_soil_log.txt
2026-03-21,01:19:34,soil culture 1,-166.25,2026-03-21 01:19:34,20260802_soil_log.txt
2026-03-21,01:24:34,soil culture 1,-166.375,2026-03-21 01:24:34,20260802_soil_log.txt
2026-03-21,01:29:34,soil culture 1,-166.25,2026-03-21 01:29:34,20260802_soil_log.txt
2026-03-21,01:34:35,soil culture 1,-166.25,2026-03-21 01:34:35,20260802_soil_log.txt
2026-03-21,01:39:35,soil culture 1,-166.125,2026-03-21 01:39:35,20260802_soil_log.txt
2026-03-21,01:44:35,soil culture 1,-166.0,2026-03-21 01:44:35,20260802_soil_log.txt
2026-03-21,01:49:35,soil culture 1,-166.0,2026-03-21 01:49:35,20260802_soil_log.txt
2026-03-21,01:54:35,soil culture 1,-166.0,2026-03-21 01:54:35,20260802_soil_log.txt
2026-03-21,01:59:36,soil culture 1,-166.0,2026-03-21 01:59:36,20260802_soil_log.txt
2026-03-21,02:04:36,soil culture 1,-165.875,2026-03-21 02:04:36,20260802_soil_log.txt
2026-03-21,02:09:36,soil culture 1,-165.75,2026-03-21 02:09:36,20260802_soil_log.txt
2026-03-21,02:14:36,soil culture 1,-173.00000000000003,2026-03-21 02:14:36,20260802_soil_log.txt
2026-03-21,02:19:37,soil culture 1,-165.375,2026-03-21 02:19:37,20260802_soil_log.txt
2026-03-21,02:24:37,soil culture 1,-165.0,2026-03-21 02:24:37,20260802_soil_log.txt
2026-03-21,02:29:37,soil culture 1,-164.75,2026-03-21 02:29:37,20260802_soil_log.txt
2026-03-21,02:34:37,soil culture 1,-164.75,2026-03-21 02:34:37,20260802_soil_log.txt
2026-03-21,02:39:38,soil culture 1,-164.625,2026-03-21 02:39:38,20260802_soil_log.txt
2026-03-21,02:44:38,soil culture 1,-164.5,2026-03-21 02:44:38,20260802_soil_log.txt
2026-03-21,02:49:38,soil culture 1,-164.5,2026-03-21 02:49:38,20260802_soil_log.txt
2026-03-21,02:54:38,soil culture 1,-164.375,2026-03-21 02:54:38,20260802_soil_log.txt
2026-03-21,02:59:38,soil culture 1,-164.125,2026-03-21 02:59:38,20260802_soil_log.txt
2026-03-21,03:04:39,soil culture 1,-164.125,2026-03-21 03:04:39,20260802_soil_log.txt
2026-03-21,03:09:39,soil culture 1,-163.875,2026-03-21 03:09:39,20260802_soil_log.txt
2026-03-21,03:14:39,soil culture 1,-163.875,2026-03-21 03:14:39,20260802_soil_log.txt
2026-03-21,03:19:39,soil culture 1,-163.75,2026-03-21 03:19:39,20260802_soil_log.txt
2026-03-21,03:24:39,soil culture 1,-163.75,2026-03-21 03:24:39,20260802_soil_log.txt
2026-03-21,03:29:40,soil culture 1,-163.5,2026-03-21 03:29:40,20260802_soil_log.txt
2026-03-21,03:34:40,soil culture 1,-163.5,2026-03-21 03:34:40,20260802_soil_log.txt
2026-03-21,03:39:40,soil culture 1,-163.25,2026-03-21 03:39:40,20260802_soil_log.txt
2026-03-21,03:44:40,soil culture 1,-163.25,2026-03-21 03:44:40,20260802_soil_log.txt
2026-03-21,03:49:41,soil culture 1,-163.25,2026-03-21 03:49:41,20260802_soil_log.txt
2026-03-21,03:54:41,soil culture 1,-163.125,2026-03-21 03:54:41,20260802_soil_log.txt
2026-03-21,03:59:41,soil culture 1,-163.0,2026-03-21 03:59:41,20260802_soil_log.txt
2026-03-21,04:04:41,soil culture 1,-163.0,2026-03-21 04:04:41,20260802_soil_log.txt
2026-03-21,04:09:42,soil culture 1,-162.75,2026-03-21 04:09:42,20260802_soil_log.txt
2026-03-21,04:14:42,soil culture 1,-162.875,2026-03-21 04:14:42,20260802_soil_log.txt
2026-03-21,04:19:42,soil culture 1,-162.75,2026-03-21 04:19:42,20260802_soil_log.txt
2026-03-21,04:24:42,soil culture 1,-162.625,2026-03-21 04:24:42,20260802_soil_log.txt
2026-03-21,04:29:42,soil culture 1,-162.625,2026-03-21 04:29:42,20260802_soil_log.txt
2026-03-21,04:34:43,soil culture 1,-162.5,2026-03-21 04:34:43,20260802_soil_log.txt
2026-03-21,04:39:43,soil culture 1,-162.375,2026-03-21 04:39:43,20260802_soil_log.txt
2026-03-21,04:44:43,soil culture 1,-162.375,2026-03-21 04:44:43,20260802_soil_log.txt
2026-03-21,04:49:43,soil culture 1,-162.25,2026-03-21 04:49:43,20260802_soil_log.txt
2026-03-21,04:54:44,soil culture 1,-162.125,2026-03-21 04:54:44,20260802_soil_log.txt
2026-03-21,04:59:44,soil culture 1,-162.125,2026-03-21 04:59:44,20260802_soil_log.txt
2026-03-21,05:04:44,soil culture 1,-162.0,2026-03-21 05:04:44,20260802_soil_log.txt
2026-03-21,05:09:44,soil culture 1,-161.875,2026-03-21 05:09:44,20260802_soil_log.txt
2026-03-21,05:14:45,soil culture 1,-161.875,2026-03-21 05:14:45,20260802_soil_log.txt
2026-03-21,05:19:45,soil culture 1,-161.75,2026-03-21 05:19:45,20260802_soil_log.txt
2026-03-21,05:24:45,soil culture 1,-161.625,2026-03-21 05:24:45,20260802_soil_log.txt
2026-03-21,05:29:45,soil culture 1,-161.5,2026-03-21 05:29:45,20260802_soil_log.txt
2026-03-21,05:34:45,soil culture 1,-161.5,2026-03-21 05:34:45,20260802_soil_log.txt
2026-03-21,05:39:46,soil culture 1,-161.375,2026-03-21 05:39:46,20260802_soil_log.txt
2026-03-21,05:44:46,soil culture 1,-161.25,2026-03-21 05:44:46,20260802_soil_log.txt
2026-03-21,05:49:46,soil culture 1,-161.25,2026-03-21 05:49:46,20260802_soil_log.txt
2026-03-21,05:54:46,soil culture 1,-161.125,2026-03-21 05:54:46,20260802_soil_log.txt
2026-03-21,05:59:46,soil culture 1,-161.125,2026-03-21 05:59:46,20260802_soil_log.txt
2026-03-21,06:04:47,soil culture 1,-161.125,2026-03-21 06:04:47,20260802_soil_log.txt
2026-03-21,06:09:47,soil culture 1,-160.875,2026-03-21 06:09:47,20260802_soil_log.txt
2026-03-21,06:14:47,soil culture 1,-161.0,2026-03-21 06:14:47,20260802_soil_log.txt
2026-03-21,06:19:47,soil culture 1,-160.875,2026-03-21 06:19:47,20260802_soil_log.txt
2026-03-21,06:24:47,soil culture 1,-160.75,2026-03-21 06:24:47,20260802_soil_log.txt
2026-03-21,06:29:48,soil culture 1,-160.75,2026-03-21 06:29:48,20260802_soil_log.txt
2026-03-21,06:34:48,soil culture 1,-160.75,2026-03-21 06:34:48,20260802_soil_log.txt
2026-03-21,06:39:48,soil culture 1,-160.625,2026-03-21 06:39:48,20260802_soil_log.txt
2026-03-21,06:44:48,soil culture 1,-160.625,2026-03-21 06:44:48,20260802_soil_log.txt
2026-03-21,06:49:49,soil culture 1,-160.5,2026-03-21 06:49:49,20260802_soil_log.txt
2026-03-21,06:54:49,soil culture 1,-160.5,2026-03-21 06:54:49,20260802_soil_log.txt
2026-03-21,06:59:49,soil culture 1,-160.375,2026-03-21 06:59:49,20260802_soil_log.txt
2026-03-21,07:04:49,soil culture 1,-160.375,2026-03-21 07:04:49,20260802_soil_log.txt
2026-03-21,07:09:49,soil culture 1,-160.375,2026-03-21 07:09:49,20260802_soil_log.txt
2026-03-21,07:14:50,soil culture 1,-160.375,2026-03-21 07:14:50,20260802_soil_log.txt
2026-03-21,07:19:50,soil culture 1,-160.25,2026-03-21 07:19:50,20260802_soil_log.txt
2026-03-21,07:24:50,soil culture 1,-160.125,2026-03-21 07:24:50,20260802_soil_log.txt
2026-03-21,07:29:50,soil culture 1,-160.125,2026-03-21 07:29:50,20260802_soil_log.txt
2026-03-21,07:34:50,soil culture 1,-160.125,2026-03-21 07:34:50,20260802_soil_log.txt
2026-03-21,07:39:51,soil culture 1,-160.125,2026-03-21 07:39:51,20260802_soil_log.txt
2026-03-21,07:44:51,soil culture 1,-160.0,2026-03-21 07:44:51,20260802_soil_log.txt
2026-03-21,07:49:51,soil culture 1,-159.87500000000003,2026-03-21 07:49:51,20260802_soil_log.txt
2026-03-21,07:54:51,soil culture 1,-160.0,2026-03-21 07:54:51,20260802_soil_log.txt
2026-03-21,07:59:52,soil culture 1,-159.87500000000003,2026-03-21 07:59:52,20260802_soil_log.txt
2026-03-21,08:04:52,soil culture 1,-159.87500000000003,2026-03-21 08:04:52,20260802_soil_log.txt
2026-03-21,08:09:52,soil culture 1,-159.75,2026-03-21 08:09:52,20260802_soil_log.txt
2026-03-21,08:14:52,soil culture 1,-159.75,2026-03-21 08:14:52,20260802_soil_log.txt
2026-03-21,08:19:52,soil culture 1,-159.62500000000003,2026-03-21 08:19:52,20260802_soil_log.txt
2026-03-21,08:24:53,soil culture 1,-159.5,2026-03-21 08:24:53,20260802_soil_log.txt
2026-03-21,08:29:53,soil culture 1,-159.37500000000003,2026-03-21 08:29:53,20260802_soil_log.txt
2026-03-21,08:34:53,soil culture 1,-159.25,2026-03-21 08:34:53,20260802_soil_log.txt
2026-03-21,08:39:53,soil culture 1,-159.25,2026-03-21 08:39:53,20260802_soil_log.txt
2026-03-21,08:44:54,soil culture 1,-159.0,2026-03-21 08:44:54,20260802_soil_log.txt
2026-03-21,08:49:54,soil culture 1,-158.87500000000003,2026-03-21 08:49:54,20260802_soil_log.txt
2026-03-21,08:54:54,soil culture 1,-158.87500000000003,2026-03-21 08:54:54,20260802_soil_log.txt
2026-03-21,08:59:54,soil culture 1,-158.75,2026-03-21 08:59:54,20260802_soil_log.txt
2026-03-21,09:04:54,soil culture 1,-158.75,2026-03-21 09:04:54,20260802_soil_log.txt
2026-03-21,09:09:55,soil culture 1,-158.62500000000003,2026-03-21 09:09:55,20260802_soil_log.txt
2026-03-21,09:14:55,soil culture 1,-158.37500000000003,2026-03-21 09:14:55,20260802_soil_log.txt
2026-03-21,09:19:55,soil culture 1,-158.25,2026-03-21 09:19:55,20260802_soil_log.txt
2026-03-21,09:24:55,soil culture 1,-158.0,2026-03-21 09:24:55,20260802_soil_log.txt
2026-03-21,09:29:55,soil culture 1,-157.75,2026-03-21 09:29:55,20260802_soil_log.txt
2026-03-21,09:34:56,soil culture 1,-157.75,2026-03-21 09:34:56,20260802_soil_log.txt
2026-03-21,09:39:56,soil culture 1,-157.75,2026-03-21 09:39:56,20260802_soil_log.txt
2026-03-21,09:44:56,soil culture 1,-157.62500000000003,2026-03-21 09:44:56,20260802_soil_log.txt
2026-03-21,09:49:56,soil culture 1,-157.62500000000003,2026-03-21 09:49:56,20260802_soil_log.txt
2026-03-21,09:54:57,soil culture 1,-157.5,2026-03-21 09:54:57,20260802_soil_log.txt
2026-03-21,09:59:57,soil culture 1,-157.37500000000003,2026-03-21 09:59:57,20260802_soil_log.txt
2026-03-21,10:04:57,soil culture 1,-157.37500000000003,2026-03-21 10:04:57,20260802_soil_log.txt
2026-03-21,10:09:57,soil culture 1,-157.37500000000003,2026-03-21 10:09:57,20260802_soil_log.txt
2026-03-21,10:14:57,soil culture 1,-157.37500000000003,2026-03-21 10:14:57,20260802_soil_log.txt
2026-03-21,10:19:58,soil culture 1,-157.25,2026-03-21 10:19:58,20260802_soil_log.txt
2026-03-21,10:24:58,soil culture 1,-157.12500000000003,2026-03-21 10:24:58,20260802_soil_log.txt
2026-03-21,10:29:58,soil culture 1,-156.87500000000003,2026-03-21 10:29:58,20260802_soil_log.txt
2026-03-21,10:34:58,soil culture 1,-157.0,2026-03-21 10:34:58,20260802_soil_log.txt
2026-03-21,10:39:59,soil culture 1,-156.625,2026-03-21 10:39:59,20260802_soil_log.txt
2026-03-21,10:44:59,soil culture 1,-156.625,2026-03-21 10:44:59,20260802_soil_log.txt
2026-03-21,10:49:59,soil culture 1,-156.625,2026-03-21 10:49:59,20260802_soil_log.txt
2026-03-21,10:54:59,soil culture 1,-156.5,2026-03-21 10:54:59,20260802_soil_log.txt
2026-03-21,10:59:59,soil culture 1,-156.5,2026-03-21 10:59:59,20260802_soil_log.txt
2026-03-21,11:05:00,soil culture 1,-156.375,2026-03-21 11:05:00,20260802_soil_log.txt
2026-03-21,11:10:00,soil culture 1,-156.5,2026-03-21 11:10:00,20260802_soil_log.txt
2026-03-21,11:15:00,soil culture 1,-156.5,2026-03-21 11:15:00,20260802_soil_log.txt
2026-03-21,11:20:00,soil culture 1,-156.5,2026-03-21 11:20:00,20260802_soil_log.txt
2026-03-21,11:25:01,soil culture 1,-156.625,2026-03-21 11:25:01,20260802_soil_log.txt
2026-03-21,11:30:01,soil culture 1,-156.75,2026-03-21 11:30:01,20260802_soil_log.txt
2026-03-21,11:35:01,soil culture 1,-156.87500000000003,2026-03-21 11:35:01,20260802_soil_log.txt
2026-03-21,11:40:01,soil culture 1,-156.87500000000003,2026-03-21 11:40:01,20260802_soil_log.txt
2026-03-21,11:45:01,soil culture 1,-157.0,2026-03-21 11:45:01,20260802_soil_log.txt
2026-03-21,11:50:02,soil culture 1,-157.25,2026-03-21 11:50:02,20260802_soil_log.txt
2026-03-21,11:55:02,soil culture 1,-157.25,2026-03-21 11:55:02,20260802_soil_log.txt
2026-03-21,12:00:02,soil culture 1,-157.25,2026-03-21 12:00:02,20260802_soil_log.txt
2026-03-21,12:05:02,soil culture 1,-157.25,2026-03-21 12:05:02,20260802_soil_log.txt
2026-03-21,12:10:03,soil culture 1,-157.12500000000003,2026-03-21 12:10:03,20260802_soil_log.txt
2026-03-21,12:15:03,soil culture 1,-157.25,2026-03-21 12:15:03,20260802_soil_log.txt
2026-03-21,12:20:03,soil culture 1,-157.12500000000003,2026-03-21 12:20:03,20260802_soil_log.txt
2026-03-21,12:25:03,soil culture 1,-157.0,2026-03-21 12:25:03,20260802_soil_log.txt
2026-03-21,12:30:03,soil culture 1,-157.12500000000003,2026-03-21 12:30:03,20260802_soil_log.txt
2026-03-21,12:35:04,soil culture 1,-157.0,2026-03-21 12:35:04,20260802_soil_log.txt
2026-03-21,12:40:04,soil culture 1,-157.0,2026-03-21 12:40:04,20260802_soil_log.txt
2026-03-21,12:45:04,soil culture 1,-156.87500000000003,2026-03-21 12:45:04,20260802_soil_log.txt
2026-03-21,12:50:04,soil culture 1,-156.87500000000003,2026-03-21 12:50:04,20260802_soil_log.txt
2026-03-21,12:55:04,soil culture 1,-156.75,2026-03-21 12:55:04,20260802_soil_log.txt
2026-03-21,13:00:05,soil culture 1,-156.75,2026-03-21 13:00:05,20260802_soil_log.txt
2026-03-21,13:05:05,soil culture 1,-156.75,2026-03-21 13:05:05,20260802_soil_log.txt
2026-03-21,13:10:05,soil culture 1,-156.75,2026-03-21 13:10:05,20260802_soil_log.txt
2026-03-21,13:15:05,soil culture 1,-156.75,2026-03-21 13:15:05,20260802_soil_log.txt
2026-03-21,13:20:06,soil culture 1,-156.75,2026-03-21 13:20:06,20260802_soil_log.txt
2026-03-21,13:25:06,soil culture 1,-156.75,2026-03-21 13:25:06,20260802_soil_log.txt
2026-03-21,13:30:06,soil culture 1,-156.625,2026-03-21 13:30:06,20260802_soil_log.txt
2026-03-21,13:35:06,soil culture 1,-156.625,2026-03-21 13:35:06,20260802_soil_log.txt
2026-03-21,13:40:07,soil culture 1,-156.625,2026-03-21 13:40:07,20260802_soil_log.txt
2026-03-21,13:45:07,soil culture 1,-156.625,2026-03-21 13:45:07,20260802_soil_log.txt
2026-03-21,13:50:07,soil culture 1,-156.625,2026-03-21 13:50:07,20260802_soil_log.txt
2026-03-21,13:55:07,soil culture 1,-156.625,2026-03-21 13:55:07,20260802_soil_log.txt
2026-03-21,14:00:07,soil culture 1,-156.75,2026-03-21 14:00:07,20260802_soil_log.txt
2026-03-21,14:05:07,soil culture 1,-156.625,2026-03-21 14:05:07,20260802_soil_log.txt
2026-03-21,14:10:08,soil culture 1,-156.625,2026-03-21 14:10:08,20260802_soil_log.txt
2026-03-21,14:15:08,soil culture 1,-156.625,2026-03-21 14:15:08,20260802_soil_log.txt
2026-03-21,14:20:08,soil culture 1,-156.5,2026-03-21 14:20:08,20260802_soil_log.txt
2026-03-21,14:25:08,soil culture 1,-156.5,2026-03-21 14:25:08,20260802_soil_log.txt
2026-03-21,14:30:08,soil culture 1,-156.5,2026-03-21 14:30:08,20260802_soil_log.txt
2026-03-21,14:35:09,soil culture 1,-156.5,2026-03-21 14:35:09,20260802_soil_log.txt
2026-03-21,14:40:09,soil culture 1,-156.5,2026-03-21 14:40:09,20260802_soil_log.txt
2026-03-21,14:45:09,soil culture 1,-156.5,2026-03-21 14:45:09,20260802_soil_log.txt
2026-03-21,14:50:09,soil culture 1,-156.625,2026-03-21 14:50:09,20260802_soil_log.txt
2026-03-21,14:55:10,soil culture 1,-156.5,2026-03-21 14:55:10,20260802_soil_log.txt
2026-03-21,15:00:10,soil culture 1,-156.5,2026-03-21 15:00:10,20260802_soil_log.txt
2026-03-21,15:05:10,soil culture 1,-156.375,2026-03-21 15:05:10,20260802_soil_log.txt
2026-03-21,15:10:10,soil culture 1,-156.5,2026-03-21 15:10:10,20260802_soil_log.txt
2026-03-21,15:15:10,soil culture 1,-156.5,2026-03-21 15:15:10,20260802_soil_log.txt
2026-03-21,15:20:11,soil culture 1,-156.5,2026-03-21 15:20:11,20260802_soil_log.txt
2026-03-21,15:25:11,soil culture 1,-156.5,2026-03-21 15:25:11,20260802_soil_log.txt
2026-03-21,15:30:11,soil culture 1,-156.5,2026-03-21 15:30:11,20260802_soil_log.txt
2026-03-21,15:35:11,soil culture 1,-156.375,2026-03-21 15:35:11,20260802_soil_log.txt
2026-03-21,15:40:12,soil culture 1,-156.375,2026-03-21 15:40:12,20260802_soil_log.txt
2026-03-21,15:45:12,soil culture 1,-156.375,2026-03-21 15:45:12,20260802_soil_log.txt
2026-03-21,15:50:12,soil culture 1,-156.375,2026-03-21 15:50:12,20260802_soil_log.txt
2026-03-21,15:55:12,soil culture 1,-156.25,2026-03-21 15:55:12,20260802_soil_log.txt
2026-03-21,16:00:13,soil culture 1,-156.375,2026-03-21 16:00:13,20260802_soil_log.txt
2026-03-21,16:05:13,soil culture 1,-156.375,2026-03-21 16:05:13,20260802_soil_log.txt
2026-03-21,16:10:13,soil culture 1,-156.5,2026-03-21 16:10:13,20260802_soil_log.txt
2026-03-21,16:15:13,soil culture 1,-156.375,2026-03-21 16:15:13,20260802_soil_log.txt
2026-03-21,16:20:13,soil culture 1,-156.375,2026-03-21 16:20:13,20260802_soil_log.txt
2026-03-21,16:25:14,soil culture 1,-156.375,2026-03-21 16:25:14,20260802_soil_log.txt
2026-03-21,16:30:14,soil culture 1,-156.25,2026-03-21 16:30:14,20260802_soil_log.txt
2026-03-21,16:35:14,soil culture 1,-156.25,2026-03-21 16:35:14,20260802_soil_log.txt
2026-03-21,16:40:14,soil culture 1,-156.25,2026-03-21 16:40:14,20260802_soil_log.txt
2026-03-21,16:45:14,soil culture 1,-156.25,2026-03-21 16:45:14,20260802_soil_log.txt
2026-03-21,16:50:15,soil culture 1,-156.375,2026-03-21 16:50:15,20260802_soil_log.txt
2026-03-21,16:55:15,soil culture 1,-156.25,2026-03-21 16:55:15,20260802_soil_log.txt
2026-03-21,17:00:15,soil culture 1,-156.25,2026-03-21 17:00:15,20260802_soil_log.txt
2026-03-21,17:05:15,soil culture 1,-156.375,2026-03-21 17:05:15,20260802_soil_log.txt
2026-03-21,17:10:15,soil culture 1,-156.375,2026-03-21 17:10:15,20260802_soil_log.txt
2026-03-21,17:15:16,soil culture 1,-156.25,2026-03-21 17:15:16,20260802_soil_log.txt
2026-03-21,17:20:16,soil culture 1,-156.375,2026-03-21 17:20:16,20260802_soil_log.txt
2026-03-21,17:25:16,soil culture 1,-156.375,2026-03-21 17:25:16,20260802_soil_log.txt
2026-03-21,17:30:16,soil culture 1,-156.375,2026-03-21 17:30:16,20260802_soil_log.txt
2026-03-21,17:35:17,soil culture 1,-156.25,2026-03-21 17:35:17,20260802_soil_log.txt
2026-03-21,17:40:17,soil culture 1,-156.25,2026-03-21 17:40:17,20260802_soil_log.txt
2026-03-21,17:45:17,soil culture 1,-156.25,2026-03-21 17:45:17,20260802_soil_log.txt
2026-03-21,17:50:17,soil culture 1,-156.125,2026-03-21 17:50:17,20260802_soil_log.txt
2026-03-21,17:55:17,soil culture 1,-156.125,2026-03-21 17:55:17,20260802_soil_log.txt
2026-03-21,18:00:18,soil culture 1,-156.125,2026-03-21 18:00:18,20260802_soil_log.txt
2026-03-21,18:05:18,soil culture 1,-156.125,2026-03-21 18:05:18,20260802_soil_log.txt
2026-03-21,18:10:18,soil culture 1,-156.0,2026-03-21 18:10:18,20260802_soil_log.txt
2026-03-21,18:15:18,soil culture 1,-156.0,2026-03-21 18:15:18,20260802_soil_log.txt
2026-03-21,18:20:19,soil culture 1,-156.0,2026-03-21 18:20:19,20260802_soil_log.txt
2026-03-21,18:25:19,soil culture 1,-156.0,2026-03-21 18:25:19,20260802_soil_log.txt
2026-03-21,18:30:19,soil culture 1,-156.0,2026-03-21 18:30:19,20260802_soil_log.txt
2026-03-21,18:35:19,soil culture 1,-156.0,2026-03-21 18:35:19,20260802_soil_log.txt
2026-03-21,18:40:19,soil culture 1,-156.0,2026-03-21 18:40:19,20260802_soil_log.txt
2026-03-21,18:45:20,soil culture 1,-156.0,2026-03-21 18:45:20,20260802_soil_log.txt
2026-03-21,18:50:20,soil culture 1,-156.0,2026-03-21 18:50:20,20260802_soil_log.txt
2026-03-21,18:55:20,soil culture 1,-155.875,2026-03-21 18:55:20,20260802_soil_log.txt
2026-03-21,19:00:20,soil culture 1,-155.875,2026-03-21 19:00:20,20260802_soil_log.txt
2026-03-21,19:05:21,soil culture 1,-155.875,2026-03-21 19:05:21,20260802_soil_log.txt
2026-03-21,19:10:21,soil culture 1,-155.875,2026-03-21 19:10:21,20260802_soil_log.txt
2026-03-21,19:15:21,soil culture 1,-155.875,2026-03-21 19:15:21,20260802_soil_log.txt
2026-03-21,19:20:21,soil culture 1,-155.875,2026-03-21 19:20:21,20260802_soil_log.txt
2026-03-21,19:25:22,soil culture 1,-155.875,2026-03-21 19:25:22,20260802_soil_log.txt
2026-03-21,19:30:22,soil culture 1,-155.875,2026-03-21 19:30:22,20260802_soil_log.txt
2026-03-21,19:35:22,soil culture 1,-155.75,2026-03-21 19:35:22,20260802_soil_log.txt
2026-03-21,19:40:22,soil culture 1,-155.75,2026-03-21 19:40:22,20260802_soil_log.txt
2026-03-21,19:45:22,soil culture 1,-155.75,2026-03-21 19:45:22,20260802_soil_log.txt
2026-03-21,19:50:22,soil culture 1,-155.75,2026-03-21 19:50:22,20260802_soil_log.txt
2026-03-21,19:55:23,soil culture 1,-155.625,2026-03-21 19:55:23,20260802_soil_log.txt
2026-03-21,20:00:23,soil culture 1,-155.75,2026-03-21 20:00:23,20260802_soil_log.txt
2026-03-21,20:05:23,soil culture 1,-155.75,2026-03-21 20:05:23,20260802_soil_log.txt
2026-03-21,20:10:23,soil culture 1,-155.625,2026-03-21 20:10:23,20260802_soil_log.txt
2026-03-21,20:15:24,soil culture 1,-155.625,2026-03-21 20:15:24,20260802_soil_log.txt
2026-03-21,20:20:24,soil culture 1,-155.625,2026-03-21 20:20:24,20260802_soil_log.txt
2026-03-21,20:25:24,soil culture 1,-155.5,2026-03-21 20:25:24,20260802_soil_log.txt
2026-03-21,20:30:24,soil culture 1,-155.5,2026-03-21 20:30:24,20260802_soil_log.txt
2026-03-21,20:35:24,soil culture 1,-155.5,2026-03-21 20:35:24,20260802_soil_log.txt
2026-03-21,20:40:25,soil culture 1,-155.375,2026-03-21 20:40:25,20260802_soil_log.txt
2026-03-21,20:45:25,soil culture 1,-155.375,2026-03-21 20:45:25,20260802_soil_log.txt
2026-03-21,20:50:25,soil culture 1,-155.375,2026-03-21 20:50:25,20260802_soil_log.txt
2026-03-21,20:55:25,soil culture 1,-155.25,2026-03-21 20:55:25,20260802_soil_log.txt
2026-03-21,21:00:26,soil culture 1,-155.25,2026-03-21 21:00:26,20260802_soil_log.txt
2026-03-21,21:05:26,soil culture 1,-155.25,2026-03-21 21:05:26,20260802_soil_log.txt
2026-03-21,21:10:26,soil culture 1,-155.25,2026-03-21 21:10:26,20260802_soil_log.txt
2026-03-21,21:15:26,soil culture 1,-155.25,2026-03-21 21:15:26,20260802_soil_log.txt
2026-03-21,21:20:26,soil culture 1,-155.125,2026-03-21 21:20:26,20260802_soil_log.txt
2026-03-21,21:25:27,soil culture 1,-155.125,2026-03-21 21:25:27,20260802_soil_log.txt
2026-03-21,21:30:27,soil culture 1,-155.125,2026-03-21 21:30:27,20260802_soil_log.txt
2026-03-21,21:35:27,soil culture 1,-155.0,2026-03-21 21:35:27,20260802_soil_log.txt
2026-03-21,21:40:27,soil culture 1,-155.0,2026-03-21 21:40:27,20260802_soil_log.txt
2026-03-21,21:45:28,soil culture 1,-155.0,2026-03-21 21:45:28,20260802_soil_log.txt
2026-03-21,21:50:28,soil culture 1,-155.0,2026-03-21 21:50:28,20260802_soil_log.txt
2026-03-21,21:55:28,soil culture 1,-154.875,2026-03-21 21:55:28,20260802_soil_log.txt
2026-03-21,22:00:28,soil culture 1,-154.875,2026-03-21 22:00:28,20260802_soil_log.txt
2026-03-21,22:05:29,soil culture 1,-154.875,2026-03-21 22:05:29,20260802_soil_log.txt
2026-03-21,22:10:29,soil culture 1,-154.875,2026-03-21 22:10:29,20260802_soil_log.txt
2026-03-21,22:15:29,soil culture 1,-154.75,2026-03-21 22:15:29,20260802_soil_log.txt
2026-03-21,22:20:29,soil culture 1,-154.75,2026-03-21 22:20:29,20260802_soil_log.txt
2026-03-21,22:25:29,soil culture 1,-154.75,2026-03-21 22:25:29,20260802_soil_log.txt
2026-03-21,22:30:30,soil culture 1,-154.625,2026-03-21 22:30:30,20260802_soil_log.txt
2026-03-21,22:35:30,soil culture 1,-154.625,2026-03-21 22:35:30,20260802_soil_log.txt
2026-03-21,22:40:30,soil culture 1,-154.5,2026-03-21 22:40:30,20260802_soil_log.txt
2026-03-21,22:45:30,soil culture 1,-154.5,2026-03-21 22:45:30,20260802_soil_log.txt
2026-03-21,22:50:30,soil culture 1,-154.375,2026-03-21 22:50:30,20260802_soil_log.txt
2026-03-21,22:55:31,soil culture 1,-154.5,2026-03-21 22:55:31,20260802_soil_log.txt
2026-03-21,23:00:31,soil culture 1,-154.5,2026-03-21 23:00:31,20260802_soil_log.txt
2026-03-21,23:05:31,soil culture 1,-154.375,2026-03-21 23:05:31,20260802_soil_log.txt
2026-03-21,23:10:31,soil culture 1,-154.25,2026-03-21 23:10:31,20260802_soil_log.txt
2026-03-21,23:15:31,soil culture 1,-154.25,2026-03-21 23:15:31,20260802_soil_log.txt
2026-03-21,23:20:32,soil culture 1,-154.25,2026-03-21 23:20:32,20260802_soil_log.txt
2026-03-21,23:25:32,soil culture 1,-154.125,2026-03-21 23:25:32,20260802_soil_log.txt
2026-03-21,23:30:32,soil culture 1,-154.125,2026-03-21 23:30:32,20260802_soil_log.txt
2026-03-21,23:35:32,soil culture 1,-154.0,2026-03-21 23:35:32,20260802_soil_log.txt
2026-03-21,23:40:33,soil culture 1,-154.0,2026-03-21 23:40:33,20260802_soil_log.txt
2026-03-21,23:45:33,soil culture 1,-153.875,2026-03-21 23:45:33,20260802_soil_log.txt
2026-03-21,23:50:33,soil culture 1,-153.875,2026-03-21 23:50:33,20260802_soil_log.txt
2026-03-21,23:55:33,soil culture 1,-153.75,2026-03-21 23:55:33,20260802_soil_log.txt
2026-03-22,00:00:33,soil culture 1,-153.75,2026-03-22 00:00:33,20260802_soil_log.txt
2026-03-22,00:05:34,soil culture 1,-153.75,2026-03-22 00:05:34,20260802_soil_log.txt
2026-03-22,00:10:34,soil culture 1,-153.875,2026-03-22 00:10:34,20260802_soil_log.txt
2026-03-22,00:15:34,soil culture 1,-153.75,2026-03-22 00:15:34,20260802_soil_log.txt
2026-03-22,00:20:34,soil culture 1,-153.625,2026-03-22 00:20:34,20260802_soil_log.txt
2026-03-22,00:25:34,soil culture 1,-153.625,2026-03-22 00:25:34,20260802_soil_log.txt
2026-03-22,00:30:35,soil culture 1,-153.625,2026-03-22 00:30:35,20260802_soil_log.txt
2026-03-22,00:35:35,soil culture 1,-153.5,2026-03-22 00:35:35,20260802_soil_log.txt
2026-03-22,00:40:35,soil culture 1,-153.5,2026-03-22 00:40:35,20260802_soil_log.txt
2026-03-22,00:45:35,soil culture 1,-153.625,2026-03-22 00:45:35,20260802_soil_log.txt
2026-03-22,00:50:36,soil culture 1,-153.5,2026-03-22 00:50:36,20260802_soil_log.txt
2026-03-22,00:55:36,soil culture 1,-153.5,2026-03-22 00:55:36,20260802_soil_log.txt
2026-03-22,01:00:36,soil culture 1,-153.375,2026-03-22 01:00:36,20260802_soil_log.txt
2026-03-22,01:05:36,soil culture 1,-153.25,2026-03-22 01:05:36,20260802_soil_log.txt
2026-03-22,01:10:36,soil culture 1,-153.25,2026-03-22 01:10:36,20260802_soil_log.txt
2026-03-22,01:15:37,soil culture 1,-153.25,2026-03-22 01:15:37,20260802_soil_log.txt
2026-03-22,01:20:37,soil culture 1,-153.125,2026-03-22 01:20:37,20260802_soil_log.txt
2026-03-22,01:25:37,soil culture 1,-153.125,2026-03-22 01:25:37,20260802_soil_log.txt
2026-03-22,01:30:37,soil culture 1,-163.5,2026-03-22 01:30:37,20260802_soil_log.txt
2026-03-22,01:35:38,soil culture 1,-155.5,2026-03-22 01:35:38,20260802_soil_log.txt
2026-03-22,01:40:38,soil culture 1,-154.625,2026-03-22 01:40:38,20260802_soil_log.txt
2026-03-22,01:45:38,soil culture 1,-154.25,2026-03-22 01:45:38,20260802_soil_log.txt
2026-03-22,01:50:38,soil culture 1,-153.875,2026-03-22 01:50:38,20260802_soil_log.txt
2026-03-22,01:55:38,soil culture 1,-153.625,2026-03-22 01:55:38,20260802_soil_log.txt
2026-03-22,02:00:39,soil culture 1,-153.5,2026-03-22 02:00:39,20260802_soil_log.txt
2026-03-22,02:05:39,soil culture 1,-153.25,2026-03-22 02:05:39,20260802_soil_log.txt
2026-03-22,02:10:39,soil culture 1,-153.125,2026-03-22 02:10:39,20260802_soil_log.txt
2026-03-22,02:15:39,soil culture 1,-153.0,2026-03-22 02:15:39,20260802_soil_log.txt
2026-03-22,02:20:39,soil culture 1,-152.875,2026-03-22 02:20:39,20260802_soil_log.txt
2026-03-22,02:25:40,soil culture 1,-152.75,2026-03-22 02:25:40,20260802_soil_log.txt
2026-03-22,02:30:40,soil culture 1,-152.625,2026-03-22 02:30:40,20260802_soil_log.txt
2026-03-22,02:35:40,soil culture 1,-152.5,2026-03-22 02:35:40,20260802_soil_log.txt
2026-03-22,02:40:40,soil culture 1,-152.5,2026-03-22 02:40:40,20260802_soil_log.txt
2026-03-22,02:45:41,soil culture 1,-152.375,2026-03-22 02:45:41,20260802_soil_log.txt
2026-03-22,02:50:41,soil culture 1,-152.25,2026-03-22 02:50:41,20260802_soil_log.txt
2026-03-22,02:55:41,soil culture 1,-152.25,2026-03-22 02:55:41,20260802_soil_log.txt
2026-03-22,03:00:41,soil culture 1,-152.125,2026-03-22 03:00:41,20260802_soil_log.txt
2026-03-22,03:05:42,soil culture 1,-152.125,2026-03-22 03:05:42,20260802_soil_log.txt
2026-03-22,03:10:42,soil culture 1,-151.875,2026-03-22 03:10:42,20260802_soil_log.txt
2026-03-22,03:15:42,soil culture 1,-152.0,2026-03-22 03:15:42,20260802_soil_log.txt
2026-03-22,03:20:42,soil culture 1,-151.875,2026-03-22 03:20:42,20260802_soil_log.txt
2026-03-22,03:25:42,soil culture 1,-151.875,2026-03-22 03:25:42,20260802_soil_log.txt
2026-03-22,03:30:43,soil culture 1,-151.75,2026-03-22 03:30:43,20260802_soil_log.txt
2026-03-22,03:35:43,soil culture 1,-151.625,2026-03-22 03:35:43,20260802_soil_log.txt
2026-03-22,03:40:43,soil culture 1,-151.625,2026-03-22 03:40:43,20260802_soil_log.txt
2026-03-22,03:45:43,soil culture 1,-151.5,2026-03-22 03:45:43,20260802_soil_log.txt
2026-03-22,03:50:44,soil culture 1,-151.5,2026-03-22 03:50:44,20260802_soil_log.txt
2026-03-22,03:55:44,soil culture 1,-151.375,2026-03-22 03:55:44,20260802_soil_log.txt
2026-03-22,04:00:44,soil culture 1,-151.25,2026-03-22 04:00:44,20260802_soil_log.txt
2026-03-22,04:05:44,soil culture 1,-151.25,2026-03-22 04:05:44,20260802_soil_log.txt
2026-03-22,04:10:44,soil culture 1,-151.125,2026-03-22 04:10:44,20260802_soil_log.txt
2026-03-22,04:15:45,soil culture 1,-151.125,2026-03-22 04:15:45,20260802_soil_log.txt
2026-03-22,04:20:45,soil culture 1,-151.0,2026-03-22 04:20:45,20260802_soil_log.txt
2026-03-22,04:25:45,soil culture 1,-151.0,2026-03-22 04:25:45,20260802_soil_log.txt
2026-03-22,04:30:45,soil culture 1,-150.875,2026-03-22 04:30:45,20260802_soil_log.txt
2026-03-22,04:35:46,soil culture 1,-150.875,2026-03-22 04:35:46,20260802_soil_log.txt
2026-03-22,04:40:46,soil culture 1,-150.875,2026-03-22 04:40:46,20260802_soil_log.txt
2026-03-22,04:45:46,soil culture 1,-150.75,2026-03-22 04:45:46,20260802_soil_log.txt
2026-03-22,04:50:46,soil culture 1,-150.75,2026-03-22 04:50:46,20260802_soil_log.txt
2026-03-22,04:55:46,soil culture 1,-150.875,2026-03-22 04:55:46,20260802_soil_log.txt
2026-03-22,05:00:47,soil culture 1,-150.75,2026-03-22 05:00:47,20260802_soil_log.txt
2026-03-22,05:05:47,soil culture 1,-150.625,2026-03-22 05:05:47,20260802_soil_log.txt
2026-03-22,05:10:47,soil culture 1,-150.5,2026-03-22 05:10:47,20260802_soil_log.txt
2026-03-22,05:15:47,soil culture 1,-150.5,2026-03-22 05:15:47,20260802_soil_log.txt
2026-03-22,05:20:48,soil culture 1,-150.375,2026-03-22 05:20:48,20260802_soil_log.txt
2026-03-22,05:25:48,soil culture 1,-150.375,2026-03-22 05:25:48,20260802_soil_log.txt
2026-03-22,05:30:48,soil culture 1,-150.375,2026-03-22 05:30:48,20260802_soil_log.txt
2026-03-22,05:35:48,soil culture 1,-150.375,2026-03-22 05:35:48,20260802_soil_log.txt
2026-03-22,05:40:49,soil culture 1,-150.25,2026-03-22 05:40:49,20260802_soil_log.txt
2026-03-22,05:45:49,soil culture 1,-150.25,2026-03-22 05:45:49,20260802_soil_log.txt
2026-03-22,05:50:49,soil culture 1,-150.125,2026-03-22 05:50:49,20260802_soil_log.txt
2026-03-22,05:55:49,soil culture 1,-150.125,2026-03-22 05:55:49,20260802_soil_log.txt
2026-03-22,06:00:49,soil culture 1,-150.125,2026-03-22 06:00:49,20260802_soil_log.txt
2026-03-22,06:05:50,soil culture 1,-150.0,2026-03-22 06:05:50,20260802_soil_log.txt
2026-03-22,06:10:50,soil culture 1,-150.0,2026-03-22 06:10:50,20260802_soil_log.txt
2026-03-22,06:15:50,soil culture 1,-150.0,2026-03-22 06:15:50,20260802_soil_log.txt
2026-03-22,06:20:50,soil culture 1,-149.875,2026-03-22 06:20:50,20260802_soil_log.txt
2026-03-22,06:25:51,soil culture 1,-149.875,2026-03-22 06:25:51,20260802_soil_log.txt
2026-03-22,06:30:51,soil culture 1,-149.875,2026-03-22 06:30:51,20260802_soil_log.txt
2026-03-22,06:35:51,soil culture 1,-149.875,2026-03-22 06:35:51,20260802_soil_log.txt
2026-03-22,06:40:51,soil culture 1,-149.75,2026-03-22 06:40:51,20260802_soil_log.txt
2026-03-22,06:45:51,soil culture 1,-149.75,2026-03-22 06:45:51,20260802_soil_log.txt
2026-03-22,06:50:52,soil culture 1,-149.75,2026-03-22 06:50:52,20260802_soil_log.txt
2026-03-22,06:55:52,soil culture 1,-149.625,2026-03-22 06:55:52,20260802_soil_log.txt
2026-03-22,07:00:52,soil culture 1,-149.625,2026-03-22 07:00:52,20260802_soil_log.txt
2026-03-22,07:05:52,soil culture 1,-149.5,2026-03-22 07:05:52,20260802_soil_log.txt
2026-03-22,07:10:53,soil culture 1,-149.5,2026-03-22 07:10:53,20260802_soil_log.txt
2026-03-22,07:15:53,soil culture 1,-149.5,2026-03-22 07:15:53,20260802_soil_log.txt
2026-03-22,07:20:53,soil culture 1,-149.375,2026-03-22 07:20:53,20260802_soil_log.txt
2026-03-22,07:25:53,soil culture 1,-149.375,2026-03-22 07:25:53,20260802_soil_log.txt
2026-03-22,07:30:53,soil culture 1,-149.375,2026-03-22 07:30:53,20260802_soil_log.txt
2026-03-22,07:35:54,soil culture 1,-149.375,2026-03-22 07:35:54,20260802_soil_log.txt
2026-03-22,07:40:54,soil culture 1,-149.375,2026-03-22 07:40:54,20260802_soil_log.txt
2026-03-22,07:45:54,soil culture 1,-149.375,2026-03-22 07:45:54,20260802_soil_log.txt
2026-03-22,07:50:54,soil culture 1,-149.375,2026-03-22 07:50:54,20260802_soil_log.txt
2026-03-22,07:55:55,soil culture 1,-149.25,2026-03-22 07:55:55,20260802_soil_log.txt
2026-03-22,08:00:55,soil culture 1,-149.25,2026-03-22 08:00:55,20260802_soil_log.txt
2026-03-22,08:05:55,soil culture 1,-149.25,2026-03-22 08:05:55,20260802_soil_log.txt
2026-03-22,08:10:55,soil culture 1,-149.25,2026-03-22 08:10:55,20260802_soil_log.txt
2026-03-22,08:15:55,soil culture 1,-149.125,2026-03-22 08:15:55,20260802_soil_log.txt
2026-03-22,08:20:56,soil culture 1,-149.125,2026-03-22 08:20:56,20260802_soil_log.txt
2026-03-22,08:25:56,soil culture 1,-149.125,2026-03-22 08:25:56,20260802_soil_log.txt
2026-03-22,08:30:56,soil culture 1,-149.125,2026-03-22 08:30:56,20260802_soil_log.txt
2026-03-22,08:35:56,soil culture 1,-149.125,2026-03-22 08:35:56,20260802_soil_log.txt
2026-03-22,08:40:57,soil culture 1,-149.0,2026-03-22 08:40:57,20260802_soil_log.txt
2026-03-22,08:45:57,soil culture 1,-149.0,2026-03-22 08:45:57,20260802_soil_log.txt
2026-03-22,08:50:57,soil culture 1,-148.875,2026-03-22 08:50:57,20260802_soil_log.txt
2026-03-22,08:55:57,soil culture 1,-148.875,2026-03-22 08:55:57,20260802_soil_log.txt
2026-03-22,09:00:57,soil culture 1,-148.875,2026-03-22 09:00:57,20260802_soil_log.txt
2026-03-22,09:05:58,soil culture 1,-148.75,2026-03-22 09:05:58,20260802_soil_log.txt
2026-03-22,09:10:58,soil culture 1,-148.75,2026-03-22 09:10:58,20260802_soil_log.txt
2026-03-22,09:15:58,soil culture 1,-148.75,2026-03-22 09:15:58,20260802_soil_log.txt
2026-03-22,09:20:58,soil culture 1,-148.625,2026-03-22 09:20:58,20260802_soil_log.txt
2026-03-22,09:25:59,soil culture 1,-148.5,2026-03-22 09:25:59,20260802_soil_log.txt
2026-03-22,09:30:59,soil culture 1,-148.625,2026-03-22 09:30:59,20260802_soil_log.txt
2026-03-22,09:35:59,soil culture 1,-148.5,2026-03-22 09:35:59,20260802_soil_log.txt
2026-03-22,09:40:59,soil culture 1,-148.5,2026-03-22 09:40:59,20260802_soil_log.txt
2026-03-22,09:45:59,soil culture 1,-148.375,2026-03-22 09:45:59,20260802_soil_log.txt
2026-03-22,09:51:00,soil culture 1,-148.375,2026-03-22 09:51:00,20260802_soil_log.txt
2026-03-22,09:56:00,soil culture 1,-148.375,2026-03-22 09:56:00,20260802_soil_log.txt
2026-03-22,10:01:00,soil culture 1,-148.375,2026-03-22 10:01:00,20260802_soil_log.txt
2026-03-22,10:06:00,soil culture 1,-148.25,2026-03-22 10:06:00,20260802_soil_log.txt
2026-03-22,10:11:01,soil culture 1,-148.125,2026-03-22 10:11:01,20260802_soil_log.txt
2026-03-22,10:16:01,soil culture 1,-148.125,2026-03-22 10:16:01,20260802_soil_log.txt
2026-03-22,10:21:01,soil culture 1,-148.125,2026-03-22 10:21:01,20260802_soil_log.txt
2026-03-22,10:26:01,soil culture 1,-148.0,2026-03-22 10:26:01,20260802_soil_log.txt
2026-03-22,10:31:01,soil culture 1,-148.0,2026-03-22 10:31:01,20260802_soil_log.txt
2026-03-22,10:36:02,soil culture 1,-148.0,2026-03-22 10:36:02,20260802_soil_log.txt
2026-03-22,10:41:02,soil culture 1,-147.875,2026-03-22 10:41:02,20260802_soil_log.txt
2026-03-22,10:46:02,soil culture 1,-147.875,2026-03-22 10:46:02,20260802_soil_log.txt
2026-03-22,10:51:02,soil culture 1,-147.75,2026-03-22 10:51:02,20260802_soil_log.txt
2026-03-22,10:56:03,soil culture 1,-147.75,2026-03-22 10:56:03,20260802_soil_log.txt
2026-03-22,11:01:03,soil culture 1,-147.625,2026-03-22 11:01:03,20260802_soil_log.txt
2026-03-22,11:06:03,soil culture 1,-147.625,2026-03-22 11:06:03,20260802_soil_log.txt
2026-03-22,11:11:03,soil culture 1,-147.75,2026-03-22 11:11:03,20260802_soil_log.txt
2026-03-22,11:16:03,soil culture 1,-147.75,2026-03-22 11:16:03,20260802_soil_log.txt
2026-03-22,11:21:04,soil culture 1,-147.75,2026-03-22 11:21:04,20260802_soil_log.txt
2026-03-22,11:26:04,soil culture 1,-147.625,2026-03-22 11:26:04,20260802_soil_log.txt
2026-03-22,11:31:04,soil culture 1,-147.625,2026-03-22 11:31:04,20260802_soil_log.txt
2026-03-22,11:36:04,soil culture 1,-147.5,2026-03-22 11:36:04,20260802_soil_log.txt
2026-03-22,11:41:05,soil culture 1,-147.5,2026-03-22 11:41:05,20260802_soil_log.txt
2026-03-22,11:46:05,soil culture 1,-147.5,2026-03-22 11:46:05,20260802_soil_log.txt
2026-03-22,11:51:05,soil culture 1,-147.5,2026-03-22 11:51:05,20260802_soil_log.txt
2026-03-22,11:56:05,soil culture 1,-147.375,2026-03-22 11:56:05,20260802_soil_log.txt
2026-03-22,12:01:05,soil culture 1,-147.25,2026-03-22 12:01:05,20260802_soil_log.txt
2026-03-22,12:06:06,soil culture 1,-147.25,2026-03-22 12:06:06,20260802_soil_log.txt
2026-03-22,12:11:06,soil culture 1,-147.25,2026-03-22 12:11:06,20260802_soil_log.txt
2026-03-22,12:16:06,soil culture 1,-147.25,2026-03-22 12:16:06,20260802_soil_log.txt
2026-03-22,12:21:06,soil culture 1,-147.125,2026-03-22 12:21:06,20260802_soil_log.txt
2026-03-22,12:26:07,soil culture 1,-147.125,2026-03-22 12:26:07,20260802_soil_log.txt
2026-03-22,12:31:07,soil culture 1,-147.125,2026-03-22 12:31:07,20260802_soil_log.txt
2026-03-22,12:36:07,soil culture 1,-147.0,2026-03-22 12:36:07,20260802_soil_log.txt
2026-03-22,12:41:07,soil culture 1,-147.0,2026-03-22 12:41:07,20260802_soil_log.txt
2026-03-22,12:46:07,soil culture 1,-147.0,2026-03-22 12:46:07,20260802_soil_log.txt
2026-03-22,12:51:08,soil culture 1,-146.875,2026-03-22 12:51:08,20260802_soil_log.txt
2026-03-22,12:56:08,soil culture 1,-146.875,2026-03-22 12:56:08,20260802_soil_log.txt
2026-03-22,13:01:08,soil culture 1,-146.75,2026-03-22 13:01:08,20260802_soil_log.txt
2026-03-22,13:06:08,soil culture 1,-146.75,2026-03-22 13:06:08,20260802_soil_log.txt
2026-03-22,13:11:08,soil culture 1,-146.75,2026-03-22 13:11:08,20260802_soil_log.txt
2026-03-22,13:16:09,soil culture 1,-146.625,2026-03-22 13:16:09,20260802_soil_log.txt
2026-03-22,13:21:09,soil culture 1,-146.625,2026-03-22 13:21:09,20260802_soil_log.txt
2026-03-22,13:26:09,soil culture 1,-146.625,2026-03-22 13:26:09,20260802_soil_log.txt
2026-03-22,13:31:09,soil culture 1,-146.625,2026-03-22 13:31:09,20260802_soil_log.txt
2026-03-22,13:36:09,soil culture 1,-146.625,2026-03-22 13:36:09,20260802_soil_log.txt
2026-03-22,13:41:10,soil culture 1,-146.5,2026-03-22 13:41:10,20260802_soil_log.txt
2026-03-22,13:46:10,soil culture 1,-146.5,2026-03-22 13:46:10,20260802_soil_log.txt
2026-03-22,13:51:10,soil culture 1,-146.375,2026-03-22 13:51:10,20260802_soil_log.txt
2026-03-22,13:56:10,soil culture 1,-146.375,2026-03-22 13:56:10,20260802_soil_log.txt
2026-03-22,14:01:11,soil culture 1,-146.375,2026-03-22 14:01:11,20260802_soil_log.txt
2026-03-22,14:06:11,soil culture 1,-146.25,2026-03-22 14:06:11,20260802_soil_log.txt
2026-03-22,14:11:11,soil culture 1,-146.25,2026-03-22 14:11:11,20260802_soil_log.txt
2026-03-22,14:16:11,soil culture 1,-146.125,2026-03-22 14:16:11,20260802_soil_log.txt
2026-03-22,14:21:11,soil culture 1,-146.125,2026-03-22 14:21:11,20260802_soil_log.txt
2026-03-22,14:26:12,soil culture 1,-146.125,2026-03-22 14:26:12,20260802_soil_log.txt
2026-03-22,14:31:12,soil culture 1,-146.0,2026-03-22 14:31:12,20260802_soil_log.txt
2026-03-22,14:36:12,soil culture 1,-146.0,2026-03-22 14:36:12,20260802_soil_log.txt
2026-03-22,14:41:12,soil culture 1,-146.0,2026-03-22 14:41:12,20260802_soil_log.txt
2026-03-22,14:46:13,soil culture 1,-145.875,2026-03-22 14:46:13,20260802_soil_log.txt
2026-03-22,14:51:13,soil culture 1,-145.875,2026-03-22 14:51:13,20260802_soil_log.txt
2026-03-22,14:56:13,soil culture 1,-145.875,2026-03-22 14:56:13,20260802_soil_log.txt
2026-03-22,15:01:13,soil culture 1,-145.875,2026-03-22 15:01:13,20260802_soil_log.txt
2026-03-22,15:06:13,soil culture 1,-145.875,2026-03-22 15:06:13,20260802_soil_log.txt
2026-03-22,15:11:14,soil culture 1,-145.75,2026-03-22 15:11:14,20260802_soil_log.txt
2026-03-22,15:16:14,soil culture 1,-145.75,2026-03-22 15:16:14,20260802_soil_log.txt
2026-03-22,15:21:14,soil culture 1,-145.75,2026-03-22 15:21:14,20260802_soil_log.txt
2026-03-22,15:26:14,soil culture 1,-145.5,2026-03-22 15:26:14,20260802_soil_log.txt
2026-03-22,15:31:14,soil culture 1,-145.5,2026-03-22 15:31:14,20260802_soil_log.txt
2026-03-22,15:36:15,soil culture 1,-145.375,2026-03-22 15:36:15,20260802_soil_log.txt
2026-03-22,15:41:15,soil culture 1,-145.375,2026-03-22 15:41:15,20260802_soil_log.txt
2026-03-22,15:46:15,soil culture 1,-145.25,2026-03-22 15:46:15,20260802_soil_log.txt
2026-03-22,15:51:15,soil culture 1,-145.25,2026-03-22 15:51:15,20260802_soil_log.txt
2026-03-22,15:56:16,soil culture 1,-145.25,2026-03-22 15:56:16,20260802_soil_log.txt
2026-03-22,16:01:16,soil culture 1,-145.25,2026-03-22 16:01:16,20260802_soil_log.txt
2026-03-22,16:06:16,soil culture 1,-145.25,2026-03-22 16:06:16,20260802_soil_log.txt
2026-03-22,16:11:16,soil culture 1,-145.125,2026-03-22 16:11:16,20260802_soil_log.txt
2026-03-22,16:16:16,soil culture 1,-145.125,2026-03-22 16:16:16,20260802_soil_log.txt
2026-03-22,16:21:17,soil culture 1,-145.125,2026-03-22 16:21:17,20260802_soil_log.txt
2026-03-22,16:26:17,soil culture 1,-145.125,2026-03-22 16:26:17,20260802_soil_log.txt
2026-03-22,16:31:17,soil culture 1,-145.125,2026-03-22 16:31:17,20260802_soil_log.txt
2026-03-22,16:36:17,soil culture 1,-145.0,2026-03-22 16:36:17,20260802_soil_log.txt
2026-03-22,16:41:17,soil culture 1,-145.0,2026-03-22 16:41:17,20260802_soil_log.txt
2026-03-22,16:46:18,soil culture 1,-145.0,2026-03-22 16:46:18,20260802_soil_log.txt
2026-03-22,16:51:18,soil culture 1,-145.0,2026-03-22 16:51:18,20260802_soil_log.txt
2026-03-22,16:56:18,soil culture 1,-144.625,2026-03-22 16:56:18,20260802_soil_log.txt
2026-03-22,17:01:18,soil culture 1,-144.75,2026-03-22 17:01:18,20260802_soil_log.txt
2026-03-22,17:06:19,soil culture 1,-144.625,2026-03-22 17:06:19,20260802_soil_log.txt
2026-03-22,17:11:19,soil culture 1,-144.625,2026-03-22 17:11:19,20260802_soil_log.txt
2026-03-22,17:16:19,soil culture 1,-144.625,2026-03-22 17:16:19,20260802_soil_log.txt
2026-03-22,17:21:19,soil culture 1,-144.625,2026-03-22 17:21:19,20260802_soil_log.txt
2026-03-22,17:26:19,soil culture 1,-144.5,2026-03-22 17:26:19,20260802_soil_log.txt
2026-03-22,17:31:20,soil culture 1,-144.625,2026-03-22 17:31:20,20260802_soil_log.txt
2026-03-22,17:36:20,soil culture 1,-144.5,2026-03-22 17:36:20,20260802_soil_log.txt
2026-03-22,17:41:20,soil culture 1,-144.5,2026-03-22 17:41:20,20260802_soil_log.txt
2026-03-22,17:46:20,soil culture 1,-144.5,2026-03-22 17:46:20,20260802_soil_log.txt
2026-03-22,17:51:20,soil culture 1,-144.375,2026-03-22 17:51:20,20260802_soil_log.txt
2026-03-22,17:56:21,soil culture 1,-144.375,2026-03-22 17:56:21,20260802_soil_log.txt
2026-03-22,18:01:21,soil culture 1,-144.375,2026-03-22 18:01:21,20260802_soil_log.txt
2026-03-22,18:06:21,soil culture 1,-144.25,2026-03-22 18:06:21,20260802_soil_log.txt
2026-03-22,18:11:21,soil culture 1,-144.25,2026-03-22 18:11:21,20260802_soil_log.txt
2026-03-22,18:16:21,soil culture 1,-144.25,2026-03-22 18:16:21,20260802_soil_log.txt
2026-03-22,18:21:22,soil culture 1,-144.25,2026-03-22 18:21:22,20260802_soil_log.txt
2026-03-22,18:26:22,soil culture 1,-144.25,2026-03-22 18:26:22,20260802_soil_log.txt
2026-03-22,18:31:22,soil culture 1,-144.125,2026-03-22 18:31:22,20260802_soil_log.txt
2026-03-22,18:36:22,soil culture 1,-144.125,2026-03-22 18:36:22,20260802_soil_log.txt
2026-03-22,18:41:23,soil culture 1,-144.125,2026-03-22 18:41:23,20260802_soil_log.txt
2026-03-22,18:46:23,soil culture 1,-144.00000000000003,2026-03-22 18:46:23,20260802_soil_log.txt
2026-03-22,18:51:23,soil culture 1,-144.00000000000003,2026-03-22 18:51:23,20260802_soil_log.txt
2026-03-22,18:56:23,soil culture 1,-144.00000000000003,2026-03-22 18:56:23,20260802_soil_log.txt
2026-03-22,19:01:23,soil culture 1,-144.00000000000003,2026-03-22 19:01:23,20260802_soil_log.txt
2026-03-22,19:06:24,soil culture 1,-143.875,2026-03-22 19:06:24,20260802_soil_log.txt
2026-03-22,19:11:24,soil culture 1,-143.875,2026-03-22 19:11:24,20260802_soil_log.txt
2026-03-22,19:16:24,soil culture 1,-143.875,2026-03-22 19:16:24,20260802_soil_log.txt
2026-03-22,19:21:24,soil culture 1,-143.875,2026-03-22 19:21:24,20260802_soil_log.txt
2026-03-22,19:26:25,soil culture 1,-143.875,2026-03-22 19:26:25,20260802_soil_log.txt
2026-03-22,19:31:25,soil culture 1,-143.875,2026-03-22 19:31:25,20260802_soil_log.txt
2026-03-22,19:36:25,soil culture 1,-143.75000000000003,2026-03-22 19:36:25,20260802_soil_log.txt
2026-03-22,19:41:25,soil culture 1,-143.75000000000003,2026-03-22 19:41:25,20260802_soil_log.txt
2026-03-22,19:46:25,soil culture 1,-143.625,2026-03-22 19:46:25,20260802_soil_log.txt
2026-03-22,19:51:26,soil culture 1,-143.625,2026-03-22 19:51:26,20260802_soil_log.txt
2026-03-22,19:56:26,soil culture 1,-143.625,2026-03-22 19:56:26,20260802_soil_log.txt
2026-03-22,20:01:26,soil culture 1,-143.625,2026-03-22 20:01:26,20260802_soil_log.txt
2026-03-22,20:06:26,soil culture 1,-143.50000000000003,2026-03-22 20:06:26,20260802_soil_log.txt
2026-03-22,20:11:27,soil culture 1,-143.50000000000003,2026-03-22 20:11:27,20260802_soil_log.txt
2026-03-22,20:16:27,soil culture 1,-143.50000000000003,2026-03-22 20:16:27,20260802_soil_log.txt
2026-03-22,20:21:27,soil culture 1,-143.375,2026-03-22 20:21:27,20260802_soil_log.txt
2026-03-22,20:26:27,soil culture 1,-143.375,2026-03-22 20:26:27,20260802_soil_log.txt
2026-03-22,20:31:27,soil culture 1,-143.375,2026-03-22 20:31:27,20260802_soil_log.txt
2026-03-22,20:36:28,soil culture 1,-143.375,2026-03-22 20:36:28,20260802_soil_log.txt
2026-03-22,20:41:28,soil culture 1,-143.375,2026-03-22 20:41:28,20260802_soil_log.txt
2026-03-22,20:46:28,soil culture 1,-143.25000000000003,2026-03-22 20:46:28,20260802_soil_log.txt
2026-03-22,20:51:28,soil culture 1,-143.25000000000003,2026-03-22 20:51:28,20260802_soil_log.txt
2026-03-22,20:56:29,soil culture 1,-143.25000000000003,2026-03-22 20:56:29,20260802_soil_log.txt
2026-03-22,21:01:29,soil culture 1,-143.25000000000003,2026-03-22 21:01:29,20260802_soil_log.txt
2026-03-22,21:06:29,soil culture 1,-143.125,2026-03-22 21:06:29,20260802_soil_log.txt
2026-03-22,21:11:29,soil culture 1,-143.125,2026-03-22 21:11:29,20260802_soil_log.txt
2026-03-22,21:16:29,soil culture 1,-143.00000000000003,2026-03-22 21:16:29,20260802_soil_log.txt
2026-03-22,21:21:30,soil culture 1,-143.00000000000003,2026-03-22 21:21:30,20260802_soil_log.txt
2026-03-22,21:26:30,soil culture 1,-143.125,2026-03-22 21:26:30,20260802_soil_log.txt
2026-03-22,21:31:30,soil culture 1,-143.00000000000003,2026-03-22 21:31:30,20260802_soil_log.txt
2026-03-22,21:36:30,soil culture 1,-142.875,2026-03-22 21:36:30,20260802_soil_log.txt
2026-03-22,21:41:31,soil culture 1,-142.875,2026-03-22 21:41:31,20260802_soil_log.txt
2026-03-22,21:46:31,soil culture 1,-142.875,2026-03-22 21:46:31,20260802_soil_log.txt
2026-03-22,21:51:31,soil culture 1,-142.75000000000003,2026-03-22 21:51:31,20260802_soil_log.txt
2026-03-22,21:56:31,soil culture 1,-142.75000000000003,2026-03-22 21:56:31,20260802_soil_log.txt
2026-03-22,22:01:32,soil culture 1,-142.75000000000003,2026-03-22 22:01:32,20260802_soil_log.txt
2026-03-22,22:06:32,soil culture 1,-142.625,2026-03-22 22:06:32,20260802_soil_log.txt
2026-03-22,22:11:32,soil culture 1,-142.50000000000003,2026-03-22 22:11:32,20260802_soil_log.txt
2026-03-22,22:16:32,soil culture 1,-142.625,2026-03-22 22:16:32,20260802_soil_log.txt
2026-03-22,22:21:32,soil culture 1,-142.50000000000003,2026-03-22 22:21:32,20260802_soil_log.txt
2026-03-22,22:26:33,soil culture 1,-142.50000000000003,2026-03-22 22:26:33,20260802_soil_log.txt
2026-03-22,22:31:33,soil culture 1,-142.50000000000003,2026-03-22 22:31:33,20260802_soil_log.txt
2026-03-22,22:36:33,soil culture 1,-142.50000000000003,2026-03-22 22:36:33,20260802_soil_log.txt
2026-03-22,22:41:33,soil culture 1,-142.375,2026-03-22 22:41:33,20260802_soil_log.txt
2026-03-22,22:46:33,soil culture 1,-142.375,2026-03-22 22:46:33,20260802_soil_log.txt
2026-03-22,22:51:34,soil culture 1,-142.375,2026-03-22 22:51:34,20260802_soil_log.txt
2026-03-22,22:56:34,soil culture 1,-142.25000000000003,2026-03-22 22:56:34,20260802_soil_log.txt
2026-03-22,23:01:34,soil culture 1,-142.25000000000003,2026-03-22 23:01:34,20260802_soil_log.txt
2026-03-22,23:06:34,soil culture 1,-142.125,2026-03-22 23:06:34,20260802_soil_log.txt
2026-03-22,23:11:35,soil culture 1,-142.125,2026-03-22 23:11:35,20260802_soil_log.txt
2026-03-22,23:16:35,soil culture 1,-142.00000000000003,2026-03-22 23:16:35,20260802_soil_log.txt
2026-03-22,23:21:35,soil culture 1,-142.125,2026-03-22 23:21:35,20260802_soil_log.txt
2026-03-22,23:26:35,soil culture 1,-142.00000000000003,2026-03-22 23:26:35,20260802_soil_log.txt
2026-03-22,23:31:35,soil culture 1,-142.00000000000003,2026-03-22 23:31:35,20260802_soil_log.txt
2026-03-22,23:36:36,soil culture 1,-141.875,2026-03-22 23:36:36,20260802_soil_log.txt
2026-03-22,23:41:36,soil culture 1,-141.875,2026-03-22 23:41:36,20260802_soil_log.txt
2026-03-22,23:46:36,soil culture 1,-141.875,2026-03-22 23:46:36,20260802_soil_log.txt
2026-03-22,23:51:36,soil culture 1,-141.875,2026-03-22 23:51:36,20260802_soil_log.txt
2026-03-22,23:56:37,soil culture 1,-141.75000000000003,2026-03-22 23:56:37,20260802_soil_log.txt
2026-03-23,00:01:37,soil culture 1,-141.75000000000003,2026-03-23 00:01:37,20260802_soil_log.txt
2026-03-23,00:06:37,soil culture 1,-141.625,2026-03-23 00:06:37,20260802_soil_log.txt
2026-03-23,00:11:37,soil culture 1,-141.625,2026-03-23 00:11:37,20260802_soil_log.txt
2026-03-23,00:16:37,soil culture 1,-141.625,2026-03-23 00:16:37,20260802_soil_log.txt
2026-03-23,00:21:38,soil culture 1,-141.625,2026-03-23 00:21:38,20260802_soil_log.txt
2026-03-23,00:26:38,soil culture 1,-141.50000000000003,2026-03-23 00:26:38,20260802_soil_log.txt
2026-03-23,00:31:38,soil culture 1,-141.50000000000003,2026-03-23 00:31:38,20260802_soil_log.txt
2026-03-23,00:36:38,soil culture 1,-141.50000000000003,2026-03-23 00:36:38,20260802_soil_log.txt
2026-03-23,00:41:38,soil culture 1,-141.375,2026-03-23 00:41:38,20260802_soil_log.txt
2026-03-23,00:46:39,soil culture 1,-141.25000000000003,2026-03-23 00:46:39,20260802_soil_log.txt
2026-03-23,00:51:39,soil culture 1,-141.25000000000003,2026-03-23 00:51:39,20260802_soil_log.txt
2026-03-23,00:56:39,soil culture 1,-141.25000000000003,2026-03-23 00:56:39,20260802_soil_log.txt
2026-03-23,01:01:39,soil culture 1,-141.125,2026-03-23 01:01:39,20260802_soil_log.txt
2026-03-23,01:06:40,soil culture 1,-141.25000000000003,2026-03-23 01:06:40,20260802_soil_log.txt
2026-03-23,01:11:40,soil culture 1,-141.25000000000003,2026-03-23 01:11:40,20260802_soil_log.txt
2026-03-23,01:16:40,soil culture 1,-141.125,2026-03-23 01:16:40,20260802_soil_log.txt
2026-03-23,01:21:40,soil culture 1,-141.125,2026-03-23 01:21:40,20260802_soil_log.txt
2026-03-23,01:26:40,soil culture 1,-141.125,2026-03-23 01:26:40,20260802_soil_log.txt
2026-03-23,01:31:41,soil culture 1,-141.125,2026-03-23 01:31:41,20260802_soil_log.txt
2026-03-23,01:36:41,soil culture 1,-141.0,2026-03-23 01:36:41,20260802_soil_log.txt
2026-03-23,01:41:41,soil culture 1,-141.125,2026-03-23 01:41:41,20260802_soil_log.txt
2026-03-23,01:46:41,soil culture 1,-141.0,2026-03-23 01:46:41,20260802_soil_log.txt
2026-03-23,01:51:42,soil culture 1,-141.0,2026-03-23 01:51:42,20260802_soil_log.txt
2026-03-23,01:56:42,soil culture 1,-140.875,2026-03-23 01:56:42,20260802_soil_log.txt
2026-03-23,02:01:42,soil culture 1,-140.875,2026-03-23 02:01:42,20260802_soil_log.txt
2026-03-23,02:06:42,soil culture 1,-140.875,2026-03-23 02:06:42,20260802_soil_log.txt
2026-03-23,02:11:43,soil culture 1,-140.875,2026-03-23 02:11:43,20260802_soil_log.txt
2026-03-23,02:16:43,soil culture 1,-140.75,2026-03-23 02:16:43,20260802_soil_log.txt
2026-03-23,02:21:43,soil culture 1,-140.75,2026-03-23 02:21:43,20260802_soil_log.txt
2026-03-23,02:26:43,soil culture 1,-140.75,2026-03-23 02:26:43,20260802_soil_log.txt
2026-03-23,02:31:43,soil culture 1,-140.75,2026-03-23 02:31:43,20260802_soil_log.txt
2026-03-23,02:36:44,soil culture 1,-140.625,2026-03-23 02:36:44,20260802_soil_log.txt
2026-03-23,02:41:44,soil culture 1,-140.625,2026-03-23 02:41:44,20260802_soil_log.txt
2026-03-23,02:46:44,soil culture 1,-140.625,2026-03-23 02:46:44,20260802_soil_log.txt
2026-03-23,02:51:44,soil culture 1,-140.5,2026-03-23 02:51:44,20260802_soil_log.txt
2026-03-23,02:56:44,soil culture 1,-140.5,2026-03-23 02:56:44,20260802_soil_log.txt
2026-03-23,03:01:45,soil culture 1,-140.5,2026-03-23 03:01:45,20260802_soil_log.txt
2026-03-23,03:06:45,soil culture 1,-140.5,2026-03-23 03:06:45,20260802_soil_log.txt
2026-03-23,03:11:45,soil culture 1,-140.5,2026-03-23 03:11:45,20260802_soil_log.txt
2026-03-23,03:16:45,soil culture 1,-140.375,2026-03-23 03:16:45,20260802_soil_log.txt
2026-03-23,03:21:45,soil culture 1,-140.375,2026-03-23 03:21:45,20260802_soil_log.txt
2026-03-23,03:26:46,soil culture 1,-140.375,2026-03-23 03:26:46,20260802_soil_log.txt
2026-03-23,03:31:46,soil culture 1,-140.375,2026-03-23 03:31:46,20260802_soil_log.txt
2026-03-23,03:36:46,soil culture 1,-140.25,2026-03-23 03:36:46,20260802_soil_log.txt
2026-03-23,03:41:46,soil culture 1,-140.25,2026-03-23 03:41:46,20260802_soil_log.txt
2026-03-23,03:46:47,soil culture 1,-140.25,2026-03-23 03:46:47,20260802_soil_log.txt
2026-03-23,03:51:47,soil culture 1,-140.25,2026-03-23 03:51:47,20260802_soil_log.txt
2026-03-23,03:56:47,soil culture 1,-140.25,2026-03-23 03:56:47,20260802_soil_log.txt
2026-03-23,04:01:47,soil culture 1,-140.125,2026-03-23 04:01:47,20260802_soil_log.txt
2026-03-23,04:06:47,soil culture 1,-140.125,2026-03-23 04:06:47,20260802_soil_log.txt
2026-03-23,04:11:48,soil culture 1,-140.0,2026-03-23 04:11:48,20260802_soil_log.txt
2026-03-23,04:16:48,soil culture 1,-140.125,2026-03-23 04:16:48,20260802_soil_log.txt
2026-03-23,04:21:48,soil culture 1,-140.125,2026-03-23 04:21:48,20260802_soil_log.txt
2026-03-23,04:26:48,soil culture 1,-140.0,2026-03-23 04:26:48,20260802_soil_log.txt
2026-03-23,04:31:48,soil culture 1,-140.0,2026-03-23 04:31:48,20260802_soil_log.txt
2026-03-23,04:36:49,soil culture 1,-140.0,2026-03-23 04:36:49,20260802_soil_log.txt
2026-03-23,04:41:49,soil culture 1,-140.0,2026-03-23 04:41:49,20260802_soil_log.txt
2026-03-23,04:46:49,soil culture 1,-139.875,2026-03-23 04:46:49,20260802_soil_log.txt
2026-03-23,04:51:49,soil culture 1,-139.875,2026-03-23 04:51:49,20260802_soil_log.txt
2026-03-23,04:56:50,soil culture 1,-139.875,2026-03-23 04:56:50,20260802_soil_log.txt
2026-03-23,05:01:50,soil culture 1,-139.875,2026-03-23 05:01:50,20260802_soil_log.txt
2026-03-23,05:06:50,soil culture 1,-139.875,2026-03-23 05:06:50,20260802_soil_log.txt
2026-03-23,05:11:50,soil culture 1,-139.875,2026-03-23 05:11:50,20260802_soil_log.txt
2026-03-23,05:16:50,soil culture 1,-139.875,2026-03-23 05:16:50,20260802_soil_log.txt
2026-03-23,05:21:51,soil culture 1,-139.75,2026-03-23 05:21:51,20260802_soil_log.txt
2026-03-23,05:26:51,soil culture 1,-139.75,2026-03-23 05:26:51,20260802_soil_log.txt
2026-03-23,05:31:51,soil culture 1,-139.625,2026-03-23 05:31:51,20260802_soil_log.txt
2026-03-23,05:36:51,soil culture 1,-139.75,2026-03-23 05:36:51,20260802_soil_log.txt
2026-03-23,05:41:52,soil culture 1,-139.625,2026-03-23 05:41:52,20260802_soil_log.txt
2026-03-23,05:46:52,soil culture 1,-139.625,2026-03-23 05:46:52,20260802_soil_log.txt
2026-03-23,05:51:52,soil culture 1,-139.625,2026-03-23 05:51:52,20260802_soil_log.txt
2026-03-23,05:56:52,soil culture 1,-139.5,2026-03-23 05:56:52,20260802_soil_log.txt
2026-03-23,06:01:53,soil culture 1,-139.625,2026-03-23 06:01:53,20260802_soil_log.txt
2026-03-23,06:06:53,soil culture 1,-139.625,2026-03-23 06:06:53,20260802_soil_log.txt
2026-03-23,06:11:53,soil culture 1,-139.5,2026-03-23 06:11:53,20260802_soil_log.txt
2026-03-23,06:16:53,soil culture 1,-139.5,2026-03-23 06:16:53,20260802_soil_log.txt
2026-03-23,06:21:53,soil culture 1,-139.5,2026-03-23 06:21:53,20260802_soil_log.txt
2026-03-23,06:26:54,soil culture 1,-139.5,2026-03-23 06:26:54,20260802_soil_log.txt
2026-03-23,06:31:54,soil culture 1,-139.5,2026-03-23 06:31:54,20260802_soil_log.txt
2026-03-23,06:36:54,soil culture 1,-139.5,2026-03-23 06:36:54,20260802_soil_log.txt
2026-03-23,06:41:54,soil culture 1,-139.5,2026-03-23 06:41:54,20260802_soil_log.txt
2026-03-23,06:46:54,soil culture 1,-139.5,2026-03-23 06:46:54,20260802_soil_log.txt
2026-03-23,06:51:55,soil culture 1,-139.5,2026-03-23 06:51:55,20260802_soil_log.txt
2026-03-23,06:56:55,soil culture 1,-139.5,2026-03-23 06:56:55,20260802_soil_log.txt
2026-03-23,07:01:55,soil culture 1,-139.5,2026-03-23 07:01:55,20260802_soil_log.txt
2026-03-23,07:06:55,soil culture 1,-139.375,2026-03-23 07:06:55,20260802_soil_log.txt
2026-03-23,07:11:56,soil culture 1,-139.375,2026-03-23 07:11:56,20260802_soil_log.txt
2026-03-23,07:16:56,soil culture 1,-139.375,2026-03-23 07:16:56,20260802_soil_log.txt
2026-03-23,07:21:56,soil culture 1,-139.375,2026-03-23 07:21:56,20260802_soil_log.txt
2026-03-23,07:26:56,soil culture 1,-139.375,2026-03-23 07:26:56,20260802_soil_log.txt
2026-03-23,07:31:56,soil culture 1,-139.25,2026-03-23 07:31:56,20260802_soil_log.txt
2026-03-23,07:36:57,soil culture 1,-139.25,2026-03-23 07:36:57,20260802_soil_log.txt
2026-03-23,07:41:57,soil culture 1,-139.25,2026-03-23 07:41:57,20260802_soil_log.txt
2026-03-23,07:46:57,soil culture 1,-139.25,2026-03-23 07:46:57,20260802_soil_log.txt
2026-03-23,07:51:57,soil culture 1,-139.25,2026-03-23 07:51:57,20260802_soil_log.txt
2026-03-23,07:56:58,soil culture 1,-139.25,2026-03-23 07:56:58,20260802_soil_log.txt
2026-03-23,08:01:58,soil culture 1,-139.25,2026-03-23 08:01:58,20260802_soil_log.txt
2026-03-23,08:06:58,soil culture 1,-139.125,2026-03-23 08:06:58,20260802_soil_log.txt
2026-03-23,08:11:58,soil culture 1,-139.125,2026-03-23 08:11:58,20260802_soil_log.txt
2026-03-23,08:16:59,soil culture 1,-139.125,2026-03-23 08:16:59,20260802_soil_log.txt
2026-03-23,08:21:59,soil culture 1,-139.125,2026-03-23 08:21:59,20260802_soil_log.txt
2026-03-23,08:26:59,soil culture 1,-139.0,2026-03-23 08:26:59,20260802_soil_log.txt
2026-03-23,08:31:59,soil culture 1,-139.0,2026-03-23 08:31:59,20260802_soil_log.txt
2026-03-23,08:36:59,soil culture 1,-139.0,2026-03-23 08:36:59,20260802_soil_log.txt
2026-03-23,08:42:00,soil culture 1,-139.0,2026-03-23 08:42:00,20260802_soil_log.txt
2026-03-23,08:47:00,soil culture 1,-138.875,2026-03-23 08:47:00,20260802_soil_log.txt
2026-03-23,08:52:00,soil culture 1,-139.0,2026-03-23 08:52:00,20260802_soil_log.txt
2026-03-23,08:57:00,soil culture 1,-138.875,2026-03-23 08:57:00,20260802_soil_log.txt
2026-03-23,09:02:01,soil culture 1,-139.0,2026-03-23 09:02:01,20260802_soil_log.txt
2026-03-23,09:07:01,soil culture 1,-138.875,2026-03-23 09:07:01,20260802_soil_log.txt
2026-03-23,09:12:01,soil culture 1,-138.875,2026-03-23 09:12:01,20260802_soil_log.txt
2026-03-23,09:17:01,soil culture 1,-138.875,2026-03-23 09:17:01,20260802_soil_log.txt
2026-03-23,09:22:01,soil culture 1,-138.875,2026-03-23 09:22:01,20260802_soil_log.txt
2026-03-23,09:27:02,soil culture 1,-138.875,2026-03-23 09:27:02,20260802_soil_log.txt
2026-03-23,09:32:02,soil culture 1,-138.875,2026-03-23 09:32:02,20260802_soil_log.txt
2026-03-23,09:37:02,soil culture 1,-138.875,2026-03-23 09:37:02,20260802_soil_log.txt
2026-03-23,09:42:02,soil culture 1,-138.75,2026-03-23 09:42:02,20260802_soil_log.txt
2026-03-23,09:47:03,soil culture 1,-138.75,2026-03-23 09:47:03,20260802_soil_log.txt
2026-03-23,09:52:03,soil culture 1,-138.75,2026-03-23 09:52:03,20260802_soil_log.txt
2026-03-23,09:57:03,soil culture 1,-138.625,2026-03-23 09:57:03,20260802_soil_log.txt
2026-03-23,10:02:03,soil culture 1,-138.625,2026-03-23 10:02:03,20260802_soil_log.txt
2026-03-23,10:07:03,soil culture 1,-138.625,2026-03-23 10:07:03,20260802_soil_log.txt
2026-03-23,10:12:04,soil culture 1,-138.625,2026-03-23 10:12:04,20260802_soil_log.txt
2026-03-23,10:17:04,soil culture 1,-138.5,2026-03-23 10:17:04,20260802_soil_log.txt
2026-03-23,10:22:04,soil culture 1,-138.5,2026-03-23 10:22:04,20260802_soil_log.txt
2026-03-23,10:27:04,soil culture 1,-138.5,2026-03-23 10:27:04,20260802_soil_log.txt
2026-03-23,10:32:04,soil culture 1,-138.5,2026-03-23 10:32:04,20260802_soil_log.txt
2026-03-23,10:37:05,soil culture 1,-138.5,2026-03-23 10:37:05,20260802_soil_log.txt
2026-03-23,10:41:03,soil culture 1,-138.5,2026-03-23 10:41:03,20260805_soil_log.txt
2026-03-23,10:46:04,soil culture 1,-167.5,2026-03-23 10:46:04,20260805_soil_log.txt
2026-03-23,10:51:04,soil culture 1,-162.125,2026-03-23 10:51:04,20260805_soil_log.txt
2026-03-23,10:56:04,soil culture 1,-167.875,2026-03-23 10:56:04,20260805_soil_log.txt
2026-03-23,11:01:04,soil culture 1,-172.875,2026-03-23 11:01:04,20260805_soil_log.txt
2026-03-23,11:06:05,soil culture 1,-174.25000000000003,2026-03-23 11:06:05,20260805_soil_log.txt
2026-03-23,11:11:05,soil culture 1,-174.75000000000003,2026-03-23 11:11:05,20260805_soil_log.txt
2026-03-23,11:16:05,soil culture 1,-175.125,2026-03-23 11:16:05,20260805_soil_log.txt
2026-03-23,11:21:05,soil culture 1,-175.00000000000003,2026-03-23 11:21:05,20260805_soil_log.txt
2026-03-23,11:26:05,soil culture 1,-175.375,2026-03-23 11:26:05,20260805_soil_log.txt
2026-03-23,11:31:06,soil culture 1,-175.75000000000003,2026-03-23 11:31:06,20260805_soil_log.txt
2026-03-23,11:36:06,soil culture 1,-175.625,2026-03-23 11:36:06,20260805_soil_log.txt
2026-03-23,11:41:06,soil culture 1,-175.75000000000003,2026-03-23 11:41:06,20260805_soil_log.txt
2026-03-23,11:46:06,soil culture 1,-171.625,2026-03-23 11:46:06,20260805_soil_log.txt
2026-03-23,11:51:07,soil culture 1,-172.25,2026-03-23 11:51:07,20260805_soil_log.txt
2026-03-23,11:56:07,soil culture 1,-174.50000000000003,2026-03-23 11:56:07,20260805_soil_log.txt
2026-03-23,12:01:07,soil culture 1,-175.50000000000003,2026-03-23 12:01:07,20260805_soil_log.txt
2026-03-23,12:06:07,soil culture 1,-176.25,2026-03-23 12:06:07,20260805_soil_log.txt
2026-03-23,12:11:07,soil culture 1,-176.625,2026-03-23 12:11:07,20260805_soil_log.txt
2026-03-23,12:16:08,soil culture 1,-176.875,2026-03-23 12:16:08,20260805_soil_log.txt
2026-03-23,12:21:08,soil culture 1,-177.25,2026-03-23 12:21:08,20260805_soil_log.txt
2026-03-23,12:26:08,soil culture 1,-177.5,2026-03-23 12:26:08,20260805_soil_log.txt
2026-03-23,12:31:08,soil culture 1,-177.75,2026-03-23 12:31:08,20260805_soil_log.txt
2026-03-23,12:36:09,soil culture 1,-178.125,2026-03-23 12:36:09,20260805_soil_log.txt
2026-03-23,12:41:09,soil culture 1,-178.5,2026-03-23 12:41:09,20260805_soil_log.txt
2026-03-23,12:46:09,soil culture 1,-178.875,2026-03-23 12:46:09,20260805_soil_log.txt
2026-03-23,12:51:09,soil culture 1,-179.25,2026-03-23 12:51:09,20260805_soil_log.txt
2026-03-23,12:56:09,soil culture 1,-179.75,2026-03-23 12:56:09,20260805_soil_log.txt
2026-03-23,13:01:10,soil culture 1,-180.125,2026-03-23 13:01:10,20260805_soil_log.txt
2026-03-23,13:06:10,soil culture 1,-180.625,2026-03-23 13:06:10,20260805_soil_log.txt
2026-03-23,13:11:10,soil culture 1,-181.0,2026-03-23 13:11:10,20260805_soil_log.txt
2026-03-23,13:16:10,soil culture 1,-181.5,2026-03-23 13:16:10,20260805_soil_log.txt
2026-03-23,13:21:10,soil culture 1,-182.0,2026-03-23 13:21:10,20260805_soil_log.txt
2026-03-23,13:26:11,soil culture 1,-182.5,2026-03-23 13:26:11,20260805_soil_log.txt
2026-03-23,13:31:11,soil culture 1,-183.0,2026-03-23 13:31:11,20260805_soil_log.txt
2026-03-23,13:36:11,soil culture 1,-183.5,2026-03-23 13:36:11,20260805_soil_log.txt
2026-03-23,13:41:11,soil culture 1,-184.125,2026-03-23 13:41:11,20260805_soil_log.txt
2026-03-23,13:46:11,soil culture 1,-184.625,2026-03-23 13:46:11,20260805_soil_log.txt
2026-03-23,13:51:12,soil culture 1,-185.125,2026-03-23 13:51:12,20260805_soil_log.txt
2026-03-23,13:56:12,soil culture 1,-185.625,2026-03-23 13:56:12,20260805_soil_log.txt
2026-03-23,14:01:12,soil culture 1,-186.25,2026-03-23 14:01:12,20260805_soil_log.txt
2026-03-23,14:06:12,soil culture 1,-186.75,2026-03-23 14:06:12,20260805_soil_log.txt
2026-03-23,14:11:13,soil culture 1,-187.125,2026-03-23 14:11:13,20260805_soil_log.txt
2026-03-23,14:16:13,soil culture 1,-187.625,2026-03-23 14:16:13,20260805_soil_log.txt
2026-03-23,14:21:13,soil culture 1,-188.12500000000003,2026-03-23 14:21:13,20260805_soil_log.txt
2026-03-23,14:26:13,soil culture 1,-188.5,2026-03-23 14:26:13,20260805_soil_log.txt
2026-03-23,14:31:13,soil culture 1,-188.87500000000003,2026-03-23 14:31:13,20260805_soil_log.txt
2026-03-23,14:36:14,soil culture 1,-189.37500000000003,2026-03-23 14:36:14,20260805_soil_log.txt
2026-03-23,14:41:14,soil culture 1,-189.75,2026-03-23 14:41:14,20260805_soil_log.txt
2026-03-23,14:46:14,soil culture 1,-190.25,2026-03-23 14:46:14,20260805_soil_log.txt
2026-03-23,14:51:14,soil culture 1,-190.5,2026-03-23 14:51:14,20260805_soil_log.txt
2026-03-23,14:56:15,soil culture 1,-191.0,2026-03-23 14:56:15,20260805_soil_log.txt
2026-03-23,15:01:15,soil culture 1,-191.25,2026-03-23 15:01:15,20260805_soil_log.txt
2026-03-23,15:06:15,soil culture 1,-191.62500000000003,2026-03-23 15:06:15,20260805_soil_log.txt
2026-03-23,15:11:15,soil culture 1,-191.87500000000003,2026-03-23 15:11:15,20260805_soil_log.txt
2026-03-23,15:16:16,soil culture 1,-192.125,2026-03-23 15:16:16,20260805_soil_log.txt
2026-03-23,15:21:16,soil culture 1,-192.25,2026-03-23 15:21:16,20260805_soil_log.txt
2026-03-23,15:26:16,soil culture 1,-192.5,2026-03-23 15:26:16,20260805_soil_log.txt
2026-03-23,15:31:16,soil culture 1,-192.75,2026-03-23 15:31:16,20260805_soil_log.txt
2026-03-23,15:36:16,soil culture 1,-193.0,2026-03-23 15:36:16,20260805_soil_log.txt
2026-03-23,15:41:17,soil culture 1,-193.125,2026-03-23 15:41:17,20260805_soil_log.txt
2026-03-23,15:46:17,soil culture 1,-193.25,2026-03-23 15:46:17,20260805_soil_log.txt
2026-03-23,15:51:17,soil culture 1,-193.25,2026-03-23 15:51:17,20260805_soil_log.txt
2026-03-23,15:56:17,soil culture 1,-193.375,2026-03-23 15:56:17,20260805_soil_log.txt
2026-03-23,16:01:18,soil culture 1,-193.375,2026-03-23 16:01:18,20260805_soil_log.txt
2026-03-23,16:06:18,soil culture 1,-193.625,2026-03-23 16:06:18,20260805_soil_log.txt
2026-03-23,16:11:18,soil culture 1,-193.625,2026-03-23 16:11:18,20260805_soil_log.txt
2026-03-23,16:16:18,soil culture 1,-193.625,2026-03-23 16:16:18,20260805_soil_log.txt
2026-03-23,16:21:18,soil culture 1,-193.75,2026-03-23 16:21:18,20260805_soil_log.txt
2026-03-23,16:26:19,soil culture 1,-193.875,2026-03-23 16:26:19,20260805_soil_log.txt
2026-03-23,16:31:19,soil culture 1,-193.875,2026-03-23 16:31:19,20260805_soil_log.txt
2026-03-23,16:36:19,soil culture 1,-194.0,2026-03-23 16:36:19,20260805_soil_log.txt
2026-03-23,16:41:19,soil culture 1,-194.125,2026-03-23 16:41:19,20260805_soil_log.txt
2026-03-23,16:46:19,soil culture 1,-194.25,2026-03-23 16:46:19,20260805_soil_log.txt
2026-03-23,16:51:20,soil culture 1,-194.375,2026-03-23 16:51:20,20260805_soil_log.txt
2026-03-23,16:56:20,soil culture 1,-194.5,2026-03-23 16:56:20,20260805_soil_log.txt
2026-03-23,17:01:20,soil culture 1,-194.625,2026-03-23 17:01:20,20260805_soil_log.txt
2026-03-23,17:06:20,soil culture 1,-194.875,2026-03-23 17:06:20,20260805_soil_log.txt
2026-03-23,17:11:21,soil culture 1,-195.0,2026-03-23 17:11:21,20260805_soil_log.txt
2026-03-23,17:16:21,soil culture 1,-195.125,2026-03-23 17:16:21,20260805_soil_log.txt
2026-03-23,17:21:21,soil culture 1,-195.25,2026-03-23 17:21:21,20260805_soil_log.txt
2026-03-23,17:26:21,soil culture 1,-195.375,2026-03-23 17:26:21,20260805_soil_log.txt
2026-03-23,17:31:21,soil culture 1,-195.375,2026-03-23 17:31:21,20260805_soil_log.txt
2026-03-23,17:36:22,soil culture 1,-195.5,2026-03-23 17:36:22,20260805_soil_log.txt
2026-03-23,17:41:22,soil culture 1,-195.625,2026-03-23 17:41:22,20260805_soil_log.txt
2026-03-23,17:46:22,soil culture 1,-195.75,2026-03-23 17:46:22,20260805_soil_log.txt
2026-03-23,17:51:22,soil culture 1,-195.875,2026-03-23 17:51:22,20260805_soil_log.txt
2026-03-23,17:56:23,soil culture 1,-196.0,2026-03-23 17:56:23,20260805_soil_log.txt
2026-03-23,18:01:23,soil culture 1,-196.125,2026-03-23 18:01:23,20260805_soil_log.txt
2026-03-23,18:06:23,soil culture 1,-196.25,2026-03-23 18:06:23,20260805_soil_log.txt
2026-03-23,18:11:23,soil culture 1,-196.375,2026-03-23 18:11:23,20260805_soil_log.txt
2026-03-23,18:16:23,soil culture 1,-196.5,2026-03-23 18:16:23,20260805_soil_log.txt
2026-03-23,18:21:24,soil culture 1,-196.625,2026-03-23 18:21:24,20260805_soil_log.txt
2026-03-23,18:26:24,soil culture 1,-196.625,2026-03-23 18:26:24,20260805_soil_log.txt
2026-03-23,18:31:24,soil culture 1,-196.75,2026-03-23 18:31:24,20260805_soil_log.txt
2026-03-23,18:36:24,soil culture 1,-196.875,2026-03-23 18:36:24,20260805_soil_log.txt
2026-03-23,18:41:25,soil culture 1,-197.0,2026-03-23 18:41:25,20260805_soil_log.txt
2026-03-23,18:46:25,soil culture 1,-197.0,2026-03-23 18:46:25,20260805_soil_log.txt
2026-03-23,18:51:25,soil culture 1,-197.0,2026-03-23 18:51:25,20260805_soil_log.txt
2026-03-23,18:56:25,soil culture 1,-197.0,2026-03-23 18:56:25,20260805_soil_log.txt
2026-03-23,19:01:25,soil culture 1,-197.125,2026-03-23 19:01:25,20260805_soil_log.txt
2026-03-23,19:06:26,soil culture 1,-197.125,2026-03-23 19:06:26,20260805_soil_log.txt
2026-03-23,19:11:26,soil culture 1,-197.25,2026-03-23 19:11:26,20260805_soil_log.txt
2026-03-23,19:16:26,soil culture 1,-197.25,2026-03-23 19:16:26,20260805_soil_log.txt
2026-03-23,19:21:26,soil culture 1,-197.375,2026-03-23 19:21:26,20260805_soil_log.txt
2026-03-23,19:26:26,soil culture 1,-197.375,2026-03-23 19:26:26,20260805_soil_log.txt
2026-03-23,19:31:27,soil culture 1,-197.375,2026-03-23 19:31:27,20260805_soil_log.txt
2026-03-23,19:36:27,soil culture 1,-197.375,2026-03-23 19:36:27,20260805_soil_log.txt
2026-03-23,19:41:27,soil culture 1,-197.5,2026-03-23 19:41:27,20260805_soil_log.txt
2026-03-23,19:46:27,soil culture 1,-197.375,2026-03-23 19:46:27,20260805_soil_log.txt
2026-03-23,19:51:28,soil culture 1,-197.375,2026-03-23 19:51:28,20260805_soil_log.txt
2026-03-23,19:56:28,soil culture 1,-197.5,2026-03-23 19:56:28,20260805_soil_log.txt
2026-03-23,20:01:28,soil culture 1,-197.375,2026-03-23 20:01:28,20260805_soil_log.txt
2026-03-23,20:06:28,soil culture 1,-197.375,2026-03-23 20:06:28,20260805_soil_log.txt
2026-03-23,20:11:28,soil culture 1,-197.375,2026-03-23 20:11:28,20260805_soil_log.txt
2026-03-23,20:16:29,soil culture 1,-197.375,2026-03-23 20:16:29,20260805_soil_log.txt
2026-03-23,20:21:29,soil culture 1,-197.375,2026-03-23 20:21:29,20260805_soil_log.txt
2026-03-23,20:26:29,soil culture 1,-197.25,2026-03-23 20:26:29,20260805_soil_log.txt
2026-03-23,20:31:29,soil culture 1,-197.25,2026-03-23 20:31:29,20260805_soil_log.txt
2026-03-23,20:36:30,soil culture 1,-197.25,2026-03-23 20:36:30,20260805_soil_log.txt
2026-03-23,20:41:30,soil culture 1,-197.25,2026-03-23 20:41:30,20260805_soil_log.txt
2026-03-23,20:46:30,soil culture 1,-197.125,2026-03-23 20:46:30,20260805_soil_log.txt
2026-03-23,20:51:30,soil culture 1,-197.125,2026-03-23 20:51:30,20260805_soil_log.txt
2026-03-23,20:56:30,soil culture 1,-197.125,2026-03-23 20:56:30,20260805_soil_log.txt
2026-03-23,21:01:31,soil culture 1,-197.0,2026-03-23 21:01:31,20260805_soil_log.txt
2026-03-23,21:06:31,soil culture 1,-196.875,2026-03-23 21:06:31,20260805_soil_log.txt
2026-03-23,21:11:31,soil culture 1,-196.875,2026-03-23 21:11:31,20260805_soil_log.txt
2026-03-23,21:16:31,soil culture 1,-196.875,2026-03-23 21:16:31,20260805_soil_log.txt
2026-03-23,21:21:31,soil culture 1,-196.875,2026-03-23 21:21:31,20260805_soil_log.txt
2026-03-23,21:26:32,soil culture 1,-196.75,2026-03-23 21:26:32,20260805_soil_log.txt
2026-03-23,21:31:32,soil culture 1,-196.5,2026-03-23 21:31:32,20260805_soil_log.txt
2026-03-23,21:36:32,soil culture 1,-196.5,2026-03-23 21:36:32,20260805_soil_log.txt
2026-03-23,21:41:32,soil culture 1,-196.375,2026-03-23 21:41:32,20260805_soil_log.txt
2026-03-23,21:46:33,soil culture 1,-196.25,2026-03-23 21:46:33,20260805_soil_log.txt
2026-03-23,21:51:33,soil culture 1,-196.125,2026-03-23 21:51:33,20260805_soil_log.txt
2026-03-23,21:56:33,soil culture 1,-196.125,2026-03-23 21:56:33,20260805_soil_log.txt
2026-03-23,22:01:33,soil culture 1,-196.0,2026-03-23 22:01:33,20260805_soil_log.txt
2026-03-23,22:06:33,soil culture 1,-196.0,2026-03-23 22:06:33,20260805_soil_log.txt
2026-03-23,22:11:34,soil culture 1,-195.75,2026-03-23 22:11:34,20260805_soil_log.txt
2026-03-23,22:16:34,soil culture 1,-195.75,2026-03-23 22:16:34,20260805_soil_log.txt
2026-03-23,22:21:34,soil culture 1,-195.625,2026-03-23 22:21:34,20260805_soil_log.txt
2026-03-23,22:26:34,soil culture 1,-195.5,2026-03-23 22:26:34,20260805_soil_log.txt
2026-03-23,22:31:35,soil culture 1,-195.375,2026-03-23 22:31:35,20260805_soil_log.txt
2026-03-23,22:36:35,soil culture 1,-195.25,2026-03-23 22:36:35,20260805_soil_log.txt
2026-03-23,22:41:35,soil culture 1,-195.125,2026-03-23 22:41:35,20260805_soil_log.txt
2026-03-23,22:46:35,soil culture 1,-195.0,2026-03-23 22:46:35,20260805_soil_log.txt
2026-03-23,22:51:35,soil culture 1,-194.875,2026-03-23 22:51:35,20260805_soil_log.txt
2026-03-23,22:56:36,soil culture 1,-194.625,2026-03-23 22:56:36,20260805_soil_log.txt
2026-03-23,23:01:36,soil culture 1,-194.5,2026-03-23 23:01:36,20260805_soil_log.txt
2026-03-23,23:06:36,soil culture 1,-194.375,2026-03-23 23:06:36,20260805_soil_log.txt
2026-03-23,23:11:36,soil culture 1,-194.25,2026-03-23 23:11:36,20260805_soil_log.txt
2026-03-23,23:16:36,soil culture 1,-194.0,2026-03-23 23:16:36,20260805_soil_log.txt
2026-03-23,23:21:37,soil culture 1,-193.875,2026-03-23 23:21:37,20260805_soil_log.txt
2026-03-23,23:26:37,soil culture 1,-193.625,2026-03-23 23:26:37,20260805_soil_log.txt
2026-03-23,23:31:37,soil culture 1,-193.375,2026-03-23 23:31:37,20260805_soil_log.txt
2026-03-23,23:36:37,soil culture 1,-193.25,2026-03-23 23:36:37,20260805_soil_log.txt
2026-03-23,23:41:37,soil culture 1,-193.0,2026-03-23 23:41:37,20260805_soil_log.txt
2026-03-23,23:46:38,soil culture 1,-192.75,2026-03-23 23:46:38,20260805_soil_log.txt
2026-03-23,23:51:38,soil culture 1,-192.625,2026-03-23 23:51:38,20260805_soil_log.txt
2026-03-23,23:56:38,soil culture 1,-192.25,2026-03-23 23:56:38,20260805_soil_log.txt
2026-03-24,00:01:38,soil culture 1,-192.0,2026-03-24 00:01:38,20260805_soil_log.txt
2026-03-24,00:06:39,soil culture 1,-191.75,2026-03-24 00:06:39,20260805_soil_log.txt
2026-03-24,00:11:39,soil culture 1,-191.5,2026-03-24 00:11:39,20260805_soil_log.txt
2026-03-24,00:16:39,soil culture 1,-191.12500000000003,2026-03-24 00:16:39,20260805_soil_log.txt
2026-03-24,00:21:39,soil culture 1,-190.87500000000003,2026-03-24 00:21:39,20260805_soil_log.txt
2026-03-24,00:26:39,soil culture 1,-190.5,2026-03-24 00:26:39,20260805_soil_log.txt
2026-03-24,00:31:40,soil culture 1,-190.25,2026-03-24 00:31:40,20260805_soil_log.txt
2026-03-24,00:36:40,soil culture 1,-189.87500000000003,2026-03-24 00:36:40,20260805_soil_log.txt
2026-03-24,00:41:40,soil culture 1,-189.62500000000003,2026-03-24 00:41:40,20260805_soil_log.txt
2026-03-24,00:46:40,soil culture 1,-189.25,2026-03-24 00:46:40,20260805_soil_log.txt
2026-03-24,00:51:40,soil culture 1,-188.87500000000003,2026-03-24 00:51:40,20260805_soil_log.txt
2026-03-24,00:56:41,soil culture 1,-188.5,2026-03-24 00:56:41,20260805_soil_log.txt
2026-03-24,01:01:41,soil culture 1,-188.25,2026-03-24 01:01:41,20260805_soil_log.txt
2026-03-24,01:06:41,soil culture 1,-187.875,2026-03-24 01:06:41,20260805_soil_log.txt
2026-03-24,01:11:41,soil culture 1,-187.75,2026-03-24 01:11:41,20260805_soil_log.txt
2026-03-24,01:16:41,soil culture 1,-187.375,2026-03-24 01:16:41,20260805_soil_log.txt
2026-03-24,01:21:42,soil culture 1,-187.0,2026-03-24 01:21:42,20260805_soil_log.txt
2026-03-24,01:26:42,soil culture 1,-186.75,2026-03-24 01:26:42,20260805_soil_log.txt
2026-03-24,01:31:42,soil culture 1,-186.5,2026-03-24 01:31:42,20260805_soil_log.txt
2026-03-24,01:36:42,soil culture 1,-186.25,2026-03-24 01:36:42,20260805_soil_log.txt
2026-03-24,01:41:43,soil culture 1,-185.875,2026-03-24 01:41:43,20260805_soil_log.txt
2026-03-24,01:46:43,soil culture 1,-185.625,2026-03-24 01:46:43,20260805_soil_log.txt
2026-03-24,01:51:43,soil culture 1,-185.375,2026-03-24 01:51:43,20260805_soil_log.txt
2026-03-24,01:56:43,soil culture 1,-185.0,2026-03-24 01:56:43,20260805_soil_log.txt
2026-03-24,02:01:44,soil culture 1,-184.75,2026-03-24 02:01:44,20260805_soil_log.txt
2026-03-24,02:06:44,soil culture 1,-184.5,2026-03-24 02:06:44,20260805_soil_log.txt
2026-03-24,02:11:44,soil culture 1,-184.25,2026-03-24 02:11:44,20260805_soil_log.txt
2026-03-24,02:16:44,soil culture 1,-183.875,2026-03-24 02:16:44,20260805_soil_log.txt
2026-03-24,02:21:44,soil culture 1,-183.625,2026-03-24 02:21:44,20260805_soil_log.txt
2026-03-24,02:26:45,soil culture 1,-183.375,2026-03-24 02:26:45,20260805_soil_log.txt
2026-03-24,02:31:45,soil culture 1,-183.125,2026-03-24 02:31:45,20260805_soil_log.txt
2026-03-24,02:36:45,soil culture 1,-182.875,2026-03-24 02:36:45,20260805_soil_log.txt
2026-03-24,02:41:45,soil culture 1,-182.625,2026-03-24 02:41:45,20260805_soil_log.txt
2026-03-24,02:46:46,soil culture 1,-182.25,2026-03-24 02:46:46,20260805_soil_log.txt
2026-03-24,02:51:46,soil culture 1,-182.0,2026-03-24 02:51:46,20260805_soil_log.txt
2026-03-24,02:56:46,soil culture 1,-181.75,2026-03-24 02:56:46,20260805_soil_log.txt
2026-03-24,03:01:46,soil culture 1,-181.5,2026-03-24 03:01:46,20260805_soil_log.txt
2026-03-24,03:06:46,soil culture 1,-181.25,2026-03-24 03:06:46,20260805_soil_log.txt
2026-03-24,03:11:47,soil culture 1,-181.0,2026-03-24 03:11:47,20260805_soil_log.txt
2026-03-24,03:16:47,soil culture 1,-180.75,2026-03-24 03:16:47,20260805_soil_log.txt
2026-03-24,03:21:47,soil culture 1,-180.5,2026-03-24 03:21:47,20260805_soil_log.txt
2026-03-24,03:26:47,soil culture 1,-180.25,2026-03-24 03:26:47,20260805_soil_log.txt
2026-03-24,03:31:48,soil culture 1,-180.0,2026-03-24 03:31:48,20260805_soil_log.txt
2026-03-24,03:36:48,soil culture 1,-179.75,2026-03-24 03:36:48,20260805_soil_log.txt
2026-03-24,03:41:48,soil culture 1,-179.5,2026-03-24 03:41:48,20260805_soil_log.txt
2026-03-24,03:46:48,soil culture 1,-179.25,2026-03-24 03:46:48,20260805_soil_log.txt
2026-03-24,03:51:48,soil culture 1,-179.0,2026-03-24 03:51:48,20260805_soil_log.txt
2026-03-24,03:56:49,soil culture 1,-178.75,2026-03-24 03:56:49,20260805_soil_log.txt
2026-03-24,04:01:49,soil culture 1,-178.625,2026-03-24 04:01:49,20260805_soil_log.txt
2026-03-24,04:06:49,soil culture 1,-178.25,2026-03-24 04:06:49,20260805_soil_log.txt
2026-03-24,04:11:49,soil culture 1,-177.875,2026-03-24 04:11:49,20260805_soil_log.txt
2026-03-24,04:16:50,soil culture 1,-177.5,2026-03-24 04:16:50,20260805_soil_log.txt
2026-03-24,04:21:50,soil culture 1,-177.375,2026-03-24 04:21:50,20260805_soil_log.txt
2026-03-24,04:26:50,soil culture 1,-177.125,2026-03-24 04:26:50,20260805_soil_log.txt
2026-03-24,04:31:50,soil culture 1,-176.875,2026-03-24 04:31:50,20260805_soil_log.txt
2026-03-24,04:36:50,soil culture 1,-176.75,2026-03-24 04:36:50,20260805_soil_log.txt
2026-03-24,04:41:51,soil culture 1,-176.625,2026-03-24 04:41:51,20260805_soil_log.txt
2026-03-24,04:46:51,soil culture 1,-176.375,2026-03-24 04:46:51,20260805_soil_log.txt
2026-03-24,04:51:51,soil culture 1,-176.25,2026-03-24 04:51:51,20260805_soil_log.txt
2026-03-24,04:56:51,soil culture 1,-176.0,2026-03-24 04:56:51,20260805_soil_log.txt
2026-03-24,05:01:52,soil culture 1,-175.875,2026-03-24 05:01:52,20260805_soil_log.txt
2026-03-24,05:06:52,soil culture 1,-175.625,2026-03-24 05:06:52,20260805_soil_log.txt
2026-03-24,05:11:52,soil culture 1,-175.375,2026-03-24 05:11:52,20260805_soil_log.txt
2026-03-24,05:16:52,soil culture 1,-175.125,2026-03-24 05:16:52,20260805_soil_log.txt
2026-03-24,05:21:53,soil culture 1,-175.00000000000003,2026-03-24 05:21:53,20260805_soil_log.txt
2026-03-24,05:26:53,soil culture 1,-174.75000000000003,2026-03-24 05:26:53,20260805_soil_log.txt
2026-03-24,05:31:53,soil culture 1,-174.625,2026-03-24 05:31:53,20260805_soil_log.txt
2026-03-24,05:36:53,soil culture 1,-174.50000000000003,2026-03-24 05:36:53,20260805_soil_log.txt
2026-03-24,05:41:53,soil culture 1,-174.375,2026-03-24 05:41:53,20260805_soil_log.txt
2026-03-24,05:46:54,soil culture 1,-174.25000000000003,2026-03-24 05:46:54,20260805_soil_log.txt
2026-03-24,05:51:54,soil culture 1,-174.125,2026-03-24 05:51:54,20260805_soil_log.txt
2026-03-24,05:56:54,soil culture 1,-174.00000000000003,2026-03-24 05:56:54,20260805_soil_log.txt
2026-03-24,06:01:54,soil culture 1,-173.75000000000003,2026-03-24 06:01:54,20260805_soil_log.txt
2026-03-24,06:06:55,soil culture 1,-173.625,2026-03-24 06:06:55,20260805_soil_log.txt
2026-03-24,06:11:55,soil culture 1,-173.50000000000003,2026-03-24 06:11:55,20260805_soil_log.txt
2026-03-24,06:16:55,soil culture 1,-173.375,2026-03-24 06:16:55,20260805_soil_log.txt
2026-03-24,06:21:55,soil culture 1,-173.25000000000003,2026-03-24 06:21:55,20260805_soil_log.txt
2026-03-24,06:26:56,soil culture 1,-173.125,2026-03-24 06:26:56,20260805_soil_log.txt
2026-03-24,06:31:56,soil culture 1,-172.875,2026-03-24 06:31:56,20260805_soil_log.txt
2026-03-24,06:36:56,soil culture 1,-172.875,2026-03-24 06:36:56,20260805_soil_log.txt
2026-03-24,06:41:56,soil culture 1,-172.75000000000003,2026-03-24 06:41:56,20260805_soil_log.txt
2026-03-24,06:46:56,soil culture 1,-172.625,2026-03-24 06:46:56,20260805_soil_log.txt
2026-03-24,06:51:57,soil culture 1,-172.50000000000003,2026-03-24 06:51:57,20260805_soil_log.txt
2026-03-24,06:56:57,soil culture 1,-172.375,2026-03-24 06:56:57,20260805_soil_log.txt
2026-03-24,07:01:57,soil culture 1,-172.25,2026-03-24 07:01:57,20260805_soil_log.txt
2026-03-24,07:06:57,soil culture 1,-172.125,2026-03-24 07:06:57,20260805_soil_log.txt
2026-03-24,07:11:58,soil culture 1,-172.0,2026-03-24 07:11:58,20260805_soil_log.txt
2026-03-24,07:16:58,soil culture 1,-172.0,2026-03-24 07:16:58,20260805_soil_log.txt
2026-03-24,07:21:58,soil culture 1,-171.75,2026-03-24 07:21:58,20260805_soil_log.txt
2026-03-24,07:26:58,soil culture 1,-171.75,2026-03-24 07:26:58,20260805_soil_log.txt
2026-03-24,07:31:58,soil culture 1,-171.625,2026-03-24 07:31:58,20260805_soil_log.txt
2026-03-24,07:36:59,soil culture 1,-171.5,2026-03-24 07:36:59,20260805_soil_log.txt
2026-03-24,07:41:59,soil culture 1,-171.375,2026-03-24 07:41:59,20260805_soil_log.txt
2026-03-24,07:46:59,soil culture 1,-171.25,2026-03-24 07:46:59,20260805_soil_log.txt
2026-03-24,07:51:59,soil culture 1,-171.25,2026-03-24 07:51:59,20260805_soil_log.txt
2026-03-24,07:57:00,soil culture 1,-171.125,2026-03-24 07:57:00,20260805_soil_log.txt
2026-03-24,08:02:00,soil culture 1,-171.125,2026-03-24 08:02:00,20260805_soil_log.txt
2026-03-24,08:07:00,soil culture 1,-170.875,2026-03-24 08:07:00,20260805_soil_log.txt
2026-03-24,08:12:00,soil culture 1,-170.75,2026-03-24 08:12:00,20260805_soil_log.txt
2026-03-24,08:17:00,soil culture 1,-170.625,2026-03-24 08:17:00,20260805_soil_log.txt
2026-03-24,08:22:01,soil culture 1,-170.625,2026-03-24 08:22:01,20260805_soil_log.txt
2026-03-24,08:27:01,soil culture 1,-170.375,2026-03-24 08:27:01,20260805_soil_log.txt
2026-03-24,08:32:01,soil culture 1,-170.375,2026-03-24 08:32:01,20260805_soil_log.txt
2026-03-24,08:37:01,soil culture 1,-170.0,2026-03-24 08:37:01,20260805_soil_log.txt
2026-03-24,08:42:02,soil culture 1,-170.0,2026-03-24 08:42:02,20260805_soil_log.txt
2026-03-24,08:47:02,soil culture 1,-169.875,2026-03-24 08:47:02,20260805_soil_log.txt
2026-03-24,08:52:02,soil culture 1,-169.75,2026-03-24 08:52:02,20260805_soil_log.txt
2026-03-24,08:57:02,soil culture 1,-169.625,2026-03-24 08:57:02,20260805_soil_log.txt
2026-03-24,09:02:02,soil culture 1,-169.5,2026-03-24 09:02:02,20260805_soil_log.txt
2026-03-24,09:07:03,soil culture 1,-169.375,2026-03-24 09:07:03,20260805_soil_log.txt
2026-03-24,09:12:03,soil culture 1,-169.25,2026-03-24 09:12:03,20260805_soil_log.txt
2026-03-24,09:17:03,soil culture 1,-169.125,2026-03-24 09:17:03,20260805_soil_log.txt
2026-03-24,09:22:03,soil culture 1,-169.0,2026-03-24 09:22:03,20260805_soil_log.txt
2026-03-24,09:27:04,soil culture 1,-168.875,2026-03-24 09:27:04,20260805_soil_log.txt
2026-03-24,09:32:04,soil culture 1,-168.75,2026-03-24 09:32:04,20260805_soil_log.txt
2026-03-24,09:37:04,soil culture 1,-168.625,2026-03-24 09:37:04,20260805_soil_log.txt
2026-03-24,09:42:04,soil culture 1,-168.625,2026-03-24 09:42:04,20260805_soil_log.txt
2026-03-24,09:47:04,soil culture 1,-168.375,2026-03-24 09:47:04,20260805_soil_log.txt
2026-03-24,09:52:05,soil culture 1,-168.25,2026-03-24 09:52:05,20260805_soil_log.txt
2026-03-24,09:57:05,soil culture 1,-168.25,2026-03-24 09:57:05,20260805_soil_log.txt
2026-03-24,10:02:05,soil culture 1,-168.0,2026-03-24 10:02:05,20260805_soil_log.txt
2026-03-24,10:07:05,soil culture 1,-168.0,2026-03-24 10:07:05,20260805_soil_log.txt
2026-03-24,10:12:06,soil culture 1,-167.875,2026-03-24 10:12:06,20260805_soil_log.txt
2026-03-24,10:17:06,soil culture 1,-167.75,2026-03-24 10:17:06,20260805_soil_log.txt
2026-03-24,10:22:06,soil culture 1,-167.75,2026-03-24 10:22:06,20260805_soil_log.txt
2026-03-24,10:27:06,soil culture 1,-167.5,2026-03-24 10:27:06,20260805_soil_log.txt
2026-03-24,10:32:06,soil culture 1,-167.375,2026-03-24 10:32:06,20260805_soil_log.txt
2026-03-24,10:37:07,soil culture 1,-167.25,2026-03-24 10:37:07,20260805_soil_log.txt
2026-03-24,10:42:07,soil culture 1,-167.25,2026-03-24 10:42:07,20260805_soil_log.txt
2026-03-24,10:47:07,soil culture 1,-167.125,2026-03-24 10:47:07,20260805_soil_log.txt
2026-03-24,10:52:07,soil culture 1,-167.0,2026-03-24 10:52:07,20260805_soil_log.txt
2026-03-24,10:57:08,soil culture 1,-166.875,2026-03-24 10:57:08,20260805_soil_log.txt
2026-03-24,11:02:08,soil culture 1,-166.75,2026-03-24 11:02:08,20260805_soil_log.txt
2026-03-24,11:07:08,soil culture 1,-166.625,2026-03-24 11:07:08,20260805_soil_log.txt
2026-03-24,11:12:08,soil culture 1,-166.625,2026-03-24 11:12:08,20260805_soil_log.txt
2026-03-24,11:17:08,soil culture 1,-166.375,2026-03-24 11:17:08,20260805_soil_log.txt
2026-03-24,11:22:09,soil culture 1,-166.375,2026-03-24 11:22:09,20260805_soil_log.txt
2026-03-24,11:27:09,soil culture 1,-166.25,2026-03-24 11:27:09,20260805_soil_log.txt
2026-03-24,11:32:09,soil culture 1,-166.125,2026-03-24 11:32:09,20260805_soil_log.txt
2026-03-24,11:37:09,soil culture 1,-166.0,2026-03-24 11:37:09,20260805_soil_log.txt
2026-03-24,11:42:10,soil culture 1,-166.0,2026-03-24 11:42:10,20260805_soil_log.txt
2026-03-24,11:47:10,soil culture 1,-165.875,2026-03-24 11:47:10,20260805_soil_log.txt
2026-03-24,11:52:10,soil culture 1,-165.75,2026-03-24 11:52:10,20260805_soil_log.txt
2026-03-24,11:57:10,soil culture 1,-165.625,2026-03-24 11:57:10,20260805_soil_log.txt
2026-03-24,12:02:10,soil culture 1,-165.5,2026-03-24 12:02:10,20260805_soil_log.txt
2026-03-24,12:07:10,soil culture 1,-165.5,2026-03-24 12:07:10,20260805_soil_log.txt
2026-03-24,12:12:11,soil culture 1,-165.375,2026-03-24 12:12:11,20260805_soil_log.txt
2026-03-24,12:17:11,soil culture 1,-165.375,2026-03-24 12:17:11,20260805_soil_log.txt
2026-03-24,12:22:11,soil culture 1,-165.125,2026-03-24 12:22:11,20260805_soil_log.txt
2026-03-24,12:27:11,soil culture 1,-165.125,2026-03-24 12:27:11,20260805_soil_log.txt
2026-03-24,12:32:11,soil culture 1,-165.0,2026-03-24 12:32:11,20260805_soil_log.txt
2026-03-24,12:37:12,soil culture 1,-164.875,2026-03-24 12:37:12,20260805_soil_log.txt
2026-03-24,12:42:12,soil culture 1,-164.75,2026-03-24 12:42:12,20260805_soil_log.txt
2026-03-24,12:47:12,soil culture 1,-164.625,2026-03-24 12:47:12,20260805_soil_log.txt
2026-03-24,12:52:12,soil culture 1,-164.625,2026-03-24 12:52:12,20260805_soil_log.txt
2026-03-24,12:57:13,soil culture 1,-164.5,2026-03-24 12:57:13,20260805_soil_log.txt
2026-03-24,13:02:13,soil culture 1,-164.5,2026-03-24 13:02:13,20260805_soil_log.txt
2026-03-24,13:07:13,soil culture 1,-164.375,2026-03-24 13:07:13,20260805_soil_log.txt
2026-03-24,13:12:13,soil culture 1,-164.25,2026-03-24 13:12:13,20260805_soil_log.txt
2026-03-24,13:17:13,soil culture 1,-164.25,2026-03-24 13:17:13,20260805_soil_log.txt
2026-03-24,13:22:14,soil culture 1,-164.125,2026-03-24 13:22:14,20260805_soil_log.txt
2026-03-24,13:27:14,soil culture 1,-164.0,2026-03-24 13:27:14,20260805_soil_log.txt
2026-03-24,13:32:14,soil culture 1,-164.0,2026-03-24 13:32:14,20260805_soil_log.txt
2026-03-24,13:37:14,soil culture 1,-163.875,2026-03-24 13:37:14,20260805_soil_log.txt
2026-03-24,13:42:15,soil culture 1,-163.75,2026-03-24 13:42:15,20260805_soil_log.txt
2026-03-24,13:47:15,soil culture 1,-163.75,2026-03-24 13:47:15,20260805_soil_log.txt
2026-03-24,13:52:15,soil culture 1,-163.625,2026-03-24 13:52:15,20260805_soil_log.txt
2026-03-24,13:57:15,soil culture 1,-163.5,2026-03-24 13:57:15,20260805_soil_log.txt
2026-03-24,14:02:15,soil culture 1,-163.375,2026-03-24 14:02:15,20260805_soil_log.txt
2026-03-24,14:07:16,soil culture 1,-163.25,2026-03-24 14:07:16,20260805_soil_log.txt
2026-03-24,14:12:16,soil culture 1,-163.125,2026-03-24 14:12:16,20260805_soil_log.txt
2026-03-24,14:17:16,soil culture 1,-163.125,2026-03-24 14:17:16,20260805_soil_log.txt
2026-03-24,14:22:16,soil culture 1,-163.0,2026-03-24 14:22:16,20260805_soil_log.txt
2026-03-24,14:27:16,soil culture 1,-162.875,2026-03-24 14:27:16,20260805_soil_log.txt
2026-03-24,14:32:17,soil culture 1,-162.75,2026-03-24 14:32:17,20260805_soil_log.txt
2026-03-24,14:37:17,soil culture 1,-162.75,2026-03-24 14:37:17,20260805_soil_log.txt
2026-03-24,14:42:17,soil culture 1,-162.625,2026-03-24 14:42:17,20260805_soil_log.txt
2026-03-24,14:47:17,soil culture 1,-162.625,2026-03-24 14:47:17,20260805_soil_log.txt
2026-03-24,14:52:18,soil culture 1,-162.5,2026-03-24 14:52:18,20260805_soil_log.txt
2026-03-24,14:57:18,soil culture 1,-162.375,2026-03-24 14:57:18,20260805_soil_log.txt
2026-03-24,15:02:18,soil culture 1,-162.25,2026-03-24 15:02:18,20260805_soil_log.txt
2026-03-24,15:07:18,soil culture 1,-162.25,2026-03-24 15:07:18,20260805_soil_log.txt
2026-03-24,15:12:18,soil culture 1,-162.25,2026-03-24 15:12:18,20260805_soil_log.txt
2026-03-24,15:17:19,soil culture 1,-162.125,2026-03-24 15:17:19,20260805_soil_log.txt
2026-03-24,15:22:19,soil culture 1,-162.0,2026-03-24 15:22:19,20260805_soil_log.txt
2026-03-24,15:27:19,soil culture 1,-162.0,2026-03-24 15:27:19,20260805_soil_log.txt
2026-03-24,15:32:19,soil culture 1,-162.0,2026-03-24 15:32:19,20260805_soil_log.txt
2026-03-24,15:37:19,soil culture 1,-161.875,2026-03-24 15:37:19,20260805_soil_log.txt
2026-03-24,15:42:20,soil culture 1,-161.875,2026-03-24 15:42:20,20260805_soil_log.txt
2026-03-24,15:47:20,soil culture 1,-161.75,2026-03-24 15:47:20,20260805_soil_log.txt
2026-03-24,15:52:20,soil culture 1,-161.75,2026-03-24 15:52:20,20260805_soil_log.txt
2026-03-24,15:57:20,soil culture 1,-161.625,2026-03-24 15:57:20,20260805_soil_log.txt
2026-03-24,16:02:21,soil culture 1,-161.5,2026-03-24 16:02:21,20260805_soil_log.txt
2026-03-24,16:07:21,soil culture 1,-161.5,2026-03-24 16:07:21,20260805_soil_log.txt
2026-03-24,16:12:21,soil culture 1,-161.375,2026-03-24 16:12:21,20260805_soil_log.txt
2026-03-24,16:17:21,soil culture 1,-161.375,2026-03-24 16:17:21,20260805_soil_log.txt
2026-03-24,16:22:22,soil culture 1,-161.25,2026-03-24 16:22:22,20260805_soil_log.txt
2026-03-24,16:27:22,soil culture 1,-161.125,2026-03-24 16:27:22,20260805_soil_log.txt
2026-03-24,16:32:22,soil culture 1,-161.125,2026-03-24 16:32:22,20260805_soil_log.txt
2026-03-24,16:37:22,soil culture 1,-161.0,2026-03-24 16:37:22,20260805_soil_log.txt
2026-03-24,16:42:22,soil culture 1,-161.125,2026-03-24 16:42:22,20260805_soil_log.txt
2026-03-24,16:47:23,soil culture 1,-161.0,2026-03-24 16:47:23,20260805_soil_log.txt
2026-03-24,16:52:23,soil culture 1,-160.875,2026-03-24 16:52:23,20260805_soil_log.txt
2026-03-24,16:57:23,soil culture 1,-160.75,2026-03-24 16:57:23,20260805_soil_log.txt
2026-03-24,17:02:23,soil culture 1,-160.75,2026-03-24 17:02:23,20260805_soil_log.txt
2026-03-24,17:07:24,soil culture 1,-160.625,2026-03-24 17:07:24,20260805_soil_log.txt
2026-03-24,17:12:24,soil culture 1,-160.625,2026-03-24 17:12:24,20260805_soil_log.txt
2026-03-24,17:17:24,soil culture 1,-160.5,2026-03-24 17:17:24,20260805_soil_log.txt
2026-03-24,17:22:24,soil culture 1,-160.5,2026-03-24 17:22:24,20260805_soil_log.txt
2026-03-24,17:27:24,soil culture 1,-160.375,2026-03-24 17:27:24,20260805_soil_log.txt
2026-03-24,17:32:25,soil culture 1,-160.375,2026-03-24 17:32:25,20260805_soil_log.txt
2026-03-24,17:37:25,soil culture 1,-160.25,2026-03-24 17:37:25,20260805_soil_log.txt
2026-03-24,17:42:25,soil culture 1,-160.25,2026-03-24 17:42:25,20260805_soil_log.txt
2026-03-24,17:47:25,soil culture 1,-160.125,2026-03-24 17:47:25,20260805_soil_log.txt
2026-03-24,17:52:26,soil culture 1,-160.125,2026-03-24 17:52:26,20260805_soil_log.txt
2026-03-24,17:57:26,soil culture 1,-160.0,2026-03-24 17:57:26,20260805_soil_log.txt
2026-03-24,18:02:26,soil culture 1,-160.0,2026-03-24 18:02:26,20260805_soil_log.txt
2026-03-24,18:07:26,soil culture 1,-160.0,2026-03-24 18:07:26,20260805_soil_log.txt
2026-03-24,18:12:26,soil culture 1,-160.0,2026-03-24 18:12:26,20260805_soil_log.txt
2026-03-24,18:17:27,soil culture 1,-159.87500000000003,2026-03-24 18:17:27,20260805_soil_log.txt
2026-03-24,18:22:27,soil culture 1,-159.87500000000003,2026-03-24 18:22:27,20260805_soil_log.txt
2026-03-24,18:27:27,soil culture 1,-159.75,2026-03-24 18:27:27,20260805_soil_log.txt
2026-03-24,18:32:27,soil culture 1,-159.75,2026-03-24 18:32:27,20260805_soil_log.txt
2026-03-24,18:37:28,soil culture 1,-159.62500000000003,2026-03-24 18:37:28,20260805_soil_log.txt
2026-03-24,18:42:28,soil culture 1,-159.62500000000003,2026-03-24 18:42:28,20260805_soil_log.txt
2026-03-24,18:47:28,soil culture 1,-159.62500000000003,2026-03-24 18:47:28,20260805_soil_log.txt
2026-03-24,18:52:28,soil culture 1,-159.5,2026-03-24 18:52:28,20260805_soil_log.txt
2026-03-24,18:57:28,soil culture 1,-159.37500000000003,2026-03-24 18:57:28,20260805_soil_log.txt
2026-03-24,19:02:29,soil culture 1,-159.37500000000003,2026-03-24 19:02:29,20260805_soil_log.txt
2026-03-24,19:07:29,soil culture 1,-159.37500000000003,2026-03-24 19:07:29,20260805_soil_log.txt
2026-03-24,19:12:29,soil culture 1,-159.25,2026-03-24 19:12:29,20260805_soil_log.txt
2026-03-24,19:17:29,soil culture 1,-159.25,2026-03-24 19:17:29,20260805_soil_log.txt
2026-03-24,19:22:29,soil culture 1,-159.25,2026-03-24 19:22:29,20260805_soil_log.txt
2026-03-24,19:27:30,soil culture 1,-159.12500000000003,2026-03-24 19:27:30,20260805_soil_log.txt
2026-03-24,19:32:30,soil culture 1,-159.12500000000003,2026-03-24 19:32:30,20260805_soil_log.txt
2026-03-24,19:37:30,soil culture 1,-159.12500000000003,2026-03-24 19:37:30,20260805_soil_log.txt
2026-03-24,19:42:30,soil culture 1,-159.12500000000003,2026-03-24 19:42:30,20260805_soil_log.txt
2026-03-24,19:47:30,soil culture 1,-159.0,2026-03-24 19:47:30,20260805_soil_log.txt
2026-03-24,19:52:31,soil culture 1,-159.0,2026-03-24 19:52:31,20260805_soil_log.txt
2026-03-24,19:57:31,soil culture 1,-159.0,2026-03-24 19:57:31,20260805_soil_log.txt
2026-03-24,20:02:31,soil culture 1,-159.0,2026-03-24 20:02:31,20260805_soil_log.txt
2026-03-24,20:07:31,soil culture 1,-158.87500000000003,2026-03-24 20:07:31,20260805_soil_log.txt
2026-03-24,20:12:32,soil culture 1,-158.87500000000003,2026-03-24 20:12:32,20260805_soil_log.txt
2026-03-24,20:17:32,soil culture 1,-158.75,2026-03-24 20:17:32,20260805_soil_log.txt
2026-03-24,20:22:32,soil culture 1,-158.75,2026-03-24 20:22:32,20260805_soil_log.txt
2026-03-24,20:27:32,soil culture 1,-158.62500000000003,2026-03-24 20:27:32,20260805_soil_log.txt
2026-03-24,20:32:33,soil culture 1,-158.62500000000003,2026-03-24 20:32:33,20260805_soil_log.txt
2026-03-24,20:37:33,soil culture 1,-158.5,2026-03-24 20:37:33,20260805_soil_log.txt
2026-03-24,20:42:33,soil culture 1,-158.5,2026-03-24 20:42:33,20260805_soil_log.txt
2026-03-24,20:47:33,soil culture 1,-158.37500000000003,2026-03-24 20:47:33,20260805_soil_log.txt
2026-03-24,20:52:33,soil culture 1,-158.37500000000003,2026-03-24 20:52:33,20260805_soil_log.txt
2026-03-24,20:57:34,soil culture 1,-158.37500000000003,2026-03-24 20:57:34,20260805_soil_log.txt
2026-03-24,21:02:34,soil culture 1,-158.37500000000003,2026-03-24 21:02:34,20260805_soil_log.txt
2026-03-24,21:07:34,soil culture 1,-158.37500000000003,2026-03-24 21:07:34,20260805_soil_log.txt
2026-03-24,21:12:34,soil culture 1,-158.25,2026-03-24 21:12:34,20260805_soil_log.txt
2026-03-24,21:17:35,soil culture 1,-158.25,2026-03-24 21:17:35,20260805_soil_log.txt
2026-03-24,21:22:35,soil culture 1,-158.25,2026-03-24 21:22:35,20260805_soil_log.txt
2026-03-24,21:27:35,soil culture 1,-158.12500000000003,2026-03-24 21:27:35,20260805_soil_log.txt
2026-03-24,21:32:35,soil culture 1,-158.12500000000003,2026-03-24 21:32:35,20260805_soil_log.txt
2026-03-24,21:37:35,soil culture 1,-158.12500000000003,2026-03-24 21:37:35,20260805_soil_log.txt
2026-03-24,21:42:36,soil culture 1,-158.12500000000003,2026-03-24 21:42:36,20260805_soil_log.txt
2026-03-24,21:47:36,soil culture 1,-158.0,2026-03-24 21:47:36,20260805_soil_log.txt
2026-03-24,21:52:36,soil culture 1,-158.0,2026-03-24 21:52:36,20260805_soil_log.txt
2026-03-24,21:57:36,soil culture 1,-157.87500000000003,2026-03-24 21:57:36,20260805_soil_log.txt
2026-03-24,22:02:36,soil culture 1,-157.87500000000003,2026-03-24 22:02:36,20260805_soil_log.txt
2026-03-24,22:07:37,soil culture 1,-157.87500000000003,2026-03-24 22:07:37,20260805_soil_log.txt
2026-03-24,22:12:37,soil culture 1,-157.75,2026-03-24 22:12:37,20260805_soil_log.txt
2026-03-24,22:17:37,soil culture 1,-157.62500000000003,2026-03-24 22:17:37,20260805_soil_log.txt
2026-03-24,22:22:37,soil culture 1,-157.75,2026-03-24 22:22:37,20260805_soil_log.txt
2026-03-24,22:27:38,soil culture 1,-157.62500000000003,2026-03-24 22:27:38,20260805_soil_log.txt
2026-03-24,22:32:38,soil culture 1,-157.62500000000003,2026-03-24 22:32:38,20260805_soil_log.txt
2026-03-24,22:37:38,soil culture 1,-157.62500000000003,2026-03-24 22:37:38,20260805_soil_log.txt
2026-03-24,22:42:38,soil culture 1,-157.5,2026-03-24 22:42:38,20260805_soil_log.txt
2026-03-24,22:47:38,soil culture 1,-157.5,2026-03-24 22:47:38,20260805_soil_log.txt
2026-03-24,22:52:39,soil culture 1,-157.37500000000003,2026-03-24 22:52:39,20260805_soil_log.txt
2026-03-24,22:57:39,soil culture 1,-157.37500000000003,2026-03-24 22:57:39,20260805_soil_log.txt
2026-03-24,23:02:39,soil culture 1,-157.37500000000003,2026-03-24 23:02:39,20260805_soil_log.txt
2026-03-24,23:07:39,soil culture 1,-157.37500000000003,2026-03-24 23:07:39,20260805_soil_log.txt
2026-03-24,23:12:40,soil culture 1,-157.25,2026-03-24 23:12:40,20260805_soil_log.txt
2026-03-24,23:17:40,soil culture 1,-157.25,2026-03-24 23:17:40,20260805_soil_log.txt
2026-03-24,23:22:40,soil culture 1,-157.25,2026-03-24 23:22:40,20260805_soil_log.txt
2026-03-24,23:27:40,soil culture 1,-157.12500000000003,2026-03-24 23:27:40,20260805_soil_log.txt
2026-03-24,23:32:40,soil culture 1,-157.12500000000003,2026-03-24 23:32:40,20260805_soil_log.txt
2026-03-24,23:37:41,soil culture 1,-157.12500000000003,2026-03-24 23:37:41,20260805_soil_log.txt
2026-03-24,23:42:41,soil culture 1,-157.0,2026-03-24 23:42:41,20260805_soil_log.txt
2026-03-24,23:47:41,soil culture 1,-157.0,2026-03-24 23:47:41,20260805_soil_log.txt
2026-03-24,23:52:41,soil culture 1,-157.0,2026-03-24 23:52:41,20260805_soil_log.txt
2026-03-24,23:57:41,soil culture 1,-156.87500000000003,2026-03-24 23:57:41,20260805_soil_log.txt
2026-03-25,00:02:42,soil culture 1,-156.87500000000003,2026-03-25 00:02:42,20260805_soil_log.txt
2026-03-25,00:07:42,soil culture 1,-156.87500000000003,2026-03-25 00:07:42,20260805_soil_log.txt
2026-03-25,00:12:42,soil culture 1,-156.87500000000003,2026-03-25 00:12:42,20260805_soil_log.txt
2026-03-25,00:17:42,soil culture 1,-156.75,2026-03-25 00:17:42,20260805_soil_log.txt
2026-03-25,00:22:43,soil culture 1,-156.75,2026-03-25 00:22:43,20260805_soil_log.txt
2026-03-25,00:27:43,soil culture 1,-156.625,2026-03-25 00:27:43,20260805_soil_log.txt
2026-03-25,00:32:43,soil culture 1,-156.75,2026-03-25 00:32:43,20260805_soil_log.txt
2026-03-25,00:37:43,soil culture 1,-156.625,2026-03-25 00:37:43,20260805_soil_log.txt
2026-03-25,00:42:43,soil culture 1,-156.625,2026-03-25 00:42:43,20260805_soil_log.txt
2026-03-25,00:47:44,soil culture 1,-156.5,2026-03-25 00:47:44,20260805_soil_log.txt
2026-03-25,00:52:44,soil culture 1,-156.625,2026-03-25 00:52:44,20260805_soil_log.txt
2026-03-25,00:57:44,soil culture 1,-156.5,2026-03-25 00:57:44,20260805_soil_log.txt
2026-03-25,01:02:44,soil culture 1,-156.375,2026-03-25 01:02:44,20260805_soil_log.txt
2026-03-25,01:07:44,soil culture 1,-156.375,2026-03-25 01:07:44,20260805_soil_log.txt
2026-03-25,01:12:45,soil culture 1,-156.375,2026-03-25 01:12:45,20260805_soil_log.txt
2026-03-25,01:17:45,soil culture 1,-156.375,2026-03-25 01:17:45,20260805_soil_log.txt
2026-03-25,01:22:45,soil culture 1,-156.25,2026-03-25 01:22:45,20260805_soil_log.txt
2026-03-25,01:27:45,soil culture 1,-156.25,2026-03-25 01:27:45,20260805_soil_log.txt
2026-03-25,01:32:45,soil culture 1,-156.25,2026-03-25 01:32:45,20260805_soil_log.txt
2026-03-25,01:37:46,soil culture 1,-156.125,2026-03-25 01:37:46,20260805_soil_log.txt
2026-03-25,01:42:46,soil culture 1,-156.125,2026-03-25 01:42:46,20260805_soil_log.txt
2026-03-25,01:47:46,soil culture 1,-156.125,2026-03-25 01:47:46,20260805_soil_log.txt
2026-03-25,01:52:46,soil culture 1,-156.0,2026-03-25 01:52:46,20260805_soil_log.txt
2026-03-25,01:57:46,soil culture 1,-156.0,2026-03-25 01:57:46,20260805_soil_log.txt
2026-03-25,02:02:47,soil culture 1,-155.875,2026-03-25 02:02:47,20260805_soil_log.txt
2026-03-25,02:07:47,soil culture 1,-155.75,2026-03-25 02:07:47,20260805_soil_log.txt
2026-03-25,02:12:47,soil culture 1,-155.875,2026-03-25 02:12:47,20260805_soil_log.txt
2026-03-25,02:17:47,soil culture 1,-155.875,2026-03-25 02:17:47,20260805_soil_log.txt
2026-03-25,02:22:48,soil culture 1,-155.75,2026-03-25 02:22:48,20260805_soil_log.txt
2026-03-25,02:27:48,soil culture 1,-155.75,2026-03-25 02:27:48,20260805_soil_log.txt
2026-03-25,02:32:48,soil culture 1,-155.625,2026-03-25 02:32:48,20260805_soil_log.txt
2026-03-25,02:37:48,soil culture 1,-155.625,2026-03-25 02:37:48,20260805_soil_log.txt
2026-03-25,02:42:49,soil culture 1,-155.625,2026-03-25 02:42:49,20260805_soil_log.txt
2026-03-25,02:47:49,soil culture 1,-155.625,2026-03-25 02:47:49,20260805_soil_log.txt
2026-03-25,02:52:49,soil culture 1,-155.5,2026-03-25 02:52:49,20260805_soil_log.txt
2026-03-25,02:57:49,soil culture 1,-155.5,2026-03-25 02:57:49,20260805_soil_log.txt
2026-03-25,03:02:49,soil culture 1,-155.5,2026-03-25 03:02:49,20260805_soil_log.txt
2026-03-25,03:07:49,soil culture 1,-155.5,2026-03-25 03:07:49,20260805_soil_log.txt
2026-03-25,03:12:50,soil culture 1,-155.375,2026-03-25 03:12:50,20260805_soil_log.txt
2026-03-25,03:17:50,soil culture 1,-155.375,2026-03-25 03:17:50,20260805_soil_log.txt
2026-03-25,03:22:50,soil culture 1,-155.375,2026-03-25 03:22:50,20260805_soil_log.txt
2026-03-25,03:27:50,soil culture 1,-155.375,2026-03-25 03:27:50,20260805_soil_log.txt
2026-03-25,03:32:51,soil culture 1,-155.25,2026-03-25 03:32:51,20260805_soil_log.txt
2026-03-25,03:37:51,soil culture 1,-155.25,2026-03-25 03:37:51,20260805_soil_log.txt
2026-03-25,03:42:51,soil culture 1,-155.25,2026-03-25 03:42:51,20260805_soil_log.txt
2026-03-25,03:47:51,soil culture 1,-155.25,2026-03-25 03:47:51,20260805_soil_log.txt
2026-03-25,03:52:52,soil culture 1,-155.125,2026-03-25 03:52:52,20260805_soil_log.txt
2026-03-25,03:57:52,soil culture 1,-155.125,2026-03-25 03:57:52,20260805_soil_log.txt
2026-03-25,04:02:52,soil culture 1,-155.125,2026-03-25 04:02:52,20260805_soil_log.txt
2026-03-25,04:07:52,soil culture 1,-155.0,2026-03-25 04:07:52,20260805_soil_log.txt
2026-03-25,04:12:53,soil culture 1,-155.0,2026-03-25 04:12:53,20260805_soil_log.txt
2026-03-25,04:17:53,soil culture 1,-154.875,2026-03-25 04:17:53,20260805_soil_log.txt
2026-03-25,04:22:53,soil culture 1,-154.875,2026-03-25 04:22:53,20260805_soil_log.txt
2026-03-25,04:27:53,soil culture 1,-154.875,2026-03-25 04:27:53,20260805_soil_log.txt
2026-03-25,04:32:53,soil culture 1,-154.75,2026-03-25 04:32:53,20260805_soil_log.txt
2026-03-25,04:37:54,soil culture 1,-154.75,2026-03-25 04:37:54,20260805_soil_log.txt
2026-03-25,04:42:54,soil culture 1,-154.75,2026-03-25 04:42:54,20260805_soil_log.txt
2026-03-25,04:47:54,soil culture 1,-154.75,2026-03-25 04:47:54,20260805_soil_log.txt
2026-03-25,04:52:54,soil culture 1,-154.75,2026-03-25 04:52:54,20260805_soil_log.txt
2026-03-25,04:57:55,soil culture 1,-154.75,2026-03-25 04:57:55,20260805_soil_log.txt
2026-03-25,05:02:55,soil culture 1,-154.625,2026-03-25 05:02:55,20260805_soil_log.txt
2026-03-25,05:07:55,soil culture 1,-154.625,2026-03-25 05:07:55,20260805_soil_log.txt
2026-03-25,05:12:55,soil culture 1,-154.5,2026-03-25 05:12:55,20260805_soil_log.txt
2026-03-25,05:17:55,soil culture 1,-154.5,2026-03-25 05:17:55,20260805_soil_log.txt
2026-03-25,05:22:56,soil culture 1,-154.5,2026-03-25 05:22:56,20260805_soil_log.txt
2026-03-25,05:27:56,soil culture 1,-154.5,2026-03-25 05:27:56,20260805_soil_log.txt
2026-03-25,05:32:56,soil culture 1,-154.5,2026-03-25 05:32:56,20260805_soil_log.txt
2026-03-25,05:37:56,soil culture 1,-154.5,2026-03-25 05:37:56,20260805_soil_log.txt
2026-03-25,05:42:57,soil culture 1,-154.375,2026-03-25 05:42:57,20260805_soil_log.txt
2026-03-25,05:47:57,soil culture 1,-154.5,2026-03-25 05:47:57,20260805_soil_log.txt
2026-03-25,05:52:57,soil culture 1,-154.375,2026-03-25 05:52:57,20260805_soil_log.txt
2026-03-25,05:57:57,soil culture 1,-154.375,2026-03-25 05:57:57,20260805_soil_log.txt
2026-03-25,06:02:57,soil culture 1,-154.375,2026-03-25 06:02:57,20260805_soil_log.txt
2026-03-25,06:07:58,soil culture 1,-154.375,2026-03-25 06:07:58,20260805_soil_log.txt
2026-03-25,06:12:58,soil culture 1,-154.375,2026-03-25 06:12:58,20260805_soil_log.txt
2026-03-25,06:17:58,soil culture 1,-154.375,2026-03-25 06:17:58,20260805_soil_log.txt
2026-03-25,06:22:58,soil culture 1,-154.375,2026-03-25 06:22:58,20260805_soil_log.txt
2026-03-25,06:27:59,soil culture 1,-154.25,2026-03-25 06:27:59,20260805_soil_log.txt
2026-03-25,06:32:59,soil culture 1,-154.25,2026-03-25 06:32:59,20260805_soil_log.txt
2026-03-25,06:37:59,soil culture 1,-154.25,2026-03-25 06:37:59,20260805_soil_log.txt
2026-03-25,06:42:59,soil culture 1,-154.25,2026-03-25 06:42:59,20260805_soil_log.txt
2026-03-25,06:47:59,soil culture 1,-154.375,2026-03-25 06:47:59,20260805_soil_log.txt
2026-03-25,06:53:00,soil culture 1,-154.375,2026-03-25 06:53:00,20260805_soil_log.txt
2026-03-25,06:58:00,soil culture 1,-154.375,2026-03-25 06:58:00,20260805_soil_log.txt
2026-03-25,07:03:00,soil culture 1,-154.375,2026-03-25 07:03:00,20260805_soil_log.txt
2026-03-25,07:08:00,soil culture 1,-154.375,2026-03-25 07:08:00,20260805_soil_log.txt
2026-03-25,07:13:00,soil culture 1,-154.375,2026-03-25 07:13:00,20260805_soil_log.txt
2026-03-25,07:18:01,soil culture 1,-154.375,2026-03-25 07:18:01,20260805_soil_log.txt
2026-03-25,07:23:01,soil culture 1,-154.5,2026-03-25 07:23:01,20260805_soil_log.txt
2026-03-25,07:28:01,soil culture 1,-154.375,2026-03-25 07:28:01,20260805_soil_log.txt
2026-03-25,07:33:01,soil culture 1,-154.375,2026-03-25 07:33:01,20260805_soil_log.txt
2026-03-25,07:38:01,soil culture 1,-154.375,2026-03-25 07:38:01,20260805_soil_log.txt
2026-03-25,07:43:02,soil culture 1,-154.375,2026-03-25 07:43:02,20260805_soil_log.txt
2026-03-25,07:48:02,soil culture 1,-154.375,2026-03-25 07:48:02,20260805_soil_log.txt
2026-03-25,07:53:02,soil culture 1,-154.375,2026-03-25 07:53:02,20260805_soil_log.txt
2026-03-25,07:58:02,soil culture 1,-154.375,2026-03-25 07:58:02,20260805_soil_log.txt
2026-03-25,08:03:03,soil culture 1,-154.375,2026-03-25 08:03:03,20260805_soil_log.txt
2026-03-25,08:08:03,soil culture 1,-154.375,2026-03-25 08:08:03,20260805_soil_log.txt
2026-03-25,08:13:03,soil culture 1,-154.375,2026-03-25 08:13:03,20260805_soil_log.txt
2026-03-25,08:18:03,soil culture 1,-154.375,2026-03-25 08:18:03,20260805_soil_log.txt
2026-03-25,08:23:03,soil culture 1,-154.375,2026-03-25 08:23:03,20260805_soil_log.txt
2026-03-25,08:28:04,soil culture 1,-154.375,2026-03-25 08:28:04,20260805_soil_log.txt
2026-03-25,08:33:04,soil culture 1,-154.375,2026-03-25 08:33:04,20260805_soil_log.txt
2026-03-25,08:38:04,soil culture 1,-154.375,2026-03-25 08:38:04,20260805_soil_log.txt
2026-03-25,08:43:04,soil culture 1,-154.375,2026-03-25 08:43:04,20260805_soil_log.txt
2026-03-25,08:48:04,soil culture 1,-154.25,2026-03-25 08:48:04,20260805_soil_log.txt
2026-03-25,08:53:05,soil culture 1,-154.25,2026-03-25 08:53:05,20260805_soil_log.txt
2026-03-25,08:58:05,soil culture 1,-154.25,2026-03-25 08:58:05,20260805_soil_log.txt
2026-03-25,09:03:05,soil culture 1,-154.25,2026-03-25 09:03:05,20260805_soil_log.txt
2026-03-25,09:08:05,soil culture 1,-154.125,2026-03-25 09:08:05,20260805_soil_log.txt
2026-03-25,09:13:06,soil culture 1,-154.25,2026-03-25 09:13:06,20260805_soil_log.txt
2026-03-25,09:18:06,soil culture 1,-154.25,2026-03-25 09:18:06,20260805_soil_log.txt
2026-03-25,09:23:06,soil culture 1,-154.25,2026-03-25 09:23:06,20260805_soil_log.txt
2026-03-25,09:28:06,soil culture 1,-154.125,2026-03-25 09:28:06,20260805_soil_log.txt
2026-03-25,09:33:07,soil culture 1,-154.125,2026-03-25 09:33:07,20260805_soil_log.txt
2026-03-25,09:38:07,soil culture 1,-154.125,2026-03-25 09:38:07,20260805_soil_log.txt
2026-03-25,09:43:07,soil culture 1,-154.0,2026-03-25 09:43:07,20260805_soil_log.txt
2026-03-25,09:48:07,soil culture 1,-154.0,2026-03-25 09:48:07,20260805_soil_log.txt
2026-03-25,09:53:07,soil culture 1,-154.125,2026-03-25 09:53:07,20260805_soil_log.txt
2026-03-25,09:58:08,soil culture 1,-154.0,2026-03-25 09:58:08,20260805_soil_log.txt
2026-03-25,10:03:08,soil culture 1,-154.0,2026-03-25 10:03:08,20260805_soil_log.txt
2026-03-25,10:08:08,soil culture 1,-154.0,2026-03-25 10:08:08,20260805_soil_log.txt
2026-03-25,10:13:08,soil culture 1,-154.0,2026-03-25 10:13:08,20260805_soil_log.txt
2026-03-25,10:18:09,soil culture 1,-154.0,2026-03-25 10:18:09,20260805_soil_log.txt
2026-03-25,10:23:09,soil culture 1,-154.0,2026-03-25 10:23:09,20260805_soil_log.txt
2026-03-25,10:28:09,soil culture 1,-154.0,2026-03-25 10:28:09,20260805_soil_log.txt
2026-03-25,10:33:09,soil culture 1,-154.0,2026-03-25 10:33:09,20260805_soil_log.txt
2026-03-25,10:38:09,soil culture 1,-154.0,2026-03-25 10:38:09,20260805_soil_log.txt
2026-03-25,10:43:10,soil culture 1,-153.875,2026-03-25 10:43:10,20260805_soil_log.txt
2026-03-25,10:48:10,soil culture 1,-153.875,2026-03-25 10:48:10,20260805_soil_log.txt
2026-03-25,10:53:10,soil culture 1,-153.875,2026-03-25 10:53:10,20260805_soil_log.txt
2026-03-25,10:58:10,soil culture 1,-153.875,2026-03-25 10:58:10,20260805_soil_log.txt
2026-03-25,11:03:11,soil culture 1,-153.75,2026-03-25 11:03:11,20260805_soil_log.txt
2026-03-25,11:08:11,soil culture 1,-153.875,2026-03-25 11:08:11,20260805_soil_log.txt
2026-03-25,11:13:11,soil culture 1,-153.625,2026-03-25 11:13:11,20260805_soil_log.txt
2026-03-25,11:18:11,soil culture 1,-153.75,2026-03-25 11:18:11,20260805_soil_log.txt
2026-03-25,11:23:11,soil culture 1,-153.75,2026-03-25 11:23:11,20260805_soil_log.txt
2026-03-25,11:28:12,soil culture 1,-153.625,2026-03-25 11:28:12,20260805_soil_log.txt
2026-03-25,11:33:12,soil culture 1,-153.625,2026-03-25 11:33:12,20260805_soil_log.txt
2026-03-25,11:38:12,soil culture 1,-153.625,2026-03-25 11:38:12,20260805_soil_log.txt
2026-03-25,11:43:12,soil culture 1,-153.625,2026-03-25 11:43:12,20260805_soil_log.txt
2026-03-25,11:48:13,soil culture 1,-153.625,2026-03-25 11:48:13,20260805_soil_log.txt
2026-03-25,11:53:13,soil culture 1,-153.5,2026-03-25 11:53:13,20260805_soil_log.txt
2026-03-25,11:58:13,soil culture 1,-153.5,2026-03-25 11:58:13,20260805_soil_log.txt
2026-03-25,12:03:13,soil culture 1,-153.5,2026-03-25 12:03:13,20260805_soil_log.txt
2026-03-25,12:08:13,soil culture 1,-153.5,2026-03-25 12:08:13,20260805_soil_log.txt
2026-03-25,12:13:14,soil culture 1,-153.375,2026-03-25 12:13:14,20260805_soil_log.txt
2026-03-25,12:18:14,soil culture 1,-153.5,2026-03-25 12:18:14,20260805_soil_log.txt
2026-03-25,12:23:14,soil culture 1,-153.375,2026-03-25 12:23:14,20260805_soil_log.txt
2026-03-25,12:28:14,soil culture 1,-153.375,2026-03-25 12:28:14,20260805_soil_log.txt
2026-03-25,12:33:15,soil culture 1,-153.25,2026-03-25 12:33:15,20260805_soil_log.txt
2026-03-25,12:38:15,soil culture 1,-153.25,2026-03-25 12:38:15,20260805_soil_log.txt
2026-03-25,12:43:15,soil culture 1,-153.25,2026-03-25 12:43:15,20260805_soil_log.txt
2026-03-25,12:48:15,soil culture 1,-153.25,2026-03-25 12:48:15,20260805_soil_log.txt
2026-03-25,12:53:15,soil culture 1,-153.25,2026-03-25 12:53:15,20260805_soil_log.txt
2026-03-25,12:58:16,soil culture 1,-153.125,2026-03-25 12:58:16,20260805_soil_log.txt
2026-03-25,13:03:16,soil culture 1,-153.125,2026-03-25 13:03:16,20260805_soil_log.txt
2026-03-25,13:08:16,soil culture 1,-153.125,2026-03-25 13:08:16,20260805_soil_log.txt
2026-03-25,13:13:16,soil culture 1,-153.125,2026-03-25 13:13:16,20260805_soil_log.txt
2026-03-25,13:18:17,soil culture 1,-153.125,2026-03-25 13:18:17,20260805_soil_log.txt
2026-03-25,13:23:17,soil culture 1,-153.125,2026-03-25 13:23:17,20260805_soil_log.txt
2026-03-25,13:28:17,soil culture 1,-153.0,2026-03-25 13:28:17,20260805_soil_log.txt
2026-03-25,13:33:17,soil culture 1,-153.0,2026-03-25 13:33:17,20260805_soil_log.txt
2026-03-25,13:38:18,soil culture 1,-153.0,2026-03-25 13:38:18,20260805_soil_log.txt
2026-03-25,13:43:18,soil culture 1,-153.0,2026-03-25 13:43:18,20260805_soil_log.txt
2026-03-25,13:48:18,soil culture 1,-153.0,2026-03-25 13:48:18,20260805_soil_log.txt
2026-03-25,13:53:18,soil culture 1,-152.875,2026-03-25 13:53:18,20260805_soil_log.txt
2026-03-25,13:58:18,soil culture 1,-152.75,2026-03-25 13:58:18,20260805_soil_log.txt
2026-03-25,14:03:19,soil culture 1,-152.75,2026-03-25 14:03:19,20260805_soil_log.txt
2026-03-25,14:08:19,soil culture 1,-152.75,2026-03-25 14:08:19,20260805_soil_log.txt
2026-03-25,14:13:19,soil culture 1,-152.625,2026-03-25 14:13:19,20260805_soil_log.txt
2026-03-25,14:18:19,soil culture 1,-152.625,2026-03-25 14:18:19,20260805_soil_log.txt
2026-03-25,14:23:19,soil culture 1,-152.625,2026-03-25 14:23:19,20260805_soil_log.txt
2026-03-25,14:28:20,soil culture 1,-152.625,2026-03-25 14:28:20,20260805_soil_log.txt
2026-03-25,14:33:20,soil culture 1,-152.5,2026-03-25 14:33:20,20260805_soil_log.txt
2026-03-25,14:38:20,soil culture 1,-152.5,2026-03-25 14:38:20,20260805_soil_log.txt
2026-03-25,14:43:20,soil culture 1,-152.5,2026-03-25 14:43:20,20260805_soil_log.txt
2026-03-25,14:48:20,soil culture 1,-152.625,2026-03-25 14:48:20,20260805_soil_log.txt
2026-03-25,14:53:21,soil culture 1,-152.375,2026-03-25 14:53:21,20260805_soil_log.txt
2026-03-25,14:58:21,soil culture 1,-152.375,2026-03-25 14:58:21,20260805_soil_log.txt
2026-03-25,15:03:21,soil culture 1,-152.375,2026-03-25 15:03:21,20260805_soil_log.txt
2026-03-25,15:08:21,soil culture 1,-152.25,2026-03-25 15:08:21,20260805_soil_log.txt
2026-03-25,15:13:21,soil culture 1,-152.25,2026-03-25 15:13:21,20260805_soil_log.txt
2026-03-25,15:18:22,soil culture 1,-152.25,2026-03-25 15:18:22,20260805_soil_log.txt
2026-03-25,15:23:22,soil culture 1,-152.25,2026-03-25 15:23:22,20260805_soil_log.txt
2026-03-25,15:28:22,soil culture 1,-152.25,2026-03-25 15:28:22,20260805_soil_log.txt
2026-03-25,15:33:22,soil culture 1,-152.25,2026-03-25 15:33:22,20260805_soil_log.txt
2026-03-25,15:38:23,soil culture 1,-152.25,2026-03-25 15:38:23,20260805_soil_log.txt
2026-03-25,15:43:23,soil culture 1,-152.25,2026-03-25 15:43:23,20260805_soil_log.txt
2026-03-25,15:48:23,soil culture 1,-152.125,2026-03-25 15:48:23,20260805_soil_log.txt
2026-03-25,15:53:23,soil culture 1,-152.125,2026-03-25 15:53:23,20260805_soil_log.txt
2026-03-25,15:58:24,soil culture 1,-152.125,2026-03-25 15:58:24,20260805_soil_log.txt
2026-03-25,16:03:24,soil culture 1,-152.25,2026-03-25 16:03:24,20260805_soil_log.txt
2026-03-25,16:08:24,soil culture 1,-152.125,2026-03-25 16:08:24,20260805_soil_log.txt
2026-03-25,16:13:24,soil culture 1,-152.125,2026-03-25 16:13:24,20260805_soil_log.txt
2026-03-25,16:18:25,soil culture 1,-152.125,2026-03-25 16:18:25,20260805_soil_log.txt
2026-03-25,16:23:25,soil culture 1,-152.0,2026-03-25 16:23:25,20260805_soil_log.txt
2026-03-25,16:28:25,soil culture 1,-152.0,2026-03-25 16:28:25,20260805_soil_log.txt
2026-03-25,16:33:25,soil culture 1,-151.875,2026-03-25 16:33:25,20260805_soil_log.txt
2026-03-25,16:38:25,soil culture 1,-151.875,2026-03-25 16:38:25,20260805_soil_log.txt
2026-03-25,16:43:26,soil culture 1,-151.875,2026-03-25 16:43:26,20260805_soil_log.txt
2026-03-25,16:48:26,soil culture 1,-151.875,2026-03-25 16:48:26,20260805_soil_log.txt
2026-03-25,16:53:26,soil culture 1,-151.875,2026-03-25 16:53:26,20260805_soil_log.txt
2026-03-25,16:58:26,soil culture 1,-151.875,2026-03-25 16:58:26,20260805_soil_log.txt
2026-03-25,17:03:27,soil culture 1,-151.75,2026-03-25 17:03:27,20260805_soil_log.txt
2026-03-25,17:08:27,soil culture 1,-151.75,2026-03-25 17:08:27,20260805_soil_log.txt
2026-03-25,17:13:27,soil culture 1,-151.75,2026-03-25 17:13:27,20260805_soil_log.txt
2026-03-25,17:18:27,soil culture 1,-151.625,2026-03-25 17:18:27,20260805_soil_log.txt
2026-03-25,17:23:27,soil culture 1,-151.625,2026-03-25 17:23:27,20260805_soil_log.txt
2026-03-25,17:28:28,soil culture 1,-151.5,2026-03-25 17:28:28,20260805_soil_log.txt
2026-03-25,17:33:28,soil culture 1,-151.5,2026-03-25 17:33:28,20260805_soil_log.txt
2026-03-25,17:38:28,soil culture 1,-151.5,2026-03-25 17:38:28,20260805_soil_log.txt
2026-03-25,17:43:28,soil culture 1,-151.5,2026-03-25 17:43:28,20260805_soil_log.txt
2026-03-25,17:48:29,soil culture 1,-151.375,2026-03-25 17:48:29,20260805_soil_log.txt
2026-03-25,17:53:29,soil culture 1,-151.375,2026-03-25 17:53:29,20260805_soil_log.txt
2026-03-25,17:58:29,soil culture 1,-151.25,2026-03-25 17:58:29,20260805_soil_log.txt
2026-03-25,18:03:29,soil culture 1,-151.25,2026-03-25 18:03:29,20260805_soil_log.txt
2026-03-25,18:08:29,soil culture 1,-151.25,2026-03-25 18:08:29,20260805_soil_log.txt
2026-03-25,18:13:30,soil culture 1,-151.25,2026-03-25 18:13:30,20260805_soil_log.txt
2026-03-25,18:18:30,soil culture 1,-151.25,2026-03-25 18:18:30,20260805_soil_log.txt
2026-03-25,18:23:30,soil culture 1,-151.25,2026-03-25 18:23:30,20260805_soil_log.txt
2026-03-25,18:28:30,soil culture 1,-151.25,2026-03-25 18:28:30,20260805_soil_log.txt
2026-03-25,18:33:30,soil culture 1,-151.25,2026-03-25 18:33:30,20260805_soil_log.txt
2026-03-25,18:38:31,soil culture 1,-151.125,2026-03-25 18:38:31,20260805_soil_log.txt
2026-03-25,18:43:31,soil culture 1,-151.25,2026-03-25 18:43:31,20260805_soil_log.txt
2026-03-25,18:48:31,soil culture 1,-151.125,2026-03-25 18:48:31,20260805_soil_log.txt
2026-03-25,18:53:31,soil culture 1,-151.125,2026-03-25 18:53:31,20260805_soil_log.txt
2026-03-25,18:58:32,soil culture 1,-151.0,2026-03-25 18:58:32,20260805_soil_log.txt
2026-03-25,19:03:32,soil culture 1,-151.0,2026-03-25 19:03:32,20260805_soil_log.txt
2026-03-25,19:08:32,soil culture 1,-150.875,2026-03-25 19:08:32,20260805_soil_log.txt
2026-03-25,19:13:32,soil culture 1,-150.875,2026-03-25 19:13:32,20260805_soil_log.txt
2026-03-25,19:18:32,soil culture 1,-150.875,2026-03-25 19:18:32,20260805_soil_log.txt
2026-03-25,19:23:33,soil culture 1,-150.875,2026-03-25 19:23:33,20260805_soil_log.txt
2026-03-25,19:28:33,soil culture 1,-150.875,2026-03-25 19:28:33,20260805_soil_log.txt
2026-03-25,19:33:33,soil culture 1,-150.875,2026-03-25 19:33:33,20260805_soil_log.txt
2026-03-25,19:38:33,soil culture 1,-150.75,2026-03-25 19:38:33,20260805_soil_log.txt
2026-03-25,19:43:34,soil culture 1,-150.75,2026-03-25 19:43:34,20260805_soil_log.txt
2026-03-25,19:48:34,soil culture 1,-150.75,2026-03-25 19:48:34,20260805_soil_log.txt
2026-03-25,19:53:34,soil culture 1,-150.625,2026-03-25 19:53:34,20260805_soil_log.txt
2026-03-25,19:58:34,soil culture 1,-150.625,2026-03-25 19:58:34,20260805_soil_log.txt
2026-03-25,20:03:35,soil culture 1,-150.625,2026-03-25 20:03:35,20260805_soil_log.txt
2026-03-25,20:08:35,soil culture 1,-150.5,2026-03-25 20:08:35,20260805_soil_log.txt
2026-03-25,20:13:35,soil culture 1,-150.5,2026-03-25 20:13:35,20260805_soil_log.txt
2026-03-25,20:18:35,soil culture 1,-150.5,2026-03-25 20:18:35,20260805_soil_log.txt
2026-03-25,20:23:35,soil culture 1,-150.5,2026-03-25 20:23:35,20260805_soil_log.txt
2026-03-25,20:28:36,soil culture 1,-150.375,2026-03-25 20:28:36,20260805_soil_log.txt
2026-03-25,20:33:36,soil culture 1,-150.375,2026-03-25 20:33:36,20260805_soil_log.txt
2026-03-25,20:38:36,soil culture 1,-150.375,2026-03-25 20:38:36,20260805_soil_log.txt
2026-03-25,20:43:36,soil culture 1,-150.25,2026-03-25 20:43:36,20260805_soil_log.txt
2026-03-25,20:48:36,soil culture 1,-150.25,2026-03-25 20:48:36,20260805_soil_log.txt
2026-03-25,20:53:37,soil culture 1,-150.375,2026-03-25 20:53:37,20260805_soil_log.txt
2026-03-25,20:58:37,soil culture 1,-150.375,2026-03-25 20:58:37,20260805_soil_log.txt
2026-03-25,21:03:37,soil culture 1,-150.25,2026-03-25 21:03:37,20260805_soil_log.txt
2026-03-25,21:08:37,soil culture 1,-150.25,2026-03-25 21:08:37,20260805_soil_log.txt
2026-03-25,21:13:38,soil culture 1,-150.25,2026-03-25 21:13:38,20260805_soil_log.txt
2026-03-25,21:18:38,soil culture 1,-150.0,2026-03-25 21:18:38,20260805_soil_log.txt
2026-03-25,21:23:38,soil culture 1,-150.125,2026-03-25 21:23:38,20260805_soil_log.txt
2026-03-25,21:28:38,soil culture 1,-150.125,2026-03-25 21:28:38,20260805_soil_log.txt
2026-03-25,21:33:38,soil culture 1,-150.125,2026-03-25 21:33:38,20260805_soil_log.txt
2026-03-25,21:38:39,soil culture 1,-150.0,2026-03-25 21:38:39,20260805_soil_log.txt
2026-03-25,21:43:39,soil culture 1,-150.125,2026-03-25 21:43:39,20260805_soil_log.txt
2026-03-25,21:48:39,soil culture 1,-150.0,2026-03-25 21:48:39,20260805_soil_log.txt
2026-03-25,21:53:39,soil culture 1,-150.0,2026-03-25 21:53:39,20260805_soil_log.txt
2026-03-25,21:58:39,soil culture 1,-150.0,2026-03-25 21:58:39,20260805_soil_log.txt
2026-03-25,22:03:40,soil culture 1,-149.875,2026-03-25 22:03:40,20260805_soil_log.txt
2026-03-25,22:08:40,soil culture 1,-149.875,2026-03-25 22:08:40,20260805_soil_log.txt
2026-03-25,22:13:40,soil culture 1,-150.0,2026-03-25 22:13:40,20260805_soil_log.txt
2026-03-25,22:18:40,soil culture 1,-149.875,2026-03-25 22:18:40,20260805_soil_log.txt
2026-03-25,22:23:41,soil culture 1,-149.875,2026-03-25 22:23:41,20260805_soil_log.txt
2026-03-25,22:28:41,soil culture 1,-149.75,2026-03-25 22:28:41,20260805_soil_log.txt
2026-03-25,22:33:41,soil culture 1,-149.75,2026-03-25 22:33:41,20260805_soil_log.txt
2026-03-25,22:38:41,soil culture 1,-149.75,2026-03-25 22:38:41,20260805_soil_log.txt
2026-03-25,22:43:41,soil culture 1,-149.75,2026-03-25 22:43:41,20260805_soil_log.txt
2026-03-25,22:48:42,soil culture 1,-149.75,2026-03-25 22:48:42,20260805_soil_log.txt
2026-03-25,22:53:42,soil culture 1,-149.5,2026-03-25 22:53:42,20260805_soil_log.txt
2026-03-25,22:58:42,soil culture 1,-149.625,2026-03-25 22:58:42,20260805_soil_log.txt
2026-03-25,23:03:42,soil culture 1,-149.625,2026-03-25 23:03:42,20260805_soil_log.txt
2026-03-25,23:08:43,soil culture 1,-149.625,2026-03-25 23:08:43,20260805_soil_log.txt
2026-03-25,23:13:43,soil culture 1,-149.625,2026-03-25 23:13:43,20260805_soil_log.txt
2026-03-25,23:18:43,soil culture 1,-149.5,2026-03-25 23:18:43,20260805_soil_log.txt
2026-03-25,23:23:43,soil culture 1,-149.5,2026-03-25 23:23:43,20260805_soil_log.txt
2026-03-25,23:28:43,soil culture 1,-149.5,2026-03-25 23:28:43,20260805_soil_log.txt
2026-03-25,23:33:44,soil culture 1,-149.5,2026-03-25 23:33:44,20260805_soil_log.txt
2026-03-25,23:38:44,soil culture 1,-149.375,2026-03-25 23:38:44,20260805_soil_log.txt
2026-03-25,23:43:44,soil culture 1,-149.375,2026-03-25 23:43:44,20260805_soil_log.txt
2026-03-25,23:48:44,soil culture 1,-149.375,2026-03-25 23:48:44,20260805_soil_log.txt
2026-03-25,23:53:45,soil culture 1,-149.375,2026-03-25 23:53:45,20260805_soil_log.txt
2026-03-25,23:58:45,soil culture 1,-149.375,2026-03-25 23:58:45,20260805_soil_log.txt
2026-03-26,00:03:45,soil culture 1,-149.375,2026-03-26 00:03:45,20260805_soil_log.txt
2026-03-26,00:08:45,soil culture 1,-149.125,2026-03-26 00:08:45,20260805_soil_log.txt
2026-03-26,00:13:45,soil culture 1,-149.125,2026-03-26 00:13:45,20260805_soil_log.txt
2026-03-26,00:18:46,soil culture 1,-149.125,2026-03-26 00:18:46,20260805_soil_log.txt
2026-03-26,00:23:46,soil culture 1,-149.125,2026-03-26 00:23:46,20260805_soil_log.txt
2026-03-26,00:28:46,soil culture 1,-149.125,2026-03-26 00:28:46,20260805_soil_log.txt
2026-03-26,00:33:46,soil culture 1,-149.125,2026-03-26 00:33:46,20260805_soil_log.txt
2026-03-26,00:38:47,soil culture 1,-149.0,2026-03-26 00:38:47,20260805_soil_log.txt
2026-03-26,00:43:47,soil culture 1,-149.0,2026-03-26 00:43:47,20260805_soil_log.txt
2026-03-26,00:48:47,soil culture 1,-149.0,2026-03-26 00:48:47,20260805_soil_log.txt
2026-03-26,00:53:47,soil culture 1,-149.125,2026-03-26 00:53:47,20260805_soil_log.txt
2026-03-26,00:58:47,soil culture 1,-149.0,2026-03-26 00:58:47,20260805_soil_log.txt
2026-03-26,01:03:48,soil culture 1,-149.0,2026-03-26 01:03:48,20260805_soil_log.txt
2026-03-26,01:08:48,soil culture 1,-149.0,2026-03-26 01:08:48,20260805_soil_log.txt
2026-03-26,01:13:48,soil culture 1,-149.0,2026-03-26 01:13:48,20260805_soil_log.txt
2026-03-26,01:18:48,soil culture 1,-149.125,2026-03-26 01:18:48,20260805_soil_log.txt
2026-03-26,01:23:49,soil culture 1,-149.0,2026-03-26 01:23:49,20260805_soil_log.txt
2026-03-26,01:28:49,soil culture 1,-149.0,2026-03-26 01:28:49,20260805_soil_log.txt
2026-03-26,01:33:49,soil culture 1,-149.0,2026-03-26 01:33:49,20260805_soil_log.txt
2026-03-26,01:38:49,soil culture 1,-148.875,2026-03-26 01:38:49,20260805_soil_log.txt
2026-03-26,01:43:49,soil culture 1,-148.75,2026-03-26 01:43:49,20260805_soil_log.txt
2026-03-26,01:48:50,soil culture 1,-148.75,2026-03-26 01:48:50,20260805_soil_log.txt
2026-03-26,01:53:50,soil culture 1,-148.75,2026-03-26 01:53:50,20260805_soil_log.txt
2026-03-26,01:58:50,soil culture 1,-148.625,2026-03-26 01:58:50,20260805_soil_log.txt
2026-03-26,02:03:50,soil culture 1,-148.625,2026-03-26 02:03:50,20260805_soil_log.txt
2026-03-26,02:08:51,soil culture 1,-148.5,2026-03-26 02:08:51,20260805_soil_log.txt
2026-03-26,02:13:51,soil culture 1,-148.5,2026-03-26 02:13:51,20260805_soil_log.txt
2026-03-26,02:18:51,soil culture 1,-148.5,2026-03-26 02:18:51,20260805_soil_log.txt
2026-03-26,02:23:51,soil culture 1,-148.375,2026-03-26 02:23:51,20260805_soil_log.txt
2026-03-26,02:28:51,soil culture 1,-148.375,2026-03-26 02:28:51,20260805_soil_log.txt
2026-03-26,02:33:52,soil culture 1,-148.25,2026-03-26 02:33:52,20260805_soil_log.txt
2026-03-26,02:38:52,soil culture 1,-148.25,2026-03-26 02:38:52,20260805_soil_log.txt
2026-03-26,02:43:52,soil culture 1,-148.25,2026-03-26 02:43:52,20260805_soil_log.txt
2026-03-26,02:48:52,soil culture 1,-148.125,2026-03-26 02:48:52,20260805_soil_log.txt
2026-03-26,02:53:52,soil culture 1,-148.125,2026-03-26 02:53:52,20260805_soil_log.txt
2026-03-26,02:58:53,soil culture 1,-148.125,2026-03-26 02:58:53,20260805_soil_log.txt
2026-03-26,03:03:53,soil culture 1,-148.125,2026-03-26 03:03:53,20260805_soil_log.txt
2026-03-26,03:08:53,soil culture 1,-148.125,2026-03-26 03:08:53,20260805_soil_log.txt
2026-03-26,03:13:53,soil culture 1,-148.0,2026-03-26 03:13:53,20260805_soil_log.txt
2026-03-26,03:18:53,soil culture 1,-148.0,2026-03-26 03:18:53,20260805_soil_log.txt
2026-03-26,03:23:54,soil culture 1,-147.875,2026-03-26 03:23:54,20260805_soil_log.txt
2026-03-26,03:28:54,soil culture 1,-147.75,2026-03-26 03:28:54,20260805_soil_log.txt
2026-03-26,03:33:54,soil culture 1,-147.625,2026-03-26 03:33:54,20260805_soil_log.txt
2026-03-26,03:38:54,soil culture 1,-147.875,2026-03-26 03:38:54,20260805_soil_log.txt
2026-03-26,03:43:55,soil culture 1,-147.625,2026-03-26 03:43:55,20260805_soil_log.txt
2026-03-26,03:48:55,soil culture 1,-147.625,2026-03-26 03:48:55,20260805_soil_log.txt
2026-03-26,03:53:55,soil culture 1,-147.75,2026-03-26 03:53:55,20260805_soil_log.txt
2026-03-26,03:58:55,soil culture 1,-147.75,2026-03-26 03:58:55,20260805_soil_log.txt
2026-03-26,04:03:55,soil culture 1,-147.75,2026-03-26 04:03:55,20260805_soil_log.txt
2026-03-26,04:08:56,soil culture 1,-147.625,2026-03-26 04:08:56,20260805_soil_log.txt
2026-03-26,04:13:56,soil culture 1,-147.625,2026-03-26 04:13:56,20260805_soil_log.txt
2026-03-26,04:18:56,soil culture 1,-147.625,2026-03-26 04:18:56,20260805_soil_log.txt
2026-03-26,04:23:56,soil culture 1,-147.625,2026-03-26 04:23:56,20260805_soil_log.txt
2026-03-26,04:28:57,soil culture 1,-147.625,2026-03-26 04:28:57,20260805_soil_log.txt
2026-03-26,04:33:57,soil culture 1,-147.625,2026-03-26 04:33:57,20260805_soil_log.txt
2026-03-26,04:38:57,soil culture 1,-147.625,2026-03-26 04:38:57,20260805_soil_log.txt
2026-03-26,04:43:57,soil culture 1,-147.625,2026-03-26 04:43:57,20260805_soil_log.txt
2026-03-26,04:48:58,soil culture 1,-147.5,2026-03-26 04:48:58,20260805_soil_log.txt
2026-03-26,04:53:58,soil culture 1,-147.375,2026-03-26 04:53:58,20260805_soil_log.txt
2026-03-26,04:58:58,soil culture 1,-147.375,2026-03-26 04:58:58,20260805_soil_log.txt
2026-03-26,05:03:58,soil culture 1,-147.375,2026-03-26 05:03:58,20260805_soil_log.txt
2026-03-26,05:08:58,soil culture 1,-147.375,2026-03-26 05:08:58,20260805_soil_log.txt
2026-03-26,05:13:59,soil culture 1,-147.375,2026-03-26 05:13:59,20260805_soil_log.txt
2026-03-26,05:18:59,soil culture 1,-147.375,2026-03-26 05:18:59,20260805_soil_log.txt
2026-03-26,05:23:59,soil culture 1,-147.25,2026-03-26 05:23:59,20260805_soil_log.txt
2026-03-26,05:28:59,soil culture 1,-147.25,2026-03-26 05:28:59,20260805_soil_log.txt
2026-03-26,05:34:00,soil culture 1,-147.375,2026-03-26 05:34:00,20260805_soil_log.txt
2026-03-26,05:39:00,soil culture 1,-147.375,2026-03-26 05:39:00,20260805_soil_log.txt
2026-03-26,05:44:00,soil culture 1,-147.25,2026-03-26 05:44:00,20260805_soil_log.txt
2026-03-26,05:49:00,soil culture 1,-147.125,2026-03-26 05:49:00,20260805_soil_log.txt
2026-03-26,05:54:00,soil culture 1,-147.125,2026-03-26 05:54:00,20260805_soil_log.txt
2026-03-26,05:59:01,soil culture 1,-147.125,2026-03-26 05:59:01,20260805_soil_log.txt
2026-03-26,06:04:01,soil culture 1,-147.125,2026-03-26 06:04:01,20260805_soil_log.txt
2026-03-26,06:09:01,soil culture 1,-147.0,2026-03-26 06:09:01,20260805_soil_log.txt
2026-03-26,06:14:01,soil culture 1,-147.125,2026-03-26 06:14:01,20260805_soil_log.txt
2026-03-26,06:19:01,soil culture 1,-147.0,2026-03-26 06:19:01,20260805_soil_log.txt
2026-03-26,06:24:02,soil culture 1,-146.875,2026-03-26 06:24:02,20260805_soil_log.txt
2026-03-26,06:29:02,soil culture 1,-146.75,2026-03-26 06:29:02,20260805_soil_log.txt
2026-03-26,06:34:02,soil culture 1,-146.875,2026-03-26 06:34:02,20260805_soil_log.txt
2026-03-26,06:39:02,soil culture 1,-146.875,2026-03-26 06:39:02,20260805_soil_log.txt
2026-03-26,06:44:03,soil culture 1,-146.875,2026-03-26 06:44:03,20260805_soil_log.txt
2026-03-26,06:49:03,soil culture 1,-146.875,2026-03-26 06:49:03,20260805_soil_log.txt
2026-03-26,06:54:03,soil culture 1,-146.75,2026-03-26 06:54:03,20260805_soil_log.txt
2026-03-26,06:59:03,soil culture 1,-146.75,2026-03-26 06:59:03,20260805_soil_log.txt
2026-03-26,07:04:04,soil culture 1,-146.75,2026-03-26 07:04:04,20260805_soil_log.txt
2026-03-26,07:09:04,soil culture 1,-146.875,2026-03-26 07:09:04,20260805_soil_log.txt
2026-03-26,07:14:04,soil culture 1,-146.875,2026-03-26 07:14:04,20260805_soil_log.txt
2026-03-26,07:19:04,soil culture 1,-146.875,2026-03-26 07:19:04,20260805_soil_log.txt
2026-03-26,07:24:04,soil culture 1,-146.875,2026-03-26 07:24:04,20260805_soil_log.txt
2026-03-26,07:29:05,soil culture 1,-146.875,2026-03-26 07:29:05,20260805_soil_log.txt
2026-03-26,07:34:05,soil culture 1,-146.875,2026-03-26 07:34:05,20260805_soil_log.txt
2026-03-26,07:39:05,soil culture 1,-146.75,2026-03-26 07:39:05,20260805_soil_log.txt
2026-03-26,07:44:05,soil culture 1,-146.75,2026-03-26 07:44:05,20260805_soil_log.txt
2026-03-26,07:49:06,soil culture 1,-146.625,2026-03-26 07:49:06,20260805_soil_log.txt
2026-03-26,07:54:06,soil culture 1,-146.625,2026-03-26 07:54:06,20260805_soil_log.txt
2026-03-26,07:59:06,soil culture 1,-146.75,2026-03-26 07:59:06,20260805_soil_log.txt
2026-03-26,08:04:06,soil culture 1,-146.75,2026-03-26 08:04:06,20260805_soil_log.txt
2026-03-26,08:09:07,soil culture 1,-146.75,2026-03-26 08:09:07,20260805_soil_log.txt
2026-03-26,08:14:07,soil culture 1,-146.75,2026-03-26 08:14:07,20260805_soil_log.txt
2026-03-26,08:19:07,soil culture 1,-146.75,2026-03-26 08:19:07,20260805_soil_log.txt
2026-03-26,08:24:07,soil culture 1,-146.75,2026-03-26 08:24:07,20260805_soil_log.txt
2026-03-26,08:29:07,soil culture 1,-146.875,2026-03-26 08:29:07,20260805_soil_log.txt
2026-03-26,08:34:08,soil culture 1,-146.875,2026-03-26 08:34:08,20260805_soil_log.txt
2026-03-26,08:39:08,soil culture 1,-146.875,2026-03-26 08:39:08,20260805_soil_log.txt
2026-03-26,08:44:08,soil culture 1,-147.0,2026-03-26 08:44:08,20260805_soil_log.txt
2026-03-26,08:49:08,soil culture 1,-147.0,2026-03-26 08:49:08,20260805_soil_log.txt
2026-03-26,08:54:08,soil culture 1,-147.0,2026-03-26 08:54:08,20260805_soil_log.txt
2026-03-26,08:59:09,soil culture 1,-146.875,2026-03-26 08:59:09,20260805_soil_log.txt
2026-03-26,09:04:09,soil culture 1,-146.875,2026-03-26 09:04:09,20260805_soil_log.txt
2026-03-26,09:09:09,soil culture 1,-146.875,2026-03-26 09:09:09,20260805_soil_log.txt
2026-03-26,09:14:09,soil culture 1,-146.75,2026-03-26 09:14:09,20260805_soil_log.txt
2026-03-26,09:19:10,soil culture 1,-146.75,2026-03-26 09:19:10,20260805_soil_log.txt
2026-03-26,09:24:10,soil culture 1,-146.875,2026-03-26 09:24:10,20260805_soil_log.txt
2026-03-26,09:29:10,soil culture 1,-146.75,2026-03-26 09:29:10,20260805_soil_log.txt
2026-03-26,09:34:10,soil culture 1,-146.75,2026-03-26 09:34:10,20260805_soil_log.txt
2026-03-26,09:39:10,soil culture 1,-146.75,2026-03-26 09:39:10,20260805_soil_log.txt
2026-03-26,09:44:11,soil culture 1,-146.75,2026-03-26 09:44:11,20260805_soil_log.txt
2026-03-26,09:49:11,soil culture 1,-146.75,2026-03-26 09:49:11,20260805_soil_log.txt
2026-03-26,09:54:11,soil culture 1,-146.75,2026-03-26 09:54:11,20260805_soil_log.txt
2026-03-26,09:59:11,soil culture 1,-146.75,2026-03-26 09:59:11,20260805_soil_log.txt
2026-03-26,10:04:12,soil culture 1,-146.75,2026-03-26 10:04:12,20260805_soil_log.txt
2026-03-26,10:09:12,soil culture 1,-146.75,2026-03-26 10:09:12,20260805_soil_log.txt
2026-03-26,10:14:12,soil culture 1,-146.75,2026-03-26 10:14:12,20260805_soil_log.txt
2026-03-26,10:19:12,soil culture 1,-146.75,2026-03-26 10:19:12,20260805_soil_log.txt
2026-03-26,10:24:12,soil culture 1,-146.75,2026-03-26 10:24:12,20260805_soil_log.txt
2026-03-26,10:29:13,soil culture 1,-146.75,2026-03-26 10:29:13,20260805_soil_log.txt
2026-03-26,10:34:13,soil culture 1,-146.625,2026-03-26 10:34:13,20260805_soil_log.txt
2026-03-26,10:39:13,soil culture 1,-146.625,2026-03-26 10:39:13,20260805_soil_log.txt
2026-03-26,10:44:13,soil culture 1,-146.5,2026-03-26 10:44:13,20260805_soil_log.txt
2026-03-26,10:49:14,soil culture 1,-146.625,2026-03-26 10:49:14,20260805_soil_log.txt
2026-03-26,10:54:14,soil culture 1,-146.5,2026-03-26 10:54:14,20260805_soil_log.txt
2026-03-26,10:59:14,soil culture 1,-146.5,2026-03-26 10:59:14,20260805_soil_log.txt
2026-03-26,11:04:14,soil culture 1,-146.5,2026-03-26 11:04:14,20260805_soil_log.txt
2026-03-26,11:09:14,soil culture 1,-146.5,2026-03-26 11:09:14,20260805_soil_log.txt
2026-03-26,11:14:15,soil culture 1,-146.375,2026-03-26 11:14:15,20260805_soil_log.txt
2026-03-26,11:19:15,soil culture 1,-146.25,2026-03-26 11:19:15,20260805_soil_log.txt
2026-03-26,11:24:15,soil culture 1,-146.375,2026-03-26 11:24:15,20260805_soil_log.txt
2026-03-26,11:29:15,soil culture 1,-146.25,2026-03-26 11:29:15,20260805_soil_log.txt
2026-03-26,11:34:15,soil culture 1,-146.25,2026-03-26 11:34:15,20260805_soil_log.txt
2026-03-26,11:39:16,soil culture 1,-146.25,2026-03-26 11:39:16,20260805_soil_log.txt
2026-03-26,11:44:16,soil culture 1,-146.25,2026-03-26 11:44:16,20260805_soil_log.txt
2026-03-26,11:49:16,soil culture 1,-146.375,2026-03-26 11:49:16,20260805_soil_log.txt
2026-03-26,11:54:16,soil culture 1,-146.25,2026-03-26 11:54:16,20260805_soil_log.txt
2026-03-26,11:59:17,soil culture 1,-146.125,2026-03-26 11:59:17,20260805_soil_log.txt
2026-03-26,12:04:17,soil culture 1,-146.25,2026-03-26 12:04:17,20260805_soil_log.txt
2026-03-26,12:09:17,soil culture 1,-146.25,2026-03-26 12:09:17,20260805_soil_log.txt
2026-03-26,12:14:17,soil culture 1,-146.25,2026-03-26 12:14:17,20260805_soil_log.txt
2026-03-26,12:19:17,soil culture 1,-146.25,2026-03-26 12:19:17,20260805_soil_log.txt
2026-03-26,12:24:18,soil culture 1,-146.125,2026-03-26 12:24:18,20260805_soil_log.txt
2026-03-26,12:29:18,soil culture 1,-146.125,2026-03-26 12:29:18,20260805_soil_log.txt
2026-03-26,12:34:18,soil culture 1,-146.125,2026-03-26 12:34:18,20260805_soil_log.txt
2026-03-26,12:39:18,soil culture 1,-146.125,2026-03-26 12:39:18,20260805_soil_log.txt
2026-03-26,12:44:19,soil culture 1,-146.125,2026-03-26 12:44:19,20260805_soil_log.txt
2026-03-26,12:49:19,soil culture 1,-146.0,2026-03-26 12:49:19,20260805_soil_log.txt
2026-03-26,12:54:19,soil culture 1,-146.0,2026-03-26 12:54:19,20260805_soil_log.txt
2026-03-26,12:59:19,soil culture 1,-146.0,2026-03-26 12:59:19,20260805_soil_log.txt
2026-03-26,13:04:20,soil culture 1,-146.0,2026-03-26 13:04:20,20260805_soil_log.txt
2026-03-26,13:09:20,soil culture 1,-146.0,2026-03-26 13:09:20,20260805_soil_log.txt
2026-03-26,13:14:20,soil culture 1,-146.0,2026-03-26 13:14:20,20260805_soil_log.txt
2026-03-26,13:19:20,soil culture 1,-146.0,2026-03-26 13:19:20,20260805_soil_log.txt
2026-03-26,13:24:20,soil culture 1,-146.0,2026-03-26 13:24:20,20260805_soil_log.txt
2026-03-26,13:29:21,soil culture 1,-146.0,2026-03-26 13:29:21,20260805_soil_log.txt
2026-03-26,13:34:21,soil culture 1,-146.0,2026-03-26 13:34:21,20260805_soil_log.txt
2026-03-26,13:39:21,soil culture 1,-146.0,2026-03-26 13:39:21,20260805_soil_log.txt
2026-03-26,13:44:21,soil culture 1,-145.875,2026-03-26 13:44:21,20260805_soil_log.txt
2026-03-26,13:49:21,soil culture 1,-145.875,2026-03-26 13:49:21,20260805_soil_log.txt
2026-03-26,13:54:22,soil culture 1,-145.875,2026-03-26 13:54:22,20260805_soil_log.txt
2026-03-26,13:59:22,soil culture 1,-145.875,2026-03-26 13:59:22,20260805_soil_log.txt
2026-03-26,14:04:22,soil culture 1,-145.875,2026-03-26 14:04:22,20260805_soil_log.txt
2026-03-26,14:09:22,soil culture 1,-145.875,2026-03-26 14:09:22,20260805_soil_log.txt
2026-03-26,14:14:23,soil culture 1,-145.875,2026-03-26 14:14:23,20260805_soil_log.txt
2026-03-26,14:19:23,soil culture 1,-145.75,2026-03-26 14:19:23,20260805_soil_log.txt
2026-03-26,14:24:23,soil culture 1,-145.75,2026-03-26 14:24:23,20260805_soil_log.txt
2026-03-26,14:29:23,soil culture 1,-145.75,2026-03-26 14:29:23,20260805_soil_log.txt
2026-03-26,14:34:23,soil culture 1,-145.75,2026-03-26 14:34:23,20260805_soil_log.txt
2026-03-26,14:39:24,soil culture 1,-145.5,2026-03-26 14:39:24,20260805_soil_log.txt
2026-03-26,14:44:24,soil culture 1,-145.5,2026-03-26 14:44:24,20260805_soil_log.txt
2026-03-26,14:49:24,soil culture 1,-145.375,2026-03-26 14:49:24,20260805_soil_log.txt
2026-03-26,14:54:24,soil culture 1,-145.375,2026-03-26 14:54:24,20260805_soil_log.txt
2026-03-26,14:59:24,soil culture 1,-145.25,2026-03-26 14:59:24,20260805_soil_log.txt
2026-03-26,15:04:25,soil culture 1,-145.375,2026-03-26 15:04:25,20260805_soil_log.txt
2026-03-26,15:09:25,soil culture 1,-145.375,2026-03-26 15:09:25,20260805_soil_log.txt
2026-03-26,15:14:25,soil culture 1,-145.375,2026-03-26 15:14:25,20260805_soil_log.txt
2026-03-26,15:19:25,soil culture 1,-145.375,2026-03-26 15:19:25,20260805_soil_log.txt
2026-03-26,15:24:26,soil culture 1,-145.375,2026-03-26 15:24:26,20260805_soil_log.txt
2026-03-26,15:29:26,soil culture 1,-145.25,2026-03-26 15:29:26,20260805_soil_log.txt
2026-03-26,15:34:26,soil culture 1,-145.25,2026-03-26 15:34:26,20260805_soil_log.txt
2026-03-26,15:39:26,soil culture 1,-145.125,2026-03-26 15:39:26,20260805_soil_log.txt
2026-03-26,15:44:26,soil culture 1,-145.125,2026-03-26 15:44:26,20260805_soil_log.txt
2026-03-26,15:49:27,soil culture 1,-145.125,2026-03-26 15:49:27,20260805_soil_log.txt
2026-03-26,15:54:27,soil culture 1,-145.0,2026-03-26 15:54:27,20260805_soil_log.txt
2026-03-26,15:59:27,soil culture 1,-145.0,2026-03-26 15:59:27,20260805_soil_log.txt
2026-03-26,16:04:27,soil culture 1,-145.0,2026-03-26 16:04:27,20260805_soil_log.txt
2026-03-26,16:09:28,soil culture 1,-145.0,2026-03-26 16:09:28,20260805_soil_log.txt
2026-03-26,16:14:28,soil culture 1,-145.0,2026-03-26 16:14:28,20260805_soil_log.txt
2026-03-26,16:19:28,soil culture 1,-145.125,2026-03-26 16:19:28,20260805_soil_log.txt
2026-03-26,16:24:28,soil culture 1,-145.0,2026-03-26 16:24:28,20260805_soil_log.txt
2026-03-26,16:29:29,soil culture 1,-144.875,2026-03-26 16:29:29,20260805_soil_log.txt
2026-03-26,16:34:29,soil culture 1,-145.0,2026-03-26 16:34:29,20260805_soil_log.txt
2026-03-26,16:39:29,soil culture 1,-145.0,2026-03-26 16:39:29,20260805_soil_log.txt
2026-03-26,16:44:29,soil culture 1,-144.875,2026-03-26 16:44:29,20260805_soil_log.txt
2026-03-26,16:49:29,soil culture 1,-144.875,2026-03-26 16:49:29,20260805_soil_log.txt
2026-03-26,16:54:30,soil culture 1,-144.875,2026-03-26 16:54:30,20260805_soil_log.txt
2026-03-26,16:59:30,soil culture 1,-144.875,2026-03-26 16:59:30,20260805_soil_log.txt
2026-03-26,17:04:30,soil culture 1,-145.0,2026-03-26 17:04:30,20260805_soil_log.txt
2026-03-26,17:09:30,soil culture 1,-144.875,2026-03-26 17:09:30,20260805_soil_log.txt
2026-03-26,17:14:31,soil culture 1,-145.0,2026-03-26 17:14:31,20260805_soil_log.txt
2026-03-26,17:19:31,soil culture 1,-144.875,2026-03-26 17:19:31,20260805_soil_log.txt
2026-03-26,17:24:31,soil culture 1,-144.875,2026-03-26 17:24:31,20260805_soil_log.txt
2026-03-26,17:29:31,soil culture 1,-144.75,2026-03-26 17:29:31,20260805_soil_log.txt
2026-03-26,17:34:32,soil culture 1,-144.75,2026-03-26 17:34:32,20260805_soil_log.txt
2026-03-26,17:39:32,soil culture 1,-144.75,2026-03-26 17:39:32,20260805_soil_log.txt
2026-03-26,17:44:32,soil culture 1,-144.625,2026-03-26 17:44:32,20260805_soil_log.txt
2026-03-26,17:49:32,soil culture 1,-144.5,2026-03-26 17:49:32,20260805_soil_log.txt
2026-03-26,17:54:32,soil culture 1,-144.5,2026-03-26 17:54:32,20260805_soil_log.txt
2026-03-26,17:59:33,soil culture 1,-144.5,2026-03-26 17:59:33,20260805_soil_log.txt
2026-03-26,18:04:33,soil culture 1,-144.5,2026-03-26 18:04:33,20260805_soil_log.txt
2026-03-26,18:09:33,soil culture 1,-144.5,2026-03-26 18:09:33,20260805_soil_log.txt
2026-03-26,18:14:33,soil culture 1,-144.625,2026-03-26 18:14:33,20260805_soil_log.txt
2026-03-26,18:19:34,soil culture 1,-144.625,2026-03-26 18:19:34,20260805_soil_log.txt
2026-03-26,18:24:34,soil culture 1,-144.625,2026-03-26 18:24:34,20260805_soil_log.txt
2026-03-26,18:29:34,soil culture 1,-144.625,2026-03-26 18:29:34,20260805_soil_log.txt
2026-03-26,18:34:34,soil culture 1,-144.5,2026-03-26 18:34:34,20260805_soil_log.txt
2026-03-26,18:39:35,soil culture 1,-144.375,2026-03-26 18:39:35,20260805_soil_log.txt
2026-03-26,18:44:35,soil culture 1,-144.5,2026-03-26 18:44:35,20260805_soil_log.txt
2026-03-26,18:49:35,soil culture 1,-144.5,2026-03-26 18:49:35,20260805_soil_log.txt
2026-03-26,18:54:35,soil culture 1,-144.5,2026-03-26 18:54:35,20260805_soil_log.txt
2026-03-26,18:59:35,soil culture 1,-144.25,2026-03-26 18:59:35,20260805_soil_log.txt
2026-03-26,19:04:36,soil culture 1,-144.25,2026-03-26 19:04:36,20260805_soil_log.txt
2026-03-26,19:09:36,soil culture 1,-144.25,2026-03-26 19:09:36,20260805_soil_log.txt
2026-03-26,19:14:36,soil culture 1,-144.25,2026-03-26 19:14:36,20260805_soil_log.txt
2026-03-26,19:19:36,soil culture 1,-144.25,2026-03-26 19:19:36,20260805_soil_log.txt
2026-03-26,19:24:37,soil culture 1,-144.125,2026-03-26 19:24:37,20260805_soil_log.txt
2026-03-26,19:29:37,soil culture 1,-144.125,2026-03-26 19:29:37,20260805_soil_log.txt
2026-03-26,19:34:37,soil culture 1,-144.00000000000003,2026-03-26 19:34:37,20260805_soil_log.txt
2026-03-26,19:39:37,soil culture 1,-144.00000000000003,2026-03-26 19:39:37,20260805_soil_log.txt
2026-03-26,19:44:37,soil culture 1,-144.00000000000003,2026-03-26 19:44:37,20260805_soil_log.txt
2026-03-26,19:49:38,soil culture 1,-144.00000000000003,2026-03-26 19:49:38,20260805_soil_log.txt
2026-03-26,19:54:38,soil culture 1,-144.00000000000003,2026-03-26 19:54:38,20260805_soil_log.txt
2026-03-26,19:59:38,soil culture 1,-144.00000000000003,2026-03-26 19:59:38,20260805_soil_log.txt
2026-03-26,20:04:38,soil culture 1,-143.875,2026-03-26 20:04:38,20260805_soil_log.txt
2026-03-26,20:09:39,soil culture 1,-143.875,2026-03-26 20:09:39,20260805_soil_log.txt
2026-03-26,20:14:39,soil culture 1,-143.875,2026-03-26 20:14:39,20260805_soil_log.txt
2026-03-26,20:19:39,soil culture 1,-143.875,2026-03-26 20:19:39,20260805_soil_log.txt
2026-03-26,20:24:39,soil culture 1,-143.875,2026-03-26 20:24:39,20260805_soil_log.txt
2026-03-26,20:29:39,soil culture 1,-143.75000000000003,2026-03-26 20:29:39,20260805_soil_log.txt
2026-03-26,20:34:40,soil culture 1,-143.75000000000003,2026-03-26 20:34:40,20260805_soil_log.txt
2026-03-26,20:39:40,soil culture 1,-143.625,2026-03-26 20:39:40,20260805_soil_log.txt
2026-03-26,20:44:40,soil culture 1,-143.75000000000003,2026-03-26 20:44:40,20260805_soil_log.txt
2026-03-26,20:49:40,soil culture 1,-143.625,2026-03-26 20:49:40,20260805_soil_log.txt
2026-03-26,20:54:41,soil culture 1,-143.75000000000003,2026-03-26 20:54:41,20260805_soil_log.txt
2026-03-26,20:59:41,soil culture 1,-143.75000000000003,2026-03-26 20:59:41,20260805_soil_log.txt
2026-03-26,21:04:41,soil culture 1,-143.625,2026-03-26 21:04:41,20260805_soil_log.txt
2026-03-26,21:09:41,soil culture 1,-143.50000000000003,2026-03-26 21:09:41,20260805_soil_log.txt
2026-03-26,21:14:42,soil culture 1,-143.625,2026-03-26 21:14:42,20260805_soil_log.txt
2026-03-26,21:19:42,soil culture 1,-143.50000000000003,2026-03-26 21:19:42,20260805_soil_log.txt
2026-03-26,21:24:42,soil culture 1,-143.625,2026-03-26 21:24:42,20260805_soil_log.txt
2026-03-26,21:29:42,soil culture 1,-143.375,2026-03-26 21:29:42,20260805_soil_log.txt
2026-03-26,21:34:42,soil culture 1,-143.50000000000003,2026-03-26 21:34:42,20260805_soil_log.txt
2026-03-26,21:39:42,soil culture 1,-143.375,2026-03-26 21:39:42,20260805_soil_log.txt
2026-03-26,21:44:43,soil culture 1,-143.375,2026-03-26 21:44:43,20260805_soil_log.txt
2026-03-26,21:49:43,soil culture 1,-143.375,2026-03-26 21:49:43,20260805_soil_log.txt
2026-03-26,21:54:43,soil culture 1,-143.375,2026-03-26 21:54:43,20260805_soil_log.txt
2026-03-26,21:59:43,soil culture 1,-143.25000000000003,2026-03-26 21:59:43,20260805_soil_log.txt
2026-03-26,22:04:44,soil culture 1,-143.25000000000003,2026-03-26 22:04:44,20260805_soil_log.txt
2026-03-26,22:09:44,soil culture 1,-143.25000000000003,2026-03-26 22:09:44,20260805_soil_log.txt
2026-03-26,22:14:44,soil culture 1,-143.125,2026-03-26 22:14:44,20260805_soil_log.txt
2026-03-26,22:19:44,soil culture 1,-143.00000000000003,2026-03-26 22:19:44,20260805_soil_log.txt
2026-03-26,22:24:44,soil culture 1,-143.125,2026-03-26 22:24:44,20260805_soil_log.txt
2026-03-26,22:29:45,soil culture 1,-143.125,2026-03-26 22:29:45,20260805_soil_log.txt
2026-03-26,22:34:45,soil culture 1,-143.00000000000003,2026-03-26 22:34:45,20260805_soil_log.txt
2026-03-26,22:39:45,soil culture 1,-143.00000000000003,2026-03-26 22:39:45,20260805_soil_log.txt
2026-03-26,22:44:45,soil culture 1,-142.875,2026-03-26 22:44:45,20260805_soil_log.txt
2026-03-26,22:49:46,soil culture 1,-142.75000000000003,2026-03-26 22:49:46,20260805_soil_log.txt
2026-03-26,22:54:46,soil culture 1,-142.75000000000003,2026-03-26 22:54:46,20260805_soil_log.txt
2026-03-26,22:59:46,soil culture 1,-142.75000000000003,2026-03-26 22:59:46,20260805_soil_log.txt
2026-03-26,23:04:46,soil culture 1,-142.75000000000003,2026-03-26 23:04:46,20260805_soil_log.txt
2026-03-26,23:09:46,soil culture 1,-142.75000000000003,2026-03-26 23:09:46,20260805_soil_log.txt
2026-03-26,23:14:47,soil culture 1,-142.75000000000003,2026-03-26 23:14:47,20260805_soil_log.txt
2026-03-26,23:19:47,soil culture 1,-142.625,2026-03-26 23:19:47,20260805_soil_log.txt
2026-03-26,23:24:47,soil culture 1,-142.625,2026-03-26 23:24:47,20260805_soil_log.txt
2026-03-26,23:29:47,soil culture 1,-142.625,2026-03-26 23:29:47,20260805_soil_log.txt
2026-03-26,23:34:48,soil culture 1,-142.50000000000003,2026-03-26 23:34:48,20260805_soil_log.txt
2026-03-26,23:39:48,soil culture 1,-142.625,2026-03-26 23:39:48,20260805_soil_log.txt
2026-03-26,23:44:48,soil culture 1,-142.625,2026-03-26 23:44:48,20260805_soil_log.txt
2026-03-26,23:49:48,soil culture 1,-142.50000000000003,2026-03-26 23:49:48,20260805_soil_log.txt
2026-03-26,23:54:48,soil culture 1,-142.50000000000003,2026-03-26 23:54:48,20260805_soil_log.txt
2026-03-26,23:59:49,soil culture 1,-142.50000000000003,2026-03-26 23:59:49,20260805_soil_log.txt
2026-03-27,00:04:49,soil culture 1,-142.50000000000003,2026-03-27 00:04:49,20260805_soil_log.txt
2026-03-27,00:09:49,soil culture 1,-142.375,2026-03-27 00:09:49,20260805_soil_log.txt
2026-03-27,00:14:49,soil culture 1,-142.375,2026-03-27 00:14:49,20260805_soil_log.txt
2026-03-27,00:19:49,soil culture 1,-142.50000000000003,2026-03-27 00:19:49,20260805_soil_log.txt
2026-03-27,00:24:50,soil culture 1,-142.50000000000003,2026-03-27 00:24:50,20260805_soil_log.txt
2026-03-27,00:29:50,soil culture 1,-142.375,2026-03-27 00:29:50,20260805_soil_log.txt
2026-03-27,00:34:50,soil culture 1,-142.375,2026-03-27 00:34:50,20260805_soil_log.txt
2026-03-27,00:39:50,soil culture 1,-142.375,2026-03-27 00:39:50,20260805_soil_log.txt
2026-03-27,00:44:51,soil culture 1,-142.25000000000003,2026-03-27 00:44:51,20260805_soil_log.txt
2026-03-27,00:49:51,soil culture 1,-142.25000000000003,2026-03-27 00:49:51,20260805_soil_log.txt
2026-03-27,00:54:51,soil culture 1,-142.25000000000003,2026-03-27 00:54:51,20260805_soil_log.txt
2026-03-27,00:59:51,soil culture 1,-142.125,2026-03-27 00:59:51,20260805_soil_log.txt
2026-03-27,01:04:52,soil culture 1,-142.125,2026-03-27 01:04:52,20260805_soil_log.txt
2026-03-27,01:09:52,soil culture 1,-142.125,2026-03-27 01:09:52,20260805_soil_log.txt
2026-03-27,01:14:52,soil culture 1,-142.125,2026-03-27 01:14:52,20260805_soil_log.txt
2026-03-27,01:19:52,soil culture 1,-142.125,2026-03-27 01:19:52,20260805_soil_log.txt
2026-03-27,01:24:52,soil culture 1,-142.125,2026-03-27 01:24:52,20260805_soil_log.txt
2026-03-27,01:29:53,soil culture 1,-142.00000000000003,2026-03-27 01:29:53,20260805_soil_log.txt
2026-03-27,01:34:53,soil culture 1,-142.00000000000003,2026-03-27 01:34:53,20260805_soil_log.txt
2026-03-27,01:39:53,soil culture 1,-142.00000000000003,2026-03-27 01:39:53,20260805_soil_log.txt
2026-03-27,01:44:53,soil culture 1,-142.00000000000003,2026-03-27 01:44:53,20260805_soil_log.txt
2026-03-27,01:49:54,soil culture 1,-142.00000000000003,2026-03-27 01:49:54,20260805_soil_log.txt
2026-03-27,01:54:54,soil culture 1,-141.875,2026-03-27 01:54:54,20260805_soil_log.txt
2026-03-27,01:59:54,soil culture 1,-141.875,2026-03-27 01:59:54,20260805_soil_log.txt
2026-03-27,02:04:54,soil culture 1,-141.875,2026-03-27 02:04:54,20260805_soil_log.txt
2026-03-27,02:09:54,soil culture 1,-141.75000000000003,2026-03-27 02:09:54,20260805_soil_log.txt
2026-03-27,02:14:55,soil culture 1,-141.75000000000003,2026-03-27 02:14:55,20260805_soil_log.txt
2026-03-27,02:19:55,soil culture 1,-141.75000000000003,2026-03-27 02:19:55,20260805_soil_log.txt
2026-03-27,02:24:55,soil culture 1,-141.625,2026-03-27 02:24:55,20260805_soil_log.txt
2026-03-27,02:29:55,soil culture 1,-141.625,2026-03-27 02:29:55,20260805_soil_log.txt
2026-03-27,02:34:56,soil culture 1,-141.50000000000003,2026-03-27 02:34:56,20260805_soil_log.txt
2026-03-27,02:39:56,soil culture 1,-141.625,2026-03-27 02:39:56,20260805_soil_log.txt
2026-03-27,02:44:56,soil culture 1,-141.50000000000003,2026-03-27 02:44:56,20260805_soil_log.txt
2026-03-27,02:49:56,soil culture 1,-141.375,2026-03-27 02:49:56,20260805_soil_log.txt
2026-03-27,02:54:56,soil culture 1,-141.375,2026-03-27 02:54:56,20260805_soil_log.txt
2026-03-27,02:59:57,soil culture 1,-141.25000000000003,2026-03-27 02:59:57,20260805_soil_log.txt
2026-03-27,03:04:57,soil culture 1,-141.125,2026-03-27 03:04:57,20260805_soil_log.txt
2026-03-27,03:09:57,soil culture 1,-141.0,2026-03-27 03:09:57,20260805_soil_log.txt
2026-03-27,03:14:57,soil culture 1,-141.0,2026-03-27 03:14:57,20260805_soil_log.txt
2026-03-27,03:19:58,soil culture 1,-140.875,2026-03-27 03:19:58,20260805_soil_log.txt
2026-03-27,03:24:58,soil culture 1,-140.75,2026-03-27 03:24:58,20260805_soil_log.txt
2026-03-27,03:29:58,soil culture 1,-140.75,2026-03-27 03:29:58,20260805_soil_log.txt
2026-03-27,03:34:58,soil culture 1,-140.625,2026-03-27 03:34:58,20260805_soil_log.txt
2026-03-27,03:39:58,soil culture 1,-140.625,2026-03-27 03:39:58,20260805_soil_log.txt
2026-03-27,03:44:59,soil culture 1,-140.75,2026-03-27 03:44:59,20260805_soil_log.txt
2026-03-27,03:49:59,soil culture 1,-140.75,2026-03-27 03:49:59,20260805_soil_log.txt
2026-03-27,03:54:59,soil culture 1,-140.625,2026-03-27 03:54:59,20260805_soil_log.txt
2026-03-27,03:59:59,soil culture 1,-140.625,2026-03-27 03:59:59,20260805_soil_log.txt
2026-03-27,04:05:00,soil culture 1,-140.5,2026-03-27 04:05:00,20260805_soil_log.txt
2026-03-27,04:10:00,soil culture 1,-140.5,2026-03-27 04:10:00,20260805_soil_log.txt
2026-03-27,04:15:00,soil culture 1,-140.375,2026-03-27 04:15:00,20260805_soil_log.txt
2026-03-27,04:20:00,soil culture 1,-140.25,2026-03-27 04:20:00,20260805_soil_log.txt
2026-03-27,04:25:01,soil culture 1,-140.25,2026-03-27 04:25:01,20260805_soil_log.txt
2026-03-27,04:30:01,soil culture 1,-140.125,2026-03-27 04:30:01,20260805_soil_log.txt
2026-03-27,04:35:01,soil culture 1,-140.125,2026-03-27 04:35:01,20260805_soil_log.txt
2026-03-27,04:40:01,soil culture 1,-139.875,2026-03-27 04:40:01,20260805_soil_log.txt
2026-03-27,04:45:01,soil culture 1,-139.875,2026-03-27 04:45:01,20260805_soil_log.txt
2026-03-27,04:50:02,soil culture 1,-140.0,2026-03-27 04:50:02,20260805_soil_log.txt
2026-03-27,04:55:02,soil culture 1,-139.875,2026-03-27 04:55:02,20260805_soil_log.txt
2026-03-27,05:00:02,soil culture 1,-139.875,2026-03-27 05:00:02,20260805_soil_log.txt
2026-03-27,05:05:02,soil culture 1,-139.75,2026-03-27 05:05:02,20260805_soil_log.txt
2026-03-27,05:10:03,soil culture 1,-139.75,2026-03-27 05:10:03,20260805_soil_log.txt
2026-03-27,05:15:03,soil culture 1,-139.75,2026-03-27 05:15:03,20260805_soil_log.txt
2026-03-27,05:20:03,soil culture 1,-139.75,2026-03-27 05:20:03,20260805_soil_log.txt
2026-03-27,05:25:03,soil culture 1,-139.75,2026-03-27 05:25:03,20260805_soil_log.txt
2026-03-27,05:30:03,soil culture 1,-139.625,2026-03-27 05:30:03,20260805_soil_log.txt
2026-03-27,05:35:04,soil culture 1,-139.625,2026-03-27 05:35:04,20260805_soil_log.txt
2026-03-27,05:40:04,soil culture 1,-139.625,2026-03-27 05:40:04,20260805_soil_log.txt
2026-03-27,05:45:04,soil culture 1,-139.625,2026-03-27 05:45:04,20260805_soil_log.txt
2026-03-27,05:50:04,soil culture 1,-139.625,2026-03-27 05:50:04,20260805_soil_log.txt
2026-03-27,05:55:04,soil culture 1,-139.625,2026-03-27 05:55:04,20260805_soil_log.txt
2026-03-27,06:00:05,soil culture 1,-139.625,2026-03-27 06:00:05,20260805_soil_log.txt
2026-03-27,06:05:05,soil culture 1,-139.5,2026-03-27 06:05:05,20260805_soil_log.txt
2026-03-27,06:10:05,soil culture 1,-139.5,2026-03-27 06:10:05,20260805_soil_log.txt
2026-03-27,06:15:05,soil culture 1,-139.625,2026-03-27 06:15:05,20260805_soil_log.txt
2026-03-27,06:20:06,soil culture 1,-139.5,2026-03-27 06:20:06,20260805_soil_log.txt
2026-03-27,06:25:06,soil culture 1,-139.5,2026-03-27 06:25:06,20260805_soil_log.txt
2026-03-27,06:30:06,soil culture 1,-139.375,2026-03-27 06:30:06,20260805_soil_log.txt
2026-03-27,06:35:06,soil culture 1,-139.375,2026-03-27 06:35:06,20260805_soil_log.txt
2026-03-27,06:40:06,soil culture 1,-139.375,2026-03-27 06:40:06,20260805_soil_log.txt
2026-03-27,06:45:07,soil culture 1,-139.375,2026-03-27 06:45:07,20260805_soil_log.txt
2026-03-27,06:50:07,soil culture 1,-139.5,2026-03-27 06:50:07,20260805_soil_log.txt
2026-03-27,06:55:07,soil culture 1,-139.375,2026-03-27 06:55:07,20260805_soil_log.txt
2026-03-27,07:00:07,soil culture 1,-139.375,2026-03-27 07:00:07,20260805_soil_log.txt
2026-03-27,07:05:08,soil culture 1,-139.5,2026-03-27 07:05:08,20260805_soil_log.txt
2026-03-27,07:10:08,soil culture 1,-139.375,2026-03-27 07:10:08,20260805_soil_log.txt
2026-03-27,07:15:08,soil culture 1,-139.375,2026-03-27 07:15:08,20260805_soil_log.txt
2026-03-27,07:20:08,soil culture 1,-139.375,2026-03-27 07:20:08,20260805_soil_log.txt
2026-03-27,07:25:08,soil culture 1,-139.375,2026-03-27 07:25:08,20260805_soil_log.txt
2026-03-27,07:30:09,soil culture 1,-139.375,2026-03-27 07:30:09,20260805_soil_log.txt
2026-03-27,07:35:09,soil culture 1,-139.375,2026-03-27 07:35:09,20260805_soil_log.txt
2026-03-27,07:40:09,soil culture 1,-139.375,2026-03-27 07:40:09,20260805_soil_log.txt
2026-03-27,07:45:09,soil culture 1,-139.25,2026-03-27 07:45:09,20260805_soil_log.txt
2026-03-27,07:50:10,soil culture 1,-139.375,2026-03-27 07:50:10,20260805_soil_log.txt
2026-03-27,07:55:10,soil culture 1,-139.25,2026-03-27 07:55:10,20260805_soil_log.txt
2026-03-27,08:00:10,soil culture 1,-139.375,2026-03-27 08:00:10,20260805_soil_log.txt
2026-03-27,08:05:10,soil culture 1,-139.25,2026-03-27 08:05:10,20260805_soil_log.txt
2026-03-27,08:10:10,soil culture 1,-139.375,2026-03-27 08:10:10,20260805_soil_log.txt
2026-03-27,08:15:11,soil culture 1,-139.375,2026-03-27 08:15:11,20260805_soil_log.txt
2026-03-27,08:20:11,soil culture 1,-139.375,2026-03-27 08:20:11,20260805_soil_log.txt
2026-03-27,08:25:11,soil culture 1,-139.25,2026-03-27 08:25:11,20260805_soil_log.txt
2026-03-27,08:30:11,soil culture 1,-139.25,2026-03-27 08:30:11,20260805_soil_log.txt
2026-03-27,08:35:12,soil culture 1,-139.25,2026-03-27 08:35:12,20260805_soil_log.txt
2026-03-27,08:40:12,soil culture 1,-139.25,2026-03-27 08:40:12,20260805_soil_log.txt
2026-03-27,08:45:12,soil culture 1,-139.25,2026-03-27 08:45:12,20260805_soil_log.txt
2026-03-27,08:50:12,soil culture 1,-139.25,2026-03-27 08:50:12,20260805_soil_log.txt
2026-03-27,08:55:12,soil culture 1,-139.125,2026-03-27 08:55:12,20260805_soil_log.txt
2026-03-27,09:00:13,soil culture 1,-139.125,2026-03-27 09:00:13,20260805_soil_log.txt
2026-03-27,09:05:13,soil culture 1,-139.0,2026-03-27 09:05:13,20260805_soil_log.txt
2026-03-27,09:10:13,soil culture 1,-139.125,2026-03-27 09:10:13,20260805_soil_log.txt
2026-03-27,09:15:13,soil culture 1,-139.0,2026-03-27 09:15:13,20260805_soil_log.txt
2026-03-27,09:20:14,soil culture 1,-139.0,2026-03-27 09:20:14,20260805_soil_log.txt
2026-03-27,09:25:14,soil culture 1,-139.0,2026-03-27 09:25:14,20260805_soil_log.txt
2026-03-27,09:30:14,soil culture 1,-138.875,2026-03-27 09:30:14,20260805_soil_log.txt
2026-03-27,09:35:14,soil culture 1,-138.875,2026-03-27 09:35:14,20260805_soil_log.txt
2026-03-27,09:40:14,soil culture 1,-138.875,2026-03-27 09:40:14,20260805_soil_log.txt
2026-03-27,09:45:15,soil culture 1,-138.75,2026-03-27 09:45:15,20260805_soil_log.txt
2026-03-27,09:50:15,soil culture 1,-138.875,2026-03-27 09:50:15,20260805_soil_log.txt
2026-03-27,09:55:15,soil culture 1,-138.75,2026-03-27 09:55:15,20260805_soil_log.txt
2026-03-27,10:00:15,soil culture 1,-138.875,2026-03-27 10:00:15,20260805_soil_log.txt
2026-03-27,10:05:16,soil culture 1,-138.875,2026-03-27 10:05:16,20260805_soil_log.txt
2026-03-27,10:10:16,soil culture 1,-138.875,2026-03-27 10:10:16,20260805_soil_log.txt
2026-03-27,10:15:16,soil culture 1,-138.75,2026-03-27 10:15:16,20260805_soil_log.txt
2026-03-27,10:20:16,soil culture 1,-138.75,2026-03-27 10:20:16,20260805_soil_log.txt
2026-03-27,10:25:16,soil culture 1,-138.75,2026-03-27 10:25:16,20260805_soil_log.txt
2026-03-27,10:30:17,soil culture 1,-138.75,2026-03-27 10:30:17,20260805_soil_log.txt
2026-03-27,10:35:17,soil culture 1,-138.75,2026-03-27 10:35:17,20260805_soil_log.txt
2026-03-27,10:40:17,soil culture 1,-138.625,2026-03-27 10:40:17,20260805_soil_log.txt
2026-03-27,10:45:17,soil culture 1,-138.625,2026-03-27 10:45:17,20260805_soil_log.txt
2026-03-27,10:50:18,soil culture 1,-138.625,2026-03-27 10:50:18,20260805_soil_log.txt
2026-03-27,10:55:18,soil culture 1,-138.375,2026-03-27 10:55:18,20260805_soil_log.txt
2026-03-27,11:00:18,soil culture 1,-138.375,2026-03-27 11:00:18,20260805_soil_log.txt
2026-03-27,11:05:18,soil culture 1,-138.25,2026-03-27 11:05:18,20260805_soil_log.txt
2026-03-27,11:10:18,soil culture 1,-138.25,2026-03-27 11:10:18,20260805_soil_log.txt
2026-03-27,11:15:19,soil culture 1,-138.375,2026-03-27 11:15:19,20260805_soil_log.txt
2026-03-27,11:20:19,soil culture 1,-138.375,2026-03-27 11:20:19,20260805_soil_log.txt
2026-03-27,11:25:19,soil culture 1,-138.375,2026-03-27 11:25:19,20260805_soil_log.txt
2026-03-27,11:30:19,soil culture 1,-138.375,2026-03-27 11:30:19,20260805_soil_log.txt
2026-03-27,11:35:20,soil culture 1,-138.375,2026-03-27 11:35:20,20260805_soil_log.txt
2026-03-27,11:40:20,soil culture 1,-138.25,2026-03-27 11:40:20,20260805_soil_log.txt
2026-03-27,11:45:20,soil culture 1,-138.25,2026-03-27 11:45:20,20260805_soil_log.txt
2026-03-27,11:50:20,soil culture 1,-138.25,2026-03-27 11:50:20,20260805_soil_log.txt
2026-03-27,11:55:20,soil culture 1,-138.125,2026-03-27 11:55:20,20260805_soil_log.txt
2026-03-27,12:00:21,soil culture 1,-138.125,2026-03-27 12:00:21,20260805_soil_log.txt
2026-03-27,12:05:21,soil culture 1,-138.0,2026-03-27 12:05:21,20260805_soil_log.txt
2026-03-27,12:10:21,soil culture 1,-137.875,2026-03-27 12:10:21,20260805_soil_log.txt
2026-03-27,12:15:21,soil culture 1,-137.75,2026-03-27 12:15:21,20260805_soil_log.txt
2026-03-27,12:20:21,soil culture 1,-137.875,2026-03-27 12:20:21,20260805_soil_log.txt
2026-03-27,12:25:22,soil culture 1,-137.875,2026-03-27 12:25:22,20260805_soil_log.txt
2026-03-27,12:30:22,soil culture 1,-137.875,2026-03-27 12:30:22,20260805_soil_log.txt
2026-03-27,12:35:22,soil culture 1,-137.75,2026-03-27 12:35:22,20260805_soil_log.txt
2026-03-27,12:40:22,soil culture 1,-137.75,2026-03-27 12:40:22,20260805_soil_log.txt
2026-03-27,12:45:22,soil culture 1,-137.75,2026-03-27 12:45:22,20260805_soil_log.txt
2026-03-27,12:50:23,soil culture 1,-137.625,2026-03-27 12:50:23,20260805_soil_log.txt
2026-03-27,12:55:23,soil culture 1,-137.625,2026-03-27 12:55:23,20260805_soil_log.txt
2026-03-27,13:00:23,soil culture 1,-137.625,2026-03-27 13:00:23,20260805_soil_log.txt
2026-03-27,13:05:23,soil culture 1,-137.5,2026-03-27 13:05:23,20260805_soil_log.txt
2026-03-27,13:10:24,soil culture 1,-137.5,2026-03-27 13:10:24,20260805_soil_log.txt
2026-03-27,13:15:24,soil culture 1,-137.5,2026-03-27 13:15:24,20260805_soil_log.txt
2026-03-27,13:20:24,soil culture 1,-137.375,2026-03-27 13:20:24,20260805_soil_log.txt
2026-03-27,13:25:24,soil culture 1,-137.5,2026-03-27 13:25:24,20260805_soil_log.txt
2026-03-27,13:30:24,soil culture 1,-137.5,2026-03-27 13:30:24,20260805_soil_log.txt
2026-03-27,13:35:25,soil culture 1,-137.25,2026-03-27 13:35:25,20260805_soil_log.txt
2026-03-27,13:40:25,soil culture 1,-137.25,2026-03-27 13:40:25,20260805_soil_log.txt
2026-03-27,13:45:25,soil culture 1,-137.25,2026-03-27 13:45:25,20260805_soil_log.txt
2026-03-27,13:50:25,soil culture 1,-137.25,2026-03-27 13:50:25,20260805_soil_log.txt
2026-03-27,13:55:25,soil culture 1,-137.25,2026-03-27 13:55:25,20260805_soil_log.txt
2026-03-27,14:00:26,soil culture 1,-137.25,2026-03-27 14:00:26,20260805_soil_log.txt
2026-03-27,14:05:26,soil culture 1,-137.125,2026-03-27 14:05:26,20260805_soil_log.txt
2026-03-27,14:10:26,soil culture 1,-137.125,2026-03-27 14:10:26,20260805_soil_log.txt
2026-03-27,14:15:26,soil culture 1,-137.0,2026-03-27 14:15:26,20260805_soil_log.txt
2026-03-27,14:20:27,soil culture 1,-137.0,2026-03-27 14:20:27,20260805_soil_log.txt
2026-03-27,14:25:27,soil culture 1,-137.0,2026-03-27 14:25:27,20260805_soil_log.txt
2026-03-27,14:30:27,soil culture 1,-137.0,2026-03-27 14:30:27,20260805_soil_log.txt
2026-03-27,14:35:27,soil culture 1,-137.0,2026-03-27 14:35:27,20260805_soil_log.txt
2026-03-27,14:40:27,soil culture 1,-137.0,2026-03-27 14:40:27,20260805_soil_log.txt
2026-03-27,14:45:28,soil culture 1,-137.125,2026-03-27 14:45:28,20260805_soil_log.txt
2026-03-27,14:50:28,soil culture 1,-137.0,2026-03-27 14:50:28,20260805_soil_log.txt
2026-03-27,14:55:28,soil culture 1,-137.0,2026-03-27 14:55:28,20260805_soil_log.txt
2026-03-27,15:00:28,soil culture 1,-136.875,2026-03-27 15:00:28,20260805_soil_log.txt
2026-03-27,15:05:28,soil culture 1,-136.875,2026-03-27 15:05:28,20260805_soil_log.txt
2026-03-27,15:10:29,soil culture 1,-136.875,2026-03-27 15:10:29,20260805_soil_log.txt
2026-03-27,15:15:29,soil culture 1,-136.75,2026-03-27 15:15:29,20260805_soil_log.txt
2026-03-27,15:20:29,soil culture 1,-136.625,2026-03-27 15:20:29,20260805_soil_log.txt
2026-03-27,15:25:29,soil culture 1,-136.5,2026-03-27 15:25:29,20260805_soil_log.txt
2026-03-27,15:30:29,soil culture 1,-136.5,2026-03-27 15:30:29,20260805_soil_log.txt
2026-03-27,15:35:30,soil culture 1,-136.375,2026-03-27 15:35:30,20260805_soil_log.txt
2026-03-27,15:40:30,soil culture 1,-136.375,2026-03-27 15:40:30,20260805_soil_log.txt
2026-03-27,15:45:30,soil culture 1,-136.5,2026-03-27 15:45:30,20260805_soil_log.txt
2026-03-27,15:50:30,soil culture 1,-136.375,2026-03-27 15:50:30,20260805_soil_log.txt
2026-03-27,15:55:31,soil culture 1,-136.375,2026-03-27 15:55:31,20260805_soil_log.txt
2026-03-27,16:00:31,soil culture 1,-136.25,2026-03-27 16:00:31,20260805_soil_log.txt
2026-03-27,16:05:31,soil culture 1,-136.25,2026-03-27 16:05:31,20260805_soil_log.txt
2026-03-27,16:10:31,soil culture 1,-136.25,2026-03-27 16:10:31,20260805_soil_log.txt
2026-03-27,16:15:32,soil culture 1,-136.25,2026-03-27 16:15:32,20260805_soil_log.txt
2026-03-27,16:20:32,soil culture 1,-136.0,2026-03-27 16:20:32,20260805_soil_log.txt
2026-03-27,16:25:32,soil culture 1,-136.25,2026-03-27 16:25:32,20260805_soil_log.txt
2026-03-27,16:30:32,soil culture 1,-136.25,2026-03-27 16:30:32,20260805_soil_log.txt
2026-03-27,16:35:33,soil culture 1,-136.125,2026-03-27 16:35:33,20260805_soil_log.txt
2026-03-27,16:40:33,soil culture 1,-136.125,2026-03-27 16:40:33,20260805_soil_log.txt
2026-03-27,16:45:33,soil culture 1,-136.125,2026-03-27 16:45:33,20260805_soil_log.txt
2026-03-27,16:50:33,soil culture 1,-136.0,2026-03-27 16:50:33,20260805_soil_log.txt
2026-03-27,16:55:33,soil culture 1,-136.125,2026-03-27 16:55:33,20260805_soil_log.txt
2026-03-27,17:00:34,soil culture 1,-136.0,2026-03-27 17:00:34,20260805_soil_log.txt
2026-03-27,17:05:34,soil culture 1,-136.0,2026-03-27 17:05:34,20260805_soil_log.txt
2026-03-27,17:10:34,soil culture 1,-136.0,2026-03-27 17:10:34,20260805_soil_log.txt
2026-03-27,17:15:34,soil culture 1,-136.0,2026-03-27 17:15:34,20260805_soil_log.txt
2026-03-27,17:20:35,soil culture 1,-135.875,2026-03-27 17:20:35,20260805_soil_log.txt
2026-03-27,17:25:35,soil culture 1,-135.875,2026-03-27 17:25:35,20260805_soil_log.txt
2026-03-27,17:30:35,soil culture 1,-135.875,2026-03-27 17:30:35,20260805_soil_log.txt
2026-03-27,17:35:35,soil culture 1,-135.875,2026-03-27 17:35:35,20260805_soil_log.txt
2026-03-27,17:40:35,soil culture 1,-135.875,2026-03-27 17:40:35,20260805_soil_log.txt
2026-03-27,17:45:36,soil culture 1,-135.75,2026-03-27 17:45:36,20260805_soil_log.txt
2026-03-27,17:50:36,soil culture 1,-135.75,2026-03-27 17:50:36,20260805_soil_log.txt
2026-03-27,17:55:36,soil culture 1,-135.875,2026-03-27 17:55:36,20260805_soil_log.txt
2026-03-27,18:00:36,soil culture 1,-135.75,2026-03-27 18:00:36,20260805_soil_log.txt
2026-03-27,18:05:37,soil culture 1,-135.875,2026-03-27 18:05:37,20260805_soil_log.txt
2026-03-27,18:10:37,soil culture 1,-135.625,2026-03-27 18:10:37,20260805_soil_log.txt
2026-03-27,18:15:37,soil culture 1,-135.625,2026-03-27 18:15:37,20260805_soil_log.txt
2026-03-27,18:20:37,soil culture 1,-135.625,2026-03-27 18:20:37,20260805_soil_log.txt
2026-03-27,18:25:37,soil culture 1,-135.625,2026-03-27 18:25:37,20260805_soil_log.txt
2026-03-27,18:30:38,soil culture 1,-135.5,2026-03-27 18:30:38,20260805_soil_log.txt
2026-03-27,18:35:38,soil culture 1,-135.5,2026-03-27 18:35:38,20260805_soil_log.txt
2026-03-27,18:40:38,soil culture 1,-135.5,2026-03-27 18:40:38,20260805_soil_log.txt
2026-03-27,18:45:38,soil culture 1,-135.5,2026-03-27 18:45:38,20260805_soil_log.txt
2026-03-27,18:50:38,soil culture 1,-135.375,2026-03-27 18:50:38,20260805_soil_log.txt
2026-03-27,18:55:39,soil culture 1,-135.375,2026-03-27 18:55:39,20260805_soil_log.txt
2026-03-27,19:00:39,soil culture 1,-135.25,2026-03-27 19:00:39,20260805_soil_log.txt
2026-03-27,19:05:39,soil culture 1,-135.25,2026-03-27 19:05:39,20260805_soil_log.txt
2026-03-27,19:10:39,soil culture 1,-135.25,2026-03-27 19:10:39,20260805_soil_log.txt
2026-03-27,19:15:40,soil culture 1,-135.25,2026-03-27 19:15:40,20260805_soil_log.txt
2026-03-27,19:20:40,soil culture 1,-135.25,2026-03-27 19:20:40,20260805_soil_log.txt
2026-03-27,19:25:40,soil culture 1,-135.25,2026-03-27 19:25:40,20260805_soil_log.txt
2026-03-27,19:30:40,soil culture 1,-135.25,2026-03-27 19:30:40,20260805_soil_log.txt
2026-03-27,19:35:40,soil culture 1,-135.25,2026-03-27 19:35:40,20260805_soil_log.txt
2026-03-27,19:40:41,soil culture 1,-135.0,2026-03-27 19:40:41,20260805_soil_log.txt
2026-03-27,19:45:41,soil culture 1,-135.125,2026-03-27 19:45:41,20260805_soil_log.txt
2026-03-27,19:50:41,soil culture 1,-135.0,2026-03-27 19:50:41,20260805_soil_log.txt
2026-03-27,19:55:41,soil culture 1,-135.0,2026-03-27 19:55:41,20260805_soil_log.txt
2026-03-27,20:00:42,soil culture 1,-135.125,2026-03-27 20:00:42,20260805_soil_log.txt
2026-03-27,20:05:42,soil culture 1,-134.875,2026-03-27 20:05:42,20260805_soil_log.txt
2026-03-27,20:10:42,soil culture 1,-134.875,2026-03-27 20:10:42,20260805_soil_log.txt
2026-03-27,20:15:42,soil culture 1,-134.875,2026-03-27 20:15:42,20260805_soil_log.txt
2026-03-27,20:20:42,soil culture 1,-134.75,2026-03-27 20:20:42,20260805_soil_log.txt
2026-03-27,20:25:43,soil culture 1,-134.625,2026-03-27 20:25:43,20260805_soil_log.txt
2026-03-27,20:30:43,soil culture 1,-134.5,2026-03-27 20:30:43,20260805_soil_log.txt
2026-03-27,20:35:43,soil culture 1,-134.625,2026-03-27 20:35:43,20260805_soil_log.txt
2026-03-27,20:40:43,soil culture 1,-134.5,2026-03-27 20:40:43,20260805_soil_log.txt
2026-03-27,20:45:43,soil culture 1,-134.5,2026-03-27 20:45:43,20260805_soil_log.txt
2026-03-27,20:50:44,soil culture 1,-134.375,2026-03-27 20:50:44,20260805_soil_log.txt
2026-03-27,20:55:44,soil culture 1,-134.25,2026-03-27 20:55:44,20260805_soil_log.txt
2026-03-27,21:00:44,soil culture 1,-134.375,2026-03-27 21:00:44,20260805_soil_log.txt
2026-03-27,21:05:44,soil culture 1,-134.375,2026-03-27 21:05:44,20260805_soil_log.txt
2026-03-27,21:10:45,soil culture 1,-134.375,2026-03-27 21:10:45,20260805_soil_log.txt
2026-03-27,21:15:45,soil culture 1,-134.375,2026-03-27 21:15:45,20260805_soil_log.txt
2026-03-27,21:20:45,soil culture 1,-134.375,2026-03-27 21:20:45,20260805_soil_log.txt
2026-03-27,21:25:45,soil culture 1,-134.375,2026-03-27 21:25:45,20260805_soil_log.txt
2026-03-27,21:30:45,soil culture 1,-134.5,2026-03-27 21:30:45,20260805_soil_log.txt
2026-03-27,21:35:46,soil culture 1,-134.375,2026-03-27 21:35:46,20260805_soil_log.txt
2026-03-27,21:40:46,soil culture 1,-134.375,2026-03-27 21:40:46,20260805_soil_log.txt
2026-03-27,21:45:46,soil culture 1,-134.25,2026-03-27 21:45:46,20260805_soil_log.txt
2026-03-27,21:50:46,soil culture 1,-134.125,2026-03-27 21:50:46,20260805_soil_log.txt
2026-03-27,21:55:46,soil culture 1,-134.125,2026-03-27 21:55:46,20260805_soil_log.txt
2026-03-27,22:00:47,soil culture 1,-134.0,2026-03-27 22:00:47,20260805_soil_log.txt
2026-03-27,22:05:47,soil culture 1,-134.0,2026-03-27 22:05:47,20260805_soil_log.txt
2026-03-27,22:10:47,soil culture 1,-134.0,2026-03-27 22:10:47,20260805_soil_log.txt
2026-03-27,22:15:47,soil culture 1,-134.0,2026-03-27 22:15:47,20260805_soil_log.txt
2026-03-27,22:20:48,soil culture 1,-134.0,2026-03-27 22:20:48,20260805_soil_log.txt
2026-03-27,22:25:48,soil culture 1,-133.75,2026-03-27 22:25:48,20260805_soil_log.txt
2026-03-27,22:30:48,soil culture 1,-133.875,2026-03-27 22:30:48,20260805_soil_log.txt
2026-03-27,22:35:48,soil culture 1,-133.75,2026-03-27 22:35:48,20260805_soil_log.txt
2026-03-27,22:40:48,soil culture 1,-133.625,2026-03-27 22:40:48,20260805_soil_log.txt
2026-03-27,22:45:49,soil culture 1,-133.625,2026-03-27 22:45:49,20260805_soil_log.txt
2026-03-27,22:50:49,soil culture 1,-133.625,2026-03-27 22:50:49,20260805_soil_log.txt
2026-03-27,22:55:49,soil culture 1,-133.625,2026-03-27 22:55:49,20260805_soil_log.txt
2026-03-27,23:00:49,soil culture 1,-133.625,2026-03-27 23:00:49,20260805_soil_log.txt
2026-03-27,23:05:50,soil culture 1,-133.5,2026-03-27 23:05:50,20260805_soil_log.txt
2026-03-27,23:10:50,soil culture 1,-133.5,2026-03-27 23:10:50,20260805_soil_log.txt
2026-03-27,23:15:50,soil culture 1,-133.375,2026-03-27 23:15:50,20260805_soil_log.txt
2026-03-27,23:20:50,soil culture 1,-133.375,2026-03-27 23:20:50,20260805_soil_log.txt
2026-03-27,23:25:51,soil culture 1,-133.25,2026-03-27 23:25:51,20260805_soil_log.txt
2026-03-27,23:30:51,soil culture 1,-133.25,2026-03-27 23:30:51,20260805_soil_log.txt
2026-03-27,23:35:51,soil culture 1,-133.25,2026-03-27 23:35:51,20260805_soil_log.txt
2026-03-27,23:40:51,soil culture 1,-133.25,2026-03-27 23:40:51,20260805_soil_log.txt
2026-03-27,23:45:51,soil culture 1,-133.25,2026-03-27 23:45:51,20260805_soil_log.txt
2026-03-27,23:50:52,soil culture 1,-133.25,2026-03-27 23:50:52,20260805_soil_log.txt
2026-03-27,23:55:52,soil culture 1,-133.25,2026-03-27 23:55:52,20260805_soil_log.txt
2026-03-28,00:00:52,soil culture 1,-133.125,2026-03-28 00:00:52,20260805_soil_log.txt
2026-03-28,00:05:52,soil culture 1,-133.0,2026-03-28 00:05:52,20260805_soil_log.txt
2026-03-28,00:10:53,soil culture 1,-133.0,2026-03-28 00:10:53,20260805_soil_log.txt
2026-03-28,00:15:53,soil culture 1,-133.0,2026-03-28 00:15:53,20260805_soil_log.txt
2026-03-28,00:20:53,soil culture 1,-132.875,2026-03-28 00:20:53,20260805_soil_log.txt
2026-03-28,00:25:53,soil culture 1,-132.875,2026-03-28 00:25:53,20260805_soil_log.txt
2026-03-28,00:30:54,soil culture 1,-132.75,2026-03-28 00:30:54,20260805_soil_log.txt
2026-03-28,00:35:54,soil culture 1,-132.75,2026-03-28 00:35:54,20260805_soil_log.txt
2026-03-28,00:40:54,soil culture 1,-132.75,2026-03-28 00:40:54,20260805_soil_log.txt
2026-03-28,00:45:54,soil culture 1,-132.75,2026-03-28 00:45:54,20260805_soil_log.txt
2026-03-28,00:50:54,soil culture 1,-132.75,2026-03-28 00:50:54,20260805_soil_log.txt
2026-03-28,00:55:54,soil culture 1,-132.75,2026-03-28 00:55:54,20260805_soil_log.txt
2026-03-28,01:00:55,soil culture 1,-132.75,2026-03-28 01:00:55,20260805_soil_log.txt
2026-03-28,01:05:55,soil culture 1,-132.5,2026-03-28 01:05:55,20260805_soil_log.txt
2026-03-28,01:10:55,soil culture 1,-132.625,2026-03-28 01:10:55,20260805_soil_log.txt
2026-03-28,01:15:55,soil culture 1,-132.5,2026-03-28 01:15:55,20260805_soil_log.txt
2026-03-28,01:20:56,soil culture 1,-132.5,2026-03-28 01:20:56,20260805_soil_log.txt
2026-03-28,01:25:56,soil culture 1,-132.5,2026-03-28 01:25:56,20260805_soil_log.txt
2026-03-28,01:30:56,soil culture 1,-132.375,2026-03-28 01:30:56,20260805_soil_log.txt
2026-03-28,01:35:56,soil culture 1,-132.375,2026-03-28 01:35:56,20260805_soil_log.txt
2026-03-28,01:40:57,soil culture 1,-132.375,2026-03-28 01:40:57,20260805_soil_log.txt
2026-03-28,01:45:57,soil culture 1,-132.25,2026-03-28 01:45:57,20260805_soil_log.txt
2026-03-28,01:50:57,soil culture 1,-132.25,2026-03-28 01:50:57,20260805_soil_log.txt
2026-03-28,01:55:57,soil culture 1,-132.125,2026-03-28 01:55:57,20260805_soil_log.txt
2026-03-28,02:00:57,soil culture 1,-132.125,2026-03-28 02:00:57,20260805_soil_log.txt
2026-03-28,02:05:58,soil culture 1,-132.125,2026-03-28 02:05:58,20260805_soil_log.txt
2026-03-28,02:10:58,soil culture 1,-132.25,2026-03-28 02:10:58,20260805_soil_log.txt
2026-03-28,02:15:58,soil culture 1,-132.125,2026-03-28 02:15:58,20260805_soil_log.txt
2026-03-28,02:20:58,soil culture 1,-132.0,2026-03-28 02:20:58,20260805_soil_log.txt
2026-03-28,02:25:59,soil culture 1,-132.0,2026-03-28 02:25:59,20260805_soil_log.txt
2026-03-28,02:30:59,soil culture 1,-132.0,2026-03-28 02:30:59,20260805_soil_log.txt
2026-03-28,02:35:59,soil culture 1,-131.875,2026-03-28 02:35:59,20260805_soil_log.txt
2026-03-28,02:40:59,soil culture 1,-131.875,2026-03-28 02:40:59,20260805_soil_log.txt
2026-03-28,02:45:59,soil culture 1,-131.875,2026-03-28 02:45:59,20260805_soil_log.txt
2026-03-28,02:51:00,soil culture 1,-131.75,2026-03-28 02:51:00,20260805_soil_log.txt
2026-03-28,02:56:00,soil culture 1,-131.75,2026-03-28 02:56:00,20260805_soil_log.txt
2026-03-28,03:01:00,soil culture 1,-131.625,2026-03-28 03:01:00,20260805_soil_log.txt
2026-03-28,03:06:00,soil culture 1,-131.625,2026-03-28 03:06:00,20260805_soil_log.txt
2026-03-28,03:11:01,soil culture 1,-131.625,2026-03-28 03:11:01,20260805_soil_log.txt
2026-03-28,03:16:01,soil culture 1,-131.375,2026-03-28 03:16:01,20260805_soil_log.txt
2026-03-28,03:21:01,soil culture 1,-131.375,2026-03-28 03:21:01,20260805_soil_log.txt
2026-03-28,03:26:01,soil culture 1,-131.375,2026-03-28 03:26:01,20260805_soil_log.txt
2026-03-28,03:31:01,soil culture 1,-131.375,2026-03-28 03:31:01,20260805_soil_log.txt
2026-03-28,03:36:02,soil culture 1,-131.25,2026-03-28 03:36:02,20260805_soil_log.txt
2026-03-28,03:41:02,soil culture 1,-131.125,2026-03-28 03:41:02,20260805_soil_log.txt
2026-03-28,03:46:02,soil culture 1,-131.125,2026-03-28 03:46:02,20260805_soil_log.txt
2026-03-28,03:51:02,soil culture 1,-131.125,2026-03-28 03:51:02,20260805_soil_log.txt
2026-03-28,03:56:03,soil culture 1,-131.0,2026-03-28 03:56:03,20260805_soil_log.txt
2026-03-28,04:01:03,soil culture 1,-131.0,2026-03-28 04:01:03,20260805_soil_log.txt
2026-03-28,04:06:03,soil culture 1,-130.875,2026-03-28 04:06:03,20260805_soil_log.txt
2026-03-28,04:11:03,soil culture 1,-131.0,2026-03-28 04:11:03,20260805_soil_log.txt
2026-03-28,04:16:03,soil culture 1,-130.875,2026-03-28 04:16:03,20260805_soil_log.txt
2026-03-28,04:21:04,soil culture 1,-130.875,2026-03-28 04:21:04,20260805_soil_log.txt
2026-03-28,04:26:04,soil culture 1,-130.75,2026-03-28 04:26:04,20260805_soil_log.txt
2026-03-28,04:31:04,soil culture 1,-130.75,2026-03-28 04:31:04,20260805_soil_log.txt
2026-03-28,04:36:04,soil culture 1,-130.75,2026-03-28 04:36:04,20260805_soil_log.txt
2026-03-28,04:41:05,soil culture 1,-130.625,2026-03-28 04:41:05,20260805_soil_log.txt
2026-03-28,04:46:05,soil culture 1,-130.625,2026-03-28 04:46:05,20260805_soil_log.txt
2026-03-28,04:51:05,soil culture 1,-130.625,2026-03-28 04:51:05,20260805_soil_log.txt
2026-03-28,04:56:05,soil culture 1,-130.5,2026-03-28 04:56:05,20260805_soil_log.txt
2026-03-28,05:01:05,soil culture 1,-130.375,2026-03-28 05:01:05,20260805_soil_log.txt
2026-03-28,05:06:06,soil culture 1,-130.375,2026-03-28 05:06:06,20260805_soil_log.txt
2026-03-28,05:11:06,soil culture 1,-130.375,2026-03-28 05:11:06,20260805_soil_log.txt
2026-03-28,05:16:06,soil culture 1,-130.375,2026-03-28 05:16:06,20260805_soil_log.txt
2026-03-28,05:21:06,soil culture 1,-130.25,2026-03-28 05:21:06,20260805_soil_log.txt
2026-03-28,05:26:07,soil culture 1,-130.25,2026-03-28 05:26:07,20260805_soil_log.txt
2026-03-28,05:31:07,soil culture 1,-130.375,2026-03-28 05:31:07,20260805_soil_log.txt
2026-03-28,05:36:07,soil culture 1,-130.25,2026-03-28 05:36:07,20260805_soil_log.txt
2026-03-28,05:41:07,soil culture 1,-130.25,2026-03-28 05:41:07,20260805_soil_log.txt
2026-03-28,05:46:07,soil culture 1,-130.125,2026-03-28 05:46:07,20260805_soil_log.txt
2026-03-28,05:51:08,soil culture 1,-130.25,2026-03-28 05:51:08,20260805_soil_log.txt
2026-03-28,05:56:08,soil culture 1,-130.125,2026-03-28 05:56:08,20260805_soil_log.txt
2026-03-28,06:01:08,soil culture 1,-130.0,2026-03-28 06:01:08,20260805_soil_log.txt
2026-03-28,06:06:08,soil culture 1,-130.0,2026-03-28 06:06:08,20260805_soil_log.txt
2026-03-28,06:11:08,soil culture 1,-130.0,2026-03-28 06:11:08,20260805_soil_log.txt
2026-03-28,06:16:09,soil culture 1,-130.0,2026-03-28 06:16:09,20260805_soil_log.txt
2026-03-28,06:21:09,soil culture 1,-129.875,2026-03-28 06:21:09,20260805_soil_log.txt
2026-03-28,06:26:09,soil culture 1,-129.75,2026-03-28 06:26:09,20260805_soil_log.txt
2026-03-28,06:31:09,soil culture 1,-129.625,2026-03-28 06:31:09,20260805_soil_log.txt
2026-03-28,06:36:10,soil culture 1,-129.625,2026-03-28 06:36:10,20260805_soil_log.txt
2026-03-28,06:41:10,soil culture 1,-129.625,2026-03-28 06:41:10,20260805_soil_log.txt
2026-03-28,06:46:10,soil culture 1,-129.75,2026-03-28 06:46:10,20260805_soil_log.txt
2026-03-28,06:51:10,soil culture 1,-129.75,2026-03-28 06:51:10,20260805_soil_log.txt
2026-03-28,06:56:10,soil culture 1,-129.5,2026-03-28 06:56:10,20260805_soil_log.txt
2026-03-28,07:01:11,soil culture 1,-129.5,2026-03-28 07:01:11,20260805_soil_log.txt
2026-03-28,07:06:11,soil culture 1,-129.5,2026-03-28 07:06:11,20260805_soil_log.txt
2026-03-28,07:11:11,soil culture 1,-129.5,2026-03-28 07:11:11,20260805_soil_log.txt
2026-03-28,07:16:11,soil culture 1,-129.5,2026-03-28 07:16:11,20260805_soil_log.txt
2026-03-28,07:21:11,soil culture 1,-129.5,2026-03-28 07:21:11,20260805_soil_log.txt
2026-03-28,07:26:12,soil culture 1,-129.375,2026-03-28 07:26:12,20260805_soil_log.txt
2026-03-28,07:31:12,soil culture 1,-129.375,2026-03-28 07:31:12,20260805_soil_log.txt
2026-03-28,07:36:12,soil culture 1,-129.5,2026-03-28 07:36:12,20260805_soil_log.txt
2026-03-28,07:41:12,soil culture 1,-129.25,2026-03-28 07:41:12,20260805_soil_log.txt
2026-03-28,07:46:12,soil culture 1,-129.25,2026-03-28 07:46:12,20260805_soil_log.txt
2026-03-28,07:51:13,soil culture 1,-129.25,2026-03-28 07:51:13,20260805_soil_log.txt
2026-03-28,07:56:13,soil culture 1,-129.125,2026-03-28 07:56:13,20260805_soil_log.txt
2026-03-28,08:01:13,soil culture 1,-129.125,2026-03-28 08:01:13,20260805_soil_log.txt
2026-03-28,08:06:13,soil culture 1,-129.0,2026-03-28 08:06:13,20260805_soil_log.txt
2026-03-28,08:11:14,soil culture 1,-129.0,2026-03-28 08:11:14,20260805_soil_log.txt
2026-03-28,08:16:14,soil culture 1,-129.0,2026-03-28 08:16:14,20260805_soil_log.txt
2026-03-28,08:21:14,soil culture 1,-128.875,2026-03-28 08:21:14,20260805_soil_log.txt
2026-03-28,08:26:14,soil culture 1,-128.875,2026-03-28 08:26:14,20260805_soil_log.txt
2026-03-28,08:31:14,soil culture 1,-128.875,2026-03-28 08:31:14,20260805_soil_log.txt
2026-03-28,08:36:15,soil culture 1,-128.875,2026-03-28 08:36:15,20260805_soil_log.txt
2026-03-28,08:41:15,soil culture 1,-128.75,2026-03-28 08:41:15,20260805_soil_log.txt
2026-03-28,08:46:15,soil culture 1,-128.75,2026-03-28 08:46:15,20260805_soil_log.txt
2026-03-28,08:51:15,soil culture 1,-128.75,2026-03-28 08:51:15,20260805_soil_log.txt
2026-03-28,08:56:15,soil culture 1,-128.625,2026-03-28 08:56:15,20260805_soil_log.txt
2026-03-28,09:01:16,soil culture 1,-128.625,2026-03-28 09:01:16,20260805_soil_log.txt
2026-03-28,09:06:16,soil culture 1,-128.5,2026-03-28 09:06:16,20260805_soil_log.txt
2026-03-28,09:11:16,soil culture 1,-128.5,2026-03-28 09:11:16,20260805_soil_log.txt
2026-03-28,09:16:16,soil culture 1,-128.5,2026-03-28 09:16:16,20260805_soil_log.txt
2026-03-28,09:21:16,soil culture 1,-128.375,2026-03-28 09:21:16,20260805_soil_log.txt
2026-03-28,09:26:17,soil culture 1,-128.375,2026-03-28 09:26:17,20260805_soil_log.txt
2026-03-28,09:31:17,soil culture 1,-128.25,2026-03-28 09:31:17,20260805_soil_log.txt
2026-03-28,09:36:17,soil culture 1,-128.25,2026-03-28 09:36:17,20260805_soil_log.txt
2026-03-28,09:41:17,soil culture 1,-128.25,2026-03-28 09:41:17,20260805_soil_log.txt
2026-03-28,09:46:18,soil culture 1,-128.25,2026-03-28 09:46:18,20260805_soil_log.txt
2026-03-28,09:51:18,soil culture 1,-128.25,2026-03-28 09:51:18,20260805_soil_log.txt
2026-03-28,09:56:18,soil culture 1,-128.25,2026-03-28 09:56:18,20260805_soil_log.txt
2026-03-28,10:01:18,soil culture 1,-128.125,2026-03-28 10:01:18,20260805_soil_log.txt
2026-03-28,10:06:18,soil culture 1,-128.125,2026-03-28 10:06:18,20260805_soil_log.txt
2026-03-28,10:11:19,soil culture 1,-128.0,2026-03-28 10:11:19,20260805_soil_log.txt
2026-03-28,10:16:19,soil culture 1,-128.0,2026-03-28 10:16:19,20260805_soil_log.txt
2026-03-28,10:21:19,soil culture 1,-128.0,2026-03-28 10:21:19,20260805_soil_log.txt
2026-03-28,10:26:19,soil culture 1,-128.0,2026-03-28 10:26:19,20260805_soil_log.txt
2026-03-28,10:31:20,soil culture 1,-128.0,2026-03-28 10:31:20,20260805_soil_log.txt
2026-03-28,10:36:20,soil culture 1,-128.0,2026-03-28 10:36:20,20260805_soil_log.txt
2026-03-28,10:41:20,soil culture 1,-127.75,2026-03-28 10:41:20,20260805_soil_log.txt
2026-03-28,10:46:20,soil culture 1,-127.87500000000001,2026-03-28 10:46:20,20260805_soil_log.txt
2026-03-28,10:51:20,soil culture 1,-127.75,2026-03-28 10:51:20,20260805_soil_log.txt
2026-03-28,10:56:21,soil culture 1,-127.75,2026-03-28 10:56:21,20260805_soil_log.txt
2026-03-28,11:01:21,soil culture 1,-127.75,2026-03-28 11:01:21,20260805_soil_log.txt
2026-03-28,11:06:21,soil culture 1,-127.62500000000001,2026-03-28 11:06:21,20260805_soil_log.txt
2026-03-28,11:11:21,soil culture 1,-127.5,2026-03-28 11:11:21,20260805_soil_log.txt
2026-03-28,11:16:22,soil culture 1,-127.5,2026-03-28 11:16:22,20260805_soil_log.txt
2026-03-28,11:21:22,soil culture 1,-127.37500000000001,2026-03-28 11:21:22,20260805_soil_log.txt
2026-03-28,11:26:22,soil culture 1,-127.5,2026-03-28 11:26:22,20260805_soil_log.txt
2026-03-28,11:31:22,soil culture 1,-127.37500000000001,2026-03-28 11:31:22,20260805_soil_log.txt
2026-03-28,11:36:22,soil culture 1,-127.37500000000001,2026-03-28 11:36:22,20260805_soil_log.txt
2026-03-28,11:41:23,soil culture 1,-127.37500000000001,2026-03-28 11:41:23,20260805_soil_log.txt
2026-03-28,11:46:23,soil culture 1,-127.25,2026-03-28 11:46:23,20260805_soil_log.txt
2026-03-28,11:51:23,soil culture 1,-127.25,2026-03-28 11:51:23,20260805_soil_log.txt
2026-03-28,11:56:23,soil culture 1,-127.12500000000001,2026-03-28 11:56:23,20260805_soil_log.txt
2026-03-28,12:01:24,soil culture 1,-127.12500000000001,2026-03-28 12:01:24,20260805_soil_log.txt
2026-03-28,12:06:24,soil culture 1,-127.12500000000001,2026-03-28 12:06:24,20260805_soil_log.txt
2026-03-28,12:11:24,soil culture 1,-127.12500000000001,2026-03-28 12:11:24,20260805_soil_log.txt
2026-03-28,12:16:24,soil culture 1,-127.0,2026-03-28 12:16:24,20260805_soil_log.txt
2026-03-28,12:21:24,soil culture 1,-127.0,2026-03-28 12:21:24,20260805_soil_log.txt
2026-03-28,12:26:25,soil culture 1,-127.0,2026-03-28 12:26:25,20260805_soil_log.txt
2026-03-28,12:31:25,soil culture 1,-126.87500000000001,2026-03-28 12:31:25,20260805_soil_log.txt
2026-03-28,12:36:25,soil culture 1,-126.87500000000001,2026-03-28 12:36:25,20260805_soil_log.txt
2026-03-28,12:41:25,soil culture 1,-126.75,2026-03-28 12:41:25,20260805_soil_log.txt
2026-03-28,12:46:25,soil culture 1,-126.75,2026-03-28 12:46:25,20260805_soil_log.txt
2026-03-28,12:51:26,soil culture 1,-126.75,2026-03-28 12:51:26,20260805_soil_log.txt
2026-03-28,12:56:26,soil culture 1,-126.75,2026-03-28 12:56:26,20260805_soil_log.txt
2026-03-28,13:01:26,soil culture 1,-126.75,2026-03-28 13:01:26,20260805_soil_log.txt
2026-03-28,13:06:26,soil culture 1,-126.62500000000001,2026-03-28 13:06:26,20260805_soil_log.txt
2026-03-28,13:11:26,soil culture 1,-126.62500000000001,2026-03-28 13:11:26,20260805_soil_log.txt
2026-03-28,13:16:27,soil culture 1,-126.5,2026-03-28 13:16:27,20260805_soil_log.txt
2026-03-28,13:21:27,soil culture 1,-126.37500000000001,2026-03-28 13:21:27,20260805_soil_log.txt
2026-03-28,13:26:27,soil culture 1,-126.37500000000001,2026-03-28 13:26:27,20260805_soil_log.txt
2026-03-28,13:31:27,soil culture 1,-126.25,2026-03-28 13:31:27,20260805_soil_log.txt
2026-03-28,13:36:28,soil culture 1,-126.37500000000001,2026-03-28 13:36:28,20260805_soil_log.txt
2026-03-28,13:41:28,soil culture 1,-126.25,2026-03-28 13:41:28,20260805_soil_log.txt
2026-03-28,13:46:28,soil culture 1,-126.25,2026-03-28 13:46:28,20260805_soil_log.txt
2026-03-28,13:51:28,soil culture 1,-126.25,2026-03-28 13:51:28,20260805_soil_log.txt
2026-03-28,13:56:29,soil culture 1,-126.25,2026-03-28 13:56:29,20260805_soil_log.txt
2026-03-28,14:01:29,soil culture 1,-126.25,2026-03-28 14:01:29,20260805_soil_log.txt
2026-03-28,14:06:29,soil culture 1,-126.12500000000001,2026-03-28 14:06:29,20260805_soil_log.txt
2026-03-28,14:11:29,soil culture 1,-126.12500000000001,2026-03-28 14:11:29,20260805_soil_log.txt
2026-03-28,14:16:29,soil culture 1,-126.0,2026-03-28 14:16:29,20260805_soil_log.txt
2026-03-28,14:21:30,soil culture 1,-126.0,2026-03-28 14:21:30,20260805_soil_log.txt
2026-03-28,14:26:30,soil culture 1,-125.87500000000001,2026-03-28 14:26:30,20260805_soil_log.txt
2026-03-28,14:31:30,soil culture 1,-125.75,2026-03-28 14:31:30,20260805_soil_log.txt
2026-03-28,14:36:30,soil culture 1,-125.87500000000001,2026-03-28 14:36:30,20260805_soil_log.txt
2026-03-28,14:41:31,soil culture 1,-125.75,2026-03-28 14:41:31,20260805_soil_log.txt
2026-03-28,14:46:31,soil culture 1,-125.75,2026-03-28 14:46:31,20260805_soil_log.txt
2026-03-28,14:51:31,soil culture 1,-125.62500000000001,2026-03-28 14:51:31,20260805_soil_log.txt
2026-03-28,14:56:31,soil culture 1,-125.62500000000001,2026-03-28 14:56:31,20260805_soil_log.txt
2026-03-28,15:01:31,soil culture 1,-125.5,2026-03-28 15:01:31,20260805_soil_log.txt
2026-03-28,15:06:32,soil culture 1,-125.5,2026-03-28 15:06:32,20260805_soil_log.txt
2026-03-28,15:11:32,soil culture 1,-125.5,2026-03-28 15:11:32,20260805_soil_log.txt
2026-03-28,15:16:32,soil culture 1,-125.5,2026-03-28 15:16:32,20260805_soil_log.txt
2026-03-28,15:21:32,soil culture 1,-125.37500000000001,2026-03-28 15:21:32,20260805_soil_log.txt
2026-03-28,15:26:33,soil culture 1,-125.37500000000001,2026-03-28 15:26:33,20260805_soil_log.txt
2026-03-28,15:31:33,soil culture 1,-125.37500000000001,2026-03-28 15:31:33,20260805_soil_log.txt
2026-03-28,15:36:33,soil culture 1,-125.25,2026-03-28 15:36:33,20260805_soil_log.txt
2026-03-28,15:41:33,soil culture 1,-125.12500000000001,2026-03-28 15:41:33,20260805_soil_log.txt
2026-03-28,15:46:33,soil culture 1,-125.12500000000001,2026-03-28 15:46:33,20260805_soil_log.txt
2026-03-28,15:51:34,soil culture 1,-124.875,2026-03-28 15:51:34,20260805_soil_log.txt
2026-03-28,15:56:34,soil culture 1,-125.0,2026-03-28 15:56:34,20260805_soil_log.txt
2026-03-28,16:01:34,soil culture 1,-124.875,2026-03-28 16:01:34,20260805_soil_log.txt
2026-03-28,16:06:34,soil culture 1,-124.875,2026-03-28 16:06:34,20260805_soil_log.txt
2026-03-28,16:11:35,soil culture 1,-124.75,2026-03-28 16:11:35,20260805_soil_log.txt
2026-03-28,16:16:35,soil culture 1,-124.75,2026-03-28 16:16:35,20260805_soil_log.txt
2026-03-28,16:21:35,soil culture 1,-124.75,2026-03-28 16:21:35,20260805_soil_log.txt
2026-03-28,16:26:35,soil culture 1,-124.625,2026-03-28 16:26:35,20260805_soil_log.txt
2026-03-28,16:31:36,soil culture 1,-124.5,2026-03-28 16:31:36,20260805_soil_log.txt
2026-03-28,16:36:36,soil culture 1,-124.375,2026-03-28 16:36:36,20260805_soil_log.txt
2026-03-28,16:41:36,soil culture 1,-124.25,2026-03-28 16:41:36,20260805_soil_log.txt
2026-03-28,16:46:36,soil culture 1,-124.25,2026-03-28 16:46:36,20260805_soil_log.txt
2026-03-28,16:51:36,soil culture 1,-124.25,2026-03-28 16:51:36,20260805_soil_log.txt
2026-03-28,16:56:37,soil culture 1,-124.25,2026-03-28 16:56:37,20260805_soil_log.txt
2026-03-28,17:01:37,soil culture 1,-124.375,2026-03-28 17:01:37,20260805_soil_log.txt
2026-03-28,17:06:37,soil culture 1,-124.125,2026-03-28 17:06:37,20260805_soil_log.txt
2026-03-28,17:11:37,soil culture 1,-124.125,2026-03-28 17:11:37,20260805_soil_log.txt
2026-03-28,17:16:38,soil culture 1,-124.125,2026-03-28 17:16:38,20260805_soil_log.txt
2026-03-28,17:21:38,soil culture 1,-124.125,2026-03-28 17:21:38,20260805_soil_log.txt
2026-03-28,17:26:38,soil culture 1,-124.0,2026-03-28 17:26:38,20260805_soil_log.txt
2026-03-28,17:31:38,soil culture 1,-123.75,2026-03-28 17:31:38,20260805_soil_log.txt
2026-03-28,17:36:38,soil culture 1,-123.75,2026-03-28 17:36:38,20260805_soil_log.txt
2026-03-28,17:41:39,soil culture 1,-123.75,2026-03-28 17:41:39,20260805_soil_log.txt
2026-03-28,17:46:39,soil culture 1,-123.75,2026-03-28 17:46:39,20260805_soil_log.txt
2026-03-28,17:51:39,soil culture 1,-123.625,2026-03-28 17:51:39,20260805_soil_log.txt
2026-03-28,17:56:39,soil culture 1,-123.625,2026-03-28 17:56:39,20260805_soil_log.txt
2026-03-28,18:01:39,soil culture 1,-123.5,2026-03-28 18:01:39,20260805_soil_log.txt
2026-03-28,18:06:40,soil culture 1,-123.375,2026-03-28 18:06:40,20260805_soil_log.txt
2026-03-28,18:11:40,soil culture 1,-123.375,2026-03-28 18:11:40,20260805_soil_log.txt
2026-03-28,18:16:40,soil culture 1,-123.25,2026-03-28 18:16:40,20260805_soil_log.txt
2026-03-28,18:21:40,soil culture 1,-123.25,2026-03-28 18:21:40,20260805_soil_log.txt
2026-03-28,18:26:40,soil culture 1,-123.0,2026-03-28 18:26:40,20260805_soil_log.txt
2026-03-28,18:31:41,soil culture 1,-123.0,2026-03-28 18:31:41,20260805_soil_log.txt
2026-03-28,18:36:41,soil culture 1,-122.875,2026-03-28 18:36:41,20260805_soil_log.txt
2026-03-28,18:41:41,soil culture 1,-122.75,2026-03-28 18:41:41,20260805_soil_log.txt
2026-03-28,18:46:41,soil culture 1,-122.625,2026-03-28 18:46:41,20260805_soil_log.txt
2026-03-28,18:51:42,soil culture 1,-122.625,2026-03-28 18:51:42,20260805_soil_log.txt
2026-03-28,18:56:42,soil culture 1,-122.5,2026-03-28 18:56:42,20260805_soil_log.txt
2026-03-28,19:01:42,soil culture 1,-122.5,2026-03-28 19:01:42,20260805_soil_log.txt
2026-03-28,19:06:42,soil culture 1,-122.5,2026-03-28 19:06:42,20260805_soil_log.txt
2026-03-28,19:11:42,soil culture 1,-122.5,2026-03-28 19:11:42,20260805_soil_log.txt
2026-03-28,19:16:43,soil culture 1,-122.375,2026-03-28 19:16:43,20260805_soil_log.txt
2026-03-28,19:21:43,soil culture 1,-122.375,2026-03-28 19:21:43,20260805_soil_log.txt
2026-03-28,19:26:43,soil culture 1,-122.375,2026-03-28 19:26:43,20260805_soil_log.txt
2026-03-28,19:31:43,soil culture 1,-122.375,2026-03-28 19:31:43,20260805_soil_log.txt
2026-03-28,19:36:43,soil culture 1,-122.25,2026-03-28 19:36:43,20260805_soil_log.txt
2026-03-28,19:41:44,soil culture 1,-122.125,2026-03-28 19:41:44,20260805_soil_log.txt
2026-03-28,19:46:44,soil culture 1,-122.125,2026-03-28 19:46:44,20260805_soil_log.txt
2026-03-28,19:51:44,soil culture 1,-122.0,2026-03-28 19:51:44,20260805_soil_log.txt
2026-03-28,19:56:44,soil culture 1,-122.0,2026-03-28 19:56:44,20260805_soil_log.txt
2026-03-28,20:01:45,soil culture 1,-121.875,2026-03-28 20:01:45,20260805_soil_log.txt
2026-03-28,20:06:45,soil culture 1,-121.875,2026-03-28 20:06:45,20260805_soil_log.txt
2026-03-28,20:11:45,soil culture 1,-121.875,2026-03-28 20:11:45,20260805_soil_log.txt
2026-03-28,20:16:45,soil culture 1,-121.875,2026-03-28 20:16:45,20260805_soil_log.txt
2026-03-28,20:21:45,soil culture 1,-121.75,2026-03-28 20:21:45,20260805_soil_log.txt
2026-03-28,20:26:46,soil culture 1,-121.625,2026-03-28 20:26:46,20260805_soil_log.txt
2026-03-28,20:31:46,soil culture 1,-121.625,2026-03-28 20:31:46,20260805_soil_log.txt
2026-03-28,20:36:46,soil culture 1,-121.625,2026-03-28 20:36:46,20260805_soil_log.txt
2026-03-28,20:41:46,soil culture 1,-121.5,2026-03-28 20:41:46,20260805_soil_log.txt
2026-03-28,20:46:47,soil culture 1,-121.5,2026-03-28 20:46:47,20260805_soil_log.txt
2026-03-28,20:51:47,soil culture 1,-121.5,2026-03-28 20:51:47,20260805_soil_log.txt
2026-03-28,20:56:47,soil culture 1,-121.5,2026-03-28 20:56:47,20260805_soil_log.txt
2026-03-28,21:01:47,soil culture 1,-121.375,2026-03-28 21:01:47,20260805_soil_log.txt
2026-03-28,21:06:47,soil culture 1,-121.375,2026-03-28 21:06:47,20260805_soil_log.txt
2026-03-28,21:11:48,soil culture 1,-121.25,2026-03-28 21:11:48,20260805_soil_log.txt
2026-03-28,21:16:48,soil culture 1,-121.0,2026-03-28 21:16:48,20260805_soil_log.txt
2026-03-28,21:21:48,soil culture 1,-121.0,2026-03-28 21:21:48,20260805_soil_log.txt
2026-03-28,21:26:48,soil culture 1,-121.0,2026-03-28 21:26:48,20260805_soil_log.txt
2026-03-28,21:31:48,soil culture 1,-121.0,2026-03-28 21:31:48,20260805_soil_log.txt
2026-03-28,21:36:49,soil culture 1,-121.0,2026-03-28 21:36:49,20260805_soil_log.txt
2026-03-28,21:41:49,soil culture 1,-120.875,2026-03-28 21:41:49,20260805_soil_log.txt
2026-03-28,21:46:49,soil culture 1,-120.875,2026-03-28 21:46:49,20260805_soil_log.txt
2026-03-28,21:51:49,soil culture 1,-120.75,2026-03-28 21:51:49,20260805_soil_log.txt
2026-03-28,21:56:49,soil culture 1,-120.75,2026-03-28 21:56:49,20260805_soil_log.txt
2026-03-28,22:01:50,soil culture 1,-120.625,2026-03-28 22:01:50,20260805_soil_log.txt
2026-03-28,22:06:50,soil culture 1,-120.625,2026-03-28 22:06:50,20260805_soil_log.txt
2026-03-28,22:11:50,soil culture 1,-120.5,2026-03-28 22:11:50,20260805_soil_log.txt
2026-03-28,22:16:50,soil culture 1,-120.25,2026-03-28 22:16:50,20260805_soil_log.txt
2026-03-28,22:21:51,soil culture 1,-120.125,2026-03-28 22:21:51,20260805_soil_log.txt
2026-03-28,22:26:51,soil culture 1,-120.25,2026-03-28 22:26:51,20260805_soil_log.txt
2026-03-28,22:31:51,soil culture 1,-120.25,2026-03-28 22:31:51,20260805_soil_log.txt
2026-03-28,22:36:51,soil culture 1,-120.125,2026-03-28 22:36:51,20260805_soil_log.txt
2026-03-28,22:41:52,soil culture 1,-120.0,2026-03-28 22:41:52,20260805_soil_log.txt
2026-03-28,22:46:52,soil culture 1,-119.87500000000001,2026-03-28 22:46:52,20260805_soil_log.txt
2026-03-28,22:51:52,soil culture 1,-119.75000000000001,2026-03-28 22:51:52,20260805_soil_log.txt
2026-03-28,22:56:52,soil culture 1,-119.62500000000001,2026-03-28 22:56:52,20260805_soil_log.txt
2026-03-28,23:01:52,soil culture 1,-119.62500000000001,2026-03-28 23:01:52,20260805_soil_log.txt
2026-03-28,23:06:53,soil culture 1,-119.50000000000001,2026-03-28 23:06:53,20260805_soil_log.txt
2026-03-28,23:11:53,soil culture 1,-119.50000000000001,2026-03-28 23:11:53,20260805_soil_log.txt
2026-03-28,23:16:53,soil culture 1,-119.50000000000001,2026-03-28 23:16:53,20260805_soil_log.txt
2026-03-28,23:21:53,soil culture 1,-119.37500000000001,2026-03-28 23:21:53,20260805_soil_log.txt
2026-03-28,23:26:53,soil culture 1,-119.25000000000001,2026-03-28 23:26:53,20260805_soil_log.txt
2026-03-28,23:31:54,soil culture 1,-119.12500000000001,2026-03-28 23:31:54,20260805_soil_log.txt
2026-03-28,23:36:54,soil culture 1,-119.12500000000001,2026-03-28 23:36:54,20260805_soil_log.txt
2026-03-28,23:41:54,soil culture 1,-119.12500000000001,2026-03-28 23:41:54,20260805_soil_log.txt
2026-03-28,23:46:54,soil culture 1,-119.12500000000001,2026-03-28 23:46:54,20260805_soil_log.txt
2026-03-28,23:51:55,soil culture 1,-119.00000000000001,2026-03-28 23:51:55,20260805_soil_log.txt
2026-03-28,23:56:55,soil culture 1,-118.87500000000001,2026-03-28 23:56:55,20260805_soil_log.txt
2026-03-29,00:01:55,soil culture 1,-118.87500000000001,2026-03-29 00:01:55,20260805_soil_log.txt
2026-03-29,00:06:55,soil culture 1,-118.87500000000001,2026-03-29 00:06:55,20260805_soil_log.txt
2026-03-29,00:11:56,soil culture 1,-118.75000000000001,2026-03-29 00:11:56,20260805_soil_log.txt
2026-03-29,00:16:56,soil culture 1,-118.62500000000001,2026-03-29 00:16:56,20260805_soil_log.txt
2026-03-29,00:21:56,soil culture 1,-118.50000000000001,2026-03-29 00:21:56,20260805_soil_log.txt
2026-03-29,00:26:56,soil culture 1,-118.37500000000001,2026-03-29 00:26:56,20260805_soil_log.txt
2026-03-29,00:31:56,soil culture 1,-118.37500000000001,2026-03-29 00:31:56,20260805_soil_log.txt
2026-03-29,00:36:57,soil culture 1,-118.25000000000001,2026-03-29 00:36:57,20260805_soil_log.txt
2026-03-29,00:41:57,soil culture 1,-118.25000000000001,2026-03-29 00:41:57,20260805_soil_log.txt
2026-03-29,00:46:57,soil culture 1,-118.12500000000001,2026-03-29 00:46:57,20260805_soil_log.txt
2026-03-29,00:51:57,soil culture 1,-118.12500000000001,2026-03-29 00:51:57,20260805_soil_log.txt
2026-03-29,00:56:58,soil culture 1,-118.00000000000001,2026-03-29 00:56:58,20260805_soil_log.txt
2026-03-29,02:01:58,soil culture 1,-118.00000000000001,2026-03-29 02:01:58,20260805_soil_log.txt
2026-03-29,02:06:58,soil culture 1,-117.87500000000001,2026-03-29 02:06:58,20260805_soil_log.txt
2026-03-29,02:11:58,soil culture 1,-117.75000000000001,2026-03-29 02:11:58,20260805_soil_log.txt
2026-03-29,02:16:58,soil culture 1,-117.62500000000001,2026-03-29 02:16:58,20260805_soil_log.txt
2026-03-29,02:21:59,soil culture 1,-117.50000000000001,2026-03-29 02:21:59,20260805_soil_log.txt
2026-03-29,02:26:59,soil culture 1,-117.50000000000001,2026-03-29 02:26:59,20260805_soil_log.txt
2026-03-29,02:31:59,soil culture 1,-117.50000000000001,2026-03-29 02:31:59,20260805_soil_log.txt
2026-03-29,02:36:59,soil culture 1,-117.50000000000001,2026-03-29 02:36:59,20260805_soil_log.txt
2026-03-29,02:42:00,soil culture 1,-117.375,2026-03-29 02:42:00,20260805_soil_log.txt
2026-03-29,02:47:00,soil culture 1,-117.25,2026-03-29 02:47:00,20260805_soil_log.txt
2026-03-29,02:52:00,soil culture 1,-117.25,2026-03-29 02:52:00,20260805_soil_log.txt
2026-03-29,02:57:00,soil culture 1,-117.25,2026-03-29 02:57:00,20260805_soil_log.txt
2026-03-29,03:02:01,soil culture 1,-117.0,2026-03-29 03:02:01,20260805_soil_log.txt
2026-03-29,03:07:01,soil culture 1,-117.0,2026-03-29 03:07:01,20260805_soil_log.txt
2026-03-29,03:12:01,soil culture 1,-117.0,2026-03-29 03:12:01,20260805_soil_log.txt
2026-03-29,03:17:01,soil culture 1,-117.0,2026-03-29 03:17:01,20260805_soil_log.txt
2026-03-29,03:22:01,soil culture 1,-117.0,2026-03-29 03:22:01,20260805_soil_log.txt
2026-03-29,03:27:02,soil culture 1,-117.0,2026-03-29 03:27:02,20260805_soil_log.txt
2026-03-29,03:32:02,soil culture 1,-116.875,2026-03-29 03:32:02,20260805_soil_log.txt
2026-03-29,03:37:02,soil culture 1,-116.75,2026-03-29 03:37:02,20260805_soil_log.txt
2026-03-29,03:42:02,soil culture 1,-116.75,2026-03-29 03:42:02,20260805_soil_log.txt
2026-03-29,03:47:02,soil culture 1,-116.625,2026-03-29 03:47:02,20260805_soil_log.txt
2026-03-29,03:52:02,soil culture 1,-116.625,2026-03-29 03:52:02,20260805_soil_log.txt
2026-03-29,03:57:03,soil culture 1,-116.5,2026-03-29 03:57:03,20260805_soil_log.txt
2026-03-29,04:02:03,soil culture 1,-116.5,2026-03-29 04:02:03,20260805_soil_log.txt
2026-03-29,04:07:03,soil culture 1,-116.375,2026-03-29 04:07:03,20260805_soil_log.txt
2026-03-29,04:12:03,soil culture 1,-116.375,2026-03-29 04:12:03,20260805_soil_log.txt
2026-03-29,04:17:04,soil culture 1,-116.375,2026-03-29 04:17:04,20260805_soil_log.txt
2026-03-29,04:22:04,soil culture 1,-116.375,2026-03-29 04:22:04,20260805_soil_log.txt
2026-03-29,04:27:04,soil culture 1,-116.25,2026-03-29 04:27:04,20260805_soil_log.txt
2026-03-29,04:32:04,soil culture 1,-116.125,2026-03-29 04:32:04,20260805_soil_log.txt
2026-03-29,04:37:04,soil culture 1,-116.125,2026-03-29 04:37:04,20260805_soil_log.txt
2026-03-29,04:42:05,soil culture 1,-116.0,2026-03-29 04:42:05,20260805_soil_log.txt
2026-03-29,04:47:05,soil culture 1,-116.0,2026-03-29 04:47:05,20260805_soil_log.txt
2026-03-29,04:52:05,soil culture 1,-116.0,2026-03-29 04:52:05,20260805_soil_log.txt
2026-03-29,04:57:05,soil culture 1,-116.0,2026-03-29 04:57:05,20260805_soil_log.txt
2026-03-29,05:02:06,soil culture 1,-115.75,2026-03-29 05:02:06,20260805_soil_log.txt
2026-03-29,05:07:06,soil culture 1,-115.875,2026-03-29 05:07:06,20260805_soil_log.txt
2026-03-29,05:12:06,soil culture 1,-115.75,2026-03-29 05:12:06,20260805_soil_log.txt
2026-03-29,05:17:06,soil culture 1,-115.625,2026-03-29 05:17:06,20260805_soil_log.txt
2026-03-29,05:22:07,soil culture 1,-115.625,2026-03-29 05:22:07,20260805_soil_log.txt
2026-03-29,05:27:07,soil culture 1,-115.25,2026-03-29 05:27:07,20260805_soil_log.txt
2026-03-29,05:32:07,soil culture 1,-115.5,2026-03-29 05:32:07,20260805_soil_log.txt
2026-03-29,05:37:07,soil culture 1,-115.25,2026-03-29 05:37:07,20260805_soil_log.txt
2026-03-29,05:42:07,soil culture 1,-115.25,2026-03-29 05:42:07,20260805_soil_log.txt
2026-03-29,05:47:08,soil culture 1,-115.25,2026-03-29 05:47:08,20260805_soil_log.txt
2026-03-29,05:52:08,soil culture 1,-115.125,2026-03-29 05:52:08,20260805_soil_log.txt
2026-03-29,05:57:08,soil culture 1,-115.125,2026-03-29 05:57:08,20260805_soil_log.txt
2026-03-29,06:02:08,soil culture 1,-115.125,2026-03-29 06:02:08,20260805_soil_log.txt
2026-03-29,06:07:09,soil culture 1,-115.0,2026-03-29 06:07:09,20260805_soil_log.txt
2026-03-29,06:12:09,soil culture 1,-115.0,2026-03-29 06:12:09,20260805_soil_log.txt
2026-03-29,06:17:09,soil culture 1,-114.875,2026-03-29 06:17:09,20260805_soil_log.txt
2026-03-29,06:22:09,soil culture 1,-114.875,2026-03-29 06:22:09,20260805_soil_log.txt
2026-03-29,06:27:10,soil culture 1,-114.875,2026-03-29 06:27:10,20260805_soil_log.txt
2026-03-29,06:32:10,soil culture 1,-114.75,2026-03-29 06:32:10,20260805_soil_log.txt
2026-03-29,06:37:10,soil culture 1,-114.75,2026-03-29 06:37:10,20260805_soil_log.txt
2026-03-29,06:42:10,soil culture 1,-114.75,2026-03-29 06:42:10,20260805_soil_log.txt
2026-03-29,06:47:10,soil culture 1,-114.625,2026-03-29 06:47:10,20260805_soil_log.txt
2026-03-29,06:52:11,soil culture 1,-114.5,2026-03-29 06:52:11,20260805_soil_log.txt
2026-03-29,06:57:11,soil culture 1,-114.5,2026-03-29 06:57:11,20260805_soil_log.txt
2026-03-29,07:02:11,soil culture 1,-114.375,2026-03-29 07:02:11,20260805_soil_log.txt
2026-03-29,07:07:11,soil culture 1,-114.375,2026-03-29 07:07:11,20260805_soil_log.txt
2026-03-29,07:12:12,soil culture 1,-114.375,2026-03-29 07:12:12,20260805_soil_log.txt
2026-03-29,07:17:12,soil culture 1,-114.25,2026-03-29 07:17:12,20260805_soil_log.txt
2026-03-29,07:22:12,soil culture 1,-114.375,2026-03-29 07:22:12,20260805_soil_log.txt
2026-03-29,07:27:12,soil culture 1,-114.25,2026-03-29 07:27:12,20260805_soil_log.txt
2026-03-29,07:32:13,soil culture 1,-114.25,2026-03-29 07:32:13,20260805_soil_log.txt
2026-03-29,07:37:13,soil culture 1,-114.125,2026-03-29 07:37:13,20260805_soil_log.txt
2026-03-29,07:42:13,soil culture 1,-114.125,2026-03-29 07:42:13,20260805_soil_log.txt
2026-03-29,07:47:13,soil culture 1,-114.0,2026-03-29 07:47:13,20260805_soil_log.txt
2026-03-29,07:52:13,soil culture 1,-114.0,2026-03-29 07:52:13,20260805_soil_log.txt
2026-03-29,07:57:14,soil culture 1,-114.0,2026-03-29 07:57:14,20260805_soil_log.txt
2026-03-29,08:02:14,soil culture 1,-114.0,2026-03-29 08:02:14,20260805_soil_log.txt
2026-03-29,08:07:14,soil culture 1,-113.875,2026-03-29 08:07:14,20260805_soil_log.txt
2026-03-29,08:12:14,soil culture 1,-113.75,2026-03-29 08:12:14,20260805_soil_log.txt
2026-03-29,08:17:15,soil culture 1,-113.875,2026-03-29 08:17:15,20260805_soil_log.txt
2026-03-29,08:22:15,soil culture 1,-113.75,2026-03-29 08:22:15,20260805_soil_log.txt
2026-03-29,08:27:15,soil culture 1,-113.75,2026-03-29 08:27:15,20260805_soil_log.txt
2026-03-29,08:32:15,soil culture 1,-113.625,2026-03-29 08:32:15,20260805_soil_log.txt
2026-03-29,08:37:16,soil culture 1,-113.625,2026-03-29 08:37:16,20260805_soil_log.txt
2026-03-29,08:42:16,soil culture 1,-113.625,2026-03-29 08:42:16,20260805_soil_log.txt
2026-03-29,08:47:16,soil culture 1,-113.625,2026-03-29 08:47:16,20260805_soil_log.txt
2026-03-29,08:52:16,soil culture 1,-113.5,2026-03-29 08:52:16,20260805_soil_log.txt
2026-03-29,08:57:16,soil culture 1,-113.5,2026-03-29 08:57:16,20260805_soil_log.txt
2026-03-29,09:02:17,soil culture 1,-113.5,2026-03-29 09:02:17,20260805_soil_log.txt
2026-03-29,09:07:17,soil culture 1,-113.5,2026-03-29 09:07:17,20260805_soil_log.txt
2026-03-29,09:12:17,soil culture 1,-113.5,2026-03-29 09:12:17,20260805_soil_log.txt
2026-03-29,09:17:17,soil culture 1,-113.375,2026-03-29 09:17:17,20260805_soil_log.txt
2026-03-29,09:22:17,soil culture 1,-113.375,2026-03-29 09:22:17,20260805_soil_log.txt
2026-03-29,09:27:18,soil culture 1,-113.375,2026-03-29 09:27:18,20260805_soil_log.txt
2026-03-29,09:32:18,soil culture 1,-113.375,2026-03-29 09:32:18,20260805_soil_log.txt
2026-03-29,09:37:18,soil culture 1,-113.25,2026-03-29 09:37:18,20260805_soil_log.txt
2026-03-29,09:42:18,soil culture 1,-113.25,2026-03-29 09:42:18,20260805_soil_log.txt
2026-03-29,09:47:19,soil culture 1,-113.25,2026-03-29 09:47:19,20260805_soil_log.txt
2026-03-29,09:52:19,soil culture 1,-113.125,2026-03-29 09:52:19,20260805_soil_log.txt
2026-03-29,09:57:19,soil culture 1,-113.125,2026-03-29 09:57:19,20260805_soil_log.txt
2026-03-29,10:02:19,soil culture 1,-113.125,2026-03-29 10:02:19,20260805_soil_log.txt
2026-03-29,10:07:19,soil culture 1,-113.0,2026-03-29 10:07:19,20260805_soil_log.txt
2026-03-29,10:12:20,soil culture 1,-112.875,2026-03-29 10:12:20,20260805_soil_log.txt
2026-03-29,10:17:20,soil culture 1,-112.875,2026-03-29 10:17:20,20260805_soil_log.txt
2026-03-29,10:22:20,soil culture 1,-112.75,2026-03-29 10:22:20,20260805_soil_log.txt
2026-03-29,10:27:20,soil culture 1,-112.75,2026-03-29 10:27:20,20260805_soil_log.txt
2026-03-29,10:32:20,soil culture 1,-112.75,2026-03-29 10:32:20,20260805_soil_log.txt
2026-03-29,10:37:21,soil culture 1,-112.625,2026-03-29 10:37:21,20260805_soil_log.txt
2026-03-29,10:42:21,soil culture 1,-112.625,2026-03-29 10:42:21,20260805_soil_log.txt
2026-03-29,10:47:21,soil culture 1,-112.5,2026-03-29 10:47:21,20260805_soil_log.txt
2026-03-29,10:52:21,soil culture 1,-112.5,2026-03-29 10:52:21,20260805_soil_log.txt
2026-03-29,10:57:22,soil culture 1,-112.5,2026-03-29 10:57:22,20260805_soil_log.txt
2026-03-29,11:02:22,soil culture 1,-112.375,2026-03-29 11:02:22,20260805_soil_log.txt
2026-03-29,11:07:22,soil culture 1,-112.375,2026-03-29 11:07:22,20260805_soil_log.txt
2026-03-29,11:12:22,soil culture 1,-112.375,2026-03-29 11:12:22,20260805_soil_log.txt
2026-03-29,11:17:22,soil culture 1,-112.375,2026-03-29 11:17:22,20260805_soil_log.txt
2026-03-29,11:22:23,soil culture 1,-112.25,2026-03-29 11:22:23,20260805_soil_log.txt
2026-03-29,11:27:23,soil culture 1,-112.25,2026-03-29 11:27:23,20260805_soil_log.txt
2026-03-29,11:32:23,soil culture 1,-112.125,2026-03-29 11:32:23,20260805_soil_log.txt
2026-03-29,11:37:23,soil culture 1,-112.125,2026-03-29 11:37:23,20260805_soil_log.txt
2026-03-29,11:42:23,soil culture 1,-112.0,2026-03-29 11:42:23,20260805_soil_log.txt
2026-03-29,11:47:24,soil culture 1,-111.875,2026-03-29 11:47:24,20260805_soil_log.txt
2026-03-29,11:52:24,soil culture 1,-112.0,2026-03-29 11:52:24,20260805_soil_log.txt
2026-03-29,11:57:24,soil culture 1,-111.875,2026-03-29 11:57:24,20260805_soil_log.txt
2026-03-29,12:02:24,soil culture 1,-111.875,2026-03-29 12:02:24,20260805_soil_log.txt
2026-03-29,12:07:25,soil culture 1,-111.875,2026-03-29 12:07:25,20260805_soil_log.txt
2026-03-29,12:12:25,soil culture 1,-111.875,2026-03-29 12:12:25,20260805_soil_log.txt
2026-03-29,12:17:25,soil culture 1,-111.75,2026-03-29 12:17:25,20260805_soil_log.txt
2026-03-29,12:22:25,soil culture 1,-111.75,2026-03-29 12:22:25,20260805_soil_log.txt
2026-03-29,12:27:25,soil culture 1,-111.625,2026-03-29 12:27:25,20260805_soil_log.txt
2026-03-29,12:32:26,soil culture 1,-111.625,2026-03-29 12:32:26,20260805_soil_log.txt
2026-03-29,12:37:26,soil culture 1,-111.375,2026-03-29 12:37:26,20260805_soil_log.txt
2026-03-29,12:42:26,soil culture 1,-111.5,2026-03-29 12:42:26,20260805_soil_log.txt
2026-03-29,12:47:26,soil culture 1,-111.5,2026-03-29 12:47:26,20260805_soil_log.txt
2026-03-29,12:52:27,soil culture 1,-111.375,2026-03-29 12:52:27,20260805_soil_log.txt
2026-03-29,12:57:27,soil culture 1,-111.375,2026-03-29 12:57:27,20260805_soil_log.txt
2026-03-29,13:02:27,soil culture 1,-111.375,2026-03-29 13:02:27,20260805_soil_log.txt
2026-03-29,13:07:27,soil culture 1,-111.25,2026-03-29 13:07:27,20260805_soil_log.txt
2026-03-29,13:12:27,soil culture 1,-111.25,2026-03-29 13:12:27,20260805_soil_log.txt
2026-03-29,13:17:28,soil culture 1,-111.25,2026-03-29 13:17:28,20260805_soil_log.txt
2026-03-29,13:22:28,soil culture 1,-111.25,2026-03-29 13:22:28,20260805_soil_log.txt
2026-03-29,13:27:28,soil culture 1,-111.125,2026-03-29 13:27:28,20260805_soil_log.txt
2026-03-29,13:32:28,soil culture 1,-111.0,2026-03-29 13:32:28,20260805_soil_log.txt
2026-03-29,13:37:29,soil culture 1,-111.0,2026-03-29 13:37:29,20260805_soil_log.txt
2026-03-29,13:42:29,soil culture 1,-110.875,2026-03-29 13:42:29,20260805_soil_log.txt
2026-03-29,13:47:29,soil culture 1,-110.875,2026-03-29 13:47:29,20260805_soil_log.txt
2026-03-29,13:52:29,soil culture 1,-110.875,2026-03-29 13:52:29,20260805_soil_log.txt
2026-03-29,13:57:30,soil culture 1,-110.875,2026-03-29 13:57:30,20260805_soil_log.txt
2026-03-29,14:02:30,soil culture 1,-110.875,2026-03-29 14:02:30,20260805_soil_log.txt
2026-03-29,14:07:30,soil culture 1,-110.875,2026-03-29 14:07:30,20260805_soil_log.txt
2026-03-29,14:12:30,soil culture 1,-110.875,2026-03-29 14:12:30,20260805_soil_log.txt
2026-03-29,14:17:30,soil culture 1,-110.875,2026-03-29 14:17:30,20260805_soil_log.txt
2026-03-29,14:22:31,soil culture 1,-110.875,2026-03-29 14:22:31,20260805_soil_log.txt
2026-03-29,14:27:31,soil culture 1,-110.75,2026-03-29 14:27:31,20260805_soil_log.txt
2026-03-29,14:32:31,soil culture 1,-110.75,2026-03-29 14:32:31,20260805_soil_log.txt
2026-03-29,14:37:31,soil culture 1,-110.75,2026-03-29 14:37:31,20260805_soil_log.txt
2026-03-29,14:42:32,soil culture 1,-110.625,2026-03-29 14:42:32,20260805_soil_log.txt
2026-03-29,14:47:32,soil culture 1,-110.625,2026-03-29 14:47:32,20260805_soil_log.txt
2026-03-29,14:52:32,soil culture 1,-110.75,2026-03-29 14:52:32,20260805_soil_log.txt
2026-03-29,14:57:32,soil culture 1,-110.625,2026-03-29 14:57:32,20260805_soil_log.txt
2026-03-29,15:02:33,soil culture 1,-110.5,2026-03-29 15:02:33,20260805_soil_log.txt
2026-03-29,15:07:33,soil culture 1,-110.5,2026-03-29 15:07:33,20260805_soil_log.txt
2026-03-29,15:12:33,soil culture 1,-110.5,2026-03-29 15:12:33,20260805_soil_log.txt
2026-03-29,15:17:33,soil culture 1,-110.375,2026-03-29 15:17:33,20260805_soil_log.txt
2026-03-29,15:22:33,soil culture 1,-110.375,2026-03-29 15:22:33,20260805_soil_log.txt
2026-03-29,15:27:34,soil culture 1,-110.375,2026-03-29 15:27:34,20260805_soil_log.txt
2026-03-29,15:32:34,soil culture 1,-110.25,2026-03-29 15:32:34,20260805_soil_log.txt
2026-03-29,15:37:34,soil culture 1,-110.25,2026-03-29 15:37:34,20260805_soil_log.txt
2026-03-29,15:42:34,soil culture 1,-110.25,2026-03-29 15:42:34,20260805_soil_log.txt
2026-03-29,15:47:35,soil culture 1,-110.125,2026-03-29 15:47:35,20260805_soil_log.txt
2026-03-29,15:52:35,soil culture 1,-110.125,2026-03-29 15:52:35,20260805_soil_log.txt
2026-03-29,15:57:35,soil culture 1,-110.0,2026-03-29 15:57:35,20260805_soil_log.txt
2026-03-29,16:02:35,soil culture 1,-110.0,2026-03-29 16:02:35,20260805_soil_log.txt
2026-03-29,16:07:35,soil culture 1,-109.875,2026-03-29 16:07:35,20260805_soil_log.txt
2026-03-29,16:12:36,soil culture 1,-109.875,2026-03-29 16:12:36,20260805_soil_log.txt
2026-03-29,16:17:36,soil culture 1,-109.875,2026-03-29 16:17:36,20260805_soil_log.txt
2026-03-29,16:22:36,soil culture 1,-109.75,2026-03-29 16:22:36,20260805_soil_log.txt
2026-03-29,16:27:36,soil culture 1,-109.75,2026-03-29 16:27:36,20260805_soil_log.txt
2026-03-29,16:32:37,soil culture 1,-109.75,2026-03-29 16:32:37,20260805_soil_log.txt
2026-03-29,16:37:37,soil culture 1,-109.5,2026-03-29 16:37:37,20260805_soil_log.txt
2026-03-29,16:42:37,soil culture 1,-109.5,2026-03-29 16:42:37,20260805_soil_log.txt
2026-03-29,16:47:37,soil culture 1,-109.5,2026-03-29 16:47:37,20260805_soil_log.txt
2026-03-29,16:52:37,soil culture 1,-109.375,2026-03-29 16:52:37,20260805_soil_log.txt
2026-03-29,16:57:38,soil culture 1,-109.25,2026-03-29 16:57:38,20260805_soil_log.txt
2026-03-29,17:02:38,soil culture 1,-109.25,2026-03-29 17:02:38,20260805_soil_log.txt
2026-03-29,17:07:38,soil culture 1,-109.25,2026-03-29 17:07:38,20260805_soil_log.txt
2026-03-29,17:12:38,soil culture 1,-109.25,2026-03-29 17:12:38,20260805_soil_log.txt
2026-03-29,17:17:38,soil culture 1,-109.25,2026-03-29 17:17:38,20260805_soil_log.txt
2026-03-29,17:22:39,soil culture 1,-109.125,2026-03-29 17:22:39,20260805_soil_log.txt
2026-03-29,17:27:39,soil culture 1,-109.125,2026-03-29 17:27:39,20260805_soil_log.txt
2026-03-29,17:32:39,soil culture 1,-109.125,2026-03-29 17:32:39,20260805_soil_log.txt
2026-03-29,17:37:39,soil culture 1,-109.0,2026-03-29 17:37:39,20260805_soil_log.txt
2026-03-29,17:42:40,soil culture 1,-109.0,2026-03-29 17:42:40,20260805_soil_log.txt
2026-03-29,17:47:40,soil culture 1,-108.875,2026-03-29 17:47:40,20260805_soil_log.txt
2026-03-29,17:52:40,soil culture 1,-108.875,2026-03-29 17:52:40,20260805_soil_log.txt
2026-03-29,17:57:40,soil culture 1,-108.875,2026-03-29 17:57:40,20260805_soil_log.txt
2026-03-29,18:02:40,soil culture 1,-108.75,2026-03-29 18:02:40,20260805_soil_log.txt
2026-03-29,18:07:41,soil culture 1,-108.75,2026-03-29 18:07:41,20260805_soil_log.txt
2026-03-29,18:12:41,soil culture 1,-108.625,2026-03-29 18:12:41,20260805_soil_log.txt
2026-03-29,18:17:41,soil culture 1,-108.625,2026-03-29 18:17:41,20260805_soil_log.txt
2026-03-29,18:22:41,soil culture 1,-108.625,2026-03-29 18:22:41,20260805_soil_log.txt
2026-03-29,18:27:42,soil culture 1,-108.5,2026-03-29 18:27:42,20260805_soil_log.txt
2026-03-29,18:32:42,soil culture 1,-108.375,2026-03-29 18:32:42,20260805_soil_log.txt
2026-03-29,18:37:42,soil culture 1,-108.375,2026-03-29 18:37:42,20260805_soil_log.txt
2026-03-29,18:42:42,soil culture 1,-108.25,2026-03-29 18:42:42,20260805_soil_log.txt
2026-03-29,18:47:43,soil culture 1,-108.25,2026-03-29 18:47:43,20260805_soil_log.txt
2026-03-29,18:52:43,soil culture 1,-108.25,2026-03-29 18:52:43,20260805_soil_log.txt
2026-03-29,18:57:43,soil culture 1,-108.125,2026-03-29 18:57:43,20260805_soil_log.txt
2026-03-29,19:02:43,soil culture 1,-108.0,2026-03-29 19:02:43,20260805_soil_log.txt
2026-03-29,19:07:43,soil culture 1,-108.0,2026-03-29 19:07:43,20260805_soil_log.txt
2026-03-29,19:12:44,soil culture 1,-107.875,2026-03-29 19:12:44,20260805_soil_log.txt
2026-03-29,19:17:44,soil culture 1,-107.75,2026-03-29 19:17:44,20260805_soil_log.txt
2026-03-29,19:22:44,soil culture 1,-107.75,2026-03-29 19:22:44,20260805_soil_log.txt
2026-03-29,19:27:44,soil culture 1,-107.625,2026-03-29 19:27:44,20260805_soil_log.txt
2026-03-29,19:32:44,soil culture 1,-107.625,2026-03-29 19:32:44,20260805_soil_log.txt
2026-03-29,19:37:45,soil culture 1,-107.625,2026-03-29 19:37:45,20260805_soil_log.txt
2026-03-29,19:42:45,soil culture 1,-107.5,2026-03-29 19:42:45,20260805_soil_log.txt
2026-03-29,19:47:45,soil culture 1,-107.5,2026-03-29 19:47:45,20260805_soil_log.txt
2026-03-29,19:52:45,soil culture 1,-107.375,2026-03-29 19:52:45,20260805_soil_log.txt
2026-03-29,19:57:45,soil culture 1,-107.375,2026-03-29 19:57:45,20260805_soil_log.txt
2026-03-29,20:02:46,soil culture 1,-107.25,2026-03-29 20:02:46,20260805_soil_log.txt
2026-03-29,20:07:46,soil culture 1,-107.25,2026-03-29 20:07:46,20260805_soil_log.txt
2026-03-29,20:12:46,soil culture 1,-107.25,2026-03-29 20:12:46,20260805_soil_log.txt
2026-03-29,20:17:46,soil culture 1,-107.125,2026-03-29 20:17:46,20260805_soil_log.txt
2026-03-29,20:22:47,soil culture 1,-107.125,2026-03-29 20:22:47,20260805_soil_log.txt
2026-03-29,20:27:47,soil culture 1,-107.125,2026-03-29 20:27:47,20260805_soil_log.txt
2026-03-29,20:32:47,soil culture 1,-107.0,2026-03-29 20:32:47,20260805_soil_log.txt
2026-03-29,20:37:47,soil culture 1,-107.0,2026-03-29 20:37:47,20260805_soil_log.txt
2026-03-29,20:42:47,soil culture 1,-106.875,2026-03-29 20:42:47,20260805_soil_log.txt
2026-03-29,20:47:48,soil culture 1,-106.75,2026-03-29 20:47:48,20260805_soil_log.txt
2026-03-29,20:52:48,soil culture 1,-106.625,2026-03-29 20:52:48,20260805_soil_log.txt
2026-03-29,20:57:48,soil culture 1,-106.75,2026-03-29 20:57:48,20260805_soil_log.txt
2026-03-29,21:02:48,soil culture 1,-106.625,2026-03-29 21:02:48,20260805_soil_log.txt
2026-03-29,21:07:48,soil culture 1,-106.5,2026-03-29 21:07:48,20260805_soil_log.txt
2026-03-29,21:12:49,soil culture 1,-106.5,2026-03-29 21:12:49,20260805_soil_log.txt
2026-03-29,21:17:49,soil culture 1,-106.375,2026-03-29 21:17:49,20260805_soil_log.txt
2026-03-29,21:22:49,soil culture 1,-106.5,2026-03-29 21:22:49,20260805_soil_log.txt
2026-03-29,21:27:49,soil culture 1,-106.375,2026-03-29 21:27:49,20260805_soil_log.txt
2026-03-29,21:32:50,soil culture 1,-106.25,2026-03-29 21:32:50,20260805_soil_log.txt
2026-03-29,21:37:50,soil culture 1,-106.25,2026-03-29 21:37:50,20260805_soil_log.txt
2026-03-29,21:42:50,soil culture 1,-106.125,2026-03-29 21:42:50,20260805_soil_log.txt
2026-03-29,21:47:50,soil culture 1,-106.125,2026-03-29 21:47:50,20260805_soil_log.txt
2026-03-29,21:52:51,soil culture 1,-106.0,2026-03-29 21:52:51,20260805_soil_log.txt
2026-03-29,21:57:51,soil culture 1,-106.0,2026-03-29 21:57:51,20260805_soil_log.txt
2026-03-29,22:02:51,soil culture 1,-105.875,2026-03-29 22:02:51,20260805_soil_log.txt
2026-03-29,22:07:51,soil culture 1,-105.875,2026-03-29 22:07:51,20260805_soil_log.txt
2026-03-29,22:12:51,soil culture 1,-105.75,2026-03-29 22:12:51,20260805_soil_log.txt
2026-03-29,22:17:52,soil culture 1,-105.75,2026-03-29 22:17:52,20260805_soil_log.txt
2026-03-29,22:22:52,soil culture 1,-105.625,2026-03-29 22:22:52,20260805_soil_log.txt
2026-03-29,22:27:52,soil culture 1,-105.625,2026-03-29 22:27:52,20260805_soil_log.txt
2026-03-29,22:32:52,soil culture 1,-105.5,2026-03-29 22:32:52,20260805_soil_log.txt
2026-03-29,22:37:53,soil culture 1,-105.5,2026-03-29 22:37:53,20260805_soil_log.txt
2026-03-29,22:42:53,soil culture 1,-105.375,2026-03-29 22:42:53,20260805_soil_log.txt
2026-03-29,22:47:53,soil culture 1,-105.25,2026-03-29 22:47:53,20260805_soil_log.txt
2026-03-29,22:52:53,soil culture 1,-105.125,2026-03-29 22:52:53,20260805_soil_log.txt
2026-03-29,22:57:53,soil culture 1,-105.125,2026-03-29 22:57:53,20260805_soil_log.txt
2026-03-29,23:02:54,soil culture 1,-105.0,2026-03-29 23:02:54,20260805_soil_log.txt
2026-03-29,23:07:54,soil culture 1,-105.0,2026-03-29 23:07:54,20260805_soil_log.txt
2026-03-29,23:12:54,soil culture 1,-104.875,2026-03-29 23:12:54,20260805_soil_log.txt
2026-03-29,23:17:54,soil culture 1,-104.875,2026-03-29 23:17:54,20260805_soil_log.txt
2026-03-29,23:22:55,soil culture 1,-104.875,2026-03-29 23:22:55,20260805_soil_log.txt
2026-03-29,23:27:55,soil culture 1,-104.875,2026-03-29 23:27:55,20260805_soil_log.txt
2026-03-29,23:32:55,soil culture 1,-104.75,2026-03-29 23:32:55,20260805_soil_log.txt
2026-03-29,23:37:55,soil culture 1,-104.625,2026-03-29 23:37:55,20260805_soil_log.txt
2026-03-29,23:42:56,soil culture 1,-104.625,2026-03-29 23:42:56,20260805_soil_log.txt
2026-03-29,23:47:56,soil culture 1,-104.625,2026-03-29 23:47:56,20260805_soil_log.txt
2026-03-29,23:52:56,soil culture 1,-104.5,2026-03-29 23:52:56,20260805_soil_log.txt
2026-03-29,23:57:56,soil culture 1,-104.375,2026-03-29 23:57:56,20260805_soil_log.txt
2026-03-30,00:02:56,soil culture 1,-104.25,2026-03-30 00:02:56,20260805_soil_log.txt
2026-03-30,00:07:57,soil culture 1,-104.25,2026-03-30 00:07:57,20260805_soil_log.txt
2026-03-30,00:12:57,soil culture 1,-104.25,2026-03-30 00:12:57,20260805_soil_log.txt
2026-03-30,00:17:57,soil culture 1,-104.25,2026-03-30 00:17:57,20260805_soil_log.txt
2026-03-30,00:22:57,soil culture 1,-104.25,2026-03-30 00:22:57,20260805_soil_log.txt
2026-03-30,00:27:58,soil culture 1,-104.125,2026-03-30 00:27:58,20260805_soil_log.txt
2026-03-30,00:32:58,soil culture 1,-104.00000000000001,2026-03-30 00:32:58,20260805_soil_log.txt
2026-03-30,00:37:58,soil culture 1,-104.00000000000001,2026-03-30 00:37:58,20260805_soil_log.txt
2026-03-30,00:42:58,soil culture 1,-104.00000000000001,2026-03-30 00:42:58,20260805_soil_log.txt
2026-03-30,00:47:58,soil culture 1,-103.87500000000001,2026-03-30 00:47:58,20260805_soil_log.txt
2026-03-30,00:52:59,soil culture 1,-103.87500000000001,2026-03-30 00:52:59,20260805_soil_log.txt
2026-03-30,00:57:59,soil culture 1,-103.75000000000001,2026-03-30 00:57:59,20260805_soil_log.txt
2026-03-30,01:02:59,soil culture 1,-103.62500000000001,2026-03-30 01:02:59,20260805_soil_log.txt
2026-03-30,01:07:59,soil culture 1,-103.62500000000001,2026-03-30 01:07:59,20260805_soil_log.txt
2026-03-30,01:12:59,soil culture 1,-103.50000000000001,2026-03-30 01:12:59,20260805_soil_log.txt
2026-03-30,01:18:00,soil culture 1,-103.37500000000001,2026-03-30 01:18:00,20260805_soil_log.txt
2026-03-30,01:23:00,soil culture 1,-103.37500000000001,2026-03-30 01:23:00,20260805_soil_log.txt
2026-03-30,01:28:00,soil culture 1,-103.25000000000001,2026-03-30 01:28:00,20260805_soil_log.txt
2026-03-30,01:33:00,soil culture 1,-103.25000000000001,2026-03-30 01:33:00,20260805_soil_log.txt
2026-03-30,01:38:00,soil culture 1,-103.25000000000001,2026-03-30 01:38:00,20260805_soil_log.txt
2026-03-30,01:43:01,soil culture 1,-103.12500000000001,2026-03-30 01:43:01,20260805_soil_log.txt
2026-03-30,01:48:01,soil culture 1,-103.12500000000001,2026-03-30 01:48:01,20260805_soil_log.txt
2026-03-30,01:53:01,soil culture 1,-103.00000000000001,2026-03-30 01:53:01,20260805_soil_log.txt
2026-03-30,01:58:01,soil culture 1,-102.87500000000001,2026-03-30 01:58:01,20260805_soil_log.txt
2026-03-30,02:03:02,soil culture 1,-102.87500000000001,2026-03-30 02:03:02,20260805_soil_log.txt
2026-03-30,02:08:02,soil culture 1,-102.75000000000001,2026-03-30 02:08:02,20260805_soil_log.txt
2026-03-30,02:13:02,soil culture 1,-102.75000000000001,2026-03-30 02:13:02,20260805_soil_log.txt
2026-03-30,02:18:02,soil culture 1,-102.75000000000001,2026-03-30 02:18:02,20260805_soil_log.txt
2026-03-30,02:23:02,soil culture 1,-102.75000000000001,2026-03-30 02:23:02,20260805_soil_log.txt
2026-03-30,02:28:03,soil culture 1,-102.75000000000001,2026-03-30 02:28:03,20260805_soil_log.txt
2026-03-30,02:33:03,soil culture 1,-102.62500000000001,2026-03-30 02:33:03,20260805_soil_log.txt
2026-03-30,02:38:03,soil culture 1,-102.62500000000001,2026-03-30 02:38:03,20260805_soil_log.txt
2026-03-30,02:43:03,soil culture 1,-102.62500000000001,2026-03-30 02:43:03,20260805_soil_log.txt
2026-03-30,02:48:03,soil culture 1,-102.50000000000001,2026-03-30 02:48:03,20260805_soil_log.txt
2026-03-30,02:53:04,soil culture 1,-102.50000000000001,2026-03-30 02:53:04,20260805_soil_log.txt
2026-03-30,02:58:04,soil culture 1,-102.50000000000001,2026-03-30 02:58:04,20260805_soil_log.txt
2026-03-30,03:03:04,soil culture 1,-102.37500000000001,2026-03-30 03:03:04,20260805_soil_log.txt
2026-03-30,03:08:04,soil culture 1,-102.37500000000001,2026-03-30 03:08:04,20260805_soil_log.txt
2026-03-30,03:13:04,soil culture 1,-102.25000000000001,2026-03-30 03:13:04,20260805_soil_log.txt
2026-03-30,03:18:05,soil culture 1,-102.12500000000001,2026-03-30 03:18:05,20260805_soil_log.txt
2026-03-30,03:23:05,soil culture 1,-102.12500000000001,2026-03-30 03:23:05,20260805_soil_log.txt
2026-03-30,03:28:05,soil culture 1,-102.00000000000001,2026-03-30 03:28:05,20260805_soil_log.txt
2026-03-30,03:33:05,soil culture 1,-102.00000000000001,2026-03-30 03:33:05,20260805_soil_log.txt
2026-03-30,03:38:06,soil culture 1,-102.00000000000001,2026-03-30 03:38:06,20260805_soil_log.txt
2026-03-30,03:43:06,soil culture 1,-101.87500000000001,2026-03-30 03:43:06,20260805_soil_log.txt
2026-03-30,03:48:06,soil culture 1,-101.87500000000001,2026-03-30 03:48:06,20260805_soil_log.txt
2026-03-30,03:53:06,soil culture 1,-101.75,2026-03-30 03:53:06,20260805_soil_log.txt
2026-03-30,03:58:06,soil culture 1,-101.75,2026-03-30 03:58:06,20260805_soil_log.txt
2026-03-30,04:03:07,soil culture 1,-101.75,2026-03-30 04:03:07,20260805_soil_log.txt
2026-03-30,04:08:07,soil culture 1,-101.75,2026-03-30 04:08:07,20260805_soil_log.txt
2026-03-30,04:13:07,soil culture 1,-101.75,2026-03-30 04:13:07,20260805_soil_log.txt
2026-03-30,04:18:07,soil culture 1,-101.625,2026-03-30 04:18:07,20260805_soil_log.txt
2026-03-30,04:23:08,soil culture 1,-101.5,2026-03-30 04:23:08,20260805_soil_log.txt
2026-03-30,04:28:08,soil culture 1,-101.5,2026-03-30 04:28:08,20260805_soil_log.txt
2026-03-30,04:33:08,soil culture 1,-101.5,2026-03-30 04:33:08,20260805_soil_log.txt
2026-03-30,04:38:08,soil culture 1,-101.375,2026-03-30 04:38:08,20260805_soil_log.txt
2026-03-30,04:43:08,soil culture 1,-101.25,2026-03-30 04:43:08,20260805_soil_log.txt
2026-03-30,04:48:09,soil culture 1,-101.25,2026-03-30 04:48:09,20260805_soil_log.txt
2026-03-30,04:53:09,soil culture 1,-101.125,2026-03-30 04:53:09,20260805_soil_log.txt
2026-03-30,04:58:09,soil culture 1,-101.125,2026-03-30 04:58:09,20260805_soil_log.txt
2026-03-30,05:03:09,soil culture 1,-101.0,2026-03-30 05:03:09,20260805_soil_log.txt
2026-03-30,05:08:09,soil culture 1,-101.0,2026-03-30 05:08:09,20260805_soil_log.txt
2026-03-30,05:13:10,soil culture 1,-101.0,2026-03-30 05:13:10,20260805_soil_log.txt
2026-03-30,05:18:10,soil culture 1,-100.875,2026-03-30 05:18:10,20260805_soil_log.txt
2026-03-30,05:23:10,soil culture 1,-100.75,2026-03-30 05:23:10,20260805_soil_log.txt
2026-03-30,05:28:10,soil culture 1,-100.75,2026-03-30 05:28:10,20260805_soil_log.txt
2026-03-30,05:33:11,soil culture 1,-100.625,2026-03-30 05:33:11,20260805_soil_log.txt
2026-03-30,05:38:11,soil culture 1,-100.625,2026-03-30 05:38:11,20260805_soil_log.txt
2026-03-30,05:43:11,soil culture 1,-100.625,2026-03-30 05:43:11,20260805_soil_log.txt
2026-03-30,05:48:11,soil culture 1,-100.5,2026-03-30 05:48:11,20260805_soil_log.txt
2026-03-30,05:53:11,soil culture 1,-100.375,2026-03-30 05:53:11,20260805_soil_log.txt
2026-03-30,05:58:12,soil culture 1,-100.375,2026-03-30 05:58:12,20260805_soil_log.txt
2026-03-30,06:03:12,soil culture 1,-100.25,2026-03-30 06:03:12,20260805_soil_log.txt
2026-03-30,06:08:12,soil culture 1,-100.125,2026-03-30 06:08:12,20260805_soil_log.txt
2026-03-30,06:13:12,soil culture 1,-100.125,2026-03-30 06:13:12,20260805_soil_log.txt
2026-03-30,06:18:13,soil culture 1,-100.125,2026-03-30 06:18:13,20260805_soil_log.txt
2026-03-30,06:23:13,soil culture 1,-100.125,2026-03-30 06:23:13,20260805_soil_log.txt
2026-03-30,06:28:13,soil culture 1,-100.125,2026-03-30 06:28:13,20260805_soil_log.txt
2026-03-30,06:33:13,soil culture 1,-100.125,2026-03-30 06:33:13,20260805_soil_log.txt
2026-03-30,06:38:14,soil culture 1,-100.0,2026-03-30 06:38:14,20260805_soil_log.txt
2026-03-30,06:43:14,soil culture 1,-100.0,2026-03-30 06:43:14,20260805_soil_log.txt
2026-03-30,06:48:14,soil culture 1,-99.875,2026-03-30 06:48:14,20260805_soil_log.txt
2026-03-30,06:53:14,soil culture 1,-99.875,2026-03-30 06:53:14,20260805_soil_log.txt
2026-03-30,06:58:14,soil culture 1,-99.875,2026-03-30 06:58:14,20260805_soil_log.txt
2026-03-30,07:03:15,soil culture 1,-99.75,2026-03-30 07:03:15,20260805_soil_log.txt
2026-03-30,07:08:15,soil culture 1,-99.75,2026-03-30 07:08:15,20260805_soil_log.txt
2026-03-30,07:13:15,soil culture 1,-99.75,2026-03-30 07:13:15,20260805_soil_log.txt
2026-03-30,07:18:15,soil culture 1,-99.625,2026-03-30 07:18:15,20260805_soil_log.txt
2026-03-30,07:23:16,soil culture 1,-99.5,2026-03-30 07:23:16,20260805_soil_log.txt
2026-03-30,07:28:16,soil culture 1,-99.5,2026-03-30 07:28:16,20260805_soil_log.txt
2026-03-30,07:33:16,soil culture 1,-99.375,2026-03-30 07:33:16,20260805_soil_log.txt
2026-03-30,07:38:16,soil culture 1,-99.5,2026-03-30 07:38:16,20260805_soil_log.txt
2026-03-30,07:43:16,soil culture 1,-99.375,2026-03-30 07:43:16,20260805_soil_log.txt
2026-03-30,07:48:17,soil culture 1,-99.375,2026-03-30 07:48:17,20260805_soil_log.txt
2026-03-30,07:53:17,soil culture 1,-99.25,2026-03-30 07:53:17,20260805_soil_log.txt
2026-03-30,07:58:17,soil culture 1,-99.25,2026-03-30 07:58:17,20260805_soil_log.txt
2026-03-30,08:03:17,soil culture 1,-99.25,2026-03-30 08:03:17,20260805_soil_log.txt
2026-03-30,08:08:18,soil culture 1,-99.25,2026-03-30 08:08:18,20260805_soil_log.txt
2026-03-30,08:13:18,soil culture 1,-99.25,2026-03-30 08:13:18,20260805_soil_log.txt
2026-03-30,08:18:18,soil culture 1,-99.125,2026-03-30 08:18:18,20260805_soil_log.txt
2026-03-30,08:23:18,soil culture 1,-99.125,2026-03-30 08:23:18,20260805_soil_log.txt
2026-03-30,08:28:18,soil culture 1,-99.125,2026-03-30 08:28:18,20260805_soil_log.txt
2026-03-30,08:33:19,soil culture 1,-99.0,2026-03-30 08:33:19,20260805_soil_log.txt
2026-03-30,08:38:19,soil culture 1,-99.0,2026-03-30 08:38:19,20260805_soil_log.txt
2026-03-30,08:43:19,soil culture 1,-98.875,2026-03-30 08:43:19,20260805_soil_log.txt
2026-03-30,08:48:19,soil culture 1,-98.875,2026-03-30 08:48:19,20260805_soil_log.txt
2026-03-30,08:53:20,soil culture 1,-98.75,2026-03-30 08:53:20,20260805_soil_log.txt
2026-03-30,08:58:20,soil culture 1,-98.625,2026-03-30 08:58:20,20260805_soil_log.txt
2026-03-30,09:03:20,soil culture 1,-98.625,2026-03-30 09:03:20,20260805_soil_log.txt
2026-03-30,09:08:20,soil culture 1,-98.75,2026-03-30 09:08:20,20260805_soil_log.txt
2026-03-30,09:13:20,soil culture 1,-98.625,2026-03-30 09:13:20,20260805_soil_log.txt
2026-03-30,09:18:21,soil culture 1,-98.625,2026-03-30 09:18:21,20260805_soil_log.txt
2026-03-30,09:23:21,soil culture 1,-98.625,2026-03-30 09:23:21,20260805_soil_log.txt
2026-03-30,09:28:21,soil culture 1,-98.5,2026-03-30 09:28:21,20260805_soil_log.txt
2026-03-30,09:33:21,soil culture 1,-98.5,2026-03-30 09:33:21,20260805_soil_log.txt
2026-03-30,09:38:22,soil culture 1,-98.5,2026-03-30 09:38:22,20260805_soil_log.txt
2026-03-30,09:43:22,soil culture 1,-98.5,2026-03-30 09:43:22,20260805_soil_log.txt
2026-03-30,09:48:22,soil culture 1,-98.375,2026-03-30 09:48:22,20260805_soil_log.txt
2026-03-30,09:53:22,soil culture 1,-98.375,2026-03-30 09:53:22,20260805_soil_log.txt
2026-03-30,09:58:22,soil culture 1,-98.375,2026-03-30 09:58:22,20260805_soil_log.txt
2026-03-30,10:03:23,soil culture 1,-98.25,2026-03-30 10:03:23,20260805_soil_log.txt
2026-03-30,10:08:23,soil culture 1,-98.25,2026-03-30 10:08:23,20260805_soil_log.txt
2026-03-30,10:13:23,soil culture 1,-98.125,2026-03-30 10:13:23,20260805_soil_log.txt
2026-03-30,10:18:23,soil culture 1,-98.125,2026-03-30 10:18:23,20260805_soil_log.txt
2026-03-30,10:23:24,soil culture 1,-98.125,2026-03-30 10:23:24,20260805_soil_log.txt
2026-03-30,10:28:24,soil culture 1,-98.0,2026-03-30 10:28:24,20260805_soil_log.txt
2026-03-30,10:33:24,soil culture 1,-98.0,2026-03-30 10:33:24,20260805_soil_log.txt
2026-03-30,10:38:24,soil culture 1,-98.0,2026-03-30 10:38:24,20260805_soil_log.txt
2026-03-30,10:43:24,soil culture 1,-97.875,2026-03-30 10:43:24,20260805_soil_log.txt
2026-03-30,10:48:25,soil culture 1,-97.75,2026-03-30 10:48:25,20260805_soil_log.txt
2026-03-30,10:53:25,soil culture 1,-97.75,2026-03-30 10:53:25,20260805_soil_log.txt
2026-03-30,10:58:25,soil culture 1,-97.75,2026-03-30 10:58:25,20260805_soil_log.txt
2026-03-30,11:03:25,soil culture 1,-97.75,2026-03-30 11:03:25,20260805_soil_log.txt
2026-03-30,11:08:26,soil culture 1,-97.625,2026-03-30 11:08:26,20260805_soil_log.txt
2026-03-30,11:13:26,soil culture 1,-97.625,2026-03-30 11:13:26,20260805_soil_log.txt
2026-03-30,11:18:26,soil culture 1,-97.5,2026-03-30 11:18:26,20260805_soil_log.txt
2026-03-30,11:23:26,soil culture 1,-97.5,2026-03-30 11:23:26,20260805_soil_log.txt
2026-03-30,11:28:26,soil culture 1,-97.5,2026-03-30 11:28:26,20260805_soil_log.txt
2026-03-30,11:33:27,soil culture 1,-97.5,2026-03-30 11:33:27,20260805_soil_log.txt
2026-03-30,11:38:27,soil culture 1,-97.375,2026-03-30 11:38:27,20260805_soil_log.txt
2026-03-30,11:43:27,soil culture 1,-97.375,2026-03-30 11:43:27,20260805_soil_log.txt
2026-03-30,11:48:27,soil culture 1,-97.375,2026-03-30 11:48:27,20260805_soil_log.txt
2026-03-30,11:53:28,soil culture 1,-97.25,2026-03-30 11:53:28,20260805_soil_log.txt
2026-03-30,11:58:28,soil culture 1,-97.125,2026-03-30 11:58:28,20260805_soil_log.txt
2026-03-30,12:03:28,soil culture 1,-97.0,2026-03-30 12:03:28,20260805_soil_log.txt
2026-03-30,12:08:28,soil culture 1,-97.0,2026-03-30 12:08:28,20260805_soil_log.txt
2026-03-30,12:13:28,soil culture 1,-97.0,2026-03-30 12:13:28,20260805_soil_log.txt
2026-03-30,12:18:29,soil culture 1,-96.875,2026-03-30 12:18:29,20260805_soil_log.txt
2026-03-30,12:23:29,soil culture 1,-96.875,2026-03-30 12:23:29,20260805_soil_log.txt
2026-03-30,12:28:29,soil culture 1,-96.75,2026-03-30 12:28:29,20260805_soil_log.txt
2026-03-30,12:33:29,soil culture 1,-96.75,2026-03-30 12:33:29,20260805_soil_log.txt
2026-03-30,12:38:29,soil culture 1,-96.625,2026-03-30 12:38:29,20260805_soil_log.txt
2026-03-30,12:43:30,soil culture 1,-96.625,2026-03-30 12:43:30,20260805_soil_log.txt
2026-03-30,12:48:30,soil culture 1,-96.625,2026-03-30 12:48:30,20260805_soil_log.txt
2026-03-30,12:53:30,soil culture 1,-96.625,2026-03-30 12:53:30,20260805_soil_log.txt
2026-03-30,12:58:30,soil culture 1,-96.625,2026-03-30 12:58:30,20260805_soil_log.txt
2026-03-30,13:03:30,soil culture 1,-96.625,2026-03-30 13:03:30,20260805_soil_log.txt
2026-03-30,13:08:31,soil culture 1,-96.5,2026-03-30 13:08:31,20260805_soil_log.txt
2026-03-30,13:13:31,soil culture 1,-96.5,2026-03-30 13:13:31,20260805_soil_log.txt
2026-03-30,13:18:31,soil culture 1,-96.5,2026-03-30 13:18:31,20260805_soil_log.txt
2026-03-30,13:23:31,soil culture 1,-96.375,2026-03-30 13:23:31,20260805_soil_log.txt
2026-03-30,13:28:31,soil culture 1,-96.375,2026-03-30 13:28:31,20260805_soil_log.txt
2026-03-30,13:33:32,soil culture 1,-96.375,2026-03-30 13:33:32,20260805_soil_log.txt
2026-03-30,13:38:32,soil culture 1,-96.375,2026-03-30 13:38:32,20260805_soil_log.txt
2026-03-30,13:43:32,soil culture 1,-96.25,2026-03-30 13:43:32,20260805_soil_log.txt
2026-03-30,13:48:32,soil culture 1,-96.25,2026-03-30 13:48:32,20260805_soil_log.txt
2026-03-30,13:53:33,soil culture 1,-96.125,2026-03-30 13:53:33,20260805_soil_log.txt
2026-03-30,13:58:33,soil culture 1,-96.0,2026-03-30 13:58:33,20260805_soil_log.txt
2026-03-30,14:03:33,soil culture 1,-96.0,2026-03-30 14:03:33,20260805_soil_log.txt
2026-03-30,14:08:33,soil culture 1,-96.0,2026-03-30 14:08:33,20260805_soil_log.txt
2026-03-30,14:13:33,soil culture 1,-95.875,2026-03-30 14:13:33,20260805_soil_log.txt
2026-03-30,14:18:34,soil culture 1,-95.875,2026-03-30 14:18:34,20260805_soil_log.txt
2026-03-30,14:23:34,soil culture 1,-95.875,2026-03-30 14:23:34,20260805_soil_log.txt
2026-03-30,14:28:34,soil culture 1,-95.75,2026-03-30 14:28:34,20260805_soil_log.txt
2026-03-30,14:33:34,soil culture 1,-95.625,2026-03-30 14:33:34,20260805_soil_log.txt
2026-03-30,14:38:34,soil culture 1,-95.625,2026-03-30 14:38:34,20260805_soil_log.txt
2026-03-30,14:43:35,soil culture 1,-95.625,2026-03-30 14:43:35,20260805_soil_log.txt
2026-03-30,14:48:35,soil culture 1,-95.5,2026-03-30 14:48:35,20260805_soil_log.txt
2026-03-30,14:53:35,soil culture 1,-95.375,2026-03-30 14:53:35,20260805_soil_log.txt
2026-03-30,14:58:35,soil culture 1,-95.375,2026-03-30 14:58:35,20260805_soil_log.txt
2026-03-30,15:03:36,soil culture 1,-95.375,2026-03-30 15:03:36,20260805_soil_log.txt
2026-03-30,15:08:36,soil culture 1,-95.25,2026-03-30 15:08:36,20260805_soil_log.txt
2026-03-30,15:13:36,soil culture 1,-95.125,2026-03-30 15:13:36,20260805_soil_log.txt
2026-03-30,15:18:36,soil culture 1,-95.125,2026-03-30 15:18:36,20260805_soil_log.txt
2026-03-30,15:23:37,soil culture 1,-95.125,2026-03-30 15:23:37,20260805_soil_log.txt
2026-03-30,15:28:37,soil culture 1,-95.125,2026-03-30 15:28:37,20260805_soil_log.txt
2026-03-30,15:33:37,soil culture 1,-95.0,2026-03-30 15:33:37,20260805_soil_log.txt
2026-03-30,15:38:37,soil culture 1,-94.875,2026-03-30 15:38:37,20260805_soil_log.txt
2026-03-30,15:43:37,soil culture 1,-95.0,2026-03-30 15:43:37,20260805_soil_log.txt
2026-03-30,15:48:38,soil culture 1,-94.875,2026-03-30 15:48:38,20260805_soil_log.txt
2026-03-30,15:53:38,soil culture 1,-94.75,2026-03-30 15:53:38,20260805_soil_log.txt
2026-03-30,15:58:38,soil culture 1,-94.875,2026-03-30 15:58:38,20260805_soil_log.txt
2026-03-30,16:03:38,soil culture 1,-94.75,2026-03-30 16:03:38,20260805_soil_log.txt
2026-03-30,16:08:39,soil culture 1,-94.75,2026-03-30 16:08:39,20260805_soil_log.txt
2026-03-30,16:13:39,soil culture 1,-94.75,2026-03-30 16:13:39,20260805_soil_log.txt
2026-03-30,16:18:39,soil culture 1,-94.625,2026-03-30 16:18:39,20260805_soil_log.txt
2026-03-30,16:23:39,soil culture 1,-94.5,2026-03-30 16:23:39,20260805_soil_log.txt
2026-03-30,16:28:40,soil culture 1,-94.5,2026-03-30 16:28:40,20260805_soil_log.txt
2026-03-30,16:33:40,soil culture 1,-94.375,2026-03-30 16:33:40,20260805_soil_log.txt
2026-03-30,16:38:40,soil culture 1,-94.625,2026-03-30 16:38:40,20260805_soil_log.txt
2026-03-30,16:43:40,soil culture 1,-94.375,2026-03-30 16:43:40,20260805_soil_log.txt
2026-03-30,16:48:40,soil culture 1,-94.375,2026-03-30 16:48:40,20260805_soil_log.txt
2026-03-30,16:53:41,soil culture 1,-94.375,2026-03-30 16:53:41,20260805_soil_log.txt
2026-03-30,16:58:41,soil culture 1,-94.25,2026-03-30 16:58:41,20260805_soil_log.txt
2026-03-30,17:03:41,soil culture 1,-94.25,2026-03-30 17:03:41,20260805_soil_log.txt
2026-03-30,17:08:41,soil culture 1,-94.25,2026-03-30 17:08:41,20260805_soil_log.txt
2026-03-30,17:13:42,soil culture 1,-94.25,2026-03-30 17:13:42,20260805_soil_log.txt
2026-03-30,17:18:42,soil culture 1,-94.125,2026-03-30 17:18:42,20260805_soil_log.txt
2026-03-30,17:23:42,soil culture 1,-94.125,2026-03-30 17:23:42,20260805_soil_log.txt
2026-03-30,17:28:42,soil culture 1,-94.125,2026-03-30 17:28:42,20260805_soil_log.txt
2026-03-30,17:33:42,soil culture 1,-94.0,2026-03-30 17:33:42,20260805_soil_log.txt
2026-03-30,17:38:43,soil culture 1,-94.0,2026-03-30 17:38:43,20260805_soil_log.txt
2026-03-30,17:43:43,soil culture 1,-93.875,2026-03-30 17:43:43,20260805_soil_log.txt
2026-03-30,17:48:43,soil culture 1,-93.875,2026-03-30 17:48:43,20260805_soil_log.txt
2026-03-30,17:53:43,soil culture 1,-93.875,2026-03-30 17:53:43,20260805_soil_log.txt
2026-03-30,17:58:44,soil culture 1,-93.75,2026-03-30 17:58:44,20260805_soil_log.txt
2026-03-30,18:03:44,soil culture 1,-93.75,2026-03-30 18:03:44,20260805_soil_log.txt
2026-03-30,18:08:44,soil culture 1,-93.75,2026-03-30 18:08:44,20260805_soil_log.txt
2026-03-30,18:13:44,soil culture 1,-93.75,2026-03-30 18:13:44,20260805_soil_log.txt
2026-03-30,18:18:44,soil culture 1,-93.75,2026-03-30 18:18:44,20260805_soil_log.txt
2026-03-30,18:23:45,soil culture 1,-93.625,2026-03-30 18:23:45,20260805_soil_log.txt
2026-03-30,18:28:45,soil culture 1,-93.5,2026-03-30 18:28:45,20260805_soil_log.txt
2026-03-30,18:33:45,soil culture 1,-93.375,2026-03-30 18:33:45,20260805_soil_log.txt
2026-03-30,18:38:45,soil culture 1,-93.375,2026-03-30 18:38:45,20260805_soil_log.txt
2026-03-30,18:43:46,soil culture 1,-93.375,2026-03-30 18:43:46,20260805_soil_log.txt
2026-03-30,18:48:46,soil culture 1,-93.375,2026-03-30 18:48:46,20260805_soil_log.txt
2026-03-30,18:53:46,soil culture 1,-93.375,2026-03-30 18:53:46,20260805_soil_log.txt
2026-03-30,18:58:46,soil culture 1,-93.375,2026-03-30 18:58:46,20260805_soil_log.txt
2026-03-30,19:03:46,soil culture 1,-93.25,2026-03-30 19:03:46,20260805_soil_log.txt
2026-03-30,19:08:47,soil culture 1,-93.125,2026-03-30 19:08:47,20260805_soil_log.txt
2026-03-30,19:13:47,soil culture 1,-93.125,2026-03-30 19:13:47,20260805_soil_log.txt
2026-03-30,19:18:47,soil culture 1,-93.125,2026-03-30 19:18:47,20260805_soil_log.txt
2026-03-30,19:23:47,soil culture 1,-93.125,2026-03-30 19:23:47,20260805_soil_log.txt
2026-03-30,19:28:48,soil culture 1,-93.125,2026-03-30 19:28:48,20260805_soil_log.txt
2026-03-30,19:33:48,soil culture 1,-93.0,2026-03-30 19:33:48,20260805_soil_log.txt
2026-03-30,19:38:48,soil culture 1,-93.0,2026-03-30 19:38:48,20260805_soil_log.txt
2026-03-30,19:43:48,soil culture 1,-92.875,2026-03-30 19:43:48,20260805_soil_log.txt
2026-03-30,19:48:48,soil culture 1,-92.875,2026-03-30 19:48:48,20260805_soil_log.txt
2026-03-30,19:53:49,soil culture 1,-92.75,2026-03-30 19:53:49,20260805_soil_log.txt
2026-03-30,19:58:49,soil culture 1,-92.75,2026-03-30 19:58:49,20260805_soil_log.txt
2026-03-30,20:03:49,soil culture 1,-92.75,2026-03-30 20:03:49,20260805_soil_log.txt
2026-03-30,20:08:49,soil culture 1,-92.75,2026-03-30 20:08:49,20260805_soil_log.txt
2026-03-30,20:13:49,soil culture 1,-92.625,2026-03-30 20:13:49,20260805_soil_log.txt
2026-03-30,20:18:50,soil culture 1,-92.625,2026-03-30 20:18:50,20260805_soil_log.txt
2026-03-30,20:23:50,soil culture 1,-92.625,2026-03-30 20:23:50,20260805_soil_log.txt
2026-03-30,20:28:50,soil culture 1,-92.5,2026-03-30 20:28:50,20260805_soil_log.txt
2026-03-30,20:33:50,soil culture 1,-92.5,2026-03-30 20:33:50,20260805_soil_log.txt
2026-03-30,20:38:51,soil culture 1,-92.5,2026-03-30 20:38:51,20260805_soil_log.txt
2026-03-30,20:43:51,soil culture 1,-92.5,2026-03-30 20:43:51,20260805_soil_log.txt
2026-03-30,20:48:51,soil culture 1,-92.375,2026-03-30 20:48:51,20260805_soil_log.txt
2026-03-30,20:53:51,soil culture 1,-92.375,2026-03-30 20:53:51,20260805_soil_log.txt
2026-03-30,20:58:51,soil culture 1,-92.25,2026-03-30 20:58:51,20260805_soil_log.txt
2026-03-30,21:03:52,soil culture 1,-92.125,2026-03-30 21:03:52,20260805_soil_log.txt
2026-03-30,21:08:52,soil culture 1,-92.125,2026-03-30 21:08:52,20260805_soil_log.txt
2026-03-30,21:13:52,soil culture 1,-92.125,2026-03-30 21:13:52,20260805_soil_log.txt
2026-03-30,21:18:52,soil culture 1,-92.125,2026-03-30 21:18:52,20260805_soil_log.txt
2026-03-30,21:23:53,soil culture 1,-92.0,2026-03-30 21:23:53,20260805_soil_log.txt
2026-03-30,21:28:53,soil culture 1,-91.875,2026-03-30 21:28:53,20260805_soil_log.txt
2026-03-30,21:33:53,soil culture 1,-92.0,2026-03-30 21:33:53,20260805_soil_log.txt
2026-03-30,21:38:53,soil culture 1,-92.0,2026-03-30 21:38:53,20260805_soil_log.txt
2026-03-30,21:43:53,soil culture 1,-91.875,2026-03-30 21:43:53,20260805_soil_log.txt
2026-03-30,21:48:54,soil culture 1,-91.75,2026-03-30 21:48:54,20260805_soil_log.txt
2026-03-30,21:53:54,soil culture 1,-91.75,2026-03-30 21:53:54,20260805_soil_log.txt
2026-03-30,21:58:54,soil culture 1,-91.75,2026-03-30 21:58:54,20260805_soil_log.txt
2026-03-30,22:03:54,soil culture 1,-91.625,2026-03-30 22:03:54,20260805_soil_log.txt
2026-03-30,22:08:54,soil culture 1,-91.625,2026-03-30 22:08:54,20260805_soil_log.txt
2026-03-30,22:13:55,soil culture 1,-91.625,2026-03-30 22:13:55,20260805_soil_log.txt
2026-03-30,22:18:55,soil culture 1,-91.5,2026-03-30 22:18:55,20260805_soil_log.txt
2026-03-30,22:23:55,soil culture 1,-91.5,2026-03-30 22:23:55,20260805_soil_log.txt
2026-03-30,22:28:55,soil culture 1,-91.375,2026-03-30 22:28:55,20260805_soil_log.txt
2026-03-30,22:33:56,soil culture 1,-91.375,2026-03-30 22:33:56,20260805_soil_log.txt
2026-03-30,22:38:56,soil culture 1,-91.375,2026-03-30 22:38:56,20260805_soil_log.txt
2026-03-30,22:43:56,soil culture 1,-91.25,2026-03-30 22:43:56,20260805_soil_log.txt
2026-03-30,22:48:56,soil culture 1,-91.25,2026-03-30 22:48:56,20260805_soil_log.txt
2026-03-30,22:53:57,soil culture 1,-91.25,2026-03-30 22:53:57,20260805_soil_log.txt
2026-03-30,22:58:57,soil culture 1,-91.125,2026-03-30 22:58:57,20260805_soil_log.txt
2026-03-30,23:03:57,soil culture 1,-91.125,2026-03-30 23:03:57,20260805_soil_log.txt
2026-03-30,23:08:57,soil culture 1,-91.125,2026-03-30 23:08:57,20260805_soil_log.txt
2026-03-30,23:13:57,soil culture 1,-91.0,2026-03-30 23:13:57,20260805_soil_log.txt
2026-03-30,23:18:58,soil culture 1,-91.0,2026-03-30 23:18:58,20260805_soil_log.txt
2026-03-30,23:23:58,soil culture 1,-91.0,2026-03-30 23:23:58,20260805_soil_log.txt
2026-03-30,23:28:58,soil culture 1,-90.875,2026-03-30 23:28:58,20260805_soil_log.txt
2026-03-30,23:33:58,soil culture 1,-90.75,2026-03-30 23:33:58,20260805_soil_log.txt
2026-03-30,23:38:59,soil culture 1,-90.875,2026-03-30 23:38:59,20260805_soil_log.txt
2026-03-30,23:43:59,soil culture 1,-90.75,2026-03-30 23:43:59,20260805_soil_log.txt
2026-03-30,23:48:59,soil culture 1,-90.75,2026-03-30 23:48:59,20260805_soil_log.txt
2026-03-30,23:53:59,soil culture 1,-90.625,2026-03-30 23:53:59,20260805_soil_log.txt
2026-03-30,23:58:59,soil culture 1,-90.75,2026-03-30 23:58:59,20260805_soil_log.txt
2026-03-31,00:04:00,soil culture 1,-90.625,2026-03-31 00:04:00,20260805_soil_log.txt
2026-03-31,00:09:00,soil culture 1,-90.625,2026-03-31 00:09:00,20260805_soil_log.txt
2026-03-31,00:14:00,soil culture 1,-90.5,2026-03-31 00:14:00,20260805_soil_log.txt
2026-03-31,00:19:00,soil culture 1,-90.5,2026-03-31 00:19:00,20260805_soil_log.txt
2026-03-31,00:24:01,soil culture 1,-90.375,2026-03-31 00:24:01,20260805_soil_log.txt
2026-03-31,00:29:01,soil culture 1,-90.375,2026-03-31 00:29:01,20260805_soil_log.txt
2026-03-31,00:34:01,soil culture 1,-90.25,2026-03-31 00:34:01,20260805_soil_log.txt
2026-03-31,00:39:01,soil culture 1,-90.25,2026-03-31 00:39:01,20260805_soil_log.txt
2026-03-31,00:44:01,soil culture 1,-90.125,2026-03-31 00:44:01,20260805_soil_log.txt
2026-03-31,00:49:02,soil culture 1,-90.125,2026-03-31 00:49:02,20260805_soil_log.txt
2026-03-31,00:54:02,soil culture 1,-90.125,2026-03-31 00:54:02,20260805_soil_log.txt
2026-03-31,00:59:02,soil culture 1,-90.0,2026-03-31 00:59:02,20260805_soil_log.txt
2026-03-31,01:04:02,soil culture 1,-90.0,2026-03-31 01:04:02,20260805_soil_log.txt
2026-03-31,01:09:03,soil culture 1,-89.875,2026-03-31 01:09:03,20260805_soil_log.txt
2026-03-31,01:14:03,soil culture 1,-89.875,2026-03-31 01:14:03,20260805_soil_log.txt
2026-03-31,01:19:03,soil culture 1,-89.875,2026-03-31 01:19:03,20260805_soil_log.txt
2026-03-31,01:24:03,soil culture 1,-89.75,2026-03-31 01:24:03,20260805_soil_log.txt
2026-03-31,01:29:03,soil culture 1,-89.75,2026-03-31 01:29:03,20260805_soil_log.txt
2026-03-31,01:34:04,soil culture 1,-89.75,2026-03-31 01:34:04,20260805_soil_log.txt
2026-03-31,01:39:04,soil culture 1,-89.625,2026-03-31 01:39:04,20260805_soil_log.txt
2026-03-31,01:44:04,soil culture 1,-89.625,2026-03-31 01:44:04,20260805_soil_log.txt
2026-03-31,01:49:04,soil culture 1,-89.5,2026-03-31 01:49:04,20260805_soil_log.txt
2026-03-31,01:54:04,soil culture 1,-89.375,2026-03-31 01:54:04,20260805_soil_log.txt
2026-03-31,01:59:05,soil culture 1,-89.375,2026-03-31 01:59:05,20260805_soil_log.txt
2026-03-31,02:04:05,soil culture 1,-89.375,2026-03-31 02:04:05,20260805_soil_log.txt
2026-03-31,02:09:05,soil culture 1,-89.375,2026-03-31 02:09:05,20260805_soil_log.txt
2026-03-31,02:14:05,soil culture 1,-89.25,2026-03-31 02:14:05,20260805_soil_log.txt
2026-03-31,02:19:06,soil culture 1,-89.25,2026-03-31 02:19:06,20260805_soil_log.txt
2026-03-31,02:24:06,soil culture 1,-89.25,2026-03-31 02:24:06,20260805_soil_log.txt
2026-03-31,02:29:06,soil culture 1,-89.125,2026-03-31 02:29:06,20260805_soil_log.txt
2026-03-31,02:34:06,soil culture 1,-89.25,2026-03-31 02:34:06,20260805_soil_log.txt
2026-03-31,02:39:07,soil culture 1,-89.125,2026-03-31 02:39:07,20260805_soil_log.txt
2026-03-31,02:44:07,soil culture 1,-89.0,2026-03-31 02:44:07,20260805_soil_log.txt
2026-03-31,02:49:07,soil culture 1,-89.0,2026-03-31 02:49:07,20260805_soil_log.txt
2026-03-31,02:54:07,soil culture 1,-88.875,2026-03-31 02:54:07,20260805_soil_log.txt
2026-03-31,02:59:07,soil culture 1,-88.875,2026-03-31 02:59:07,20260805_soil_log.txt
2026-03-31,03:04:08,soil culture 1,-88.75,2026-03-31 03:04:08,20260805_soil_log.txt
2026-03-31,03:09:08,soil culture 1,-88.75,2026-03-31 03:09:08,20260805_soil_log.txt
2026-03-31,03:14:08,soil culture 1,-88.625,2026-03-31 03:14:08,20260805_soil_log.txt
2026-03-31,03:19:08,soil culture 1,-88.625,2026-03-31 03:19:08,20260805_soil_log.txt
2026-03-31,03:24:08,soil culture 1,-88.625,2026-03-31 03:24:08,20260805_soil_log.txt
2026-03-31,03:29:09,soil culture 1,-88.5,2026-03-31 03:29:09,20260805_soil_log.txt
2026-03-31,03:34:09,soil culture 1,-88.375,2026-03-31 03:34:09,20260805_soil_log.txt
2026-03-31,03:39:09,soil culture 1,-88.375,2026-03-31 03:39:09,20260805_soil_log.txt
2026-03-31,03:44:09,soil culture 1,-88.375,2026-03-31 03:44:09,20260805_soil_log.txt
2026-03-31,03:49:10,soil culture 1,-88.25,2026-03-31 03:49:10,20260805_soil_log.txt
2026-03-31,03:54:10,soil culture 1,-88.25,2026-03-31 03:54:10,20260805_soil_log.txt
2026-03-31,03:59:10,soil culture 1,-88.25,2026-03-31 03:59:10,20260805_soil_log.txt
2026-03-31,04:04:10,soil culture 1,-88.125,2026-03-31 04:04:10,20260805_soil_log.txt
2026-03-31,04:09:10,soil culture 1,-88.125,2026-03-31 04:09:10,20260805_soil_log.txt
2026-03-31,04:14:11,soil culture 1,-88.125,2026-03-31 04:14:11,20260805_soil_log.txt
2026-03-31,04:19:11,soil culture 1,-88.0,2026-03-31 04:19:11,20260805_soil_log.txt
2026-03-31,04:24:11,soil culture 1,-88.0,2026-03-31 04:24:11,20260805_soil_log.txt
2026-03-31,04:29:11,soil culture 1,-87.87500000000001,2026-03-31 04:29:11,20260805_soil_log.txt
2026-03-31,04:34:11,soil culture 1,-87.87500000000001,2026-03-31 04:34:11,20260805_soil_log.txt
2026-03-31,04:39:12,soil culture 1,-87.75000000000001,2026-03-31 04:39:12,20260805_soil_log.txt
2026-03-31,04:44:12,soil culture 1,-87.75000000000001,2026-03-31 04:44:12,20260805_soil_log.txt
2026-03-31,04:49:12,soil culture 1,-87.62500000000001,2026-03-31 04:49:12,20260805_soil_log.txt
2026-03-31,04:54:12,soil culture 1,-87.62500000000001,2026-03-31 04:54:12,20260805_soil_log.txt
2026-03-31,04:59:13,soil culture 1,-87.50000000000001,2026-03-31 04:59:13,20260805_soil_log.txt
2026-03-31,05:04:13,soil culture 1,-87.50000000000001,2026-03-31 05:04:13,20260805_soil_log.txt
2026-03-31,05:09:13,soil culture 1,-87.50000000000001,2026-03-31 05:09:13,20260805_soil_log.txt
2026-03-31,05:14:13,soil culture 1,-87.37500000000001,2026-03-31 05:14:13,20260805_soil_log.txt
2026-03-31,05:19:13,soil culture 1,-87.25000000000001,2026-03-31 05:19:13,20260805_soil_log.txt
2026-03-31,05:24:14,soil culture 1,-87.25000000000001,2026-03-31 05:24:14,20260805_soil_log.txt
2026-03-31,05:29:14,soil culture 1,-87.25000000000001,2026-03-31 05:29:14,20260805_soil_log.txt
2026-03-31,05:34:14,soil culture 1,-87.00000000000001,2026-03-31 05:34:14,20260805_soil_log.txt
2026-03-31,05:39:14,soil culture 1,-87.00000000000001,2026-03-31 05:39:14,20260805_soil_log.txt
2026-03-31,05:44:15,soil culture 1,-87.00000000000001,2026-03-31 05:44:15,20260805_soil_log.txt
2026-03-31,05:49:15,soil culture 1,-87.00000000000001,2026-03-31 05:49:15,20260805_soil_log.txt
2026-03-31,05:54:15,soil culture 1,-87.00000000000001,2026-03-31 05:54:15,20260805_soil_log.txt
2026-03-31,05:59:15,soil culture 1,-86.87500000000001,2026-03-31 05:59:15,20260805_soil_log.txt
2026-03-31,06:04:15,soil culture 1,-86.87500000000001,2026-03-31 06:04:15,20260805_soil_log.txt
2026-03-31,06:09:15,soil culture 1,-86.75000000000001,2026-03-31 06:09:15,20260805_soil_log.txt
2026-03-31,06:14:16,soil culture 1,-86.75000000000001,2026-03-31 06:14:16,20260805_soil_log.txt
2026-03-31,06:19:16,soil culture 1,-86.62500000000001,2026-03-31 06:19:16,20260805_soil_log.txt
2026-03-31,06:24:16,soil culture 1,-86.62500000000001,2026-03-31 06:24:16,20260805_soil_log.txt
2026-03-31,06:29:16,soil culture 1,-86.62500000000001,2026-03-31 06:29:16,20260805_soil_log.txt
2026-03-31,06:34:17,soil culture 1,-86.75000000000001,2026-03-31 06:34:17,20260805_soil_log.txt
2026-03-31,06:39:17,soil culture 1,-86.62500000000001,2026-03-31 06:39:17,20260805_soil_log.txt
2026-03-31,06:44:17,soil culture 1,-86.62500000000001,2026-03-31 06:44:17,20260805_soil_log.txt
2026-03-31,06:49:17,soil culture 1,-86.50000000000001,2026-03-31 06:49:17,20260805_soil_log.txt
2026-03-31,06:54:18,soil culture 1,-86.37500000000001,2026-03-31 06:54:18,20260805_soil_log.txt
2026-03-31,06:59:18,soil culture 1,-86.37500000000001,2026-03-31 06:59:18,20260805_soil_log.txt
2026-03-31,07:04:18,soil culture 1,-86.25000000000001,2026-03-31 07:04:18,20260805_soil_log.txt
2026-03-31,07:09:18,soil culture 1,-86.37500000000001,2026-03-31 07:09:18,20260805_soil_log.txt
2026-03-31,07:14:18,soil culture 1,-86.37500000000001,2026-03-31 07:14:18,20260805_soil_log.txt
2026-03-31,07:19:19,soil culture 1,-86.37500000000001,2026-03-31 07:19:19,20260805_soil_log.txt
2026-03-31,07:24:19,soil culture 1,-86.25000000000001,2026-03-31 07:24:19,20260805_soil_log.txt
2026-03-31,07:29:19,soil culture 1,-86.25000000000001,2026-03-31 07:29:19,20260805_soil_log.txt
2026-03-31,07:34:19,soil culture 1,-86.25000000000001,2026-03-31 07:34:19,20260805_soil_log.txt
2026-03-31,07:39:19,soil culture 1,-86.125,2026-03-31 07:39:19,20260805_soil_log.txt
2026-03-31,07:44:20,soil culture 1,-86.0,2026-03-31 07:44:20,20260805_soil_log.txt
2026-03-31,07:49:20,soil culture 1,-86.0,2026-03-31 07:49:20,20260805_soil_log.txt
2026-03-31,07:54:20,soil culture 1,-86.0,2026-03-31 07:54:20,20260805_soil_log.txt
2026-03-31,07:59:20,soil culture 1,-86.0,2026-03-31 07:59:20,20260805_soil_log.txt
2026-03-31,08:04:20,soil culture 1,-86.0,2026-03-31 08:04:20,20260805_soil_log.txt
2026-03-31,08:09:21,soil culture 1,-85.875,2026-03-31 08:09:21,20260805_soil_log.txt
2026-03-31,08:14:21,soil culture 1,-85.875,2026-03-31 08:14:21,20260805_soil_log.txt
2026-03-31,08:19:21,soil culture 1,-85.875,2026-03-31 08:19:21,20260805_soil_log.txt
2026-03-31,08:24:21,soil culture 1,-85.875,2026-03-31 08:24:21,20260805_soil_log.txt
2026-03-31,08:29:22,soil culture 1,-85.875,2026-03-31 08:29:22,20260805_soil_log.txt
2026-03-31,08:34:22,soil culture 1,-85.75,2026-03-31 08:34:22,20260805_soil_log.txt
2026-03-31,08:39:22,soil culture 1,-85.75,2026-03-31 08:39:22,20260805_soil_log.txt
2026-03-31,08:44:22,soil culture 1,-85.625,2026-03-31 08:44:22,20260805_soil_log.txt
2026-03-31,08:49:23,soil culture 1,-85.625,2026-03-31 08:49:23,20260805_soil_log.txt
2026-03-31,08:54:23,soil culture 1,-85.5,2026-03-31 08:54:23,20260805_soil_log.txt
2026-03-31,08:59:23,soil culture 1,-85.375,2026-03-31 08:59:23,20260805_soil_log.txt
2026-03-31,09:04:23,soil culture 1,-85.25,2026-03-31 09:04:23,20260805_soil_log.txt
2026-03-31,09:09:24,soil culture 1,-85.25,2026-03-31 09:09:24,20260805_soil_log.txt
2026-03-31,09:14:24,soil culture 1,-85.25,2026-03-31 09:14:24,20260805_soil_log.txt
2026-03-31,09:19:24,soil culture 1,-85.125,2026-03-31 09:19:24,20260805_soil_log.txt
2026-03-31,09:24:24,soil culture 1,-85.125,2026-03-31 09:24:24,20260805_soil_log.txt
2026-03-31,09:29:24,soil culture 1,-85.0,2026-03-31 09:29:24,20260805_soil_log.txt
2026-03-31,09:34:25,soil culture 1,-85.0,2026-03-31 09:34:25,20260805_soil_log.txt
2026-03-31,09:39:25,soil culture 1,-85.0,2026-03-31 09:39:25,20260805_soil_log.txt
2026-03-31,09:44:25,soil culture 1,-84.875,2026-03-31 09:44:25,20260805_soil_log.txt
2026-03-31,09:49:25,soil culture 1,-84.875,2026-03-31 09:49:25,20260805_soil_log.txt
2026-03-31,09:54:26,soil culture 1,-84.75,2026-03-31 09:54:26,20260805_soil_log.txt
2026-03-31,09:59:26,soil culture 1,-84.75,2026-03-31 09:59:26,20260805_soil_log.txt
2026-03-31,10:04:26,soil culture 1,-84.75,2026-03-31 10:04:26,20260805_soil_log.txt
2026-03-31,10:09:26,soil culture 1,-84.75,2026-03-31 10:09:26,20260805_soil_log.txt
2026-03-31,10:14:26,soil culture 1,-84.625,2026-03-31 10:14:26,20260805_soil_log.txt
2026-03-31,10:19:27,soil culture 1,-84.625,2026-03-31 10:19:27,20260805_soil_log.txt
2026-03-31,10:24:27,soil culture 1,-84.5,2026-03-31 10:24:27,20260805_soil_log.txt
2026-03-31,10:29:27,soil culture 1,-84.5,2026-03-31 10:29:27,20260805_soil_log.txt
2026-03-31,10:34:27,soil culture 1,-84.625,2026-03-31 10:34:27,20260805_soil_log.txt
2026-03-31,10:39:28,soil culture 1,-84.625,2026-03-31 10:39:28,20260805_soil_log.txt
2026-03-31,10:44:28,soil culture 1,-84.5,2026-03-31 10:44:28,20260805_soil_log.txt
2026-03-31,10:49:28,soil culture 1,-84.5,2026-03-31 10:49:28,20260805_soil_log.txt
2026-03-31,10:54:28,soil culture 1,-84.5,2026-03-31 10:54:28,20260805_soil_log.txt
2026-03-31,10:59:28,soil culture 1,-84.375,2026-03-31 10:59:28,20260805_soil_log.txt
2026-03-31,11:04:29,soil culture 1,-84.375,2026-03-31 11:04:29,20260805_soil_log.txt
2026-03-31,11:09:29,soil culture 1,-84.25,2026-03-31 11:09:29,20260805_soil_log.txt
2026-03-31,11:14:29,soil culture 1,-84.25,2026-03-31 11:14:29,20260805_soil_log.txt
2026-03-31,11:19:29,soil culture 1,-84.25,2026-03-31 11:19:29,20260805_soil_log.txt
2026-03-31,11:24:30,soil culture 1,-84.0,2026-03-31 11:24:30,20260805_soil_log.txt
2026-03-31,11:29:30,soil culture 1,-83.875,2026-03-31 11:29:30,20260805_soil_log.txt
2026-03-31,11:34:30,soil culture 1,-83.75,2026-03-31 11:34:30,20260805_soil_log.txt
2026-03-31,11:39:30,soil culture 1,-83.75,2026-03-31 11:39:30,20260805_soil_log.txt
2026-03-31,11:44:30,soil culture 1,-83.625,2026-03-31 11:44:30,20260805_soil_log.txt
2026-03-31,11:49:31,soil culture 1,-83.625,2026-03-31 11:49:31,20260805_soil_log.txt
2026-03-31,11:54:31,soil culture 1,-83.5,2026-03-31 11:54:31,20260805_soil_log.txt
2026-03-31,11:59:31,soil culture 1,-83.5,2026-03-31 11:59:31,20260805_soil_log.txt
2026-03-31,12:04:31,soil culture 1,-83.5,2026-03-31 12:04:31,20260805_soil_log.txt
2026-03-31,12:09:32,soil culture 1,-83.5,2026-03-31 12:09:32,20260805_soil_log.txt
2026-03-31,12:14:32,soil culture 1,-83.5,2026-03-31 12:14:32,20260805_soil_log.txt
2026-03-31,12:19:32,soil culture 1,-83.375,2026-03-31 12:19:32,20260805_soil_log.txt
2026-03-31,12:24:32,soil culture 1,-83.375,2026-03-31 12:24:32,20260805_soil_log.txt
2026-03-31,12:29:32,soil culture 1,-83.375,2026-03-31 12:29:32,20260805_soil_log.txt
2026-03-31,12:34:33,soil culture 1,-83.375,2026-03-31 12:34:33,20260805_soil_log.txt
2026-03-31,12:39:33,soil culture 1,-83.25,2026-03-31 12:39:33,20260805_soil_log.txt
2026-03-31,12:44:33,soil culture 1,-83.25,2026-03-31 12:44:33,20260805_soil_log.txt
2026-03-31,12:49:33,soil culture 1,-83.125,2026-03-31 12:49:33,20260805_soil_log.txt
2026-03-31,12:54:34,soil culture 1,-83.0,2026-03-31 12:54:34,20260805_soil_log.txt
2026-03-31,12:59:34,soil culture 1,-83.0,2026-03-31 12:59:34,20260805_soil_log.txt
2026-03-31,13:04:34,soil culture 1,-82.875,2026-03-31 13:04:34,20260805_soil_log.txt
2026-03-31,13:09:34,soil culture 1,-82.875,2026-03-31 13:09:34,20260805_soil_log.txt
2026-03-31,13:14:34,soil culture 1,-82.875,2026-03-31 13:14:34,20260805_soil_log.txt
2026-03-31,13:19:35,soil culture 1,-82.875,2026-03-31 13:19:35,20260805_soil_log.txt
2026-03-31,13:24:35,soil culture 1,-82.75,2026-03-31 13:24:35,20260805_soil_log.txt
2026-03-31,13:29:35,soil culture 1,-82.75,2026-03-31 13:29:35,20260805_soil_log.txt
2026-03-31,13:34:35,soil culture 1,-82.625,2026-03-31 13:34:35,20260805_soil_log.txt
2026-03-31,13:39:36,soil culture 1,-82.625,2026-03-31 13:39:36,20260805_soil_log.txt
2026-03-31,13:44:36,soil culture 1,-82.625,2026-03-31 13:44:36,20260805_soil_log.txt
2026-03-31,13:49:36,soil culture 1,-82.625,2026-03-31 13:49:36,20260805_soil_log.txt
2026-03-31,13:54:36,soil culture 1,-82.5,2026-03-31 13:54:36,20260805_soil_log.txt
2026-03-31,13:59:37,soil culture 1,-82.5,2026-03-31 13:59:37,20260805_soil_log.txt
2026-03-31,14:04:37,soil culture 1,-82.375,2026-03-31 14:04:37,20260805_soil_log.txt
2026-03-31,14:09:37,soil culture 1,-82.25,2026-03-31 14:09:37,20260805_soil_log.txt
2026-03-31,14:14:37,soil culture 1,-82.25,2026-03-31 14:14:37,20260805_soil_log.txt
2026-03-31,14:19:37,soil culture 1,-82.125,2026-03-31 14:19:37,20260805_soil_log.txt
2026-03-31,14:24:38,soil culture 1,-82.0,2026-03-31 14:24:38,20260805_soil_log.txt
2026-03-31,14:29:38,soil culture 1,-82.0,2026-03-31 14:29:38,20260805_soil_log.txt
2026-03-31,14:34:38,soil culture 1,-82.0,2026-03-31 14:34:38,20260805_soil_log.txt
2026-03-31,14:39:38,soil culture 1,-81.875,2026-03-31 14:39:38,20260805_soil_log.txt
2026-03-31,14:44:38,soil culture 1,-81.75,2026-03-31 14:44:38,20260805_soil_log.txt
2026-03-31,14:49:39,soil culture 1,-81.75,2026-03-31 14:49:39,20260805_soil_log.txt
2026-03-31,14:54:39,soil culture 1,-81.625,2026-03-31 14:54:39,20260805_soil_log.txt
2026-03-31,14:59:39,soil culture 1,-81.625,2026-03-31 14:59:39,20260805_soil_log.txt
2026-03-31,15:04:39,soil culture 1,-81.5,2026-03-31 15:04:39,20260805_soil_log.txt
2026-03-31,15:09:40,soil culture 1,-81.5,2026-03-31 15:09:40,20260805_soil_log.txt
2026-03-31,15:14:40,soil culture 1,-81.375,2026-03-31 15:14:40,20260805_soil_log.txt
2026-03-31,15:19:40,soil culture 1,-81.375,2026-03-31 15:19:40,20260805_soil_log.txt
2026-03-31,15:24:40,soil culture 1,-81.375,2026-03-31 15:24:40,20260805_soil_log.txt
2026-03-31,15:29:40,soil culture 1,-81.5,2026-03-31 15:29:40,20260805_soil_log.txt
2026-03-31,15:34:41,soil culture 1,-81.25,2026-03-31 15:34:41,20260805_soil_log.txt
2026-03-31,15:39:41,soil culture 1,-81.25,2026-03-31 15:39:41,20260805_soil_log.txt
2026-03-31,15:44:41,soil culture 1,-81.25,2026-03-31 15:44:41,20260805_soil_log.txt
2026-03-31,15:49:41,soil culture 1,-81.25,2026-03-31 15:49:41,20260805_soil_log.txt
2026-03-31,15:54:42,soil culture 1,-81.25,2026-03-31 15:54:42,20260805_soil_log.txt
2026-03-31,15:59:42,soil culture 1,-81.25,2026-03-31 15:59:42,20260805_soil_log.txt
2026-03-31,16:04:42,soil culture 1,-81.125,2026-03-31 16:04:42,20260805_soil_log.txt
2026-03-31,16:09:42,soil culture 1,-81.0,2026-03-31 16:09:42,20260805_soil_log.txt
2026-03-31,16:14:43,soil culture 1,-81.0,2026-03-31 16:14:43,20260805_soil_log.txt
2026-03-31,16:19:43,soil culture 1,-81.0,2026-03-31 16:19:43,20260805_soil_log.txt
2026-03-31,16:24:43,soil culture 1,-80.875,2026-03-31 16:24:43,20260805_soil_log.txt
2026-03-31,16:29:43,soil culture 1,-80.875,2026-03-31 16:29:43,20260805_soil_log.txt
2026-03-31,16:34:44,soil culture 1,-80.875,2026-03-31 16:34:44,20260805_soil_log.txt
2026-03-31,16:39:44,soil culture 1,-80.75,2026-03-31 16:39:44,20260805_soil_log.txt
2026-03-31,16:44:44,soil culture 1,-80.625,2026-03-31 16:44:44,20260805_soil_log.txt
2026-03-31,16:49:44,soil culture 1,-80.625,2026-03-31 16:49:44,20260805_soil_log.txt
2026-03-31,16:54:44,soil culture 1,-80.625,2026-03-31 16:54:44,20260805_soil_log.txt
2026-03-31,16:59:45,soil culture 1,-80.5,2026-03-31 16:59:45,20260805_soil_log.txt
2026-03-31,17:04:45,soil culture 1,-80.5,2026-03-31 17:04:45,20260805_soil_log.txt
2026-03-31,17:09:45,soil culture 1,-80.25,2026-03-31 17:09:45,20260805_soil_log.txt
2026-03-31,17:14:45,soil culture 1,-80.25,2026-03-31 17:14:45,20260805_soil_log.txt
2026-03-31,17:19:46,soil culture 1,-80.125,2026-03-31 17:19:46,20260805_soil_log.txt
2026-03-31,17:24:46,soil culture 1,-80.125,2026-03-31 17:24:46,20260805_soil_log.txt
2026-03-31,17:29:46,soil culture 1,-80.0,2026-03-31 17:29:46,20260805_soil_log.txt
2026-03-31,17:34:46,soil culture 1,-79.875,2026-03-31 17:34:46,20260805_soil_log.txt
2026-03-31,17:39:46,soil culture 1,-79.875,2026-03-31 17:39:46,20260805_soil_log.txt
2026-03-20,14:14:34,soil culture 2,-90.125,2026-03-20 14:14:34,20260802_soil_log.txt
2026-03-20,14:19:04,soil culture 2,-75.75,2026-03-20 14:19:04,20260802_soil_log.txt
2026-03-20,14:19:35,soil culture 2,-88.125,2026-03-20 14:19:35,20260802_soil_log.txt
2026-03-20,14:24:05,soil culture 2,-86.25000000000001,2026-03-20 14:24:05,20260802_soil_log.txt
2026-03-20,14:29:05,soil culture 2,-91.75,2026-03-20 14:29:05,20260802_soil_log.txt
2026-03-20,14:34:05,soil culture 2,-98.625,2026-03-20 14:34:05,20260802_soil_log.txt
2026-03-20,14:39:05,soil culture 2,-99.5,2026-03-20 14:39:05,20260802_soil_log.txt
2026-03-20,14:44:06,soil culture 2,-99.625,2026-03-20 14:44:06,20260802_soil_log.txt
2026-03-20,14:49:06,soil culture 2,-100.375,2026-03-20 14:49:06,20260802_soil_log.txt
2026-03-20,14:54:06,soil culture 2,-101.625,2026-03-20 14:54:06,20260802_soil_log.txt
2026-03-20,14:59:06,soil culture 2,-102.37500000000001,2026-03-20 14:59:06,20260802_soil_log.txt
2026-03-20,15:04:06,soil culture 2,-103.12500000000001,2026-03-20 15:04:06,20260802_soil_log.txt
2026-03-20,15:09:07,soil culture 2,-103.00000000000001,2026-03-20 15:09:07,20260802_soil_log.txt
2026-03-20,15:14:07,soil culture 2,-103.37500000000001,2026-03-20 15:14:07,20260802_soil_log.txt
2026-03-20,15:19:07,soil culture 2,-103.62500000000001,2026-03-20 15:19:07,20260802_soil_log.txt
2026-03-20,15:24:07,soil culture 2,-104.375,2026-03-20 15:24:07,20260802_soil_log.txt
2026-03-20,15:29:08,soil culture 2,-104.75,2026-03-20 15:29:08,20260802_soil_log.txt
2026-03-20,15:34:08,soil culture 2,-105.25,2026-03-20 15:34:08,20260802_soil_log.txt
2026-03-20,15:39:08,soil culture 2,-105.75,2026-03-20 15:39:08,20260802_soil_log.txt
2026-03-20,15:44:08,soil culture 2,-106.5,2026-03-20 15:44:08,20260802_soil_log.txt
2026-03-20,15:49:08,soil culture 2,-107.25,2026-03-20 15:49:08,20260802_soil_log.txt
2026-03-20,15:54:09,soil culture 2,-107.5,2026-03-20 15:54:09,20260802_soil_log.txt
2026-03-20,15:59:09,soil culture 2,-107.75,2026-03-20 15:59:09,20260802_soil_log.txt
2026-03-20,16:04:09,soil culture 2,-108.125,2026-03-20 16:04:09,20260802_soil_log.txt
2026-03-20,16:09:09,soil culture 2,-108.75,2026-03-20 16:09:09,20260802_soil_log.txt
2026-03-20,16:14:10,soil culture 2,-109.375,2026-03-20 16:14:10,20260802_soil_log.txt
2026-03-20,16:19:10,soil culture 2,-109.75,2026-03-20 16:19:10,20260802_soil_log.txt
2026-03-20,16:24:10,soil culture 2,-110.125,2026-03-20 16:24:10,20260802_soil_log.txt
2026-03-20,16:29:10,soil culture 2,-110.75,2026-03-20 16:29:10,20260802_soil_log.txt
2026-03-20,16:34:10,soil culture 2,-111.625,2026-03-20 16:34:10,20260802_soil_log.txt
2026-03-20,16:39:11,soil culture 2,-112.125,2026-03-20 16:39:11,20260802_soil_log.txt
2026-03-20,16:44:11,soil culture 2,-112.625,2026-03-20 16:44:11,20260802_soil_log.txt
2026-03-20,16:49:11,soil culture 2,-113.0,2026-03-20 16:49:11,20260802_soil_log.txt
2026-03-20,16:54:11,soil culture 2,-113.5,2026-03-20 16:54:11,20260802_soil_log.txt
2026-03-20,16:59:12,soil culture 2,-114.25,2026-03-20 16:59:12,20260802_soil_log.txt
2026-03-20,17:04:12,soil culture 2,-114.625,2026-03-20 17:04:12,20260802_soil_log.txt
2026-03-20,17:09:12,soil culture 2,-115.125,2026-03-20 17:09:12,20260802_soil_log.txt
2026-03-20,17:14:12,soil culture 2,-115.375,2026-03-20 17:14:12,20260802_soil_log.txt
2026-03-20,17:19:13,soil culture 2,-115.75,2026-03-20 17:19:13,20260802_soil_log.txt
2026-03-20,17:24:13,soil culture 2,-116.375,2026-03-20 17:24:13,20260802_soil_log.txt
2026-03-20,17:29:13,soil culture 2,-116.875,2026-03-20 17:29:13,20260802_soil_log.txt
2026-03-20,17:34:13,soil culture 2,-117.0,2026-03-20 17:34:13,20260802_soil_log.txt
2026-03-20,17:39:13,soil culture 2,-117.87500000000001,2026-03-20 17:39:13,20260802_soil_log.txt
2026-03-20,17:44:14,soil culture 2,-118.50000000000001,2026-03-20 17:44:14,20260802_soil_log.txt
2026-03-20,17:49:14,soil culture 2,-119.25000000000001,2026-03-20 17:49:14,20260802_soil_log.txt
2026-03-20,17:54:14,soil culture 2,-119.75000000000001,2026-03-20 17:54:14,20260802_soil_log.txt
2026-03-20,17:59:14,soil culture 2,-120.25,2026-03-20 17:59:14,20260802_soil_log.txt
2026-03-20,18:04:15,soil culture 2,-120.75,2026-03-20 18:04:15,20260802_soil_log.txt
2026-03-20,18:09:15,soil culture 2,-121.125,2026-03-20 18:09:15,20260802_soil_log.txt
2026-03-20,18:14:15,soil culture 2,-121.625,2026-03-20 18:14:15,20260802_soil_log.txt
2026-03-20,18:19:15,soil culture 2,-122.125,2026-03-20 18:19:15,20260802_soil_log.txt
2026-03-20,18:24:16,soil culture 2,-122.75,2026-03-20 18:24:16,20260802_soil_log.txt
2026-03-20,18:29:16,soil culture 2,-123.375,2026-03-20 18:29:16,20260802_soil_log.txt
2026-03-20,18:34:16,soil culture 2,-124.0,2026-03-20 18:34:16,20260802_soil_log.txt
2026-03-20,18:39:16,soil culture 2,-124.5,2026-03-20 18:39:16,20260802_soil_log.txt
2026-03-20,18:44:16,soil culture 2,-125.5,2026-03-20 18:44:16,20260802_soil_log.txt
2026-03-20,18:49:17,soil culture 2,-126.12500000000001,2026-03-20 18:49:17,20260802_soil_log.txt
2026-03-20,18:54:17,soil culture 2,-126.5,2026-03-20 18:54:17,20260802_soil_log.txt
2026-03-20,18:59:17,soil culture 2,-127.0,2026-03-20 18:59:17,20260802_soil_log.txt
2026-03-20,19:04:17,soil culture 2,-127.62500000000001,2026-03-20 19:04:17,20260802_soil_log.txt
2026-03-20,19:09:18,soil culture 2,-128.25,2026-03-20 19:09:18,20260802_soil_log.txt
2026-03-20,19:14:18,soil culture 2,-128.75,2026-03-20 19:14:18,20260802_soil_log.txt
2026-03-20,19:19:18,soil culture 2,-129.375,2026-03-20 19:19:18,20260802_soil_log.txt
2026-03-20,19:24:18,soil culture 2,-130.0,2026-03-20 19:24:18,20260802_soil_log.txt
2026-03-20,19:29:18,soil culture 2,-130.5,2026-03-20 19:29:18,20260802_soil_log.txt
2026-03-20,19:34:19,soil culture 2,-131.125,2026-03-20 19:34:19,20260802_soil_log.txt
2026-03-20,19:39:19,soil culture 2,-131.75,2026-03-20 19:39:19,20260802_soil_log.txt
2026-03-20,19:44:19,soil culture 2,-132.125,2026-03-20 19:44:19,20260802_soil_log.txt
2026-03-20,19:49:19,soil culture 2,-132.75,2026-03-20 19:49:19,20260802_soil_log.txt
2026-03-20,19:54:20,soil culture 2,-133.375,2026-03-20 19:54:20,20260802_soil_log.txt
2026-03-20,19:59:20,soil culture 2,-133.875,2026-03-20 19:59:20,20260802_soil_log.txt
2026-03-20,20:04:20,soil culture 2,-134.375,2026-03-20 20:04:20,20260802_soil_log.txt
2026-03-20,20:09:20,soil culture 2,-135.0,2026-03-20 20:09:20,20260802_soil_log.txt
2026-03-20,20:14:20,soil culture 2,-135.5,2026-03-20 20:14:20,20260802_soil_log.txt
2026-03-20,20:19:21,soil culture 2,-136.125,2026-03-20 20:19:21,20260802_soil_log.txt
2026-03-20,20:24:21,soil culture 2,-136.75,2026-03-20 20:24:21,20260802_soil_log.txt
2026-03-20,20:29:21,soil culture 2,-137.25,2026-03-20 20:29:21,20260802_soil_log.txt
2026-03-20,20:34:21,soil culture 2,-137.75,2026-03-20 20:34:21,20260802_soil_log.txt
2026-03-20,20:39:22,soil culture 2,-138.125,2026-03-20 20:39:22,20260802_soil_log.txt
2026-03-20,20:44:22,soil culture 2,-138.625,2026-03-20 20:44:22,20260802_soil_log.txt
2026-03-20,20:49:22,soil culture 2,-139.25,2026-03-20 20:49:22,20260802_soil_log.txt
2026-03-20,20:54:22,soil culture 2,-139.5,2026-03-20 20:54:22,20260802_soil_log.txt
2026-03-20,20:59:22,soil culture 2,-140.0,2026-03-20 20:59:22,20260802_soil_log.txt
2026-03-20,21:04:23,soil culture 2,-140.5,2026-03-20 21:04:23,20260802_soil_log.txt
2026-03-20,21:09:23,soil culture 2,-140.875,2026-03-20 21:09:23,20260802_soil_log.txt
2026-03-20,21:14:23,soil culture 2,-141.375,2026-03-20 21:14:23,20260802_soil_log.txt
2026-03-20,21:19:23,soil culture 2,-142.00000000000003,2026-03-20 21:19:23,20260802_soil_log.txt
2026-03-20,21:24:24,soil culture 2,-142.50000000000003,2026-03-20 21:24:24,20260802_soil_log.txt
2026-03-20,21:29:24,soil culture 2,-142.875,2026-03-20 21:29:24,20260802_soil_log.txt
2026-03-20,21:34:24,soil culture 2,-143.25000000000003,2026-03-20 21:34:24,20260802_soil_log.txt
2026-03-20,21:39:24,soil culture 2,-143.625,2026-03-20 21:39:24,20260802_soil_log.txt
2026-03-20,21:44:24,soil culture 2,-144.00000000000003,2026-03-20 21:44:24,20260802_soil_log.txt
2026-03-20,21:49:25,soil culture 2,-144.125,2026-03-20 21:49:25,20260802_soil_log.txt
2026-03-20,21:54:25,soil culture 2,-144.5,2026-03-20 21:54:25,20260802_soil_log.txt
2026-03-20,21:59:25,soil culture 2,-144.875,2026-03-20 21:59:25,20260802_soil_log.txt
2026-03-20,22:04:25,soil culture 2,-145.0,2026-03-20 22:04:25,20260802_soil_log.txt
2026-03-20,22:09:26,soil culture 2,-145.375,2026-03-20 22:09:26,20260802_soil_log.txt
2026-03-20,22:14:26,soil culture 2,-145.75,2026-03-20 22:14:26,20260802_soil_log.txt
2026-03-20,22:19:26,soil culture 2,-146.0,2026-03-20 22:19:26,20260802_soil_log.txt
2026-03-20,22:24:26,soil culture 2,-146.125,2026-03-20 22:24:26,20260802_soil_log.txt
2026-03-20,22:29:27,soil culture 2,-146.375,2026-03-20 22:29:27,20260802_soil_log.txt
2026-03-20,22:34:27,soil culture 2,-146.5,2026-03-20 22:34:27,20260802_soil_log.txt
2026-03-20,22:39:27,soil culture 2,-146.625,2026-03-20 22:39:27,20260802_soil_log.txt
2026-03-20,22:44:27,soil culture 2,-146.875,2026-03-20 22:44:27,20260802_soil_log.txt
2026-03-20,22:49:27,soil culture 2,-146.875,2026-03-20 22:49:27,20260802_soil_log.txt
2026-03-20,22:54:28,soil culture 2,-147.125,2026-03-20 22:54:28,20260802_soil_log.txt
2026-03-20,22:59:28,soil culture 2,-147.25,2026-03-20 22:59:28,20260802_soil_log.txt
2026-03-20,23:04:28,soil culture 2,-147.25,2026-03-20 23:04:28,20260802_soil_log.txt
2026-03-20,23:09:28,soil culture 2,-147.375,2026-03-20 23:09:28,20260802_soil_log.txt
2026-03-20,23:14:28,soil culture 2,-147.5,2026-03-20 23:14:28,20260802_soil_log.txt
2026-03-20,23:19:29,soil culture 2,-147.625,2026-03-20 23:19:29,20260802_soil_log.txt
2026-03-20,23:24:29,soil culture 2,-147.625,2026-03-20 23:24:29,20260802_soil_log.txt
2026-03-20,23:29:29,soil culture 2,-147.625,2026-03-20 23:29:29,20260802_soil_log.txt
2026-03-20,23:34:29,soil culture 2,-147.75,2026-03-20 23:34:29,20260802_soil_log.txt
2026-03-20,23:39:30,soil culture 2,-147.625,2026-03-20 23:39:30,20260802_soil_log.txt
2026-03-20,23:44:30,soil culture 2,-147.625,2026-03-20 23:44:30,20260802_soil_log.txt
2026-03-20,23:49:30,soil culture 2,-147.625,2026-03-20 23:49:30,20260802_soil_log.txt
2026-03-20,23:54:30,soil culture 2,-147.625,2026-03-20 23:54:30,20260802_soil_log.txt
2026-03-20,23:59:31,soil culture 2,-147.75,2026-03-20 23:59:31,20260802_soil_log.txt
2026-03-21,00:04:31,soil culture 2,-147.625,2026-03-21 00:04:31,20260802_soil_log.txt
2026-03-21,00:09:31,soil culture 2,-147.625,2026-03-21 00:09:31,20260802_soil_log.txt
2026-03-21,00:14:31,soil culture 2,-147.5,2026-03-21 00:14:31,20260802_soil_log.txt
2026-03-21,00:19:31,soil culture 2,-147.5,2026-03-21 00:19:31,20260802_soil_log.txt
2026-03-21,00:24:32,soil culture 2,-147.375,2026-03-21 00:24:32,20260802_soil_log.txt
2026-03-21,00:29:32,soil culture 2,-147.25,2026-03-21 00:29:32,20260802_soil_log.txt
2026-03-21,00:34:32,soil culture 2,-147.125,2026-03-21 00:34:32,20260802_soil_log.txt
2026-03-21,00:39:32,soil culture 2,-146.875,2026-03-21 00:39:32,20260802_soil_log.txt
2026-03-21,00:44:33,soil culture 2,-147.125,2026-03-21 00:44:33,20260802_soil_log.txt
2026-03-21,00:49:33,soil culture 2,-146.875,2026-03-21 00:49:33,20260802_soil_log.txt
2026-03-21,00:54:33,soil culture 2,-147.125,2026-03-21 00:54:33,20260802_soil_log.txt
2026-03-21,00:59:33,soil culture 2,-147.125,2026-03-21 00:59:33,20260802_soil_log.txt
2026-03-21,01:04:33,soil culture 2,-147.0,2026-03-21 01:04:33,20260802_soil_log.txt
2026-03-21,01:09:34,soil culture 2,-147.125,2026-03-21 01:09:34,20260802_soil_log.txt
2026-03-21,01:14:34,soil culture 2,-146.875,2026-03-21 01:14:34,20260802_soil_log.txt
2026-03-21,01:19:34,soil culture 2,-146.875,2026-03-21 01:19:34,20260802_soil_log.txt
2026-03-21,01:24:34,soil culture 2,-146.75,2026-03-21 01:24:34,20260802_soil_log.txt
2026-03-21,01:29:34,soil culture 2,-146.625,2026-03-21 01:29:34,20260802_soil_log.txt
2026-03-21,01:34:35,soil culture 2,-146.5,2026-03-21 01:34:35,20260802_soil_log.txt
2026-03-21,01:39:35,soil culture 2,-146.5,2026-03-21 01:39:35,20260802_soil_log.txt
2026-03-21,01:44:35,soil culture 2,-146.5,2026-03-21 01:44:35,20260802_soil_log.txt
2026-03-21,01:49:35,soil culture 2,-146.375,2026-03-21 01:49:35,20260802_soil_log.txt
2026-03-21,01:54:35,soil culture 2,-146.375,2026-03-21 01:54:35,20260802_soil_log.txt
2026-03-21,01:59:36,soil culture 2,-146.25,2026-03-21 01:59:36,20260802_soil_log.txt
2026-03-21,02:04:36,soil culture 2,-146.125,2026-03-21 02:04:36,20260802_soil_log.txt
2026-03-21,02:09:36,soil culture 2,-146.0,2026-03-21 02:09:36,20260802_soil_log.txt
2026-03-21,02:14:36,soil culture 2,-146.25,2026-03-21 02:14:36,20260802_soil_log.txt
2026-03-21,02:19:37,soil culture 2,-145.75,2026-03-21 02:19:37,20260802_soil_log.txt
2026-03-21,02:24:37,soil culture 2,-145.5,2026-03-21 02:24:37,20260802_soil_log.txt
2026-03-21,02:29:37,soil culture 2,-145.625,2026-03-21 02:29:37,20260802_soil_log.txt
2026-03-21,02:34:37,soil culture 2,-145.625,2026-03-21 02:34:37,20260802_soil_log.txt
2026-03-21,02:39:38,soil culture 2,-145.5,2026-03-21 02:39:38,20260802_soil_log.txt
2026-03-21,02:44:38,soil culture 2,-145.875,2026-03-21 02:44:38,20260802_soil_log.txt
2026-03-21,02:49:38,soil culture 2,-145.75,2026-03-21 02:49:38,20260802_soil_log.txt
2026-03-21,02:54:38,soil culture 2,-145.625,2026-03-21 02:54:38,20260802_soil_log.txt
2026-03-21,02:59:38,soil culture 2,-145.5,2026-03-21 02:59:38,20260802_soil_log.txt
2026-03-21,03:04:39,soil culture 2,-145.375,2026-03-21 03:04:39,20260802_soil_log.txt
2026-03-21,03:09:39,soil culture 2,-145.25,2026-03-21 03:09:39,20260802_soil_log.txt
2026-03-21,03:14:39,soil culture 2,-145.125,2026-03-21 03:14:39,20260802_soil_log.txt
2026-03-21,03:19:39,soil culture 2,-145.125,2026-03-21 03:19:39,20260802_soil_log.txt
2026-03-21,03:24:39,soil culture 2,-145.0,2026-03-21 03:24:39,20260802_soil_log.txt
2026-03-21,03:29:40,soil culture 2,-144.875,2026-03-21 03:29:40,20260802_soil_log.txt
2026-03-21,03:34:40,soil culture 2,-144.875,2026-03-21 03:34:40,20260802_soil_log.txt
2026-03-21,03:39:40,soil culture 2,-144.75,2026-03-21 03:39:40,20260802_soil_log.txt
2026-03-21,03:44:40,soil culture 2,-144.625,2026-03-21 03:44:40,20260802_soil_log.txt
2026-03-21,03:49:41,soil culture 2,-144.625,2026-03-21 03:49:41,20260802_soil_log.txt
2026-03-21,03:54:41,soil culture 2,-144.5,2026-03-21 03:54:41,20260802_soil_log.txt
2026-03-21,03:59:41,soil culture 2,-144.375,2026-03-21 03:59:41,20260802_soil_log.txt
2026-03-21,04:04:41,soil culture 2,-144.25,2026-03-21 04:04:41,20260802_soil_log.txt
2026-03-21,04:09:42,soil culture 2,-144.25,2026-03-21 04:09:42,20260802_soil_log.txt
2026-03-21,04:14:42,soil culture 2,-144.25,2026-03-21 04:14:42,20260802_soil_log.txt
2026-03-21,04:19:42,soil culture 2,-144.25,2026-03-21 04:19:42,20260802_soil_log.txt
2026-03-21,04:24:42,soil culture 2,-144.25,2026-03-21 04:24:42,20260802_soil_log.txt
2026-03-21,04:29:42,soil culture 2,-144.00000000000003,2026-03-21 04:29:42,20260802_soil_log.txt
2026-03-21,04:34:43,soil culture 2,-143.875,2026-03-21 04:34:43,20260802_soil_log.txt
2026-03-21,04:39:43,soil culture 2,-143.875,2026-03-21 04:39:43,20260802_soil_log.txt
2026-03-21,04:44:43,soil culture 2,-143.625,2026-03-21 04:44:43,20260802_soil_log.txt
2026-03-21,04:49:43,soil culture 2,-143.50000000000003,2026-03-21 04:49:43,20260802_soil_log.txt
2026-03-21,04:54:44,soil culture 2,-143.50000000000003,2026-03-21 04:54:44,20260802_soil_log.txt
2026-03-21,04:59:44,soil culture 2,-143.375,2026-03-21 04:59:44,20260802_soil_log.txt
2026-03-21,05:04:44,soil culture 2,-143.25000000000003,2026-03-21 05:04:44,20260802_soil_log.txt
2026-03-21,05:09:44,soil culture 2,-143.125,2026-03-21 05:09:44,20260802_soil_log.txt
2026-03-21,05:14:45,soil culture 2,-143.00000000000003,2026-03-21 05:14:45,20260802_soil_log.txt
2026-03-21,05:19:45,soil culture 2,-142.875,2026-03-21 05:19:45,20260802_soil_log.txt
2026-03-21,05:24:45,soil culture 2,-142.875,2026-03-21 05:24:45,20260802_soil_log.txt
2026-03-21,05:29:45,soil culture 2,-142.75000000000003,2026-03-21 05:29:45,20260802_soil_log.txt
2026-03-21,05:34:45,soil culture 2,-142.625,2026-03-21 05:34:45,20260802_soil_log.txt
2026-03-21,05:39:46,soil culture 2,-142.625,2026-03-21 05:39:46,20260802_soil_log.txt
2026-03-21,05:44:46,soil culture 2,-142.50000000000003,2026-03-21 05:44:46,20260802_soil_log.txt
2026-03-21,05:49:46,soil culture 2,-142.375,2026-03-21 05:49:46,20260802_soil_log.txt
2026-03-21,05:54:46,soil culture 2,-142.375,2026-03-21 05:54:46,20260802_soil_log.txt
2026-03-21,05:59:46,soil culture 2,-142.00000000000003,2026-03-21 05:59:46,20260802_soil_log.txt
2026-03-21,06:04:47,soil culture 2,-141.875,2026-03-21 06:04:47,20260802_soil_log.txt
2026-03-21,06:09:47,soil culture 2,-142.25000000000003,2026-03-21 06:09:47,20260802_soil_log.txt
2026-03-21,06:14:47,soil culture 2,-142.125,2026-03-21 06:14:47,20260802_soil_log.txt
2026-03-21,06:19:47,soil culture 2,-142.00000000000003,2026-03-21 06:19:47,20260802_soil_log.txt
2026-03-21,06:24:47,soil culture 2,-141.875,2026-03-21 06:24:47,20260802_soil_log.txt
2026-03-21,06:29:48,soil culture 2,-141.75000000000003,2026-03-21 06:29:48,20260802_soil_log.txt
2026-03-21,06:34:48,soil culture 2,-141.75000000000003,2026-03-21 06:34:48,20260802_soil_log.txt
2026-03-21,06:39:48,soil culture 2,-141.625,2026-03-21 06:39:48,20260802_soil_log.txt
2026-03-21,06:44:48,soil culture 2,-141.625,2026-03-21 06:44:48,20260802_soil_log.txt
2026-03-21,06:49:49,soil culture 2,-141.50000000000003,2026-03-21 06:49:49,20260802_soil_log.txt
2026-03-21,06:54:49,soil culture 2,-141.50000000000003,2026-03-21 06:54:49,20260802_soil_log.txt
2026-03-21,06:59:49,soil culture 2,-141.50000000000003,2026-03-21 06:59:49,20260802_soil_log.txt
2026-03-21,07:04:49,soil culture 2,-141.375,2026-03-21 07:04:49,20260802_soil_log.txt
2026-03-21,07:09:49,soil culture 2,-141.375,2026-03-21 07:09:49,20260802_soil_log.txt
2026-03-21,07:14:50,soil culture 2,-141.25000000000003,2026-03-21 07:14:50,20260802_soil_log.txt
2026-03-21,07:19:50,soil culture 2,-141.25000000000003,2026-03-21 07:19:50,20260802_soil_log.txt
2026-03-21,07:24:50,soil culture 2,-141.125,2026-03-21 07:24:50,20260802_soil_log.txt
2026-03-21,07:29:50,soil culture 2,-141.125,2026-03-21 07:29:50,20260802_soil_log.txt
2026-03-21,07:34:50,soil culture 2,-141.0,2026-03-21 07:34:50,20260802_soil_log.txt
2026-03-21,07:39:51,soil culture 2,-141.0,2026-03-21 07:39:51,20260802_soil_log.txt
2026-03-21,07:44:51,soil culture 2,-140.875,2026-03-21 07:44:51,20260802_soil_log.txt
2026-03-21,07:49:51,soil culture 2,-140.875,2026-03-21 07:49:51,20260802_soil_log.txt
2026-03-21,07:54:51,soil culture 2,-140.75,2026-03-21 07:54:51,20260802_soil_log.txt
2026-03-21,07:59:52,soil culture 2,-140.625,2026-03-21 07:59:52,20260802_soil_log.txt
2026-03-21,08:04:52,soil culture 2,-140.625,2026-03-21 08:04:52,20260802_soil_log.txt
2026-03-21,08:09:52,soil culture 2,-140.5,2026-03-21 08:09:52,20260802_soil_log.txt
2026-03-21,08:14:52,soil culture 2,-140.25,2026-03-21 08:14:52,20260802_soil_log.txt
2026-03-21,08:19:52,soil culture 2,-140.125,2026-03-21 08:19:52,20260802_soil_log.txt
2026-03-21,08:24:53,soil culture 2,-140.125,2026-03-21 08:24:53,20260802_soil_log.txt
2026-03-21,08:29:53,soil culture 2,-140.0,2026-03-21 08:29:53,20260802_soil_log.txt
2026-03-21,08:34:53,soil culture 2,-140.0,2026-03-21 08:34:53,20260802_soil_log.txt
2026-03-21,08:39:53,soil culture 2,-139.875,2026-03-21 08:39:53,20260802_soil_log.txt
2026-03-21,08:44:54,soil culture 2,-139.75,2026-03-21 08:44:54,20260802_soil_log.txt
2026-03-21,08:49:54,soil culture 2,-139.75,2026-03-21 08:49:54,20260802_soil_log.txt
2026-03-21,08:54:54,soil culture 2,-139.875,2026-03-21 08:54:54,20260802_soil_log.txt
2026-03-21,08:59:54,soil culture 2,-139.625,2026-03-21 08:59:54,20260802_soil_log.txt
2026-03-21,09:04:54,soil culture 2,-139.5,2026-03-21 09:04:54,20260802_soil_log.txt
2026-03-21,09:09:55,soil culture 2,-139.375,2026-03-21 09:09:55,20260802_soil_log.txt
2026-03-21,09:14:55,soil culture 2,-139.25,2026-03-21 09:14:55,20260802_soil_log.txt
2026-03-21,09:19:55,soil culture 2,-139.125,2026-03-21 09:19:55,20260802_soil_log.txt
2026-03-21,09:24:55,soil culture 2,-139.125,2026-03-21 09:24:55,20260802_soil_log.txt
2026-03-21,09:29:55,soil culture 2,-139.125,2026-03-21 09:29:55,20260802_soil_log.txt
2026-03-21,09:34:56,soil culture 2,-139.0,2026-03-21 09:34:56,20260802_soil_log.txt
2026-03-21,09:39:56,soil culture 2,-139.0,2026-03-21 09:39:56,20260802_soil_log.txt
2026-03-21,09:44:56,soil culture 2,-139.0,2026-03-21 09:44:56,20260802_soil_log.txt
2026-03-21,09:49:56,soil culture 2,-138.875,2026-03-21 09:49:56,20260802_soil_log.txt
2026-03-21,09:54:57,soil culture 2,-138.75,2026-03-21 09:54:57,20260802_soil_log.txt
2026-03-21,09:59:57,soil culture 2,-138.75,2026-03-21 09:59:57,20260802_soil_log.txt
2026-03-21,10:04:57,soil culture 2,-138.75,2026-03-21 10:04:57,20260802_soil_log.txt
2026-03-21,10:09:57,soil culture 2,-138.5,2026-03-21 10:09:57,20260802_soil_log.txt
2026-03-21,10:14:57,soil culture 2,-138.625,2026-03-21 10:14:57,20260802_soil_log.txt
2026-03-21,10:19:58,soil culture 2,-138.375,2026-03-21 10:19:58,20260802_soil_log.txt
2026-03-21,10:24:58,soil culture 2,-138.375,2026-03-21 10:24:58,20260802_soil_log.txt
2026-03-21,10:29:58,soil culture 2,-138.25,2026-03-21 10:29:58,20260802_soil_log.txt
2026-03-21,10:34:58,soil culture 2,-138.375,2026-03-21 10:34:58,20260802_soil_log.txt
2026-03-21,10:39:59,soil culture 2,-138.25,2026-03-21 10:39:59,20260802_soil_log.txt
2026-03-21,10:44:59,soil culture 2,-138.125,2026-03-21 10:44:59,20260802_soil_log.txt
2026-03-21,10:49:59,soil culture 2,-138.0,2026-03-21 10:49:59,20260802_soil_log.txt
2026-03-21,10:54:59,soil culture 2,-138.0,2026-03-21 10:54:59,20260802_soil_log.txt
2026-03-21,10:59:59,soil culture 2,-138.0,2026-03-21 10:59:59,20260802_soil_log.txt
2026-03-21,11:05:00,soil culture 2,-138.0,2026-03-21 11:05:00,20260802_soil_log.txt
2026-03-21,11:10:00,soil culture 2,-138.0,2026-03-21 11:10:00,20260802_soil_log.txt
2026-03-21,11:15:00,soil culture 2,-138.125,2026-03-21 11:15:00,20260802_soil_log.txt
2026-03-21,11:20:00,soil culture 2,-137.875,2026-03-21 11:20:00,20260802_soil_log.txt
2026-03-21,11:25:01,soil culture 2,-137.75,2026-03-21 11:25:01,20260802_soil_log.txt
2026-03-21,11:30:01,soil culture 2,-138.125,2026-03-21 11:30:01,20260802_soil_log.txt
2026-03-21,11:35:01,soil culture 2,-137.625,2026-03-21 11:35:01,20260802_soil_log.txt
2026-03-21,11:40:01,soil culture 2,-137.625,2026-03-21 11:40:01,20260802_soil_log.txt
2026-03-21,11:45:01,soil culture 2,-137.5,2026-03-21 11:45:01,20260802_soil_log.txt
2026-03-21,11:50:02,soil culture 2,-137.5,2026-03-21 11:50:02,20260802_soil_log.txt
2026-03-21,11:55:02,soil culture 2,-137.5,2026-03-21 11:55:02,20260802_soil_log.txt
2026-03-21,12:00:02,soil culture 2,-137.5,2026-03-21 12:00:02,20260802_soil_log.txt
2026-03-21,12:05:02,soil culture 2,-137.375,2026-03-21 12:05:02,20260802_soil_log.txt
2026-03-21,12:10:03,soil culture 2,-137.375,2026-03-21 12:10:03,20260802_soil_log.txt
2026-03-21,12:15:03,soil culture 2,-137.25,2026-03-21 12:15:03,20260802_soil_log.txt
2026-03-21,12:20:03,soil culture 2,-137.125,2026-03-21 12:20:03,20260802_soil_log.txt
2026-03-21,12:25:03,soil culture 2,-137.125,2026-03-21 12:25:03,20260802_soil_log.txt
2026-03-21,12:30:03,soil culture 2,-137.125,2026-03-21 12:30:03,20260802_soil_log.txt
2026-03-21,12:35:04,soil culture 2,-137.125,2026-03-21 12:35:04,20260802_soil_log.txt
2026-03-21,12:40:04,soil culture 2,-137.0,2026-03-21 12:40:04,20260802_soil_log.txt
2026-03-21,12:45:04,soil culture 2,-137.0,2026-03-21 12:45:04,20260802_soil_log.txt
2026-03-21,12:50:04,soil culture 2,-137.0,2026-03-21 12:50:04,20260802_soil_log.txt
2026-03-21,12:55:04,soil culture 2,-136.875,2026-03-21 12:55:04,20260802_soil_log.txt
2026-03-21,13:00:05,soil culture 2,-137.0,2026-03-21 13:00:05,20260802_soil_log.txt
2026-03-21,13:05:05,soil culture 2,-137.0,2026-03-21 13:05:05,20260802_soil_log.txt
2026-03-21,13:10:05,soil culture 2,-137.0,2026-03-21 13:10:05,20260802_soil_log.txt
2026-03-21,13:15:05,soil culture 2,-136.875,2026-03-21 13:15:05,20260802_soil_log.txt
2026-03-21,13:20:06,soil culture 2,-136.875,2026-03-21 13:20:06,20260802_soil_log.txt
2026-03-21,13:25:06,soil culture 2,-136.875,2026-03-21 13:25:06,20260802_soil_log.txt
2026-03-21,13:30:06,soil culture 2,-136.875,2026-03-21 13:30:06,20260802_soil_log.txt
2026-03-21,13:35:06,soil culture 2,-136.875,2026-03-21 13:35:06,20260802_soil_log.txt
2026-03-21,13:40:07,soil culture 2,-136.75,2026-03-21 13:40:07,20260802_soil_log.txt
2026-03-21,13:45:07,soil culture 2,-136.875,2026-03-21 13:45:07,20260802_soil_log.txt
2026-03-21,13:50:07,soil culture 2,-136.75,2026-03-21 13:50:07,20260802_soil_log.txt
2026-03-21,13:55:07,soil culture 2,-136.75,2026-03-21 13:55:07,20260802_soil_log.txt
2026-03-21,14:00:07,soil culture 2,-136.625,2026-03-21 14:00:07,20260802_soil_log.txt
2026-03-21,14:05:07,soil culture 2,-136.625,2026-03-21 14:05:07,20260802_soil_log.txt
2026-03-21,14:10:08,soil culture 2,-136.625,2026-03-21 14:10:08,20260802_soil_log.txt
2026-03-21,14:15:08,soil culture 2,-136.625,2026-03-21 14:15:08,20260802_soil_log.txt
2026-03-21,14:20:08,soil culture 2,-136.5,2026-03-21 14:20:08,20260802_soil_log.txt
2026-03-21,14:25:08,soil culture 2,-136.5,2026-03-21 14:25:08,20260802_soil_log.txt
2026-03-21,14:30:08,soil culture 2,-136.375,2026-03-21 14:30:08,20260802_soil_log.txt
2026-03-21,14:35:09,soil culture 2,-136.625,2026-03-21 14:35:09,20260802_soil_log.txt
2026-03-21,14:40:09,soil culture 2,-136.5,2026-03-21 14:40:09,20260802_soil_log.txt
2026-03-21,14:45:09,soil culture 2,-136.375,2026-03-21 14:45:09,20260802_soil_log.txt
2026-03-21,14:50:09,soil culture 2,-136.375,2026-03-21 14:50:09,20260802_soil_log.txt
2026-03-21,14:55:10,soil culture 2,-136.375,2026-03-21 14:55:10,20260802_soil_log.txt
2026-03-21,15:00:10,soil culture 2,-136.375,2026-03-21 15:00:10,20260802_soil_log.txt
2026-03-21,15:05:10,soil culture 2,-136.25,2026-03-21 15:05:10,20260802_soil_log.txt
2026-03-21,15:10:10,soil culture 2,-136.125,2026-03-21 15:10:10,20260802_soil_log.txt
2026-03-21,15:15:10,soil culture 2,-136.25,2026-03-21 15:15:10,20260802_soil_log.txt
2026-03-21,15:20:11,soil culture 2,-136.25,2026-03-21 15:20:11,20260802_soil_log.txt
2026-03-21,15:25:11,soil culture 2,-136.125,2026-03-21 15:25:11,20260802_soil_log.txt
2026-03-21,15:30:11,soil culture 2,-136.0,2026-03-21 15:30:11,20260802_soil_log.txt
2026-03-21,15:35:11,soil culture 2,-136.125,2026-03-21 15:35:11,20260802_soil_log.txt
2026-03-21,15:40:12,soil culture 2,-136.0,2026-03-21 15:40:12,20260802_soil_log.txt
2026-03-21,15:45:12,soil culture 2,-136.0,2026-03-21 15:45:12,20260802_soil_log.txt
2026-03-21,15:50:12,soil culture 2,-136.0,2026-03-21 15:50:12,20260802_soil_log.txt
2026-03-21,15:55:12,soil culture 2,-136.0,2026-03-21 15:55:12,20260802_soil_log.txt
2026-03-21,16:00:13,soil culture 2,-135.875,2026-03-21 16:00:13,20260802_soil_log.txt
2026-03-21,16:05:13,soil culture 2,-135.875,2026-03-21 16:05:13,20260802_soil_log.txt
2026-03-21,16:10:13,soil culture 2,-136.0,2026-03-21 16:10:13,20260802_soil_log.txt
2026-03-21,16:15:13,soil culture 2,-136.0,2026-03-21 16:15:13,20260802_soil_log.txt
2026-03-21,16:20:13,soil culture 2,-135.875,2026-03-21 16:20:13,20260802_soil_log.txt
2026-03-21,16:25:14,soil culture 2,-135.875,2026-03-21 16:25:14,20260802_soil_log.txt
2026-03-21,16:30:14,soil culture 2,-135.875,2026-03-21 16:30:14,20260802_soil_log.txt
2026-03-21,16:35:14,soil culture 2,-135.75,2026-03-21 16:35:14,20260802_soil_log.txt
2026-03-21,16:40:14,soil culture 2,-135.75,2026-03-21 16:40:14,20260802_soil_log.txt
2026-03-21,16:45:14,soil culture 2,-136.25,2026-03-21 16:45:14,20260802_soil_log.txt
2026-03-21,16:50:15,soil culture 2,-136.25,2026-03-21 16:50:15,20260802_soil_log.txt
2026-03-21,16:55:15,soil culture 2,-136.125,2026-03-21 16:55:15,20260802_soil_log.txt
2026-03-21,17:00:15,soil culture 2,-136.0,2026-03-21 17:00:15,20260802_soil_log.txt
2026-03-21,17:05:15,soil culture 2,-135.75,2026-03-21 17:05:15,20260802_soil_log.txt
2026-03-21,17:10:15,soil culture 2,-135.625,2026-03-21 17:10:15,20260802_soil_log.txt
2026-03-21,17:15:16,soil culture 2,-135.625,2026-03-21 17:15:16,20260802_soil_log.txt
2026-03-21,17:20:16,soil culture 2,-135.875,2026-03-21 17:20:16,20260802_soil_log.txt
2026-03-21,17:25:16,soil culture 2,-135.875,2026-03-21 17:25:16,20260802_soil_log.txt
2026-03-21,17:30:16,soil culture 2,-135.875,2026-03-21 17:30:16,20260802_soil_log.txt
2026-03-21,17:35:17,soil culture 2,-135.875,2026-03-21 17:35:17,20260802_soil_log.txt
2026-03-21,17:40:17,soil culture 2,-135.875,2026-03-21 17:40:17,20260802_soil_log.txt
2026-03-21,17:45:17,soil culture 2,-135.75,2026-03-21 17:45:17,20260802_soil_log.txt
2026-03-21,17:50:17,soil culture 2,-135.625,2026-03-21 17:50:17,20260802_soil_log.txt
2026-03-21,17:55:17,soil culture 2,-135.5,2026-03-21 17:55:17,20260802_soil_log.txt
2026-03-21,18:00:18,soil culture 2,-135.75,2026-03-21 18:00:18,20260802_soil_log.txt
2026-03-21,18:05:18,soil culture 2,-135.625,2026-03-21 18:05:18,20260802_soil_log.txt
2026-03-21,18:10:18,soil culture 2,-135.375,2026-03-21 18:10:18,20260802_soil_log.txt
2026-03-21,18:15:18,soil culture 2,-135.25,2026-03-21 18:15:18,20260802_soil_log.txt
2026-03-21,18:20:19,soil culture 2,-135.25,2026-03-21 18:20:19,20260802_soil_log.txt
2026-03-21,18:25:19,soil culture 2,-135.25,2026-03-21 18:25:19,20260802_soil_log.txt
2026-03-21,18:30:19,soil culture 2,-135.125,2026-03-21 18:30:19,20260802_soil_log.txt
2026-03-21,18:35:19,soil culture 2,-135.125,2026-03-21 18:35:19,20260802_soil_log.txt
2026-03-21,18:40:19,soil culture 2,-135.125,2026-03-21 18:40:19,20260802_soil_log.txt
2026-03-21,18:45:20,soil culture 2,-135.0,2026-03-21 18:45:20,20260802_soil_log.txt
2026-03-21,18:50:20,soil culture 2,-135.0,2026-03-21 18:50:20,20260802_soil_log.txt
2026-03-21,18:55:20,soil culture 2,-134.875,2026-03-21 18:55:20,20260802_soil_log.txt
2026-03-21,19:00:20,soil culture 2,-134.875,2026-03-21 19:00:20,20260802_soil_log.txt
2026-03-21,19:05:21,soil culture 2,-134.875,2026-03-21 19:05:21,20260802_soil_log.txt
2026-03-21,19:10:21,soil culture 2,-134.875,2026-03-21 19:10:21,20260802_soil_log.txt
2026-03-21,19:15:21,soil culture 2,-134.875,2026-03-21 19:15:21,20260802_soil_log.txt
2026-03-21,19:20:21,soil culture 2,-134.75,2026-03-21 19:20:21,20260802_soil_log.txt
2026-03-21,19:25:22,soil culture 2,-134.875,2026-03-21 19:25:22,20260802_soil_log.txt
2026-03-21,19:30:22,soil culture 2,-134.75,2026-03-21 19:30:22,20260802_soil_log.txt
2026-03-21,19:35:22,soil culture 2,-134.875,2026-03-21 19:35:22,20260802_soil_log.txt
2026-03-21,19:40:22,soil culture 2,-134.625,2026-03-21 19:40:22,20260802_soil_log.txt
2026-03-21,19:45:22,soil culture 2,-134.625,2026-03-21 19:45:22,20260802_soil_log.txt
2026-03-21,19:50:22,soil culture 2,-134.625,2026-03-21 19:50:22,20260802_soil_log.txt
2026-03-21,19:55:23,soil culture 2,-134.875,2026-03-21 19:55:23,20260802_soil_log.txt
2026-03-21,20:00:23,soil culture 2,-134.75,2026-03-21 20:00:23,20260802_soil_log.txt
2026-03-21,20:05:23,soil culture 2,-135.125,2026-03-21 20:05:23,20260802_soil_log.txt
2026-03-21,20:10:23,soil culture 2,-135.0,2026-03-21 20:10:23,20260802_soil_log.txt
2026-03-21,20:15:24,soil culture 2,-135.125,2026-03-21 20:15:24,20260802_soil_log.txt
2026-03-21,20:20:24,soil culture 2,-135.0,2026-03-21 20:20:24,20260802_soil_log.txt
2026-03-21,20:25:24,soil culture 2,-134.875,2026-03-21 20:25:24,20260802_soil_log.txt
2026-03-21,20:30:24,soil culture 2,-134.75,2026-03-21 20:30:24,20260802_soil_log.txt
2026-03-21,20:35:24,soil culture 2,-134.625,2026-03-21 20:35:24,20260802_soil_log.txt
2026-03-21,20:40:25,soil culture 2,-134.375,2026-03-21 20:40:25,20260802_soil_log.txt
2026-03-21,20:45:25,soil culture 2,-134.375,2026-03-21 20:45:25,20260802_soil_log.txt
2026-03-21,20:50:25,soil culture 2,-134.625,2026-03-21 20:50:25,20260802_soil_log.txt
2026-03-21,20:55:25,soil culture 2,-134.625,2026-03-21 20:55:25,20260802_soil_log.txt
2026-03-21,21:00:26,soil culture 2,-134.375,2026-03-21 21:00:26,20260802_soil_log.txt
2026-03-21,21:05:26,soil culture 2,-134.5,2026-03-21 21:05:26,20260802_soil_log.txt
2026-03-21,21:10:26,soil culture 2,-134.375,2026-03-21 21:10:26,20260802_soil_log.txt
2026-03-21,21:15:26,soil culture 2,-134.25,2026-03-21 21:15:26,20260802_soil_log.txt
2026-03-21,21:20:26,soil culture 2,-134.125,2026-03-21 21:20:26,20260802_soil_log.txt
2026-03-21,21:25:27,soil culture 2,-133.875,2026-03-21 21:25:27,20260802_soil_log.txt
2026-03-21,21:30:27,soil culture 2,-133.875,2026-03-21 21:30:27,20260802_soil_log.txt
2026-03-21,21:35:27,soil culture 2,-133.75,2026-03-21 21:35:27,20260802_soil_log.txt
2026-03-21,21:40:27,soil culture 2,-133.75,2026-03-21 21:40:27,20260802_soil_log.txt
2026-03-21,21:45:28,soil culture 2,-134.125,2026-03-21 21:45:28,20260802_soil_log.txt
2026-03-21,21:50:28,soil culture 2,-133.75,2026-03-21 21:50:28,20260802_soil_log.txt
2026-03-21,21:55:28,soil culture 2,-133.625,2026-03-21 21:55:28,20260802_soil_log.txt
2026-03-21,22:00:28,soil culture 2,-133.5,2026-03-21 22:00:28,20260802_soil_log.txt
2026-03-21,22:05:29,soil culture 2,-133.5,2026-03-21 22:05:29,20260802_soil_log.txt
2026-03-21,22:10:29,soil culture 2,-133.375,2026-03-21 22:10:29,20260802_soil_log.txt
2026-03-21,22:15:29,soil culture 2,-133.375,2026-03-21 22:15:29,20260802_soil_log.txt
2026-03-21,22:20:29,soil culture 2,-133.25,2026-03-21 22:20:29,20260802_soil_log.txt
2026-03-21,22:25:29,soil culture 2,-133.25,2026-03-21 22:25:29,20260802_soil_log.txt
2026-03-21,22:30:30,soil culture 2,-133.125,2026-03-21 22:30:30,20260802_soil_log.txt
2026-03-21,22:35:30,soil culture 2,-133.125,2026-03-21 22:35:30,20260802_soil_log.txt
2026-03-21,22:40:30,soil culture 2,-133.25,2026-03-21 22:40:30,20260802_soil_log.txt
2026-03-21,22:45:30,soil culture 2,-133.0,2026-03-21 22:45:30,20260802_soil_log.txt
2026-03-21,22:50:30,soil culture 2,-133.0,2026-03-21 22:50:30,20260802_soil_log.txt
2026-03-21,22:55:31,soil culture 2,-132.875,2026-03-21 22:55:31,20260802_soil_log.txt
2026-03-21,23:00:31,soil culture 2,-132.875,2026-03-21 23:00:31,20260802_soil_log.txt
2026-03-21,23:05:31,soil culture 2,-132.75,2026-03-21 23:05:31,20260802_soil_log.txt
2026-03-21,23:10:31,soil culture 2,-132.75,2026-03-21 23:10:31,20260802_soil_log.txt
2026-03-21,23:15:31,soil culture 2,-133.125,2026-03-21 23:15:31,20260802_soil_log.txt
2026-03-21,23:20:32,soil culture 2,-132.75,2026-03-21 23:20:32,20260802_soil_log.txt
2026-03-21,23:25:32,soil culture 2,-132.625,2026-03-21 23:25:32,20260802_soil_log.txt
2026-03-21,23:30:32,soil culture 2,-132.5,2026-03-21 23:30:32,20260802_soil_log.txt
2026-03-21,23:35:32,soil culture 2,-132.375,2026-03-21 23:35:32,20260802_soil_log.txt
2026-03-21,23:40:33,soil culture 2,-132.375,2026-03-21 23:40:33,20260802_soil_log.txt
2026-03-21,23:45:33,soil culture 2,-132.25,2026-03-21 23:45:33,20260802_soil_log.txt
2026-03-21,23:50:33,soil culture 2,-132.25,2026-03-21 23:50:33,20260802_soil_log.txt
2026-03-21,23:55:33,soil culture 2,-132.25,2026-03-21 23:55:33,20260802_soil_log.txt
2026-03-22,00:00:33,soil culture 2,-132.25,2026-03-22 00:00:33,20260802_soil_log.txt
2026-03-22,00:05:34,soil culture 2,-132.125,2026-03-22 00:05:34,20260802_soil_log.txt
2026-03-22,00:10:34,soil culture 2,-132.125,2026-03-22 00:10:34,20260802_soil_log.txt
2026-03-22,00:15:34,soil culture 2,-132.0,2026-03-22 00:15:34,20260802_soil_log.txt
2026-03-22,00:20:34,soil culture 2,-132.0,2026-03-22 00:20:34,20260802_soil_log.txt
2026-03-22,00:25:34,soil culture 2,-131.875,2026-03-22 00:25:34,20260802_soil_log.txt
2026-03-22,00:30:35,soil culture 2,-131.875,2026-03-22 00:30:35,20260802_soil_log.txt
2026-03-22,00:35:35,soil culture 2,-131.875,2026-03-22 00:35:35,20260802_soil_log.txt
2026-03-22,00:40:35,soil culture 2,-131.75,2026-03-22 00:40:35,20260802_soil_log.txt
2026-03-22,00:45:35,soil culture 2,-131.75,2026-03-22 00:45:35,20260802_soil_log.txt
2026-03-22,00:50:36,soil culture 2,-131.75,2026-03-22 00:50:36,20260802_soil_log.txt
2026-03-22,00:55:36,soil culture 2,-131.625,2026-03-22 00:55:36,20260802_soil_log.txt
2026-03-22,01:00:36,soil culture 2,-131.5,2026-03-22 01:00:36,20260802_soil_log.txt
2026-03-22,01:05:36,soil culture 2,-131.5,2026-03-22 01:05:36,20260802_soil_log.txt
2026-03-22,01:10:36,soil culture 2,-131.375,2026-03-22 01:10:36,20260802_soil_log.txt
2026-03-22,01:15:37,soil culture 2,-131.375,2026-03-22 01:15:37,20260802_soil_log.txt
2026-03-22,01:20:37,soil culture 2,-131.25,2026-03-22 01:20:37,20260802_soil_log.txt
2026-03-22,01:25:37,soil culture 2,-131.25,2026-03-22 01:25:37,20260802_soil_log.txt
2026-03-22,01:30:37,soil culture 2,-131.375,2026-03-22 01:30:37,20260802_soil_log.txt
2026-03-22,01:35:38,soil culture 2,-131.375,2026-03-22 01:35:38,20260802_soil_log.txt
2026-03-22,01:40:38,soil culture 2,-131.125,2026-03-22 01:40:38,20260802_soil_log.txt
2026-03-22,01:45:38,soil culture 2,-131.125,2026-03-22 01:45:38,20260802_soil_log.txt
2026-03-22,01:50:38,soil culture 2,-131.125,2026-03-22 01:50:38,20260802_soil_log.txt
2026-03-22,01:55:38,soil culture 2,-131.0,2026-03-22 01:55:38,20260802_soil_log.txt
2026-03-22,02:00:39,soil culture 2,-130.875,2026-03-22 02:00:39,20260802_soil_log.txt
2026-03-22,02:05:39,soil culture 2,-130.875,2026-03-22 02:05:39,20260802_soil_log.txt
2026-03-22,02:10:39,soil culture 2,-130.75,2026-03-22 02:10:39,20260802_soil_log.txt
2026-03-22,02:15:39,soil culture 2,-130.75,2026-03-22 02:15:39,20260802_soil_log.txt
2026-03-22,02:20:39,soil culture 2,-130.625,2026-03-22 02:20:39,20260802_soil_log.txt
2026-03-22,02:25:40,soil culture 2,-130.625,2026-03-22 02:25:40,20260802_soil_log.txt
2026-03-22,02:30:40,soil culture 2,-130.5,2026-03-22 02:30:40,20260802_soil_log.txt
2026-03-22,02:35:40,soil culture 2,-130.375,2026-03-22 02:35:40,20260802_soil_log.txt
2026-03-22,02:40:40,soil culture 2,-130.375,2026-03-22 02:40:40,20260802_soil_log.txt
2026-03-22,02:45:41,soil culture 2,-130.25,2026-03-22 02:45:41,20260802_soil_log.txt
2026-03-22,02:50:41,soil culture 2,-130.25,2026-03-22 02:50:41,20260802_soil_log.txt
2026-03-22,02:55:41,soil culture 2,-130.125,2026-03-22 02:55:41,20260802_soil_log.txt
2026-03-22,03:00:41,soil culture 2,-130.125,2026-03-22 03:00:41,20260802_soil_log.txt
2026-03-22,03:05:42,soil culture 2,-130.0,2026-03-22 03:05:42,20260802_soil_log.txt
2026-03-22,03:10:42,soil culture 2,-130.0,2026-03-22 03:10:42,20260802_soil_log.txt
2026-03-22,03:15:42,soil culture 2,-129.875,2026-03-22 03:15:42,20260802_soil_log.txt
2026-03-22,03:20:42,soil culture 2,-129.875,2026-03-22 03:20:42,20260802_soil_log.txt
2026-03-22,03:25:42,soil culture 2,-129.75,2026-03-22 03:25:42,20260802_soil_log.txt
2026-03-22,03:30:43,soil culture 2,-129.75,2026-03-22 03:30:43,20260802_soil_log.txt
2026-03-22,03:35:43,soil culture 2,-129.625,2026-03-22 03:35:43,20260802_soil_log.txt
2026-03-22,03:40:43,soil culture 2,-129.625,2026-03-22 03:40:43,20260802_soil_log.txt
2026-03-22,03:45:43,soil culture 2,-129.5,2026-03-22 03:45:43,20260802_soil_log.txt
2026-03-22,03:50:44,soil culture 2,-129.5,2026-03-22 03:50:44,20260802_soil_log.txt
2026-03-22,03:55:44,soil culture 2,-129.375,2026-03-22 03:55:44,20260802_soil_log.txt
2026-03-22,04:00:44,soil culture 2,-129.375,2026-03-22 04:00:44,20260802_soil_log.txt
2026-03-22,04:05:44,soil culture 2,-129.375,2026-03-22 04:05:44,20260802_soil_log.txt
2026-03-22,04:10:44,soil culture 2,-129.25,2026-03-22 04:10:44,20260802_soil_log.txt
2026-03-22,04:15:45,soil culture 2,-129.125,2026-03-22 04:15:45,20260802_soil_log.txt
2026-03-22,04:20:45,soil culture 2,-129.125,2026-03-22 04:20:45,20260802_soil_log.txt
2026-03-22,04:25:45,soil culture 2,-129.125,2026-03-22 04:25:45,20260802_soil_log.txt
2026-03-22,04:30:45,soil culture 2,-129.0,2026-03-22 04:30:45,20260802_soil_log.txt
2026-03-22,04:35:46,soil culture 2,-128.875,2026-03-22 04:35:46,20260802_soil_log.txt
2026-03-22,04:40:46,soil culture 2,-128.875,2026-03-22 04:40:46,20260802_soil_log.txt
2026-03-22,04:45:46,soil culture 2,-128.75,2026-03-22 04:45:46,20260802_soil_log.txt
2026-03-22,04:50:46,soil culture 2,-128.75,2026-03-22 04:50:46,20260802_soil_log.txt
2026-03-22,04:55:46,soil culture 2,-128.75,2026-03-22 04:55:46,20260802_soil_log.txt
2026-03-22,05:00:47,soil culture 2,-128.625,2026-03-22 05:00:47,20260802_soil_log.txt
2026-03-22,05:05:47,soil culture 2,-128.5,2026-03-22 05:05:47,20260802_soil_log.txt
2026-03-22,05:10:47,soil culture 2,-128.5,2026-03-22 05:10:47,20260802_soil_log.txt
2026-03-22,05:15:47,soil culture 2,-128.5,2026-03-22 05:15:47,20260802_soil_log.txt
2026-03-22,05:20:48,soil culture 2,-128.375,2026-03-22 05:20:48,20260802_soil_log.txt
2026-03-22,05:25:48,soil culture 2,-128.375,2026-03-22 05:25:48,20260802_soil_log.txt
2026-03-22,05:30:48,soil culture 2,-128.25,2026-03-22 05:30:48,20260802_soil_log.txt
2026-03-22,05:35:48,soil culture 2,-128.25,2026-03-22 05:35:48,20260802_soil_log.txt
2026-03-22,05:40:49,soil culture 2,-128.125,2026-03-22 05:40:49,20260802_soil_log.txt
2026-03-22,05:45:49,soil culture 2,-128.125,2026-03-22 05:45:49,20260802_soil_log.txt
2026-03-22,05:50:49,soil culture 2,-128.0,2026-03-22 05:50:49,20260802_soil_log.txt
2026-03-22,05:55:49,soil culture 2,-128.0,2026-03-22 05:55:49,20260802_soil_log.txt
2026-03-22,06:00:49,soil culture 2,-128.0,2026-03-22 06:00:49,20260802_soil_log.txt
2026-03-22,06:05:50,soil culture 2,-127.87500000000001,2026-03-22 06:05:50,20260802_soil_log.txt
2026-03-22,06:10:50,soil culture 2,-127.75,2026-03-22 06:10:50,20260802_soil_log.txt
2026-03-22,06:15:50,soil culture 2,-127.75,2026-03-22 06:15:50,20260802_soil_log.txt
2026-03-22,06:20:50,soil culture 2,-127.62500000000001,2026-03-22 06:20:50,20260802_soil_log.txt
2026-03-22,06:25:51,soil culture 2,-127.62500000000001,2026-03-22 06:25:51,20260802_soil_log.txt
2026-03-22,06:30:51,soil culture 2,-127.5,2026-03-22 06:30:51,20260802_soil_log.txt
2026-03-22,06:35:51,soil culture 2,-127.62500000000001,2026-03-22 06:35:51,20260802_soil_log.txt
2026-03-22,06:40:51,soil culture 2,-127.5,2026-03-22 06:40:51,20260802_soil_log.txt
2026-03-22,06:45:51,soil culture 2,-127.37500000000001,2026-03-22 06:45:51,20260802_soil_log.txt
2026-03-22,06:50:52,soil culture 2,-127.37500000000001,2026-03-22 06:50:52,20260802_soil_log.txt
2026-03-22,06:55:52,soil culture 2,-127.5,2026-03-22 06:55:52,20260802_soil_log.txt
2026-03-22,07:00:52,soil culture 2,-127.25,2026-03-22 07:00:52,20260802_soil_log.txt
2026-03-22,07:05:52,soil culture 2,-127.25,2026-03-22 07:05:52,20260802_soil_log.txt
2026-03-22,07:10:53,soil culture 2,-127.25,2026-03-22 07:10:53,20260802_soil_log.txt
2026-03-22,07:15:53,soil culture 2,-127.12500000000001,2026-03-22 07:15:53,20260802_soil_log.txt
2026-03-22,07:20:53,soil culture 2,-127.12500000000001,2026-03-22 07:20:53,20260802_soil_log.txt
2026-03-22,07:25:53,soil culture 2,-127.12500000000001,2026-03-22 07:25:53,20260802_soil_log.txt
2026-03-22,07:30:53,soil culture 2,-127.12500000000001,2026-03-22 07:30:53,20260802_soil_log.txt
2026-03-22,07:35:54,soil culture 2,-127.0,2026-03-22 07:35:54,20260802_soil_log.txt
2026-03-22,07:40:54,soil culture 2,-127.0,2026-03-22 07:40:54,20260802_soil_log.txt
2026-03-22,07:45:54,soil culture 2,-127.0,2026-03-22 07:45:54,20260802_soil_log.txt
2026-03-22,07:50:54,soil culture 2,-126.87500000000001,2026-03-22 07:50:54,20260802_soil_log.txt
2026-03-22,07:55:55,soil culture 2,-127.0,2026-03-22 07:55:55,20260802_soil_log.txt
2026-03-22,08:00:55,soil culture 2,-126.87500000000001,2026-03-22 08:00:55,20260802_soil_log.txt
2026-03-22,08:05:55,soil culture 2,-126.75,2026-03-22 08:05:55,20260802_soil_log.txt
2026-03-22,08:10:55,soil culture 2,-126.87500000000001,2026-03-22 08:10:55,20260802_soil_log.txt
2026-03-22,08:15:55,soil culture 2,-126.87500000000001,2026-03-22 08:15:55,20260802_soil_log.txt
2026-03-22,08:20:56,soil culture 2,-126.62500000000001,2026-03-22 08:20:56,20260802_soil_log.txt
2026-03-22,08:25:56,soil culture 2,-126.62500000000001,2026-03-22 08:25:56,20260802_soil_log.txt
2026-03-22,08:30:56,soil culture 2,-126.75,2026-03-22 08:30:56,20260802_soil_log.txt
2026-03-22,08:35:56,soil culture 2,-126.62500000000001,2026-03-22 08:35:56,20260802_soil_log.txt
2026-03-22,08:40:57,soil culture 2,-126.5,2026-03-22 08:40:57,20260802_soil_log.txt
2026-03-22,08:45:57,soil culture 2,-126.5,2026-03-22 08:45:57,20260802_soil_log.txt
2026-03-22,08:50:57,soil culture 2,-126.5,2026-03-22 08:50:57,20260802_soil_log.txt
2026-03-22,08:55:57,soil culture 2,-126.5,2026-03-22 08:55:57,20260802_soil_log.txt
2026-03-22,09:00:57,soil culture 2,-126.37500000000001,2026-03-22 09:00:57,20260802_soil_log.txt
2026-03-22,09:05:58,soil culture 2,-126.37500000000001,2026-03-22 09:05:58,20260802_soil_log.txt
2026-03-22,09:10:58,soil culture 2,-126.25,2026-03-22 09:10:58,20260802_soil_log.txt
2026-03-22,09:15:58,soil culture 2,-126.25,2026-03-22 09:15:58,20260802_soil_log.txt
2026-03-22,09:20:58,soil culture 2,-126.12500000000001,2026-03-22 09:20:58,20260802_soil_log.txt
2026-03-22,09:25:59,soil culture 2,-126.25,2026-03-22 09:25:59,20260802_soil_log.txt
2026-03-22,09:30:59,soil culture 2,-126.12500000000001,2026-03-22 09:30:59,20260802_soil_log.txt
2026-03-22,09:35:59,soil culture 2,-126.0,2026-03-22 09:35:59,20260802_soil_log.txt
2026-03-22,09:40:59,soil culture 2,-126.0,2026-03-22 09:40:59,20260802_soil_log.txt
2026-03-22,09:45:59,soil culture 2,-126.0,2026-03-22 09:45:59,20260802_soil_log.txt
2026-03-22,09:51:00,soil culture 2,-125.87500000000001,2026-03-22 09:51:00,20260802_soil_log.txt
2026-03-22,09:56:00,soil culture 2,-125.87500000000001,2026-03-22 09:56:00,20260802_soil_log.txt
2026-03-22,10:01:00,soil culture 2,-125.87500000000001,2026-03-22 10:01:00,20260802_soil_log.txt
2026-03-22,10:06:00,soil culture 2,-125.87500000000001,2026-03-22 10:06:00,20260802_soil_log.txt
2026-03-22,10:11:01,soil culture 2,-125.75,2026-03-22 10:11:01,20260802_soil_log.txt
2026-03-22,10:16:01,soil culture 2,-125.75,2026-03-22 10:16:01,20260802_soil_log.txt
2026-03-22,10:21:01,soil culture 2,-125.75,2026-03-22 10:21:01,20260802_soil_log.txt
2026-03-22,10:26:01,soil culture 2,-125.62500000000001,2026-03-22 10:26:01,20260802_soil_log.txt
2026-03-22,10:31:01,soil culture 2,-125.62500000000001,2026-03-22 10:31:01,20260802_soil_log.txt
2026-03-22,10:36:02,soil culture 2,-125.62500000000001,2026-03-22 10:36:02,20260802_soil_log.txt
2026-03-22,10:41:02,soil culture 2,-125.5,2026-03-22 10:41:02,20260802_soil_log.txt
2026-03-22,10:46:02,soil culture 2,-125.5,2026-03-22 10:46:02,20260802_soil_log.txt
2026-03-22,10:51:02,soil culture 2,-125.5,2026-03-22 10:51:02,20260802_soil_log.txt
2026-03-22,10:56:03,soil culture 2,-125.37500000000001,2026-03-22 10:56:03,20260802_soil_log.txt
2026-03-22,11:01:03,soil culture 2,-125.37500000000001,2026-03-22 11:01:03,20260802_soil_log.txt
2026-03-22,11:06:03,soil culture 2,-125.25,2026-03-22 11:06:03,20260802_soil_log.txt
2026-03-22,11:11:03,soil culture 2,-125.25,2026-03-22 11:11:03,20260802_soil_log.txt
2026-03-22,11:16:03,soil culture 2,-125.25,2026-03-22 11:16:03,20260802_soil_log.txt
2026-03-22,11:21:04,soil culture 2,-125.0,2026-03-22 11:21:04,20260802_soil_log.txt
2026-03-22,11:26:04,soil culture 2,-125.0,2026-03-22 11:26:04,20260802_soil_log.txt
2026-03-22,11:31:04,soil culture 2,-125.0,2026-03-22 11:31:04,20260802_soil_log.txt
2026-03-22,11:36:04,soil culture 2,-124.875,2026-03-22 11:36:04,20260802_soil_log.txt
2026-03-22,11:41:05,soil culture 2,-124.875,2026-03-22 11:41:05,20260802_soil_log.txt
2026-03-22,11:46:05,soil culture 2,-124.75,2026-03-22 11:46:05,20260802_soil_log.txt
2026-03-22,11:51:05,soil culture 2,-124.75,2026-03-22 11:51:05,20260802_soil_log.txt
2026-03-22,11:56:05,soil culture 2,-124.75,2026-03-22 11:56:05,20260802_soil_log.txt
2026-03-22,12:01:05,soil culture 2,-124.625,2026-03-22 12:01:05,20260802_soil_log.txt
2026-03-22,12:06:06,soil culture 2,-124.625,2026-03-22 12:06:06,20260802_soil_log.txt
2026-03-22,12:11:06,soil culture 2,-124.625,2026-03-22 12:11:06,20260802_soil_log.txt
2026-03-22,12:16:06,soil culture 2,-124.5,2026-03-22 12:16:06,20260802_soil_log.txt
2026-03-22,12:21:06,soil culture 2,-124.5,2026-03-22 12:21:06,20260802_soil_log.txt
2026-03-22,12:26:07,soil culture 2,-124.375,2026-03-22 12:26:07,20260802_soil_log.txt
2026-03-22,12:31:07,soil culture 2,-124.375,2026-03-22 12:31:07,20260802_soil_log.txt
2026-03-22,12:36:07,soil culture 2,-124.375,2026-03-22 12:36:07,20260802_soil_log.txt
2026-03-22,12:41:07,soil culture 2,-124.25,2026-03-22 12:41:07,20260802_soil_log.txt
2026-03-22,12:46:07,soil culture 2,-124.25,2026-03-22 12:46:07,20260802_soil_log.txt
2026-03-22,12:51:08,soil culture 2,-124.25,2026-03-22 12:51:08,20260802_soil_log.txt
2026-03-22,12:56:08,soil culture 2,-124.125,2026-03-22 12:56:08,20260802_soil_log.txt
2026-03-22,13:01:08,soil culture 2,-124.125,2026-03-22 13:01:08,20260802_soil_log.txt
2026-03-22,13:06:08,soil culture 2,-124.0,2026-03-22 13:06:08,20260802_soil_log.txt
2026-03-22,13:11:08,soil culture 2,-124.0,2026-03-22 13:11:08,20260802_soil_log.txt
2026-03-22,13:16:09,soil culture 2,-124.0,2026-03-22 13:16:09,20260802_soil_log.txt
2026-03-22,13:21:09,soil culture 2,-124.0,2026-03-22 13:21:09,20260802_soil_log.txt
2026-03-22,13:26:09,soil culture 2,-123.875,2026-03-22 13:26:09,20260802_soil_log.txt
2026-03-22,13:31:09,soil culture 2,-123.875,2026-03-22 13:31:09,20260802_soil_log.txt
2026-03-22,13:36:09,soil culture 2,-123.75,2026-03-22 13:36:09,20260802_soil_log.txt
2026-03-22,13:41:10,soil culture 2,-123.75,2026-03-22 13:41:10,20260802_soil_log.txt
2026-03-22,13:46:10,soil culture 2,-123.75,2026-03-22 13:46:10,20260802_soil_log.txt
2026-03-22,13:51:10,soil culture 2,-123.625,2026-03-22 13:51:10,20260802_soil_log.txt
2026-03-22,13:56:10,soil culture 2,-123.625,2026-03-22 13:56:10,20260802_soil_log.txt
2026-03-22,14:01:11,soil culture 2,-123.5,2026-03-22 14:01:11,20260802_soil_log.txt
2026-03-22,14:06:11,soil culture 2,-123.5,2026-03-22 14:06:11,20260802_soil_log.txt
2026-03-22,14:11:11,soil culture 2,-123.5,2026-03-22 14:11:11,20260802_soil_log.txt
2026-03-22,14:16:11,soil culture 2,-123.375,2026-03-22 14:16:11,20260802_soil_log.txt
2026-03-22,14:21:11,soil culture 2,-123.375,2026-03-22 14:21:11,20260802_soil_log.txt
2026-03-22,14:26:12,soil culture 2,-123.375,2026-03-22 14:26:12,20260802_soil_log.txt
2026-03-22,14:31:12,soil culture 2,-123.25,2026-03-22 14:31:12,20260802_soil_log.txt
2026-03-22,14:36:12,soil culture 2,-123.375,2026-03-22 14:36:12,20260802_soil_log.txt
2026-03-22,14:41:12,soil culture 2,-123.25,2026-03-22 14:41:12,20260802_soil_log.txt
2026-03-22,14:46:13,soil culture 2,-123.125,2026-03-22 14:46:13,20260802_soil_log.txt
2026-03-22,14:51:13,soil culture 2,-123.125,2026-03-22 14:51:13,20260802_soil_log.txt
2026-03-22,14:56:13,soil culture 2,-123.125,2026-03-22 14:56:13,20260802_soil_log.txt
2026-03-22,15:01:13,soil culture 2,-123.25,2026-03-22 15:01:13,20260802_soil_log.txt
2026-03-22,15:06:13,soil culture 2,-123.0,2026-03-22 15:06:13,20260802_soil_log.txt
2026-03-22,15:11:14,soil culture 2,-123.0,2026-03-22 15:11:14,20260802_soil_log.txt
2026-03-22,15:16:14,soil culture 2,-123.0,2026-03-22 15:16:14,20260802_soil_log.txt
2026-03-22,15:21:14,soil culture 2,-122.875,2026-03-22 15:21:14,20260802_soil_log.txt
2026-03-22,15:26:14,soil culture 2,-122.75,2026-03-22 15:26:14,20260802_soil_log.txt
2026-03-22,15:31:14,soil culture 2,-123.125,2026-03-22 15:31:14,20260802_soil_log.txt
2026-03-22,15:36:15,soil culture 2,-123.0,2026-03-22 15:36:15,20260802_soil_log.txt
2026-03-22,15:41:15,soil culture 2,-123.0,2026-03-22 15:41:15,20260802_soil_log.txt
2026-03-22,15:46:15,soil culture 2,-123.0,2026-03-22 15:46:15,20260802_soil_log.txt
2026-03-22,15:51:15,soil culture 2,-122.875,2026-03-22 15:51:15,20260802_soil_log.txt
2026-03-22,15:56:16,soil culture 2,-122.75,2026-03-22 15:56:16,20260802_soil_log.txt
2026-03-22,16:01:16,soil culture 2,-122.875,2026-03-22 16:01:16,20260802_soil_log.txt
2026-03-22,16:06:16,soil culture 2,-122.75,2026-03-22 16:06:16,20260802_soil_log.txt
2026-03-22,16:11:16,soil culture 2,-122.75,2026-03-22 16:11:16,20260802_soil_log.txt
2026-03-22,16:16:16,soil culture 2,-122.75,2026-03-22 16:16:16,20260802_soil_log.txt
2026-03-22,16:21:17,soil culture 2,-122.625,2026-03-22 16:21:17,20260802_soil_log.txt
2026-03-22,16:26:17,soil culture 2,-122.625,2026-03-22 16:26:17,20260802_soil_log.txt
2026-03-22,16:31:17,soil culture 2,-122.625,2026-03-22 16:31:17,20260802_soil_log.txt
2026-03-22,16:36:17,soil culture 2,-122.5,2026-03-22 16:36:17,20260802_soil_log.txt
2026-03-22,16:41:17,soil culture 2,-122.625,2026-03-22 16:41:17,20260802_soil_log.txt
2026-03-22,16:46:18,soil culture 2,-122.5,2026-03-22 16:46:18,20260802_soil_log.txt
2026-03-22,16:51:18,soil culture 2,-122.5,2026-03-22 16:51:18,20260802_soil_log.txt
2026-03-22,16:56:18,soil culture 2,-122.375,2026-03-22 16:56:18,20260802_soil_log.txt
2026-03-22,17:01:18,soil culture 2,-122.375,2026-03-22 17:01:18,20260802_soil_log.txt
2026-03-22,17:06:19,soil culture 2,-122.375,2026-03-22 17:06:19,20260802_soil_log.txt
2026-03-22,17:11:19,soil culture 2,-122.25,2026-03-22 17:11:19,20260802_soil_log.txt
2026-03-22,17:16:19,soil culture 2,-122.25,2026-03-22 17:16:19,20260802_soil_log.txt
2026-03-22,17:21:19,soil culture 2,-122.25,2026-03-22 17:21:19,20260802_soil_log.txt
2026-03-22,17:26:19,soil culture 2,-122.25,2026-03-22 17:26:19,20260802_soil_log.txt
2026-03-22,17:31:20,soil culture 2,-122.125,2026-03-22 17:31:20,20260802_soil_log.txt
2026-03-22,17:36:20,soil culture 2,-122.125,2026-03-22 17:36:20,20260802_soil_log.txt
2026-03-22,17:41:20,soil culture 2,-122.125,2026-03-22 17:41:20,20260802_soil_log.txt
2026-03-22,17:46:20,soil culture 2,-122.125,2026-03-22 17:46:20,20260802_soil_log.txt
2026-03-22,17:51:20,soil culture 2,-122.0,2026-03-22 17:51:20,20260802_soil_log.txt
2026-03-22,17:56:21,soil culture 2,-122.0,2026-03-22 17:56:21,20260802_soil_log.txt
2026-03-22,18:01:21,soil culture 2,-122.0,2026-03-22 18:01:21,20260802_soil_log.txt
2026-03-22,18:06:21,soil culture 2,-121.875,2026-03-22 18:06:21,20260802_soil_log.txt
2026-03-22,18:11:21,soil culture 2,-121.875,2026-03-22 18:11:21,20260802_soil_log.txt
2026-03-22,18:16:21,soil culture 2,-121.875,2026-03-22 18:16:21,20260802_soil_log.txt
2026-03-22,18:21:22,soil culture 2,-121.875,2026-03-22 18:21:22,20260802_soil_log.txt
2026-03-22,18:26:22,soil culture 2,-121.75,2026-03-22 18:26:22,20260802_soil_log.txt
2026-03-22,18:31:22,soil culture 2,-121.75,2026-03-22 18:31:22,20260802_soil_log.txt
2026-03-22,18:36:22,soil culture 2,-121.625,2026-03-22 18:36:22,20260802_soil_log.txt
2026-03-22,18:41:23,soil culture 2,-121.5,2026-03-22 18:41:23,20260802_soil_log.txt
2026-03-22,18:46:23,soil culture 2,-121.625,2026-03-22 18:46:23,20260802_soil_log.txt
2026-03-22,18:51:23,soil culture 2,-121.5,2026-03-22 18:51:23,20260802_soil_log.txt
2026-03-22,18:56:23,soil culture 2,-121.5,2026-03-22 18:56:23,20260802_soil_log.txt
2026-03-22,19:01:23,soil culture 2,-121.5,2026-03-22 19:01:23,20260802_soil_log.txt
2026-03-22,19:06:24,soil culture 2,-121.375,2026-03-22 19:06:24,20260802_soil_log.txt
2026-03-22,19:11:24,soil culture 2,-121.375,2026-03-22 19:11:24,20260802_soil_log.txt
2026-03-22,19:16:24,soil culture 2,-121.25,2026-03-22 19:16:24,20260802_soil_log.txt
2026-03-22,19:21:24,soil culture 2,-121.25,2026-03-22 19:21:24,20260802_soil_log.txt
2026-03-22,19:26:25,soil culture 2,-121.25,2026-03-22 19:26:25,20260802_soil_log.txt
2026-03-22,19:31:25,soil culture 2,-121.25,2026-03-22 19:31:25,20260802_soil_log.txt
2026-03-22,19:36:25,soil culture 2,-121.25,2026-03-22 19:36:25,20260802_soil_log.txt
2026-03-22,19:41:25,soil culture 2,-121.25,2026-03-22 19:41:25,20260802_soil_log.txt
2026-03-22,19:46:25,soil culture 2,-121.125,2026-03-22 19:46:25,20260802_soil_log.txt
2026-03-22,19:51:26,soil culture 2,-121.125,2026-03-22 19:51:26,20260802_soil_log.txt
2026-03-22,19:56:26,soil culture 2,-121.0,2026-03-22 19:56:26,20260802_soil_log.txt
2026-03-22,20:01:26,soil culture 2,-121.0,2026-03-22 20:01:26,20260802_soil_log.txt
2026-03-22,20:06:26,soil culture 2,-120.875,2026-03-22 20:06:26,20260802_soil_log.txt
2026-03-22,20:11:27,soil culture 2,-120.875,2026-03-22 20:11:27,20260802_soil_log.txt
2026-03-22,20:16:27,soil culture 2,-120.875,2026-03-22 20:16:27,20260802_soil_log.txt
2026-03-22,20:21:27,soil culture 2,-120.75,2026-03-22 20:21:27,20260802_soil_log.txt
2026-03-22,20:26:27,soil culture 2,-120.875,2026-03-22 20:26:27,20260802_soil_log.txt
2026-03-22,20:31:27,soil culture 2,-120.75,2026-03-22 20:31:27,20260802_soil_log.txt
2026-03-22,20:36:28,soil culture 2,-120.75,2026-03-22 20:36:28,20260802_soil_log.txt
2026-03-22,20:41:28,soil culture 2,-120.625,2026-03-22 20:41:28,20260802_soil_log.txt
2026-03-22,20:46:28,soil culture 2,-120.625,2026-03-22 20:46:28,20260802_soil_log.txt
2026-03-22,20:51:28,soil culture 2,-120.625,2026-03-22 20:51:28,20260802_soil_log.txt
2026-03-22,20:56:29,soil culture 2,-120.625,2026-03-22 20:56:29,20260802_soil_log.txt
2026-03-22,21:01:29,soil culture 2,-120.625,2026-03-22 21:01:29,20260802_soil_log.txt
2026-03-22,21:06:29,soil culture 2,-120.5,2026-03-22 21:06:29,20260802_soil_log.txt
2026-03-22,21:11:29,soil culture 2,-120.5,2026-03-22 21:11:29,20260802_soil_log.txt
2026-03-22,21:16:29,soil culture 2,-120.5,2026-03-22 21:16:29,20260802_soil_log.txt
2026-03-22,21:21:30,soil culture 2,-120.375,2026-03-22 21:21:30,20260802_soil_log.txt
2026-03-22,21:26:30,soil culture 2,-120.375,2026-03-22 21:26:30,20260802_soil_log.txt
2026-03-22,21:31:30,soil culture 2,-120.375,2026-03-22 21:31:30,20260802_soil_log.txt
2026-03-22,21:36:30,soil culture 2,-120.25,2026-03-22 21:36:30,20260802_soil_log.txt
2026-03-22,21:41:31,soil culture 2,-120.25,2026-03-22 21:41:31,20260802_soil_log.txt
2026-03-22,21:46:31,soil culture 2,-120.25,2026-03-22 21:46:31,20260802_soil_log.txt
2026-03-22,21:51:31,soil culture 2,-120.125,2026-03-22 21:51:31,20260802_soil_log.txt
2026-03-22,21:56:31,soil culture 2,-120.125,2026-03-22 21:56:31,20260802_soil_log.txt
2026-03-22,22:01:32,soil culture 2,-120.125,2026-03-22 22:01:32,20260802_soil_log.txt
2026-03-22,22:06:32,soil culture 2,-120.125,2026-03-22 22:06:32,20260802_soil_log.txt
2026-03-22,22:11:32,soil culture 2,-120.0,2026-03-22 22:11:32,20260802_soil_log.txt
2026-03-22,22:16:32,soil culture 2,-120.0,2026-03-22 22:16:32,20260802_soil_log.txt
2026-03-22,22:21:32,soil culture 2,-119.87500000000001,2026-03-22 22:21:32,20260802_soil_log.txt
2026-03-22,22:26:33,soil culture 2,-119.87500000000001,2026-03-22 22:26:33,20260802_soil_log.txt
2026-03-22,22:31:33,soil culture 2,-119.87500000000001,2026-03-22 22:31:33,20260802_soil_log.txt
2026-03-22,22:36:33,soil culture 2,-119.75000000000001,2026-03-22 22:36:33,20260802_soil_log.txt
2026-03-22,22:41:33,soil culture 2,-119.87500000000001,2026-03-22 22:41:33,20260802_soil_log.txt
2026-03-22,22:46:33,soil culture 2,-119.75000000000001,2026-03-22 22:46:33,20260802_soil_log.txt
2026-03-22,22:51:34,soil culture 2,-119.75000000000001,2026-03-22 22:51:34,20260802_soil_log.txt
2026-03-22,22:56:34,soil culture 2,-119.75000000000001,2026-03-22 22:56:34,20260802_soil_log.txt
2026-03-22,23:01:34,soil culture 2,-119.62500000000001,2026-03-22 23:01:34,20260802_soil_log.txt
2026-03-22,23:06:34,soil culture 2,-119.62500000000001,2026-03-22 23:06:34,20260802_soil_log.txt
2026-03-22,23:11:35,soil culture 2,-119.62500000000001,2026-03-22 23:11:35,20260802_soil_log.txt
2026-03-22,23:16:35,soil culture 2,-119.62500000000001,2026-03-22 23:16:35,20260802_soil_log.txt
2026-03-22,23:21:35,soil culture 2,-119.50000000000001,2026-03-22 23:21:35,20260802_soil_log.txt
2026-03-22,23:26:35,soil culture 2,-119.50000000000001,2026-03-22 23:26:35,20260802_soil_log.txt
2026-03-22,23:31:35,soil culture 2,-119.50000000000001,2026-03-22 23:31:35,20260802_soil_log.txt
2026-03-22,23:36:36,soil culture 2,-119.50000000000001,2026-03-22 23:36:36,20260802_soil_log.txt
2026-03-22,23:41:36,soil culture 2,-119.37500000000001,2026-03-22 23:41:36,20260802_soil_log.txt
2026-03-22,23:46:36,soil culture 2,-119.37500000000001,2026-03-22 23:46:36,20260802_soil_log.txt
2026-03-22,23:51:36,soil culture 2,-119.25000000000001,2026-03-22 23:51:36,20260802_soil_log.txt
2026-03-22,23:56:37,soil culture 2,-119.25000000000001,2026-03-22 23:56:37,20260802_soil_log.txt
2026-03-23,00:01:37,soil culture 2,-119.25000000000001,2026-03-23 00:01:37,20260802_soil_log.txt
2026-03-23,00:06:37,soil culture 2,-119.12500000000001,2026-03-23 00:06:37,20260802_soil_log.txt
2026-03-23,00:11:37,soil culture 2,-119.12500000000001,2026-03-23 00:11:37,20260802_soil_log.txt
2026-03-23,00:16:37,soil culture 2,-119.12500000000001,2026-03-23 00:16:37,20260802_soil_log.txt
2026-03-23,00:21:38,soil culture 2,-119.12500000000001,2026-03-23 00:21:38,20260802_soil_log.txt
2026-03-23,00:26:38,soil culture 2,-119.00000000000001,2026-03-23 00:26:38,20260802_soil_log.txt
2026-03-23,00:31:38,soil culture 2,-119.00000000000001,2026-03-23 00:31:38,20260802_soil_log.txt
2026-03-23,00:36:38,soil culture 2,-118.87500000000001,2026-03-23 00:36:38,20260802_soil_log.txt
2026-03-23,00:41:38,soil culture 2,-118.87500000000001,2026-03-23 00:41:38,20260802_soil_log.txt
2026-03-23,00:46:39,soil culture 2,-118.75000000000001,2026-03-23 00:46:39,20260802_soil_log.txt
2026-03-23,00:51:39,soil culture 2,-118.75000000000001,2026-03-23 00:51:39,20260802_soil_log.txt
2026-03-23,00:56:39,soil culture 2,-118.75000000000001,2026-03-23 00:56:39,20260802_soil_log.txt
2026-03-23,01:01:39,soil culture 2,-118.75000000000001,2026-03-23 01:01:39,20260802_soil_log.txt
2026-03-23,01:06:40,soil culture 2,-118.62500000000001,2026-03-23 01:06:40,20260802_soil_log.txt
2026-03-23,01:11:40,soil culture 2,-118.62500000000001,2026-03-23 01:11:40,20260802_soil_log.txt
2026-03-23,01:16:40,soil culture 2,-118.62500000000001,2026-03-23 01:16:40,20260802_soil_log.txt
2026-03-23,01:21:40,soil culture 2,-118.62500000000001,2026-03-23 01:21:40,20260802_soil_log.txt
2026-03-23,01:26:40,soil culture 2,-118.50000000000001,2026-03-23 01:26:40,20260802_soil_log.txt
2026-03-23,01:31:41,soil culture 2,-118.50000000000001,2026-03-23 01:31:41,20260802_soil_log.txt
2026-03-23,01:36:41,soil culture 2,-118.50000000000001,2026-03-23 01:36:41,20260802_soil_log.txt
2026-03-23,01:41:41,soil culture 2,-118.50000000000001,2026-03-23 01:41:41,20260802_soil_log.txt
2026-03-23,01:46:41,soil culture 2,-118.37500000000001,2026-03-23 01:46:41,20260802_soil_log.txt
2026-03-23,01:51:42,soil culture 2,-118.37500000000001,2026-03-23 01:51:42,20260802_soil_log.txt
2026-03-23,01:56:42,soil culture 2,-118.37500000000001,2026-03-23 01:56:42,20260802_soil_log.txt
2026-03-23,02:01:42,soil culture 2,-118.37500000000001,2026-03-23 02:01:42,20260802_soil_log.txt
2026-03-23,02:06:42,soil culture 2,-118.25000000000001,2026-03-23 02:06:42,20260802_soil_log.txt
2026-03-23,02:11:43,soil culture 2,-118.25000000000001,2026-03-23 02:11:43,20260802_soil_log.txt
2026-03-23,02:16:43,soil culture 2,-118.25000000000001,2026-03-23 02:16:43,20260802_soil_log.txt
2026-03-23,02:21:43,soil culture 2,-118.25000000000001,2026-03-23 02:21:43,20260802_soil_log.txt
2026-03-23,02:26:43,soil culture 2,-118.12500000000001,2026-03-23 02:26:43,20260802_soil_log.txt
2026-03-23,02:31:43,soil culture 2,-118.00000000000001,2026-03-23 02:31:43,20260802_soil_log.txt
2026-03-23,02:36:44,soil culture 2,-118.12500000000001,2026-03-23 02:36:44,20260802_soil_log.txt
2026-03-23,02:41:44,soil culture 2,-118.00000000000001,2026-03-23 02:41:44,20260802_soil_log.txt
2026-03-23,02:46:44,soil culture 2,-118.00000000000001,2026-03-23 02:46:44,20260802_soil_log.txt
2026-03-23,02:51:44,soil culture 2,-117.87500000000001,2026-03-23 02:51:44,20260802_soil_log.txt
2026-03-23,02:56:44,soil culture 2,-117.87500000000001,2026-03-23 02:56:44,20260802_soil_log.txt
2026-03-23,03:01:45,soil culture 2,-117.87500000000001,2026-03-23 03:01:45,20260802_soil_log.txt
2026-03-23,03:06:45,soil culture 2,-117.87500000000001,2026-03-23 03:06:45,20260802_soil_log.txt
2026-03-23,03:11:45,soil culture 2,-117.87500000000001,2026-03-23 03:11:45,20260802_soil_log.txt
2026-03-23,03:16:45,soil culture 2,-117.75000000000001,2026-03-23 03:16:45,20260802_soil_log.txt
2026-03-23,03:21:45,soil culture 2,-117.75000000000001,2026-03-23 03:21:45,20260802_soil_log.txt
2026-03-23,03:26:46,soil culture 2,-117.75000000000001,2026-03-23 03:26:46,20260802_soil_log.txt
2026-03-23,03:31:46,soil culture 2,-117.75000000000001,2026-03-23 03:31:46,20260802_soil_log.txt
2026-03-23,03:36:46,soil culture 2,-117.62500000000001,2026-03-23 03:36:46,20260802_soil_log.txt
2026-03-23,03:41:46,soil culture 2,-117.62500000000001,2026-03-23 03:41:46,20260802_soil_log.txt
2026-03-23,03:46:47,soil culture 2,-117.50000000000001,2026-03-23 03:46:47,20260802_soil_log.txt
2026-03-23,03:51:47,soil culture 2,-117.50000000000001,2026-03-23 03:51:47,20260802_soil_log.txt
2026-03-23,03:56:47,soil culture 2,-117.50000000000001,2026-03-23 03:56:47,20260802_soil_log.txt
2026-03-23,04:01:47,soil culture 2,-117.375,2026-03-23 04:01:47,20260802_soil_log.txt
2026-03-23,04:06:47,soil culture 2,-117.50000000000001,2026-03-23 04:06:47,20260802_soil_log.txt
2026-03-23,04:11:48,soil culture 2,-117.75000000000001,2026-03-23 04:11:48,20260802_soil_log.txt
2026-03-23,04:16:48,soil culture 2,-117.62500000000001,2026-03-23 04:16:48,20260802_soil_log.txt
2026-03-23,04:21:48,soil culture 2,-117.50000000000001,2026-03-23 04:21:48,20260802_soil_log.txt
2026-03-23,04:26:48,soil culture 2,-117.375,2026-03-23 04:26:48,20260802_soil_log.txt
2026-03-23,04:31:48,soil culture 2,-117.375,2026-03-23 04:31:48,20260802_soil_log.txt
2026-03-23,04:36:49,soil culture 2,-117.375,2026-03-23 04:36:49,20260802_soil_log.txt
2026-03-23,04:41:49,soil culture 2,-117.375,2026-03-23 04:41:49,20260802_soil_log.txt
2026-03-23,04:46:49,soil culture 2,-117.375,2026-03-23 04:46:49,20260802_soil_log.txt
2026-03-23,04:51:49,soil culture 2,-117.25,2026-03-23 04:51:49,20260802_soil_log.txt
2026-03-23,04:56:50,soil culture 2,-117.25,2026-03-23 04:56:50,20260802_soil_log.txt
2026-03-23,05:01:50,soil culture 2,-117.125,2026-03-23 05:01:50,20260802_soil_log.txt
2026-03-23,05:06:50,soil culture 2,-117.125,2026-03-23 05:06:50,20260802_soil_log.txt
2026-03-23,05:11:50,soil culture 2,-117.125,2026-03-23 05:11:50,20260802_soil_log.txt
2026-03-23,05:16:50,soil culture 2,-117.0,2026-03-23 05:16:50,20260802_soil_log.txt
2026-03-23,05:21:51,soil culture 2,-117.0,2026-03-23 05:21:51,20260802_soil_log.txt
2026-03-23,05:26:51,soil culture 2,-117.0,2026-03-23 05:26:51,20260802_soil_log.txt
2026-03-23,05:31:51,soil culture 2,-117.0,2026-03-23 05:31:51,20260802_soil_log.txt
2026-03-23,05:36:51,soil culture 2,-116.875,2026-03-23 05:36:51,20260802_soil_log.txt
2026-03-23,05:41:52,soil culture 2,-117.0,2026-03-23 05:41:52,20260802_soil_log.txt
2026-03-23,05:46:52,soil culture 2,-116.875,2026-03-23 05:46:52,20260802_soil_log.txt
2026-03-23,05:51:52,soil culture 2,-116.875,2026-03-23 05:51:52,20260802_soil_log.txt
2026-03-23,05:56:52,soil culture 2,-116.875,2026-03-23 05:56:52,20260802_soil_log.txt
2026-03-23,06:01:53,soil culture 2,-116.875,2026-03-23 06:01:53,20260802_soil_log.txt
2026-03-23,06:06:53,soil culture 2,-116.75,2026-03-23 06:06:53,20260802_soil_log.txt
2026-03-23,06:11:53,soil culture 2,-116.75,2026-03-23 06:11:53,20260802_soil_log.txt
2026-03-23,06:16:53,soil culture 2,-116.75,2026-03-23 06:16:53,20260802_soil_log.txt
2026-03-23,06:21:53,soil culture 2,-116.75,2026-03-23 06:21:53,20260802_soil_log.txt
2026-03-23,06:26:54,soil culture 2,-116.75,2026-03-23 06:26:54,20260802_soil_log.txt
2026-03-23,06:31:54,soil culture 2,-116.625,2026-03-23 06:31:54,20260802_soil_log.txt
2026-03-23,06:36:54,soil culture 2,-116.625,2026-03-23 06:36:54,20260802_soil_log.txt
2026-03-23,06:41:54,soil culture 2,-116.625,2026-03-23 06:41:54,20260802_soil_log.txt
2026-03-23,06:46:54,soil culture 2,-116.5,2026-03-23 06:46:54,20260802_soil_log.txt
2026-03-23,06:51:55,soil culture 2,-116.5,2026-03-23 06:51:55,20260802_soil_log.txt
2026-03-23,06:56:55,soil culture 2,-116.5,2026-03-23 06:56:55,20260802_soil_log.txt
2026-03-23,07:01:55,soil culture 2,-116.375,2026-03-23 07:01:55,20260802_soil_log.txt
2026-03-23,07:06:55,soil culture 2,-116.5,2026-03-23 07:06:55,20260802_soil_log.txt
2026-03-23,07:11:56,soil culture 2,-116.5,2026-03-23 07:11:56,20260802_soil_log.txt
2026-03-23,07:16:56,soil culture 2,-116.375,2026-03-23 07:16:56,20260802_soil_log.txt
2026-03-23,07:21:56,soil culture 2,-116.375,2026-03-23 07:21:56,20260802_soil_log.txt
2026-03-23,07:26:56,soil culture 2,-116.375,2026-03-23 07:26:56,20260802_soil_log.txt
2026-03-23,07:31:56,soil culture 2,-116.375,2026-03-23 07:31:56,20260802_soil_log.txt
2026-03-23,07:36:57,soil culture 2,-116.375,2026-03-23 07:36:57,20260802_soil_log.txt
2026-03-23,07:41:57,soil culture 2,-116.375,2026-03-23 07:41:57,20260802_soil_log.txt
2026-03-23,07:46:57,soil culture 2,-116.375,2026-03-23 07:46:57,20260802_soil_log.txt
2026-03-23,07:51:57,soil culture 2,-116.375,2026-03-23 07:51:57,20260802_soil_log.txt
2026-03-23,07:56:58,soil culture 2,-116.25,2026-03-23 07:56:58,20260802_soil_log.txt
2026-03-23,08:01:58,soil culture 2,-116.25,2026-03-23 08:01:58,20260802_soil_log.txt
2026-03-23,08:06:58,soil culture 2,-116.25,2026-03-23 08:06:58,20260802_soil_log.txt
2026-03-23,08:11:58,soil culture 2,-116.125,2026-03-23 08:11:58,20260802_soil_log.txt
2026-03-23,08:16:59,soil culture 2,-116.125,2026-03-23 08:16:59,20260802_soil_log.txt
2026-03-23,08:21:59,soil culture 2,-116.125,2026-03-23 08:21:59,20260802_soil_log.txt
2026-03-23,08:26:59,soil culture 2,-116.125,2026-03-23 08:26:59,20260802_soil_log.txt
2026-03-23,08:31:59,soil culture 2,-116.125,2026-03-23 08:31:59,20260802_soil_log.txt
2026-03-23,08:36:59,soil culture 2,-116.0,2026-03-23 08:36:59,20260802_soil_log.txt
2026-03-23,08:42:00,soil culture 2,-116.0,2026-03-23 08:42:00,20260802_soil_log.txt
2026-03-23,08:47:00,soil culture 2,-116.0,2026-03-23 08:47:00,20260802_soil_log.txt
2026-03-23,08:52:00,soil culture 2,-116.0,2026-03-23 08:52:00,20260802_soil_log.txt
2026-03-23,08:57:00,soil culture 2,-116.0,2026-03-23 08:57:00,20260802_soil_log.txt
2026-03-23,09:02:01,soil culture 2,-115.875,2026-03-23 09:02:01,20260802_soil_log.txt
2026-03-23,09:07:01,soil culture 2,-115.875,2026-03-23 09:07:01,20260802_soil_log.txt
2026-03-23,09:12:01,soil culture 2,-115.875,2026-03-23 09:12:01,20260802_soil_log.txt
2026-03-23,09:17:01,soil culture 2,-115.875,2026-03-23 09:17:01,20260802_soil_log.txt
2026-03-23,09:22:01,soil culture 2,-115.875,2026-03-23 09:22:01,20260802_soil_log.txt
2026-03-23,09:27:02,soil culture 2,-115.75,2026-03-23 09:27:02,20260802_soil_log.txt
2026-03-23,09:32:02,soil culture 2,-115.875,2026-03-23 09:32:02,20260802_soil_log.txt
2026-03-23,09:37:02,soil culture 2,-115.75,2026-03-23 09:37:02,20260802_soil_log.txt
2026-03-23,09:42:02,soil culture 2,-115.625,2026-03-23 09:42:02,20260802_soil_log.txt
2026-03-23,09:47:03,soil culture 2,-115.75,2026-03-23 09:47:03,20260802_soil_log.txt
2026-03-23,09:52:03,soil culture 2,-115.625,2026-03-23 09:52:03,20260802_soil_log.txt
2026-03-23,09:57:03,soil culture 2,-115.75,2026-03-23 09:57:03,20260802_soil_log.txt
2026-03-23,10:02:03,soil culture 2,-115.625,2026-03-23 10:02:03,20260802_soil_log.txt
2026-03-23,10:07:03,soil culture 2,-115.625,2026-03-23 10:07:03,20260802_soil_log.txt
2026-03-23,10:12:04,soil culture 2,-115.5,2026-03-23 10:12:04,20260802_soil_log.txt
2026-03-23,10:17:04,soil culture 2,-115.5,2026-03-23 10:17:04,20260802_soil_log.txt
2026-03-23,10:22:04,soil culture 2,-115.5,2026-03-23 10:22:04,20260802_soil_log.txt
2026-03-23,10:27:04,soil culture 2,-115.5,2026-03-23 10:27:04,20260802_soil_log.txt
2026-03-23,10:32:04,soil culture 2,-115.375,2026-03-23 10:32:04,20260802_soil_log.txt
2026-03-23,10:37:05,soil culture 2,-126.37500000000001,2026-03-23 10:37:05,20260802_soil_log.txt
2026-03-23,10:41:03,soil culture 2,-141.375,2026-03-23 10:41:03,20260805_soil_log.txt
2026-03-23,10:46:04,soil culture 2,-147.75,2026-03-23 10:46:04,20260805_soil_log.txt
2026-03-23,10:51:04,soil culture 2,-151.5,2026-03-23 10:51:04,20260805_soil_log.txt
2026-03-23,10:56:04,soil culture 2,-154.25,2026-03-23 10:56:04,20260805_soil_log.txt
2026-03-23,11:01:04,soil culture 2,-156.25,2026-03-23 11:01:04,20260805_soil_log.txt
2026-03-23,11:06:05,soil culture 2,-157.37500000000003,2026-03-23 11:06:05,20260805_soil_log.txt
2026-03-23,11:11:05,soil culture 2,-158.25,2026-03-23 11:11:05,20260805_soil_log.txt
2026-03-23,11:16:05,soil culture 2,-158.87500000000003,2026-03-23 11:16:05,20260805_soil_log.txt
2026-03-23,11:21:05,soil culture 2,-159.25,2026-03-23 11:21:05,20260805_soil_log.txt
2026-03-23,11:26:05,soil culture 2,-159.5,2026-03-23 11:26:05,20260805_soil_log.txt
2026-03-23,11:31:06,soil culture 2,-159.75,2026-03-23 11:31:06,20260805_soil_log.txt
2026-03-23,11:36:06,soil culture 2,-160.0,2026-03-23 11:36:06,20260805_soil_log.txt
2026-03-23,11:41:06,soil culture 2,-160.25,2026-03-23 11:41:06,20260805_soil_log.txt
2026-03-23,11:46:06,soil culture 2,-160.25,2026-03-23 11:46:06,20260805_soil_log.txt
2026-03-23,11:51:07,soil culture 2,-159.87500000000003,2026-03-23 11:51:07,20260805_soil_log.txt
2026-03-23,11:56:07,soil culture 2,-160.625,2026-03-23 11:56:07,20260805_soil_log.txt
2026-03-23,12:01:07,soil culture 2,-160.875,2026-03-23 12:01:07,20260805_soil_log.txt
2026-03-23,12:06:07,soil culture 2,-161.0,2026-03-23 12:06:07,20260805_soil_log.txt
2026-03-23,12:11:07,soil culture 2,-161.375,2026-03-23 12:11:07,20260805_soil_log.txt
2026-03-23,12:16:08,soil culture 2,-161.625,2026-03-23 12:16:08,20260805_soil_log.txt
2026-03-23,12:21:08,soil culture 2,-161.75,2026-03-23 12:21:08,20260805_soil_log.txt
2026-03-23,12:26:08,soil culture 2,-162.375,2026-03-23 12:26:08,20260805_soil_log.txt
2026-03-23,12:31:08,soil culture 2,-162.75,2026-03-23 12:31:08,20260805_soil_log.txt
2026-03-23,12:36:09,soil culture 2,-163.375,2026-03-23 12:36:09,20260805_soil_log.txt
2026-03-23,12:41:09,soil culture 2,-163.625,2026-03-23 12:41:09,20260805_soil_log.txt
2026-03-23,12:46:09,soil culture 2,-164.125,2026-03-23 12:46:09,20260805_soil_log.txt
2026-03-23,12:51:09,soil culture 2,-164.5,2026-03-23 12:51:09,20260805_soil_log.txt
2026-03-23,12:56:09,soil culture 2,-164.875,2026-03-23 12:56:09,20260805_soil_log.txt
2026-03-23,13:01:10,soil culture 2,-165.375,2026-03-23 13:01:10,20260805_soil_log.txt
2026-03-23,13:06:10,soil culture 2,-165.75,2026-03-23 13:06:10,20260805_soil_log.txt
2026-03-23,13:11:10,soil culture 2,-166.125,2026-03-23 13:11:10,20260805_soil_log.txt
2026-03-23,13:16:10,soil culture 2,-166.625,2026-03-23 13:16:10,20260805_soil_log.txt
2026-03-23,13:21:10,soil culture 2,-167.125,2026-03-23 13:21:10,20260805_soil_log.txt
2026-03-23,13:26:11,soil culture 2,-167.5,2026-03-23 13:26:11,20260805_soil_log.txt
2026-03-23,13:31:11,soil culture 2,-167.75,2026-03-23 13:31:11,20260805_soil_log.txt
2026-03-23,13:36:11,soil culture 2,-168.125,2026-03-23 13:36:11,20260805_soil_log.txt
2026-03-23,13:41:11,soil culture 2,-168.5,2026-03-23 13:41:11,20260805_soil_log.txt
2026-03-23,13:46:11,soil culture 2,-168.875,2026-03-23 13:46:11,20260805_soil_log.txt
2026-03-23,13:51:12,soil culture 2,-169.375,2026-03-23 13:51:12,20260805_soil_log.txt
2026-03-23,13:56:12,soil culture 2,-169.875,2026-03-23 13:56:12,20260805_soil_log.txt
2026-03-23,14:01:12,soil culture 2,-170.25,2026-03-23 14:01:12,20260805_soil_log.txt
2026-03-23,14:06:12,soil culture 2,-170.75,2026-03-23 14:06:12,20260805_soil_log.txt
2026-03-23,14:11:13,soil culture 2,-171.25,2026-03-23 14:11:13,20260805_soil_log.txt
2026-03-23,14:16:13,soil culture 2,-171.625,2026-03-23 14:16:13,20260805_soil_log.txt
2026-03-23,14:21:13,soil culture 2,-172.125,2026-03-23 14:21:13,20260805_soil_log.txt
2026-03-23,14:26:13,soil culture 2,-172.50000000000003,2026-03-23 14:26:13,20260805_soil_log.txt
2026-03-23,14:31:13,soil culture 2,-172.875,2026-03-23 14:31:13,20260805_soil_log.txt
2026-03-23,14:36:14,soil culture 2,-173.25000000000003,2026-03-23 14:36:14,20260805_soil_log.txt
2026-03-23,14:41:14,soil culture 2,-173.50000000000003,2026-03-23 14:41:14,20260805_soil_log.txt
2026-03-23,14:46:14,soil culture 2,-173.875,2026-03-23 14:46:14,20260805_soil_log.txt
2026-03-23,14:51:14,soil culture 2,-174.125,2026-03-23 14:51:14,20260805_soil_log.txt
2026-03-23,14:56:15,soil culture 2,-174.50000000000003,2026-03-23 14:56:15,20260805_soil_log.txt
2026-03-23,15:01:15,soil culture 2,-174.625,2026-03-23 15:01:15,20260805_soil_log.txt
2026-03-23,15:06:15,soil culture 2,-174.875,2026-03-23 15:06:15,20260805_soil_log.txt
2026-03-23,15:11:15,soil culture 2,-175.00000000000003,2026-03-23 15:11:15,20260805_soil_log.txt
2026-03-23,15:16:16,soil culture 2,-175.25000000000003,2026-03-23 15:16:16,20260805_soil_log.txt
2026-03-23,15:21:16,soil culture 2,-175.25000000000003,2026-03-23 15:21:16,20260805_soil_log.txt
2026-03-23,15:26:16,soil culture 2,-175.375,2026-03-23 15:26:16,20260805_soil_log.txt
2026-03-23,15:31:16,soil culture 2,-175.375,2026-03-23 15:31:16,20260805_soil_log.txt
2026-03-23,15:36:16,soil culture 2,-175.375,2026-03-23 15:36:16,20260805_soil_log.txt
2026-03-23,15:41:17,soil culture 2,-175.375,2026-03-23 15:41:17,20260805_soil_log.txt
2026-03-23,15:46:17,soil culture 2,-175.375,2026-03-23 15:46:17,20260805_soil_log.txt
2026-03-23,15:51:17,soil culture 2,-175.25000000000003,2026-03-23 15:51:17,20260805_soil_log.txt
2026-03-23,15:56:17,soil culture 2,-175.25000000000003,2026-03-23 15:56:17,20260805_soil_log.txt
2026-03-23,16:01:18,soil culture 2,-175.375,2026-03-23 16:01:18,20260805_soil_log.txt
2026-03-23,16:06:18,soil culture 2,-175.375,2026-03-23 16:06:18,20260805_soil_log.txt
2026-03-23,16:11:18,soil culture 2,-175.375,2026-03-23 16:11:18,20260805_soil_log.txt
2026-03-23,16:16:18,soil culture 2,-175.50000000000003,2026-03-23 16:16:18,20260805_soil_log.txt
2026-03-23,16:21:18,soil culture 2,-175.625,2026-03-23 16:21:18,20260805_soil_log.txt
2026-03-23,16:26:19,soil culture 2,-175.625,2026-03-23 16:26:19,20260805_soil_log.txt
2026-03-23,16:31:19,soil culture 2,-175.75000000000003,2026-03-23 16:31:19,20260805_soil_log.txt
2026-03-23,16:36:19,soil culture 2,-175.875,2026-03-23 16:36:19,20260805_soil_log.txt
2026-03-23,16:41:19,soil culture 2,-175.75000000000003,2026-03-23 16:41:19,20260805_soil_log.txt
2026-03-23,16:46:19,soil culture 2,-175.75000000000003,2026-03-23 16:46:19,20260805_soil_log.txt
2026-03-23,16:51:20,soil culture 2,-175.75000000000003,2026-03-23 16:51:20,20260805_soil_log.txt
2026-03-23,16:56:20,soil culture 2,-175.75000000000003,2026-03-23 16:56:20,20260805_soil_log.txt
2026-03-23,17:01:20,soil culture 2,-176.0,2026-03-23 17:01:20,20260805_soil_log.txt
2026-03-23,17:06:20,soil culture 2,-176.125,2026-03-23 17:06:20,20260805_soil_log.txt
2026-03-23,17:11:21,soil culture 2,-176.25,2026-03-23 17:11:21,20260805_soil_log.txt
2026-03-23,17:16:21,soil culture 2,-176.25,2026-03-23 17:16:21,20260805_soil_log.txt
2026-03-23,17:21:21,soil culture 2,-176.375,2026-03-23 17:21:21,20260805_soil_log.txt
2026-03-23,17:26:21,soil culture 2,-176.5,2026-03-23 17:26:21,20260805_soil_log.txt
2026-03-23,17:31:21,soil culture 2,-176.625,2026-03-23 17:31:21,20260805_soil_log.txt
2026-03-23,17:36:22,soil culture 2,-176.75,2026-03-23 17:36:22,20260805_soil_log.txt
2026-03-23,17:41:22,soil culture 2,-176.875,2026-03-23 17:41:22,20260805_soil_log.txt
2026-03-23,17:46:22,soil culture 2,-176.875,2026-03-23 17:46:22,20260805_soil_log.txt
2026-03-23,17:51:22,soil culture 2,-177.0,2026-03-23 17:51:22,20260805_soil_log.txt
2026-03-23,17:56:23,soil culture 2,-177.125,2026-03-23 17:56:23,20260805_soil_log.txt
2026-03-23,18:01:23,soil culture 2,-177.125,2026-03-23 18:01:23,20260805_soil_log.txt
2026-03-23,18:06:23,soil culture 2,-177.125,2026-03-23 18:06:23,20260805_soil_log.txt
2026-03-23,18:11:23,soil culture 2,-177.25,2026-03-23 18:11:23,20260805_soil_log.txt
2026-03-23,18:16:23,soil culture 2,-177.25,2026-03-23 18:16:23,20260805_soil_log.txt
2026-03-23,18:21:24,soil culture 2,-177.25,2026-03-23 18:21:24,20260805_soil_log.txt
2026-03-23,18:26:24,soil culture 2,-177.375,2026-03-23 18:26:24,20260805_soil_log.txt
2026-03-23,18:31:24,soil culture 2,-177.375,2026-03-23 18:31:24,20260805_soil_log.txt
2026-03-23,18:36:24,soil culture 2,-177.5,2026-03-23 18:36:24,20260805_soil_log.txt
2026-03-23,18:41:25,soil culture 2,-177.5,2026-03-23 18:41:25,20260805_soil_log.txt
2026-03-23,18:46:25,soil culture 2,-177.5,2026-03-23 18:46:25,20260805_soil_log.txt
2026-03-23,18:51:25,soil culture 2,-177.5,2026-03-23 18:51:25,20260805_soil_log.txt
2026-03-23,18:56:25,soil culture 2,-177.5,2026-03-23 18:56:25,20260805_soil_log.txt
2026-03-23,19:01:25,soil culture 2,-177.625,2026-03-23 19:01:25,20260805_soil_log.txt
2026-03-23,19:06:26,soil culture 2,-177.625,2026-03-23 19:06:26,20260805_soil_log.txt
2026-03-23,19:11:26,soil culture 2,-177.625,2026-03-23 19:11:26,20260805_soil_log.txt
2026-03-23,19:16:26,soil culture 2,-178.25,2026-03-23 19:16:26,20260805_soil_log.txt
2026-03-23,19:21:26,soil culture 2,-178.0,2026-03-23 19:21:26,20260805_soil_log.txt
2026-03-23,19:26:26,soil culture 2,-177.875,2026-03-23 19:26:26,20260805_soil_log.txt
2026-03-23,19:31:27,soil culture 2,-177.75,2026-03-23 19:31:27,20260805_soil_log.txt
2026-03-23,19:36:27,soil culture 2,-177.625,2026-03-23 19:36:27,20260805_soil_log.txt
2026-03-23,19:41:27,soil culture 2,-177.5,2026-03-23 19:41:27,20260805_soil_log.txt
2026-03-23,19:46:27,soil culture 2,-177.5,2026-03-23 19:46:27,20260805_soil_log.txt
2026-03-23,19:51:28,soil culture 2,-177.375,2026-03-23 19:51:28,20260805_soil_log.txt
2026-03-23,19:56:28,soil culture 2,-177.375,2026-03-23 19:56:28,20260805_soil_log.txt
2026-03-23,20:01:28,soil culture 2,-177.25,2026-03-23 20:01:28,20260805_soil_log.txt
2026-03-23,20:06:28,soil culture 2,-177.25,2026-03-23 20:06:28,20260805_soil_log.txt
2026-03-23,20:11:28,soil culture 2,-177.25,2026-03-23 20:11:28,20260805_soil_log.txt
2026-03-23,20:16:29,soil culture 2,-177.25,2026-03-23 20:16:29,20260805_soil_log.txt
2026-03-23,20:21:29,soil culture 2,-177.125,2026-03-23 20:21:29,20260805_soil_log.txt
2026-03-23,20:26:29,soil culture 2,-177.0,2026-03-23 20:26:29,20260805_soil_log.txt
2026-03-23,20:31:29,soil culture 2,-176.875,2026-03-23 20:31:29,20260805_soil_log.txt
2026-03-23,20:36:30,soil culture 2,-176.875,2026-03-23 20:36:30,20260805_soil_log.txt
2026-03-23,20:41:30,soil culture 2,-176.75,2026-03-23 20:41:30,20260805_soil_log.txt
2026-03-23,20:46:30,soil culture 2,-176.625,2026-03-23 20:46:30,20260805_soil_log.txt
2026-03-23,20:51:30,soil culture 2,-176.5,2026-03-23 20:51:30,20260805_soil_log.txt
2026-03-23,20:56:30,soil culture 2,-176.5,2026-03-23 20:56:30,20260805_soil_log.txt
2026-03-23,21:01:31,soil culture 2,-176.375,2026-03-23 21:01:31,20260805_soil_log.txt
2026-03-23,21:06:31,soil culture 2,-176.375,2026-03-23 21:06:31,20260805_soil_log.txt
2026-03-23,21:11:31,soil culture 2,-176.25,2026-03-23 21:11:31,20260805_soil_log.txt
2026-03-23,21:16:31,soil culture 2,-176.0,2026-03-23 21:16:31,20260805_soil_log.txt
2026-03-23,21:21:31,soil culture 2,-176.0,2026-03-23 21:21:31,20260805_soil_log.txt
2026-03-23,21:26:32,soil culture 2,-175.875,2026-03-23 21:26:32,20260805_soil_log.txt
2026-03-23,21:31:32,soil culture 2,-175.75000000000003,2026-03-23 21:31:32,20260805_soil_log.txt
2026-03-23,21:36:32,soil culture 2,-175.625,2026-03-23 21:36:32,20260805_soil_log.txt
2026-03-23,21:41:32,soil culture 2,-175.50000000000003,2026-03-23 21:41:32,20260805_soil_log.txt
2026-03-23,21:46:33,soil culture 2,-175.25000000000003,2026-03-23 21:46:33,20260805_soil_log.txt
2026-03-23,21:51:33,soil culture 2,-175.125,2026-03-23 21:51:33,20260805_soil_log.txt
2026-03-23,21:56:33,soil culture 2,-175.00000000000003,2026-03-23 21:56:33,20260805_soil_log.txt
2026-03-23,22:01:33,soil culture 2,-174.875,2026-03-23 22:01:33,20260805_soil_log.txt
2026-03-23,22:06:33,soil culture 2,-174.75000000000003,2026-03-23 22:06:33,20260805_soil_log.txt
2026-03-23,22:11:34,soil culture 2,-174.50000000000003,2026-03-23 22:11:34,20260805_soil_log.txt
2026-03-23,22:16:34,soil culture 2,-174.375,2026-03-23 22:16:34,20260805_soil_log.txt
2026-03-23,22:21:34,soil culture 2,-174.25000000000003,2026-03-23 22:21:34,20260805_soil_log.txt
2026-03-23,22:26:34,soil culture 2,-174.00000000000003,2026-03-23 22:26:34,20260805_soil_log.txt
2026-03-23,22:31:35,soil culture 2,-173.75000000000003,2026-03-23 22:31:35,20260805_soil_log.txt
2026-03-23,22:36:35,soil culture 2,-173.50000000000003,2026-03-23 22:36:35,20260805_soil_log.txt
2026-03-23,22:41:35,soil culture 2,-173.375,2026-03-23 22:41:35,20260805_soil_log.txt
2026-03-23,22:46:35,soil culture 2,-173.125,2026-03-23 22:46:35,20260805_soil_log.txt
2026-03-23,22:51:35,soil culture 2,-173.00000000000003,2026-03-23 22:51:35,20260805_soil_log.txt
2026-03-23,22:56:36,soil culture 2,-172.75000000000003,2026-03-23 22:56:36,20260805_soil_log.txt
2026-03-23,23:01:36,soil culture 2,-172.50000000000003,2026-03-23 23:01:36,20260805_soil_log.txt
2026-03-23,23:06:36,soil culture 2,-172.25,2026-03-23 23:06:36,20260805_soil_log.txt
2026-03-23,23:11:36,soil culture 2,-172.0,2026-03-23 23:11:36,20260805_soil_log.txt
2026-03-23,23:16:36,soil culture 2,-171.75,2026-03-23 23:16:36,20260805_soil_log.txt
2026-03-23,23:21:37,soil culture 2,-171.625,2026-03-23 23:21:37,20260805_soil_log.txt
2026-03-23,23:26:37,soil culture 2,-171.25,2026-03-23 23:26:37,20260805_soil_log.txt
2026-03-23,23:31:37,soil culture 2,-171.0,2026-03-23 23:31:37,20260805_soil_log.txt
2026-03-23,23:36:37,soil culture 2,-170.875,2026-03-23 23:36:37,20260805_soil_log.txt
2026-03-23,23:41:37,soil culture 2,-170.625,2026-03-23 23:41:37,20260805_soil_log.txt
2026-03-23,23:46:38,soil culture 2,-170.375,2026-03-23 23:46:38,20260805_soil_log.txt
2026-03-23,23:51:38,soil culture 2,-170.125,2026-03-23 23:51:38,20260805_soil_log.txt
2026-03-23,23:56:38,soil culture 2,-169.75,2026-03-23 23:56:38,20260805_soil_log.txt
2026-03-24,00:01:38,soil culture 2,-169.375,2026-03-24 00:01:38,20260805_soil_log.txt
2026-03-24,00:06:39,soil culture 2,-169.125,2026-03-24 00:06:39,20260805_soil_log.txt
2026-03-24,00:11:39,soil culture 2,-168.875,2026-03-24 00:11:39,20260805_soil_log.txt
2026-03-24,00:16:39,soil culture 2,-168.5,2026-03-24 00:16:39,20260805_soil_log.txt
2026-03-24,00:21:39,soil culture 2,-168.25,2026-03-24 00:21:39,20260805_soil_log.txt
2026-03-24,00:26:39,soil culture 2,-168.0,2026-03-24 00:26:39,20260805_soil_log.txt
2026-03-24,00:31:40,soil culture 2,-167.625,2026-03-24 00:31:40,20260805_soil_log.txt
2026-03-24,00:36:40,soil culture 2,-167.375,2026-03-24 00:36:40,20260805_soil_log.txt
2026-03-24,00:41:40,soil culture 2,-167.125,2026-03-24 00:41:40,20260805_soil_log.txt
2026-03-24,00:46:40,soil culture 2,-166.875,2026-03-24 00:46:40,20260805_soil_log.txt
2026-03-24,00:51:40,soil culture 2,-166.625,2026-03-24 00:51:40,20260805_soil_log.txt
2026-03-24,00:56:41,soil culture 2,-166.25,2026-03-24 00:56:41,20260805_soil_log.txt
2026-03-24,01:01:41,soil culture 2,-165.875,2026-03-24 01:01:41,20260805_soil_log.txt
2026-03-24,01:06:41,soil culture 2,-165.625,2026-03-24 01:06:41,20260805_soil_log.txt
2026-03-24,01:11:41,soil culture 2,-165.375,2026-03-24 01:11:41,20260805_soil_log.txt
2026-03-24,01:16:41,soil culture 2,-165.0,2026-03-24 01:16:41,20260805_soil_log.txt
2026-03-24,01:21:42,soil culture 2,-164.75,2026-03-24 01:21:42,20260805_soil_log.txt
2026-03-24,01:26:42,soil culture 2,-164.5,2026-03-24 01:26:42,20260805_soil_log.txt
2026-03-24,01:31:42,soil culture 2,-164.25,2026-03-24 01:31:42,20260805_soil_log.txt
2026-03-24,01:36:42,soil culture 2,-164.0,2026-03-24 01:36:42,20260805_soil_log.txt
2026-03-24,01:41:43,soil culture 2,-163.625,2026-03-24 01:41:43,20260805_soil_log.txt
2026-03-24,01:46:43,soil culture 2,-163.5,2026-03-24 01:46:43,20260805_soil_log.txt
2026-03-24,01:51:43,soil culture 2,-163.125,2026-03-24 01:51:43,20260805_soil_log.txt
2026-03-24,01:56:43,soil culture 2,-162.875,2026-03-24 01:56:43,20260805_soil_log.txt
2026-03-24,02:01:44,soil culture 2,-162.625,2026-03-24 02:01:44,20260805_soil_log.txt
2026-03-24,02:06:44,soil culture 2,-162.375,2026-03-24 02:06:44,20260805_soil_log.txt
2026-03-24,02:11:44,soil culture 2,-162.0,2026-03-24 02:11:44,20260805_soil_log.txt
2026-03-24,02:16:44,soil culture 2,-161.875,2026-03-24 02:16:44,20260805_soil_log.txt
2026-03-24,02:21:44,soil culture 2,-161.5,2026-03-24 02:21:44,20260805_soil_log.txt
2026-03-24,02:26:45,soil culture 2,-161.25,2026-03-24 02:26:45,20260805_soil_log.txt
2026-03-24,02:31:45,soil culture 2,-161.0,2026-03-24 02:31:45,20260805_soil_log.txt
2026-03-24,02:36:45,soil culture 2,-160.75,2026-03-24 02:36:45,20260805_soil_log.txt
2026-03-24,02:41:45,soil culture 2,-160.5,2026-03-24 02:41:45,20260805_soil_log.txt
2026-03-24,02:46:46,soil culture 2,-160.25,2026-03-24 02:46:46,20260805_soil_log.txt
2026-03-24,02:51:46,soil culture 2,-159.87500000000003,2026-03-24 02:51:46,20260805_soil_log.txt
2026-03-24,02:56:46,soil culture 2,-159.62500000000003,2026-03-24 02:56:46,20260805_soil_log.txt
2026-03-24,03:01:46,soil culture 2,-159.37500000000003,2026-03-24 03:01:46,20260805_soil_log.txt
2026-03-24,03:06:46,soil culture 2,-159.12500000000003,2026-03-24 03:06:46,20260805_soil_log.txt
2026-03-24,03:11:47,soil culture 2,-158.87500000000003,2026-03-24 03:11:47,20260805_soil_log.txt
2026-03-24,03:16:47,soil culture 2,-158.75,2026-03-24 03:16:47,20260805_soil_log.txt
2026-03-24,03:21:47,soil culture 2,-158.5,2026-03-24 03:21:47,20260805_soil_log.txt
2026-03-24,03:26:47,soil culture 2,-158.12500000000003,2026-03-24 03:26:47,20260805_soil_log.txt
2026-03-24,03:31:48,soil culture 2,-157.87500000000003,2026-03-24 03:31:48,20260805_soil_log.txt
2026-03-24,03:36:48,soil culture 2,-157.75,2026-03-24 03:36:48,20260805_soil_log.txt
2026-03-24,03:41:48,soil culture 2,-157.37500000000003,2026-03-24 03:41:48,20260805_soil_log.txt
2026-03-24,03:46:48,soil culture 2,-157.12500000000003,2026-03-24 03:46:48,20260805_soil_log.txt
2026-03-24,03:51:48,soil culture 2,-156.87500000000003,2026-03-24 03:51:48,20260805_soil_log.txt
2026-03-24,03:56:49,soil culture 2,-156.75,2026-03-24 03:56:49,20260805_soil_log.txt
2026-03-24,04:01:49,soil culture 2,-156.5,2026-03-24 04:01:49,20260805_soil_log.txt
2026-03-24,04:06:49,soil culture 2,-156.25,2026-03-24 04:06:49,20260805_soil_log.txt
2026-03-24,04:11:49,soil culture 2,-156.0,2026-03-24 04:11:49,20260805_soil_log.txt
2026-03-24,04:16:50,soil culture 2,-155.75,2026-03-24 04:16:50,20260805_soil_log.txt
2026-03-24,04:21:50,soil culture 2,-155.5,2026-03-24 04:21:50,20260805_soil_log.txt
2026-03-24,04:26:50,soil culture 2,-155.625,2026-03-24 04:26:50,20260805_soil_log.txt
2026-03-24,04:31:50,soil culture 2,-155.375,2026-03-24 04:31:50,20260805_soil_log.txt
2026-03-24,04:36:50,soil culture 2,-155.125,2026-03-24 04:36:50,20260805_soil_log.txt
2026-03-24,04:41:51,soil culture 2,-154.875,2026-03-24 04:41:51,20260805_soil_log.txt
2026-03-24,04:46:51,soil culture 2,-154.75,2026-03-24 04:46:51,20260805_soil_log.txt
2026-03-24,04:51:51,soil culture 2,-154.625,2026-03-24 04:51:51,20260805_soil_log.txt
2026-03-24,04:56:51,soil culture 2,-154.5,2026-03-24 04:56:51,20260805_soil_log.txt
2026-03-24,05:01:52,soil culture 2,-154.25,2026-03-24 05:01:52,20260805_soil_log.txt
2026-03-24,05:06:52,soil culture 2,-154.0,2026-03-24 05:06:52,20260805_soil_log.txt
2026-03-24,05:11:52,soil culture 2,-153.75,2026-03-24 05:11:52,20260805_soil_log.txt
2026-03-24,05:16:52,soil culture 2,-153.625,2026-03-24 05:16:52,20260805_soil_log.txt
2026-03-24,05:21:53,soil culture 2,-153.5,2026-03-24 05:21:53,20260805_soil_log.txt
2026-03-24,05:26:53,soil culture 2,-153.25,2026-03-24 05:26:53,20260805_soil_log.txt
2026-03-24,05:31:53,soil culture 2,-153.125,2026-03-24 05:31:53,20260805_soil_log.txt
2026-03-24,05:36:53,soil culture 2,-153.0,2026-03-24 05:36:53,20260805_soil_log.txt
2026-03-24,05:41:53,soil culture 2,-152.875,2026-03-24 05:41:53,20260805_soil_log.txt
2026-03-24,05:46:54,soil culture 2,-152.625,2026-03-24 05:46:54,20260805_soil_log.txt
2026-03-24,05:51:54,soil culture 2,-152.5,2026-03-24 05:51:54,20260805_soil_log.txt
2026-03-24,05:56:54,soil culture 2,-152.375,2026-03-24 05:56:54,20260805_soil_log.txt
2026-03-24,06:01:54,soil culture 2,-152.25,2026-03-24 06:01:54,20260805_soil_log.txt
2026-03-24,06:06:55,soil culture 2,-152.0,2026-03-24 06:06:55,20260805_soil_log.txt
2026-03-24,06:11:55,soil culture 2,-151.875,2026-03-24 06:11:55,20260805_soil_log.txt
2026-03-24,06:16:55,soil culture 2,-151.75,2026-03-24 06:16:55,20260805_soil_log.txt
2026-03-24,06:21:55,soil culture 2,-151.625,2026-03-24 06:21:55,20260805_soil_log.txt
2026-03-24,06:26:56,soil culture 2,-151.5,2026-03-24 06:26:56,20260805_soil_log.txt
2026-03-24,06:31:56,soil culture 2,-151.375,2026-03-24 06:31:56,20260805_soil_log.txt
2026-03-24,06:36:56,soil culture 2,-151.375,2026-03-24 06:36:56,20260805_soil_log.txt
2026-03-24,06:41:56,soil culture 2,-151.125,2026-03-24 06:41:56,20260805_soil_log.txt
2026-03-24,06:46:56,soil culture 2,-151.0,2026-03-24 06:46:56,20260805_soil_log.txt
2026-03-24,06:51:57,soil culture 2,-150.875,2026-03-24 06:51:57,20260805_soil_log.txt
2026-03-24,06:56:57,soil culture 2,-150.875,2026-03-24 06:56:57,20260805_soil_log.txt
2026-03-24,07:01:57,soil culture 2,-150.625,2026-03-24 07:01:57,20260805_soil_log.txt
2026-03-24,07:06:57,soil culture 2,-150.625,2026-03-24 07:06:57,20260805_soil_log.txt
2026-03-24,07:11:58,soil culture 2,-150.5,2026-03-24 07:11:58,20260805_soil_log.txt
2026-03-24,07:16:58,soil culture 2,-150.375,2026-03-24 07:16:58,20260805_soil_log.txt
2026-03-24,07:21:58,soil culture 2,-150.25,2026-03-24 07:21:58,20260805_soil_log.txt
2026-03-24,07:26:58,soil culture 2,-150.125,2026-03-24 07:26:58,20260805_soil_log.txt
2026-03-24,07:31:58,soil culture 2,-150.0,2026-03-24 07:31:58,20260805_soil_log.txt
2026-03-24,07:36:59,soil culture 2,-149.875,2026-03-24 07:36:59,20260805_soil_log.txt
2026-03-24,07:41:59,soil culture 2,-149.875,2026-03-24 07:41:59,20260805_soil_log.txt
2026-03-24,07:46:59,soil culture 2,-149.75,2026-03-24 07:46:59,20260805_soil_log.txt
2026-03-24,07:51:59,soil culture 2,-149.625,2026-03-24 07:51:59,20260805_soil_log.txt
2026-03-24,07:57:00,soil culture 2,-149.5,2026-03-24 07:57:00,20260805_soil_log.txt
2026-03-24,08:02:00,soil culture 2,-149.5,2026-03-24 08:02:00,20260805_soil_log.txt
2026-03-24,08:07:00,soil culture 2,-149.375,2026-03-24 08:07:00,20260805_soil_log.txt
2026-03-24,08:12:00,soil culture 2,-149.375,2026-03-24 08:12:00,20260805_soil_log.txt
2026-03-24,08:17:00,soil culture 2,-149.25,2026-03-24 08:17:00,20260805_soil_log.txt
2026-03-24,08:22:01,soil culture 2,-149.125,2026-03-24 08:22:01,20260805_soil_log.txt
2026-03-24,08:27:01,soil culture 2,-149.0,2026-03-24 08:27:01,20260805_soil_log.txt
2026-03-24,08:32:01,soil culture 2,-148.875,2026-03-24 08:32:01,20260805_soil_log.txt
2026-03-24,08:37:01,soil culture 2,-148.75,2026-03-24 08:37:01,20260805_soil_log.txt
2026-03-24,08:42:02,soil culture 2,-148.75,2026-03-24 08:42:02,20260805_soil_log.txt
2026-03-24,08:47:02,soil culture 2,-148.625,2026-03-24 08:47:02,20260805_soil_log.txt
2026-03-24,08:52:02,soil culture 2,-148.5,2026-03-24 08:52:02,20260805_soil_log.txt
2026-03-24,08:57:02,soil culture 2,-148.375,2026-03-24 08:57:02,20260805_soil_log.txt
2026-03-24,09:02:02,soil culture 2,-148.25,2026-03-24 09:02:02,20260805_soil_log.txt
2026-03-24,09:07:03,soil culture 2,-148.125,2026-03-24 09:07:03,20260805_soil_log.txt
2026-03-24,09:12:03,soil culture 2,-148.125,2026-03-24 09:12:03,20260805_soil_log.txt
2026-03-24,09:17:03,soil culture 2,-148.0,2026-03-24 09:17:03,20260805_soil_log.txt
2026-03-24,09:22:03,soil culture 2,-147.875,2026-03-24 09:22:03,20260805_soil_log.txt
2026-03-24,09:27:04,soil culture 2,-147.75,2026-03-24 09:27:04,20260805_soil_log.txt
2026-03-24,09:32:04,soil culture 2,-147.625,2026-03-24 09:32:04,20260805_soil_log.txt
2026-03-24,09:37:04,soil culture 2,-147.625,2026-03-24 09:37:04,20260805_soil_log.txt
2026-03-24,09:42:04,soil culture 2,-147.625,2026-03-24 09:42:04,20260805_soil_log.txt
2026-03-24,09:47:04,soil culture 2,-147.5,2026-03-24 09:47:04,20260805_soil_log.txt
2026-03-24,09:52:05,soil culture 2,-147.375,2026-03-24 09:52:05,20260805_soil_log.txt
2026-03-24,09:57:05,soil culture 2,-147.375,2026-03-24 09:57:05,20260805_soil_log.txt
2026-03-24,10:02:05,soil culture 2,-147.25,2026-03-24 10:02:05,20260805_soil_log.txt
2026-03-24,10:07:05,soil culture 2,-147.125,2026-03-24 10:07:05,20260805_soil_log.txt
2026-03-24,10:12:06,soil culture 2,-147.0,2026-03-24 10:12:06,20260805_soil_log.txt
2026-03-24,10:17:06,soil culture 2,-147.0,2026-03-24 10:17:06,20260805_soil_log.txt
2026-03-24,10:22:06,soil culture 2,-146.875,2026-03-24 10:22:06,20260805_soil_log.txt
2026-03-24,10:27:06,soil culture 2,-146.875,2026-03-24 10:27:06,20260805_soil_log.txt
2026-03-24,10:32:06,soil culture 2,-146.75,2026-03-24 10:32:06,20260805_soil_log.txt
2026-03-24,10:37:07,soil culture 2,-146.625,2026-03-24 10:37:07,20260805_soil_log.txt
2026-03-24,10:42:07,soil culture 2,-146.5,2026-03-24 10:42:07,20260805_soil_log.txt
2026-03-24,10:47:07,soil culture 2,-146.375,2026-03-24 10:47:07,20260805_soil_log.txt
2026-03-24,10:52:07,soil culture 2,-146.375,2026-03-24 10:52:07,20260805_soil_log.txt
2026-03-24,10:57:08,soil culture 2,-146.375,2026-03-24 10:57:08,20260805_soil_log.txt
2026-03-24,11:02:08,soil culture 2,-146.25,2026-03-24 11:02:08,20260805_soil_log.txt
2026-03-24,11:07:08,soil culture 2,-146.125,2026-03-24 11:07:08,20260805_soil_log.txt
2026-03-24,11:12:08,soil culture 2,-146.0,2026-03-24 11:12:08,20260805_soil_log.txt
2026-03-24,11:17:08,soil culture 2,-146.0,2026-03-24 11:17:08,20260805_soil_log.txt
2026-03-24,11:22:09,soil culture 2,-145.75,2026-03-24 11:22:09,20260805_soil_log.txt
2026-03-24,11:27:09,soil culture 2,-145.625,2026-03-24 11:27:09,20260805_soil_log.txt
2026-03-24,11:32:09,soil culture 2,-145.625,2026-03-24 11:32:09,20260805_soil_log.txt
2026-03-24,11:37:09,soil culture 2,-145.625,2026-03-24 11:37:09,20260805_soil_log.txt
2026-03-24,11:42:10,soil culture 2,-145.625,2026-03-24 11:42:10,20260805_soil_log.txt
2026-03-24,11:47:10,soil culture 2,-145.5,2026-03-24 11:47:10,20260805_soil_log.txt
2026-03-24,11:52:10,soil culture 2,-145.5,2026-03-24 11:52:10,20260805_soil_log.txt
2026-03-24,11:57:10,soil culture 2,-145.5,2026-03-24 11:57:10,20260805_soil_log.txt
2026-03-24,12:02:10,soil culture 2,-145.375,2026-03-24 12:02:10,20260805_soil_log.txt
2026-03-24,12:07:10,soil culture 2,-145.25,2026-03-24 12:07:10,20260805_soil_log.txt
2026-03-24,12:12:11,soil culture 2,-145.125,2026-03-24 12:12:11,20260805_soil_log.txt
2026-03-24,12:17:11,soil culture 2,-145.125,2026-03-24 12:17:11,20260805_soil_log.txt
2026-03-24,12:22:11,soil culture 2,-145.125,2026-03-24 12:22:11,20260805_soil_log.txt
2026-03-24,12:27:11,soil culture 2,-145.125,2026-03-24 12:27:11,20260805_soil_log.txt
2026-03-24,12:32:11,soil culture 2,-145.0,2026-03-24 12:32:11,20260805_soil_log.txt
2026-03-24,12:37:12,soil culture 2,-144.75,2026-03-24 12:37:12,20260805_soil_log.txt
2026-03-24,12:42:12,soil culture 2,-144.625,2026-03-24 12:42:12,20260805_soil_log.txt
2026-03-24,12:47:12,soil culture 2,-144.875,2026-03-24 12:47:12,20260805_soil_log.txt
2026-03-24,12:52:12,soil culture 2,-144.875,2026-03-24 12:52:12,20260805_soil_log.txt
2026-03-24,12:57:13,soil culture 2,-144.75,2026-03-24 12:57:13,20260805_soil_log.txt
2026-03-24,13:02:13,soil culture 2,-144.625,2026-03-24 13:02:13,20260805_soil_log.txt
2026-03-24,13:07:13,soil culture 2,-144.625,2026-03-24 13:07:13,20260805_soil_log.txt
2026-03-24,13:12:13,soil culture 2,-144.5,2026-03-24 13:12:13,20260805_soil_log.txt
2026-03-24,13:17:13,soil culture 2,-144.5,2026-03-24 13:17:13,20260805_soil_log.txt
2026-03-24,13:22:14,soil culture 2,-144.375,2026-03-24 13:22:14,20260805_soil_log.txt
2026-03-24,13:27:14,soil culture 2,-144.375,2026-03-24 13:27:14,20260805_soil_log.txt
2026-03-24,13:32:14,soil culture 2,-144.25,2026-03-24 13:32:14,20260805_soil_log.txt
2026-03-24,13:37:14,soil culture 2,-144.25,2026-03-24 13:37:14,20260805_soil_log.txt
2026-03-24,13:42:15,soil culture 2,-144.00000000000003,2026-03-24 13:42:15,20260805_soil_log.txt
2026-03-24,13:47:15,soil culture 2,-144.00000000000003,2026-03-24 13:47:15,20260805_soil_log.txt
2026-03-24,13:52:15,soil culture 2,-144.125,2026-03-24 13:52:15,20260805_soil_log.txt
2026-03-24,13:57:15,soil culture 2,-144.125,2026-03-24 13:57:15,20260805_soil_log.txt
2026-03-24,14:02:15,soil culture 2,-144.125,2026-03-24 14:02:15,20260805_soil_log.txt
2026-03-24,14:07:16,soil culture 2,-144.00000000000003,2026-03-24 14:07:16,20260805_soil_log.txt
2026-03-24,14:12:16,soil culture 2,-144.00000000000003,2026-03-24 14:12:16,20260805_soil_log.txt
2026-03-24,14:17:16,soil culture 2,-143.875,2026-03-24 14:17:16,20260805_soil_log.txt
2026-03-24,14:22:16,soil culture 2,-143.875,2026-03-24 14:22:16,20260805_soil_log.txt
2026-03-24,14:27:16,soil culture 2,-143.875,2026-03-24 14:27:16,20260805_soil_log.txt
2026-03-24,14:32:17,soil culture 2,-143.75000000000003,2026-03-24 14:32:17,20260805_soil_log.txt
2026-03-24,14:37:17,soil culture 2,-143.75000000000003,2026-03-24 14:37:17,20260805_soil_log.txt
2026-03-24,14:42:17,soil culture 2,-143.625,2026-03-24 14:42:17,20260805_soil_log.txt
2026-03-24,14:47:17,soil culture 2,-143.625,2026-03-24 14:47:17,20260805_soil_log.txt
2026-03-24,14:52:18,soil culture 2,-143.50000000000003,2026-03-24 14:52:18,20260805_soil_log.txt
2026-03-24,14:57:18,soil culture 2,-143.625,2026-03-24 14:57:18,20260805_soil_log.txt
2026-03-24,15:02:18,soil culture 2,-143.50000000000003,2026-03-24 15:02:18,20260805_soil_log.txt
2026-03-24,15:07:18,soil culture 2,-143.50000000000003,2026-03-24 15:07:18,20260805_soil_log.txt
2026-03-24,15:12:18,soil culture 2,-143.375,2026-03-24 15:12:18,20260805_soil_log.txt
2026-03-24,15:17:19,soil culture 2,-143.375,2026-03-24 15:17:19,20260805_soil_log.txt
2026-03-24,15:22:19,soil culture 2,-143.25000000000003,2026-03-24 15:22:19,20260805_soil_log.txt
2026-03-24,15:27:19,soil culture 2,-143.25000000000003,2026-03-24 15:27:19,20260805_soil_log.txt
2026-03-24,15:32:19,soil culture 2,-143.25000000000003,2026-03-24 15:32:19,20260805_soil_log.txt
2026-03-24,15:37:19,soil culture 2,-143.125,2026-03-24 15:37:19,20260805_soil_log.txt
2026-03-24,15:42:20,soil culture 2,-143.125,2026-03-24 15:42:20,20260805_soil_log.txt
2026-03-24,15:47:20,soil culture 2,-143.00000000000003,2026-03-24 15:47:20,20260805_soil_log.txt
2026-03-24,15:52:20,soil culture 2,-143.00000000000003,2026-03-24 15:52:20,20260805_soil_log.txt
2026-03-24,15:57:20,soil culture 2,-142.875,2026-03-24 15:57:20,20260805_soil_log.txt
2026-03-24,16:02:21,soil culture 2,-142.875,2026-03-24 16:02:21,20260805_soil_log.txt
2026-03-24,16:07:21,soil culture 2,-142.875,2026-03-24 16:07:21,20260805_soil_log.txt
2026-03-24,16:12:21,soil culture 2,-142.875,2026-03-24 16:12:21,20260805_soil_log.txt
2026-03-24,16:17:21,soil culture 2,-142.75000000000003,2026-03-24 16:17:21,20260805_soil_log.txt
2026-03-24,16:22:22,soil culture 2,-142.75000000000003,2026-03-24 16:22:22,20260805_soil_log.txt
2026-03-24,16:27:22,soil culture 2,-142.625,2026-03-24 16:27:22,20260805_soil_log.txt
2026-03-24,16:32:22,soil culture 2,-142.50000000000003,2026-03-24 16:32:22,20260805_soil_log.txt
2026-03-24,16:37:22,soil culture 2,-142.625,2026-03-24 16:37:22,20260805_soil_log.txt
2026-03-24,16:42:22,soil culture 2,-142.50000000000003,2026-03-24 16:42:22,20260805_soil_log.txt
2026-03-24,16:47:23,soil culture 2,-142.375,2026-03-24 16:47:23,20260805_soil_log.txt
2026-03-24,16:52:23,soil culture 2,-142.50000000000003,2026-03-24 16:52:23,20260805_soil_log.txt
2026-03-24,16:57:23,soil culture 2,-142.375,2026-03-24 16:57:23,20260805_soil_log.txt
2026-03-24,17:02:23,soil culture 2,-142.375,2026-03-24 17:02:23,20260805_soil_log.txt
2026-03-24,17:07:24,soil culture 2,-142.25000000000003,2026-03-24 17:07:24,20260805_soil_log.txt
2026-03-24,17:12:24,soil culture 2,-142.25000000000003,2026-03-24 17:12:24,20260805_soil_log.txt
2026-03-24,17:17:24,soil culture 2,-142.125,2026-03-24 17:17:24,20260805_soil_log.txt
2026-03-24,17:22:24,soil culture 2,-142.125,2026-03-24 17:22:24,20260805_soil_log.txt
2026-03-24,17:27:24,soil culture 2,-142.125,2026-03-24 17:27:24,20260805_soil_log.txt
2026-03-24,17:32:25,soil culture 2,-142.125,2026-03-24 17:32:25,20260805_soil_log.txt
2026-03-24,17:37:25,soil culture 2,-142.125,2026-03-24 17:37:25,20260805_soil_log.txt
2026-03-24,17:42:25,soil culture 2,-142.00000000000003,2026-03-24 17:42:25,20260805_soil_log.txt
2026-03-24,17:47:25,soil culture 2,-142.00000000000003,2026-03-24 17:47:25,20260805_soil_log.txt
2026-03-24,17:52:26,soil culture 2,-142.00000000000003,2026-03-24 17:52:26,20260805_soil_log.txt
2026-03-24,17:57:26,soil culture 2,-141.875,2026-03-24 17:57:26,20260805_soil_log.txt
2026-03-24,18:02:26,soil culture 2,-141.875,2026-03-24 18:02:26,20260805_soil_log.txt
2026-03-24,18:07:26,soil culture 2,-141.875,2026-03-24 18:07:26,20260805_soil_log.txt
2026-03-24,18:12:26,soil culture 2,-141.75000000000003,2026-03-24 18:12:26,20260805_soil_log.txt
2026-03-24,18:17:27,soil culture 2,-141.75000000000003,2026-03-24 18:17:27,20260805_soil_log.txt
2026-03-24,18:22:27,soil culture 2,-141.75000000000003,2026-03-24 18:22:27,20260805_soil_log.txt
2026-03-24,18:27:27,soil culture 2,-141.75000000000003,2026-03-24 18:27:27,20260805_soil_log.txt
2026-03-24,18:32:27,soil culture 2,-141.625,2026-03-24 18:32:27,20260805_soil_log.txt
2026-03-24,18:37:28,soil culture 2,-141.625,2026-03-24 18:37:28,20260805_soil_log.txt
2026-03-24,18:42:28,soil culture 2,-141.625,2026-03-24 18:42:28,20260805_soil_log.txt
2026-03-24,18:47:28,soil culture 2,-141.625,2026-03-24 18:47:28,20260805_soil_log.txt
2026-03-24,18:52:28,soil culture 2,-141.625,2026-03-24 18:52:28,20260805_soil_log.txt
2026-03-24,18:57:28,soil culture 2,-141.50000000000003,2026-03-24 18:57:28,20260805_soil_log.txt
2026-03-24,19:02:29,soil culture 2,-141.50000000000003,2026-03-24 19:02:29,20260805_soil_log.txt
2026-03-24,19:07:29,soil culture 2,-141.50000000000003,2026-03-24 19:07:29,20260805_soil_log.txt
2026-03-24,19:12:29,soil culture 2,-141.50000000000003,2026-03-24 19:12:29,20260805_soil_log.txt
2026-03-24,19:17:29,soil culture 2,-141.50000000000003,2026-03-24 19:17:29,20260805_soil_log.txt
2026-03-24,19:22:29,soil culture 2,-141.50000000000003,2026-03-24 19:22:29,20260805_soil_log.txt
2026-03-24,19:27:30,soil culture 2,-141.375,2026-03-24 19:27:30,20260805_soil_log.txt
2026-03-24,19:32:30,soil culture 2,-141.375,2026-03-24 19:32:30,20260805_soil_log.txt
2026-03-24,19:37:30,soil culture 2,-141.375,2026-03-24 19:37:30,20260805_soil_log.txt
2026-03-24,19:42:30,soil culture 2,-141.375,2026-03-24 19:42:30,20260805_soil_log.txt
2026-03-24,19:47:30,soil culture 2,-141.25000000000003,2026-03-24 19:47:30,20260805_soil_log.txt
2026-03-24,19:52:31,soil culture 2,-141.25000000000003,2026-03-24 19:52:31,20260805_soil_log.txt
2026-03-24,19:57:31,soil culture 2,-141.25000000000003,2026-03-24 19:57:31,20260805_soil_log.txt
2026-03-24,20:02:31,soil culture 2,-141.125,2026-03-24 20:02:31,20260805_soil_log.txt
2026-03-24,20:07:31,soil culture 2,-141.125,2026-03-24 20:07:31,20260805_soil_log.txt
2026-03-24,20:12:32,soil culture 2,-141.125,2026-03-24 20:12:32,20260805_soil_log.txt
2026-03-24,20:17:32,soil culture 2,-141.125,2026-03-24 20:17:32,20260805_soil_log.txt
2026-03-24,20:22:32,soil culture 2,-141.0,2026-03-24 20:22:32,20260805_soil_log.txt
2026-03-24,20:27:32,soil culture 2,-141.0,2026-03-24 20:27:32,20260805_soil_log.txt
2026-03-24,20:32:33,soil culture 2,-141.0,2026-03-24 20:32:33,20260805_soil_log.txt
2026-03-24,20:37:33,soil culture 2,-141.0,2026-03-24 20:37:33,20260805_soil_log.txt
2026-03-24,20:42:33,soil culture 2,-141.0,2026-03-24 20:42:33,20260805_soil_log.txt
2026-03-24,20:47:33,soil culture 2,-140.875,2026-03-24 20:47:33,20260805_soil_log.txt
2026-03-24,20:52:33,soil culture 2,-140.875,2026-03-24 20:52:33,20260805_soil_log.txt
2026-03-24,20:57:34,soil culture 2,-140.75,2026-03-24 20:57:34,20260805_soil_log.txt
2026-03-24,21:02:34,soil culture 2,-140.75,2026-03-24 21:02:34,20260805_soil_log.txt
2026-03-24,21:07:34,soil culture 2,-140.75,2026-03-24 21:07:34,20260805_soil_log.txt
2026-03-24,21:12:34,soil culture 2,-140.625,2026-03-24 21:12:34,20260805_soil_log.txt
2026-03-24,21:17:35,soil culture 2,-140.625,2026-03-24 21:17:35,20260805_soil_log.txt
2026-03-24,21:22:35,soil culture 2,-140.625,2026-03-24 21:22:35,20260805_soil_log.txt
2026-03-24,21:27:35,soil culture 2,-140.5,2026-03-24 21:27:35,20260805_soil_log.txt
2026-03-24,21:32:35,soil culture 2,-140.5,2026-03-24 21:32:35,20260805_soil_log.txt
2026-03-24,21:37:35,soil culture 2,-140.5,2026-03-24 21:37:35,20260805_soil_log.txt
2026-03-24,21:42:36,soil culture 2,-140.5,2026-03-24 21:42:36,20260805_soil_log.txt
2026-03-24,21:47:36,soil culture 2,-140.5,2026-03-24 21:47:36,20260805_soil_log.txt
2026-03-24,21:52:36,soil culture 2,-140.5,2026-03-24 21:52:36,20260805_soil_log.txt
2026-03-24,21:57:36,soil culture 2,-140.5,2026-03-24 21:57:36,20260805_soil_log.txt
2026-03-24,22:02:36,soil culture 2,-140.5,2026-03-24 22:02:36,20260805_soil_log.txt
2026-03-24,22:07:37,soil culture 2,-140.375,2026-03-24 22:07:37,20260805_soil_log.txt
2026-03-24,22:12:37,soil culture 2,-140.375,2026-03-24 22:12:37,20260805_soil_log.txt
2026-03-24,22:17:37,soil culture 2,-140.375,2026-03-24 22:17:37,20260805_soil_log.txt
2026-03-24,22:22:37,soil culture 2,-140.25,2026-03-24 22:22:37,20260805_soil_log.txt
2026-03-24,22:27:38,soil culture 2,-140.25,2026-03-24 22:27:38,20260805_soil_log.txt
2026-03-24,22:32:38,soil culture 2,-140.25,2026-03-24 22:32:38,20260805_soil_log.txt
2026-03-24,22:37:38,soil culture 2,-140.125,2026-03-24 22:37:38,20260805_soil_log.txt
2026-03-24,22:42:38,soil culture 2,-140.0,2026-03-24 22:42:38,20260805_soil_log.txt
2026-03-24,22:47:38,soil culture 2,-140.0,2026-03-24 22:47:38,20260805_soil_log.txt
2026-03-24,22:52:39,soil culture 2,-140.0,2026-03-24 22:52:39,20260805_soil_log.txt
2026-03-24,22:57:39,soil culture 2,-139.875,2026-03-24 22:57:39,20260805_soil_log.txt
2026-03-24,23:02:39,soil culture 2,-139.875,2026-03-24 23:02:39,20260805_soil_log.txt
2026-03-24,23:07:39,soil culture 2,-140.0,2026-03-24 23:07:39,20260805_soil_log.txt
2026-03-24,23:12:40,soil culture 2,-140.0,2026-03-24 23:12:40,20260805_soil_log.txt
2026-03-24,23:17:40,soil culture 2,-139.875,2026-03-24 23:17:40,20260805_soil_log.txt
2026-03-24,23:22:40,soil culture 2,-140.0,2026-03-24 23:22:40,20260805_soil_log.txt
2026-03-24,23:27:40,soil culture 2,-139.875,2026-03-24 23:27:40,20260805_soil_log.txt
2026-03-24,23:32:40,soil culture 2,-139.875,2026-03-24 23:32:40,20260805_soil_log.txt
2026-03-24,23:37:41,soil culture 2,-139.75,2026-03-24 23:37:41,20260805_soil_log.txt
2026-03-24,23:42:41,soil culture 2,-139.875,2026-03-24 23:42:41,20260805_soil_log.txt
2026-03-24,23:47:41,soil culture 2,-139.875,2026-03-24 23:47:41,20260805_soil_log.txt
2026-03-24,23:52:41,soil culture 2,-139.875,2026-03-24 23:52:41,20260805_soil_log.txt
2026-03-24,23:57:41,soil culture 2,-139.875,2026-03-24 23:57:41,20260805_soil_log.txt
2026-03-25,00:02:42,soil culture 2,-139.875,2026-03-25 00:02:42,20260805_soil_log.txt
2026-03-25,00:07:42,soil culture 2,-139.875,2026-03-25 00:07:42,20260805_soil_log.txt
2026-03-25,00:12:42,soil culture 2,-139.875,2026-03-25 00:12:42,20260805_soil_log.txt
2026-03-25,00:17:42,soil culture 2,-139.875,2026-03-25 00:17:42,20260805_soil_log.txt
2026-03-25,00:22:43,soil culture 2,-139.75,2026-03-25 00:22:43,20260805_soil_log.txt
2026-03-25,00:27:43,soil culture 2,-139.75,2026-03-25 00:27:43,20260805_soil_log.txt
2026-03-25,00:32:43,soil culture 2,-139.75,2026-03-25 00:32:43,20260805_soil_log.txt
2026-03-25,00:37:43,soil culture 2,-139.75,2026-03-25 00:37:43,20260805_soil_log.txt
2026-03-25,00:42:43,soil culture 2,-139.625,2026-03-25 00:42:43,20260805_soil_log.txt
2026-03-25,00:47:44,soil culture 2,-139.625,2026-03-25 00:47:44,20260805_soil_log.txt
2026-03-25,00:52:44,soil culture 2,-139.625,2026-03-25 00:52:44,20260805_soil_log.txt
2026-03-25,00:57:44,soil culture 2,-139.625,2026-03-25 00:57:44,20260805_soil_log.txt
2026-03-25,01:02:44,soil culture 2,-139.625,2026-03-25 01:02:44,20260805_soil_log.txt
2026-03-25,01:07:44,soil culture 2,-139.625,2026-03-25 01:07:44,20260805_soil_log.txt
2026-03-25,01:12:45,soil culture 2,-139.625,2026-03-25 01:12:45,20260805_soil_log.txt
2026-03-25,01:17:45,soil culture 2,-139.625,2026-03-25 01:17:45,20260805_soil_log.txt
2026-03-25,01:22:45,soil culture 2,-139.625,2026-03-25 01:22:45,20260805_soil_log.txt
2026-03-25,01:27:45,soil culture 2,-139.625,2026-03-25 01:27:45,20260805_soil_log.txt
2026-03-25,01:32:45,soil culture 2,-139.375,2026-03-25 01:32:45,20260805_soil_log.txt
2026-03-25,01:37:46,soil culture 2,-139.5,2026-03-25 01:37:46,20260805_soil_log.txt
2026-03-25,01:42:46,soil culture 2,-139.375,2026-03-25 01:42:46,20260805_soil_log.txt
2026-03-25,01:47:46,soil culture 2,-139.375,2026-03-25 01:47:46,20260805_soil_log.txt
2026-03-25,01:52:46,soil culture 2,-139.375,2026-03-25 01:52:46,20260805_soil_log.txt
2026-03-25,01:57:46,soil culture 2,-139.25,2026-03-25 01:57:46,20260805_soil_log.txt
2026-03-25,02:02:47,soil culture 2,-139.25,2026-03-25 02:02:47,20260805_soil_log.txt
2026-03-25,02:07:47,soil culture 2,-139.125,2026-03-25 02:07:47,20260805_soil_log.txt
2026-03-25,02:12:47,soil culture 2,-139.125,2026-03-25 02:12:47,20260805_soil_log.txt
2026-03-25,02:17:47,soil culture 2,-139.125,2026-03-25 02:17:47,20260805_soil_log.txt
2026-03-25,02:22:48,soil culture 2,-139.125,2026-03-25 02:22:48,20260805_soil_log.txt
2026-03-25,02:27:48,soil culture 2,-139.125,2026-03-25 02:27:48,20260805_soil_log.txt
2026-03-25,02:32:48,soil culture 2,-139.0,2026-03-25 02:32:48,20260805_soil_log.txt
2026-03-25,02:37:48,soil culture 2,-139.125,2026-03-25 02:37:48,20260805_soil_log.txt
2026-03-25,02:42:49,soil culture 2,-139.125,2026-03-25 02:42:49,20260805_soil_log.txt
2026-03-25,02:47:49,soil culture 2,-139.125,2026-03-25 02:47:49,20260805_soil_log.txt
2026-03-25,02:52:49,soil culture 2,-139.0,2026-03-25 02:52:49,20260805_soil_log.txt
2026-03-25,02:57:49,soil culture 2,-139.0,2026-03-25 02:57:49,20260805_soil_log.txt
2026-03-25,03:02:49,soil culture 2,-139.0,2026-03-25 03:02:49,20260805_soil_log.txt
2026-03-25,03:07:49,soil culture 2,-139.0,2026-03-25 03:07:49,20260805_soil_log.txt
2026-03-25,03:12:50,soil culture 2,-139.0,2026-03-25 03:12:50,20260805_soil_log.txt
2026-03-25,03:17:50,soil culture 2,-139.0,2026-03-25 03:17:50,20260805_soil_log.txt
2026-03-25,03:22:50,soil culture 2,-139.0,2026-03-25 03:22:50,20260805_soil_log.txt
2026-03-25,03:27:50,soil culture 2,-139.0,2026-03-25 03:27:50,20260805_soil_log.txt
2026-03-25,03:32:51,soil culture 2,-138.875,2026-03-25 03:32:51,20260805_soil_log.txt
2026-03-25,03:37:51,soil culture 2,-138.875,2026-03-25 03:37:51,20260805_soil_log.txt
2026-03-25,03:42:51,soil culture 2,-138.875,2026-03-25 03:42:51,20260805_soil_log.txt
2026-03-25,03:47:51,soil culture 2,-138.875,2026-03-25 03:47:51,20260805_soil_log.txt
2026-03-25,03:52:52,soil culture 2,-138.75,2026-03-25 03:52:52,20260805_soil_log.txt
2026-03-25,03:57:52,soil culture 2,-138.875,2026-03-25 03:57:52,20260805_soil_log.txt
2026-03-25,04:02:52,soil culture 2,-138.75,2026-03-25 04:02:52,20260805_soil_log.txt
2026-03-25,04:07:52,soil culture 2,-138.75,2026-03-25 04:07:52,20260805_soil_log.txt
2026-03-25,04:12:53,soil culture 2,-138.625,2026-03-25 04:12:53,20260805_soil_log.txt
2026-03-25,04:17:53,soil culture 2,-138.625,2026-03-25 04:17:53,20260805_soil_log.txt
2026-03-25,04:22:53,soil culture 2,-138.5,2026-03-25 04:22:53,20260805_soil_log.txt
2026-03-25,04:27:53,soil culture 2,-138.5,2026-03-25 04:27:53,20260805_soil_log.txt
2026-03-25,04:32:53,soil culture 2,-138.5,2026-03-25 04:32:53,20260805_soil_log.txt
2026-03-25,04:37:54,soil culture 2,-138.5,2026-03-25 04:37:54,20260805_soil_log.txt
2026-03-25,04:42:54,soil culture 2,-138.5,2026-03-25 04:42:54,20260805_soil_log.txt
2026-03-25,04:47:54,soil culture 2,-138.375,2026-03-25 04:47:54,20260805_soil_log.txt
2026-03-25,04:52:54,soil culture 2,-138.375,2026-03-25 04:52:54,20260805_soil_log.txt
2026-03-25,04:57:55,soil culture 2,-138.375,2026-03-25 04:57:55,20260805_soil_log.txt
2026-03-25,05:02:55,soil culture 2,-138.375,2026-03-25 05:02:55,20260805_soil_log.txt
2026-03-25,05:07:55,soil culture 2,-138.375,2026-03-25 05:07:55,20260805_soil_log.txt
2026-03-25,05:12:55,soil culture 2,-138.25,2026-03-25 05:12:55,20260805_soil_log.txt
2026-03-25,05:17:55,soil culture 2,-138.25,2026-03-25 05:17:55,20260805_soil_log.txt
2026-03-25,05:22:56,soil culture 2,-138.25,2026-03-25 05:22:56,20260805_soil_log.txt
2026-03-25,05:27:56,soil culture 2,-138.25,2026-03-25 05:27:56,20260805_soil_log.txt
2026-03-25,05:32:56,soil culture 2,-138.25,2026-03-25 05:32:56,20260805_soil_log.txt
2026-03-25,05:37:56,soil culture 2,-138.125,2026-03-25 05:37:56,20260805_soil_log.txt
2026-03-25,05:42:57,soil culture 2,-138.125,2026-03-25 05:42:57,20260805_soil_log.txt
2026-03-25,05:47:57,soil culture 2,-138.125,2026-03-25 05:47:57,20260805_soil_log.txt
2026-03-25,05:52:57,soil culture 2,-138.125,2026-03-25 05:52:57,20260805_soil_log.txt
2026-03-25,05:57:57,soil culture 2,-138.125,2026-03-25 05:57:57,20260805_soil_log.txt
2026-03-25,06:02:57,soil culture 2,-138.125,2026-03-25 06:02:57,20260805_soil_log.txt
2026-03-25,06:07:58,soil culture 2,-138.25,2026-03-25 06:07:58,20260805_soil_log.txt
2026-03-25,06:12:58,soil culture 2,-138.25,2026-03-25 06:12:58,20260805_soil_log.txt
2026-03-25,06:17:58,soil culture 2,-138.125,2026-03-25 06:17:58,20260805_soil_log.txt
2026-03-25,06:22:58,soil culture 2,-138.125,2026-03-25 06:22:58,20260805_soil_log.txt
2026-03-25,06:27:59,soil culture 2,-138.125,2026-03-25 06:27:59,20260805_soil_log.txt
2026-03-25,06:32:59,soil culture 2,-138.125,2026-03-25 06:32:59,20260805_soil_log.txt
2026-03-25,06:37:59,soil culture 2,-138.125,2026-03-25 06:37:59,20260805_soil_log.txt
2026-03-25,06:42:59,soil culture 2,-138.125,2026-03-25 06:42:59,20260805_soil_log.txt
2026-03-25,06:47:59,soil culture 2,-138.125,2026-03-25 06:47:59,20260805_soil_log.txt
2026-03-25,06:53:00,soil culture 2,-138.125,2026-03-25 06:53:00,20260805_soil_log.txt
2026-03-25,06:58:00,soil culture 2,-138.0,2026-03-25 06:58:00,20260805_soil_log.txt
2026-03-25,07:03:00,soil culture 2,-138.0,2026-03-25 07:03:00,20260805_soil_log.txt
2026-03-25,07:08:00,soil culture 2,-138.0,2026-03-25 07:08:00,20260805_soil_log.txt
2026-03-25,07:13:00,soil culture 2,-138.0,2026-03-25 07:13:00,20260805_soil_log.txt
2026-03-25,07:18:01,soil culture 2,-138.0,2026-03-25 07:18:01,20260805_soil_log.txt
2026-03-25,07:23:01,soil culture 2,-138.0,2026-03-25 07:23:01,20260805_soil_log.txt
2026-03-25,07:28:01,soil culture 2,-138.0,2026-03-25 07:28:01,20260805_soil_log.txt
2026-03-25,07:33:01,soil culture 2,-138.0,2026-03-25 07:33:01,20260805_soil_log.txt
2026-03-25,07:38:01,soil culture 2,-138.125,2026-03-25 07:38:01,20260805_soil_log.txt
2026-03-25,07:43:02,soil culture 2,-138.0,2026-03-25 07:43:02,20260805_soil_log.txt
2026-03-25,07:48:02,soil culture 2,-138.0,2026-03-25 07:48:02,20260805_soil_log.txt
2026-03-25,07:53:02,soil culture 2,-138.0,2026-03-25 07:53:02,20260805_soil_log.txt
2026-03-25,07:58:02,soil culture 2,-138.125,2026-03-25 07:58:02,20260805_soil_log.txt
2026-03-25,08:03:03,soil culture 2,-138.0,2026-03-25 08:03:03,20260805_soil_log.txt
2026-03-25,08:08:03,soil culture 2,-137.875,2026-03-25 08:08:03,20260805_soil_log.txt
2026-03-25,08:13:03,soil culture 2,-138.0,2026-03-25 08:13:03,20260805_soil_log.txt
2026-03-25,08:18:03,soil culture 2,-138.0,2026-03-25 08:18:03,20260805_soil_log.txt
2026-03-25,08:23:03,soil culture 2,-138.125,2026-03-25 08:23:03,20260805_soil_log.txt
2026-03-25,08:28:04,soil culture 2,-138.125,2026-03-25 08:28:04,20260805_soil_log.txt
2026-03-25,08:33:04,soil culture 2,-138.125,2026-03-25 08:33:04,20260805_soil_log.txt
2026-03-25,08:38:04,soil culture 2,-138.0,2026-03-25 08:38:04,20260805_soil_log.txt
2026-03-25,08:43:04,soil culture 2,-138.0,2026-03-25 08:43:04,20260805_soil_log.txt
2026-03-25,08:48:04,soil culture 2,-138.0,2026-03-25 08:48:04,20260805_soil_log.txt
2026-03-25,08:53:05,soil culture 2,-138.0,2026-03-25 08:53:05,20260805_soil_log.txt
2026-03-25,08:58:05,soil culture 2,-138.0,2026-03-25 08:58:05,20260805_soil_log.txt
2026-03-25,09:03:05,soil culture 2,-138.0,2026-03-25 09:03:05,20260805_soil_log.txt
2026-03-25,09:08:05,soil culture 2,-138.0,2026-03-25 09:08:05,20260805_soil_log.txt
2026-03-25,09:13:06,soil culture 2,-138.0,2026-03-25 09:13:06,20260805_soil_log.txt
2026-03-25,09:18:06,soil culture 2,-138.0,2026-03-25 09:18:06,20260805_soil_log.txt
2026-03-25,09:23:06,soil culture 2,-138.0,2026-03-25 09:23:06,20260805_soil_log.txt
2026-03-25,09:28:06,soil culture 2,-138.0,2026-03-25 09:28:06,20260805_soil_log.txt
2026-03-25,09:33:07,soil culture 2,-138.0,2026-03-25 09:33:07,20260805_soil_log.txt
2026-03-25,09:38:07,soil culture 2,-137.875,2026-03-25 09:38:07,20260805_soil_log.txt
2026-03-25,09:43:07,soil culture 2,-137.875,2026-03-25 09:43:07,20260805_soil_log.txt
2026-03-25,09:48:07,soil culture 2,-137.875,2026-03-25 09:48:07,20260805_soil_log.txt
2026-03-25,09:53:07,soil culture 2,-137.875,2026-03-25 09:53:07,20260805_soil_log.txt
2026-03-25,09:58:08,soil culture 2,-137.875,2026-03-25 09:58:08,20260805_soil_log.txt
2026-03-25,10:03:08,soil culture 2,-137.875,2026-03-25 10:03:08,20260805_soil_log.txt
2026-03-25,10:08:08,soil culture 2,-137.875,2026-03-25 10:08:08,20260805_soil_log.txt
2026-03-25,10:13:08,soil culture 2,-137.875,2026-03-25 10:13:08,20260805_soil_log.txt
2026-03-25,10:18:09,soil culture 2,-137.875,2026-03-25 10:18:09,20260805_soil_log.txt
2026-03-25,10:23:09,soil culture 2,-137.875,2026-03-25 10:23:09,20260805_soil_log.txt
2026-03-25,10:28:09,soil culture 2,-137.75,2026-03-25 10:28:09,20260805_soil_log.txt
2026-03-25,10:33:09,soil culture 2,-137.75,2026-03-25 10:33:09,20260805_soil_log.txt
2026-03-25,10:38:09,soil culture 2,-137.75,2026-03-25 10:38:09,20260805_soil_log.txt
2026-03-25,10:43:10,soil culture 2,-137.75,2026-03-25 10:43:10,20260805_soil_log.txt
2026-03-25,10:48:10,soil culture 2,-137.625,2026-03-25 10:48:10,20260805_soil_log.txt
2026-03-25,10:53:10,soil culture 2,-137.75,2026-03-25 10:53:10,20260805_soil_log.txt
2026-03-25,10:58:10,soil culture 2,-137.75,2026-03-25 10:58:10,20260805_soil_log.txt
2026-03-25,11:03:11,soil culture 2,-137.625,2026-03-25 11:03:11,20260805_soil_log.txt
2026-03-25,11:08:11,soil culture 2,-137.625,2026-03-25 11:08:11,20260805_soil_log.txt
2026-03-25,11:13:11,soil culture 2,-137.625,2026-03-25 11:13:11,20260805_soil_log.txt
2026-03-25,11:18:11,soil culture 2,-137.625,2026-03-25 11:18:11,20260805_soil_log.txt
2026-03-25,11:23:11,soil culture 2,-137.625,2026-03-25 11:23:11,20260805_soil_log.txt
2026-03-25,11:28:12,soil culture 2,-137.5,2026-03-25 11:28:12,20260805_soil_log.txt
2026-03-25,11:33:12,soil culture 2,-137.625,2026-03-25 11:33:12,20260805_soil_log.txt
2026-03-25,11:38:12,soil culture 2,-137.625,2026-03-25 11:38:12,20260805_soil_log.txt
2026-03-25,11:43:12,soil culture 2,-137.625,2026-03-25 11:43:12,20260805_soil_log.txt
2026-03-25,11:48:13,soil culture 2,-137.5,2026-03-25 11:48:13,20260805_soil_log.txt
2026-03-25,11:53:13,soil culture 2,-137.5,2026-03-25 11:53:13,20260805_soil_log.txt
2026-03-25,11:58:13,soil culture 2,-137.5,2026-03-25 11:58:13,20260805_soil_log.txt
2026-03-25,12:03:13,soil culture 2,-137.5,2026-03-25 12:03:13,20260805_soil_log.txt
2026-03-25,12:08:13,soil culture 2,-137.5,2026-03-25 12:08:13,20260805_soil_log.txt
2026-03-25,12:13:14,soil culture 2,-137.5,2026-03-25 12:13:14,20260805_soil_log.txt
2026-03-25,12:18:14,soil culture 2,-137.375,2026-03-25 12:18:14,20260805_soil_log.txt
2026-03-25,12:23:14,soil culture 2,-137.5,2026-03-25 12:23:14,20260805_soil_log.txt
2026-03-25,12:28:14,soil culture 2,-137.375,2026-03-25 12:28:14,20260805_soil_log.txt
2026-03-25,12:33:15,soil culture 2,-137.25,2026-03-25 12:33:15,20260805_soil_log.txt
2026-03-25,12:38:15,soil culture 2,-137.25,2026-03-25 12:38:15,20260805_soil_log.txt
2026-03-25,12:43:15,soil culture 2,-137.25,2026-03-25 12:43:15,20260805_soil_log.txt
2026-03-25,12:48:15,soil culture 2,-137.25,2026-03-25 12:48:15,20260805_soil_log.txt
2026-03-25,12:53:15,soil culture 2,-137.25,2026-03-25 12:53:15,20260805_soil_log.txt
2026-03-25,12:58:16,soil culture 2,-137.125,2026-03-25 12:58:16,20260805_soil_log.txt
2026-03-25,13:03:16,soil culture 2,-137.125,2026-03-25 13:03:16,20260805_soil_log.txt
2026-03-25,13:08:16,soil culture 2,-137.125,2026-03-25 13:08:16,20260805_soil_log.txt
2026-03-25,13:13:16,soil culture 2,-137.25,2026-03-25 13:13:16,20260805_soil_log.txt
2026-03-25,13:18:17,soil culture 2,-137.25,2026-03-25 13:18:17,20260805_soil_log.txt
2026-03-25,13:23:17,soil culture 2,-137.25,2026-03-25 13:23:17,20260805_soil_log.txt
2026-03-25,13:28:17,soil culture 2,-137.25,2026-03-25 13:28:17,20260805_soil_log.txt
2026-03-25,13:33:17,soil culture 2,-137.25,2026-03-25 13:33:17,20260805_soil_log.txt
2026-03-25,13:38:18,soil culture 2,-137.125,2026-03-25 13:38:18,20260805_soil_log.txt
2026-03-25,13:43:18,soil culture 2,-137.125,2026-03-25 13:43:18,20260805_soil_log.txt
2026-03-25,13:48:18,soil culture 2,-137.125,2026-03-25 13:48:18,20260805_soil_log.txt
2026-03-25,13:53:18,soil culture 2,-137.0,2026-03-25 13:53:18,20260805_soil_log.txt
2026-03-25,13:58:18,soil culture 2,-137.0,2026-03-25 13:58:18,20260805_soil_log.txt
2026-03-25,14:03:19,soil culture 2,-137.0,2026-03-25 14:03:19,20260805_soil_log.txt
2026-03-25,14:08:19,soil culture 2,-136.875,2026-03-25 14:08:19,20260805_soil_log.txt
2026-03-25,14:13:19,soil culture 2,-136.875,2026-03-25 14:13:19,20260805_soil_log.txt
2026-03-25,14:18:19,soil culture 2,-136.875,2026-03-25 14:18:19,20260805_soil_log.txt
2026-03-25,14:23:19,soil culture 2,-136.875,2026-03-25 14:23:19,20260805_soil_log.txt
2026-03-25,14:28:20,soil culture 2,-136.75,2026-03-25 14:28:20,20260805_soil_log.txt
2026-03-25,14:33:20,soil culture 2,-136.625,2026-03-25 14:33:20,20260805_soil_log.txt
2026-03-25,14:38:20,soil culture 2,-136.75,2026-03-25 14:38:20,20260805_soil_log.txt
2026-03-25,14:43:20,soil culture 2,-136.75,2026-03-25 14:43:20,20260805_soil_log.txt
2026-03-25,14:48:20,soil culture 2,-136.75,2026-03-25 14:48:20,20260805_soil_log.txt
2026-03-25,14:53:21,soil culture 2,-136.625,2026-03-25 14:53:21,20260805_soil_log.txt
2026-03-25,14:58:21,soil culture 2,-136.625,2026-03-25 14:58:21,20260805_soil_log.txt
2026-03-25,15:03:21,soil culture 2,-136.625,2026-03-25 15:03:21,20260805_soil_log.txt
2026-03-25,15:08:21,soil culture 2,-136.5,2026-03-25 15:08:21,20260805_soil_log.txt
2026-03-25,15:13:21,soil culture 2,-136.5,2026-03-25 15:13:21,20260805_soil_log.txt
2026-03-25,15:18:22,soil culture 2,-136.5,2026-03-25 15:18:22,20260805_soil_log.txt
2026-03-25,15:23:22,soil culture 2,-136.5,2026-03-25 15:23:22,20260805_soil_log.txt
2026-03-25,15:28:22,soil culture 2,-136.5,2026-03-25 15:28:22,20260805_soil_log.txt
2026-03-25,15:33:22,soil culture 2,-136.5,2026-03-25 15:33:22,20260805_soil_log.txt
2026-03-25,15:38:23,soil culture 2,-136.5,2026-03-25 15:38:23,20260805_soil_log.txt
2026-03-25,15:43:23,soil culture 2,-136.375,2026-03-25 15:43:23,20260805_soil_log.txt
2026-03-25,15:48:23,soil culture 2,-136.5,2026-03-25 15:48:23,20260805_soil_log.txt
2026-03-25,15:53:23,soil culture 2,-136.375,2026-03-25 15:53:23,20260805_soil_log.txt
2026-03-25,15:58:24,soil culture 2,-136.375,2026-03-25 15:58:24,20260805_soil_log.txt
2026-03-25,16:03:24,soil culture 2,-136.375,2026-03-25 16:03:24,20260805_soil_log.txt
2026-03-25,16:08:24,soil culture 2,-136.375,2026-03-25 16:08:24,20260805_soil_log.txt
2026-03-25,16:13:24,soil culture 2,-136.375,2026-03-25 16:13:24,20260805_soil_log.txt
2026-03-25,16:18:25,soil culture 2,-136.375,2026-03-25 16:18:25,20260805_soil_log.txt
2026-03-25,16:23:25,soil culture 2,-136.375,2026-03-25 16:23:25,20260805_soil_log.txt
2026-03-25,16:28:25,soil culture 2,-136.25,2026-03-25 16:28:25,20260805_soil_log.txt
2026-03-25,16:33:25,soil culture 2,-136.25,2026-03-25 16:33:25,20260805_soil_log.txt
2026-03-25,16:38:25,soil culture 2,-136.125,2026-03-25 16:38:25,20260805_soil_log.txt
2026-03-25,16:43:26,soil culture 2,-136.25,2026-03-25 16:43:26,20260805_soil_log.txt
2026-03-25,16:48:26,soil culture 2,-136.125,2026-03-25 16:48:26,20260805_soil_log.txt
2026-03-25,16:53:26,soil culture 2,-136.125,2026-03-25 16:53:26,20260805_soil_log.txt
2026-03-25,16:58:26,soil culture 2,-136.25,2026-03-25 16:58:26,20260805_soil_log.txt
2026-03-25,17:03:27,soil culture 2,-136.125,2026-03-25 17:03:27,20260805_soil_log.txt
2026-03-25,17:08:27,soil culture 2,-136.125,2026-03-25 17:08:27,20260805_soil_log.txt
2026-03-25,17:13:27,soil culture 2,-136.125,2026-03-25 17:13:27,20260805_soil_log.txt
2026-03-25,17:18:27,soil culture 2,-136.0,2026-03-25 17:18:27,20260805_soil_log.txt
2026-03-25,17:23:27,soil culture 2,-136.125,2026-03-25 17:23:27,20260805_soil_log.txt
2026-03-25,17:28:28,soil culture 2,-136.125,2026-03-25 17:28:28,20260805_soil_log.txt
2026-03-25,17:33:28,soil culture 2,-136.125,2026-03-25 17:33:28,20260805_soil_log.txt
2026-03-25,17:38:28,soil culture 2,-136.125,2026-03-25 17:38:28,20260805_soil_log.txt
2026-03-25,17:43:28,soil culture 2,-136.0,2026-03-25 17:43:28,20260805_soil_log.txt
2026-03-25,17:48:29,soil culture 2,-136.0,2026-03-25 17:48:29,20260805_soil_log.txt
2026-03-25,17:53:29,soil culture 2,-136.0,2026-03-25 17:53:29,20260805_soil_log.txt
2026-03-25,17:58:29,soil culture 2,-136.0,2026-03-25 17:58:29,20260805_soil_log.txt
2026-03-25,18:03:29,soil culture 2,-136.0,2026-03-25 18:03:29,20260805_soil_log.txt
2026-03-25,18:08:29,soil culture 2,-135.875,2026-03-25 18:08:29,20260805_soil_log.txt
2026-03-25,18:13:30,soil culture 2,-135.875,2026-03-25 18:13:30,20260805_soil_log.txt
2026-03-25,18:18:30,soil culture 2,-135.875,2026-03-25 18:18:30,20260805_soil_log.txt
2026-03-25,18:23:30,soil culture 2,-135.875,2026-03-25 18:23:30,20260805_soil_log.txt
2026-03-25,18:28:30,soil culture 2,-135.875,2026-03-25 18:28:30,20260805_soil_log.txt
2026-03-25,18:33:30,soil culture 2,-135.875,2026-03-25 18:33:30,20260805_soil_log.txt
2026-03-25,18:38:31,soil culture 2,-135.875,2026-03-25 18:38:31,20260805_soil_log.txt
2026-03-25,18:43:31,soil culture 2,-135.875,2026-03-25 18:43:31,20260805_soil_log.txt
2026-03-25,18:48:31,soil culture 2,-135.75,2026-03-25 18:48:31,20260805_soil_log.txt
2026-03-25,18:53:31,soil culture 2,-135.75,2026-03-25 18:53:31,20260805_soil_log.txt
2026-03-25,18:58:32,soil culture 2,-135.625,2026-03-25 18:58:32,20260805_soil_log.txt
2026-03-25,19:03:32,soil culture 2,-135.625,2026-03-25 19:03:32,20260805_soil_log.txt
2026-03-25,19:08:32,soil culture 2,-135.625,2026-03-25 19:08:32,20260805_soil_log.txt
2026-03-25,19:13:32,soil culture 2,-135.5,2026-03-25 19:13:32,20260805_soil_log.txt
2026-03-25,19:18:32,soil culture 2,-135.625,2026-03-25 19:18:32,20260805_soil_log.txt
2026-03-25,19:23:33,soil culture 2,-135.5,2026-03-25 19:23:33,20260805_soil_log.txt
2026-03-25,19:28:33,soil culture 2,-135.25,2026-03-25 19:28:33,20260805_soil_log.txt
2026-03-25,19:33:33,soil culture 2,-135.125,2026-03-25 19:33:33,20260805_soil_log.txt
2026-03-25,19:38:33,soil culture 2,-135.25,2026-03-25 19:38:33,20260805_soil_log.txt
2026-03-25,19:43:34,soil culture 2,-135.25,2026-03-25 19:43:34,20260805_soil_log.txt
2026-03-25,19:48:34,soil culture 2,-135.125,2026-03-25 19:48:34,20260805_soil_log.txt
2026-03-25,19:53:34,soil culture 2,-135.125,2026-03-25 19:53:34,20260805_soil_log.txt
2026-03-25,19:58:34,soil culture 2,-135.25,2026-03-25 19:58:34,20260805_soil_log.txt
2026-03-25,20:03:35,soil culture 2,-135.25,2026-03-25 20:03:35,20260805_soil_log.txt
2026-03-25,20:08:35,soil culture 2,-135.25,2026-03-25 20:08:35,20260805_soil_log.txt
2026-03-25,20:13:35,soil culture 2,-135.25,2026-03-25 20:13:35,20260805_soil_log.txt
2026-03-25,20:18:35,soil culture 2,-135.25,2026-03-25 20:18:35,20260805_soil_log.txt
2026-03-25,20:23:35,soil culture 2,-135.125,2026-03-25 20:23:35,20260805_soil_log.txt
2026-03-25,20:28:36,soil culture 2,-135.0,2026-03-25 20:28:36,20260805_soil_log.txt
2026-03-25,20:33:36,soil culture 2,-135.0,2026-03-25 20:33:36,20260805_soil_log.txt
2026-03-25,20:38:36,soil culture 2,-135.125,2026-03-25 20:38:36,20260805_soil_log.txt
2026-03-25,20:43:36,soil culture 2,-135.0,2026-03-25 20:43:36,20260805_soil_log.txt
2026-03-25,20:48:36,soil culture 2,-135.0,2026-03-25 20:48:36,20260805_soil_log.txt
2026-03-25,20:53:37,soil culture 2,-135.0,2026-03-25 20:53:37,20260805_soil_log.txt
2026-03-25,20:58:37,soil culture 2,-134.875,2026-03-25 20:58:37,20260805_soil_log.txt
2026-03-25,21:03:37,soil culture 2,-134.875,2026-03-25 21:03:37,20260805_soil_log.txt
2026-03-25,21:08:37,soil culture 2,-134.875,2026-03-25 21:08:37,20260805_soil_log.txt
2026-03-25,21:13:38,soil culture 2,-134.75,2026-03-25 21:13:38,20260805_soil_log.txt
2026-03-25,21:18:38,soil culture 2,-134.75,2026-03-25 21:18:38,20260805_soil_log.txt
2026-03-25,21:23:38,soil culture 2,-134.875,2026-03-25 21:23:38,20260805_soil_log.txt
2026-03-25,21:28:38,soil culture 2,-134.875,2026-03-25 21:28:38,20260805_soil_log.txt
2026-03-25,21:33:38,soil culture 2,-134.75,2026-03-25 21:33:38,20260805_soil_log.txt
2026-03-25,21:38:39,soil culture 2,-134.875,2026-03-25 21:38:39,20260805_soil_log.txt
2026-03-25,21:43:39,soil culture 2,-134.75,2026-03-25 21:43:39,20260805_soil_log.txt
2026-03-25,21:48:39,soil culture 2,-134.75,2026-03-25 21:48:39,20260805_soil_log.txt
2026-03-25,21:53:39,soil culture 2,-134.75,2026-03-25 21:53:39,20260805_soil_log.txt
2026-03-25,21:58:39,soil culture 2,-134.75,2026-03-25 21:58:39,20260805_soil_log.txt
2026-03-25,22:03:40,soil culture 2,-134.625,2026-03-25 22:03:40,20260805_soil_log.txt
2026-03-25,22:08:40,soil culture 2,-134.625,2026-03-25 22:08:40,20260805_soil_log.txt
2026-03-25,22:13:40,soil culture 2,-134.5,2026-03-25 22:13:40,20260805_soil_log.txt
2026-03-25,22:18:40,soil culture 2,-134.625,2026-03-25 22:18:40,20260805_soil_log.txt
2026-03-25,22:23:41,soil culture 2,-134.5,2026-03-25 22:23:41,20260805_soil_log.txt
2026-03-25,22:28:41,soil culture 2,-134.5,2026-03-25 22:28:41,20260805_soil_log.txt
2026-03-25,22:33:41,soil culture 2,-134.5,2026-03-25 22:33:41,20260805_soil_log.txt
2026-03-25,22:38:41,soil culture 2,-134.375,2026-03-25 22:38:41,20260805_soil_log.txt
2026-03-25,22:43:41,soil culture 2,-134.375,2026-03-25 22:43:41,20260805_soil_log.txt
2026-03-25,22:48:42,soil culture 2,-134.375,2026-03-25 22:48:42,20260805_soil_log.txt
2026-03-25,22:53:42,soil culture 2,-134.25,2026-03-25 22:53:42,20260805_soil_log.txt
2026-03-25,22:58:42,soil culture 2,-134.25,2026-03-25 22:58:42,20260805_soil_log.txt
2026-03-25,23:03:42,soil culture 2,-134.25,2026-03-25 23:03:42,20260805_soil_log.txt
2026-03-25,23:08:43,soil culture 2,-134.125,2026-03-25 23:08:43,20260805_soil_log.txt
2026-03-25,23:13:43,soil culture 2,-134.125,2026-03-25 23:13:43,20260805_soil_log.txt
2026-03-25,23:18:43,soil culture 2,-134.125,2026-03-25 23:18:43,20260805_soil_log.txt
2026-03-25,23:23:43,soil culture 2,-134.0,2026-03-25 23:23:43,20260805_soil_log.txt
2026-03-25,23:28:43,soil culture 2,-134.0,2026-03-25 23:28:43,20260805_soil_log.txt
2026-03-25,23:33:44,soil culture 2,-134.0,2026-03-25 23:33:44,20260805_soil_log.txt
2026-03-25,23:38:44,soil culture 2,-134.0,2026-03-25 23:38:44,20260805_soil_log.txt
2026-03-25,23:43:44,soil culture 2,-133.875,2026-03-25 23:43:44,20260805_soil_log.txt
2026-03-25,23:48:44,soil culture 2,-133.875,2026-03-25 23:48:44,20260805_soil_log.txt
2026-03-25,23:53:45,soil culture 2,-133.875,2026-03-25 23:53:45,20260805_soil_log.txt
2026-03-25,23:58:45,soil culture 2,-133.625,2026-03-25 23:58:45,20260805_soil_log.txt
2026-03-26,00:03:45,soil culture 2,-133.75,2026-03-26 00:03:45,20260805_soil_log.txt
2026-03-26,00:08:45,soil culture 2,-133.625,2026-03-26 00:08:45,20260805_soil_log.txt
2026-03-26,00:13:45,soil culture 2,-133.625,2026-03-26 00:13:45,20260805_soil_log.txt
2026-03-26,00:18:46,soil culture 2,-133.5,2026-03-26 00:18:46,20260805_soil_log.txt
2026-03-26,00:23:46,soil culture 2,-133.5,2026-03-26 00:23:46,20260805_soil_log.txt
2026-03-26,00:28:46,soil culture 2,-133.5,2026-03-26 00:28:46,20260805_soil_log.txt
2026-03-26,00:33:46,soil culture 2,-133.375,2026-03-26 00:33:46,20260805_soil_log.txt
2026-03-26,00:38:47,soil culture 2,-133.5,2026-03-26 00:38:47,20260805_soil_log.txt
2026-03-26,00:43:47,soil culture 2,-133.375,2026-03-26 00:43:47,20260805_soil_log.txt
2026-03-26,00:48:47,soil culture 2,-133.375,2026-03-26 00:48:47,20260805_soil_log.txt
2026-03-26,00:53:47,soil culture 2,-133.25,2026-03-26 00:53:47,20260805_soil_log.txt
2026-03-26,00:58:47,soil culture 2,-133.25,2026-03-26 00:58:47,20260805_soil_log.txt
2026-03-26,01:03:48,soil culture 2,-133.25,2026-03-26 01:03:48,20260805_soil_log.txt
2026-03-26,01:08:48,soil culture 2,-133.125,2026-03-26 01:08:48,20260805_soil_log.txt
2026-03-26,01:13:48,soil culture 2,-133.125,2026-03-26 01:13:48,20260805_soil_log.txt
2026-03-26,01:18:48,soil culture 2,-133.125,2026-03-26 01:18:48,20260805_soil_log.txt
2026-03-26,01:23:49,soil culture 2,-133.125,2026-03-26 01:23:49,20260805_soil_log.txt
2026-03-26,01:28:49,soil culture 2,-133.0,2026-03-26 01:28:49,20260805_soil_log.txt
2026-03-26,01:33:49,soil culture 2,-133.0,2026-03-26 01:33:49,20260805_soil_log.txt
2026-03-26,01:38:49,soil culture 2,-132.875,2026-03-26 01:38:49,20260805_soil_log.txt
2026-03-26,01:43:49,soil culture 2,-133.0,2026-03-26 01:43:49,20260805_soil_log.txt
2026-03-26,01:48:50,soil culture 2,-133.0,2026-03-26 01:48:50,20260805_soil_log.txt
2026-03-26,01:53:50,soil culture 2,-132.875,2026-03-26 01:53:50,20260805_soil_log.txt
2026-03-26,01:58:50,soil culture 2,-132.875,2026-03-26 01:58:50,20260805_soil_log.txt
2026-03-26,02:03:50,soil culture 2,-132.75,2026-03-26 02:03:50,20260805_soil_log.txt
2026-03-26,02:08:51,soil culture 2,-132.625,2026-03-26 02:08:51,20260805_soil_log.txt
2026-03-26,02:13:51,soil culture 2,-132.625,2026-03-26 02:13:51,20260805_soil_log.txt
2026-03-26,02:18:51,soil culture 2,-132.625,2026-03-26 02:18:51,20260805_soil_log.txt
2026-03-26,02:23:51,soil culture 2,-132.5,2026-03-26 02:23:51,20260805_soil_log.txt
2026-03-26,02:28:51,soil culture 2,-132.5,2026-03-26 02:28:51,20260805_soil_log.txt
2026-03-26,02:33:52,soil culture 2,-132.5,2026-03-26 02:33:52,20260805_soil_log.txt
2026-03-26,02:38:52,soil culture 2,-132.5,2026-03-26 02:38:52,20260805_soil_log.txt
2026-03-26,02:43:52,soil culture 2,-132.375,2026-03-26 02:43:52,20260805_soil_log.txt
2026-03-26,02:48:52,soil culture 2,-132.375,2026-03-26 02:48:52,20260805_soil_log.txt
2026-03-26,02:53:52,soil culture 2,-132.25,2026-03-26 02:53:52,20260805_soil_log.txt
2026-03-26,02:58:53,soil culture 2,-132.25,2026-03-26 02:58:53,20260805_soil_log.txt
2026-03-26,03:03:53,soil culture 2,-132.375,2026-03-26 03:03:53,20260805_soil_log.txt
2026-03-26,03:08:53,soil culture 2,-132.25,2026-03-26 03:08:53,20260805_soil_log.txt
2026-03-26,03:13:53,soil culture 2,-132.25,2026-03-26 03:13:53,20260805_soil_log.txt
2026-03-26,03:18:53,soil culture 2,-132.125,2026-03-26 03:18:53,20260805_soil_log.txt
2026-03-26,03:23:54,soil culture 2,-132.125,2026-03-26 03:23:54,20260805_soil_log.txt
2026-03-26,03:28:54,soil culture 2,-132.0,2026-03-26 03:28:54,20260805_soil_log.txt
2026-03-26,03:33:54,soil culture 2,-132.0,2026-03-26 03:33:54,20260805_soil_log.txt
2026-03-26,03:38:54,soil culture 2,-131.875,2026-03-26 03:38:54,20260805_soil_log.txt
2026-03-26,03:43:55,soil culture 2,-131.75,2026-03-26 03:43:55,20260805_soil_log.txt
2026-03-26,03:48:55,soil culture 2,-131.625,2026-03-26 03:48:55,20260805_soil_log.txt
2026-03-26,03:53:55,soil culture 2,-131.625,2026-03-26 03:53:55,20260805_soil_log.txt
2026-03-26,03:58:55,soil culture 2,-131.625,2026-03-26 03:58:55,20260805_soil_log.txt
2026-03-26,04:03:55,soil culture 2,-131.625,2026-03-26 04:03:55,20260805_soil_log.txt
2026-03-26,04:08:56,soil culture 2,-131.5,2026-03-26 04:08:56,20260805_soil_log.txt
2026-03-26,04:13:56,soil culture 2,-131.5,2026-03-26 04:13:56,20260805_soil_log.txt
2026-03-26,04:18:56,soil culture 2,-131.375,2026-03-26 04:18:56,20260805_soil_log.txt
2026-03-26,04:23:56,soil culture 2,-131.375,2026-03-26 04:23:56,20260805_soil_log.txt
2026-03-26,04:28:57,soil culture 2,-131.25,2026-03-26 04:28:57,20260805_soil_log.txt
2026-03-26,04:33:57,soil culture 2,-131.25,2026-03-26 04:33:57,20260805_soil_log.txt
2026-03-26,04:38:57,soil culture 2,-131.25,2026-03-26 04:38:57,20260805_soil_log.txt
2026-03-26,04:43:57,soil culture 2,-131.25,2026-03-26 04:43:57,20260805_soil_log.txt
2026-03-26,04:48:58,soil culture 2,-131.125,2026-03-26 04:48:58,20260805_soil_log.txt
2026-03-26,04:53:58,soil culture 2,-131.0,2026-03-26 04:53:58,20260805_soil_log.txt
2026-03-26,04:58:58,soil culture 2,-131.0,2026-03-26 04:58:58,20260805_soil_log.txt
2026-03-26,05:03:58,soil culture 2,-130.875,2026-03-26 05:03:58,20260805_soil_log.txt
2026-03-26,05:08:58,soil culture 2,-130.875,2026-03-26 05:08:58,20260805_soil_log.txt
2026-03-26,05:13:59,soil culture 2,-130.875,2026-03-26 05:13:59,20260805_soil_log.txt
2026-03-26,05:18:59,soil culture 2,-130.75,2026-03-26 05:18:59,20260805_soil_log.txt
2026-03-26,05:23:59,soil culture 2,-130.625,2026-03-26 05:23:59,20260805_soil_log.txt
2026-03-26,05:28:59,soil culture 2,-130.625,2026-03-26 05:28:59,20260805_soil_log.txt
2026-03-26,05:34:00,soil culture 2,-130.625,2026-03-26 05:34:00,20260805_soil_log.txt
2026-03-26,05:39:00,soil culture 2,-130.625,2026-03-26 05:39:00,20260805_soil_log.txt
2026-03-26,05:44:00,soil culture 2,-130.625,2026-03-26 05:44:00,20260805_soil_log.txt
2026-03-26,05:49:00,soil culture 2,-130.5,2026-03-26 05:49:00,20260805_soil_log.txt
2026-03-26,05:54:00,soil culture 2,-130.375,2026-03-26 05:54:00,20260805_soil_log.txt
2026-03-26,05:59:01,soil culture 2,-130.25,2026-03-26 05:59:01,20260805_soil_log.txt
2026-03-26,06:04:01,soil culture 2,-130.25,2026-03-26 06:04:01,20260805_soil_log.txt
2026-03-26,06:09:01,soil culture 2,-130.25,2026-03-26 06:09:01,20260805_soil_log.txt
2026-03-26,06:14:01,soil culture 2,-130.125,2026-03-26 06:14:01,20260805_soil_log.txt
2026-03-26,06:19:01,soil culture 2,-130.25,2026-03-26 06:19:01,20260805_soil_log.txt
2026-03-26,06:24:02,soil culture 2,-130.25,2026-03-26 06:24:02,20260805_soil_log.txt
2026-03-26,06:29:02,soil culture 2,-130.125,2026-03-26 06:29:02,20260805_soil_log.txt
2026-03-26,06:34:02,soil culture 2,-130.125,2026-03-26 06:34:02,20260805_soil_log.txt
2026-03-26,06:39:02,soil culture 2,-130.125,2026-03-26 06:39:02,20260805_soil_log.txt
2026-03-26,06:44:03,soil culture 2,-130.125,2026-03-26 06:44:03,20260805_soil_log.txt
2026-03-26,06:49:03,soil culture 2,-130.0,2026-03-26 06:49:03,20260805_soil_log.txt
2026-03-26,06:54:03,soil culture 2,-130.125,2026-03-26 06:54:03,20260805_soil_log.txt
2026-03-26,06:59:03,soil culture 2,-130.125,2026-03-26 06:59:03,20260805_soil_log.txt
2026-03-26,07:04:04,soil culture 2,-130.0,2026-03-26 07:04:04,20260805_soil_log.txt
2026-03-26,07:09:04,soil culture 2,-129.875,2026-03-26 07:09:04,20260805_soil_log.txt
2026-03-26,07:14:04,soil culture 2,-129.875,2026-03-26 07:14:04,20260805_soil_log.txt
2026-03-26,07:19:04,soil culture 2,-129.875,2026-03-26 07:19:04,20260805_soil_log.txt
2026-03-26,07:24:04,soil culture 2,-129.75,2026-03-26 07:24:04,20260805_soil_log.txt
2026-03-26,07:29:05,soil culture 2,-129.75,2026-03-26 07:29:05,20260805_soil_log.txt
2026-03-26,07:34:05,soil culture 2,-129.75,2026-03-26 07:34:05,20260805_soil_log.txt
2026-03-26,07:39:05,soil culture 2,-129.75,2026-03-26 07:39:05,20260805_soil_log.txt
2026-03-26,07:44:05,soil culture 2,-129.75,2026-03-26 07:44:05,20260805_soil_log.txt
2026-03-26,07:49:06,soil culture 2,-129.625,2026-03-26 07:49:06,20260805_soil_log.txt
2026-03-26,07:54:06,soil culture 2,-129.625,2026-03-26 07:54:06,20260805_soil_log.txt
2026-03-26,07:59:06,soil culture 2,-129.625,2026-03-26 07:59:06,20260805_soil_log.txt
2026-03-26,08:04:06,soil culture 2,-129.625,2026-03-26 08:04:06,20260805_soil_log.txt
2026-03-26,08:09:07,soil culture 2,-129.5,2026-03-26 08:09:07,20260805_soil_log.txt
2026-03-26,08:14:07,soil culture 2,-129.5,2026-03-26 08:14:07,20260805_soil_log.txt
2026-03-26,08:19:07,soil culture 2,-129.375,2026-03-26 08:19:07,20260805_soil_log.txt
2026-03-26,08:24:07,soil culture 2,-129.25,2026-03-26 08:24:07,20260805_soil_log.txt
2026-03-26,08:29:07,soil culture 2,-129.25,2026-03-26 08:29:07,20260805_soil_log.txt
2026-03-26,08:34:08,soil culture 2,-129.125,2026-03-26 08:34:08,20260805_soil_log.txt
2026-03-26,08:39:08,soil culture 2,-129.125,2026-03-26 08:39:08,20260805_soil_log.txt
2026-03-26,08:44:08,soil culture 2,-129.25,2026-03-26 08:44:08,20260805_soil_log.txt
2026-03-26,08:49:08,soil culture 2,-129.125,2026-03-26 08:49:08,20260805_soil_log.txt
2026-03-26,08:54:08,soil culture 2,-129.25,2026-03-26 08:54:08,20260805_soil_log.txt
2026-03-26,08:59:09,soil culture 2,-129.125,2026-03-26 08:59:09,20260805_soil_log.txt
2026-03-26,09:04:09,soil culture 2,-129.125,2026-03-26 09:04:09,20260805_soil_log.txt
2026-03-26,09:09:09,soil culture 2,-129.125,2026-03-26 09:09:09,20260805_soil_log.txt
2026-03-26,09:14:09,soil culture 2,-129.125,2026-03-26 09:14:09,20260805_soil_log.txt
2026-03-26,09:19:10,soil culture 2,-129.0,2026-03-26 09:19:10,20260805_soil_log.txt
2026-03-26,09:24:10,soil culture 2,-129.0,2026-03-26 09:24:10,20260805_soil_log.txt
2026-03-26,09:29:10,soil culture 2,-128.875,2026-03-26 09:29:10,20260805_soil_log.txt
2026-03-26,09:34:10,soil culture 2,-128.875,2026-03-26 09:34:10,20260805_soil_log.txt
2026-03-26,09:39:10,soil culture 2,-128.875,2026-03-26 09:39:10,20260805_soil_log.txt
2026-03-26,09:44:11,soil culture 2,-128.75,2026-03-26 09:44:11,20260805_soil_log.txt
2026-03-26,09:49:11,soil culture 2,-128.875,2026-03-26 09:49:11,20260805_soil_log.txt
2026-03-26,09:54:11,soil culture 2,-128.75,2026-03-26 09:54:11,20260805_soil_log.txt
2026-03-26,09:59:11,soil culture 2,-128.75,2026-03-26 09:59:11,20260805_soil_log.txt
2026-03-26,10:04:12,soil culture 2,-128.75,2026-03-26 10:04:12,20260805_soil_log.txt
2026-03-26,10:09:12,soil culture 2,-128.75,2026-03-26 10:09:12,20260805_soil_log.txt
2026-03-26,10:14:12,soil culture 2,-128.625,2026-03-26 10:14:12,20260805_soil_log.txt
2026-03-26,10:19:12,soil culture 2,-128.625,2026-03-26 10:19:12,20260805_soil_log.txt
2026-03-26,10:24:12,soil culture 2,-128.625,2026-03-26 10:24:12,20260805_soil_log.txt
2026-03-26,10:29:13,soil culture 2,-128.5,2026-03-26 10:29:13,20260805_soil_log.txt
2026-03-26,10:34:13,soil culture 2,-128.375,2026-03-26 10:34:13,20260805_soil_log.txt
2026-03-26,10:39:13,soil culture 2,-128.375,2026-03-26 10:39:13,20260805_soil_log.txt
2026-03-26,10:44:13,soil culture 2,-128.375,2026-03-26 10:44:13,20260805_soil_log.txt
2026-03-26,10:49:14,soil culture 2,-128.375,2026-03-26 10:49:14,20260805_soil_log.txt
2026-03-26,10:54:14,soil culture 2,-128.25,2026-03-26 10:54:14,20260805_soil_log.txt
2026-03-26,10:59:14,soil culture 2,-128.125,2026-03-26 10:59:14,20260805_soil_log.txt
2026-03-26,11:04:14,soil culture 2,-128.125,2026-03-26 11:04:14,20260805_soil_log.txt
2026-03-26,11:09:14,soil culture 2,-128.125,2026-03-26 11:09:14,20260805_soil_log.txt
2026-03-26,11:14:15,soil culture 2,-128.125,2026-03-26 11:14:15,20260805_soil_log.txt
2026-03-26,11:19:15,soil culture 2,-128.0,2026-03-26 11:19:15,20260805_soil_log.txt
2026-03-26,11:24:15,soil culture 2,-128.0,2026-03-26 11:24:15,20260805_soil_log.txt
2026-03-26,11:29:15,soil culture 2,-127.87500000000001,2026-03-26 11:29:15,20260805_soil_log.txt
2026-03-26,11:34:15,soil culture 2,-127.87500000000001,2026-03-26 11:34:15,20260805_soil_log.txt
2026-03-26,11:39:16,soil culture 2,-128.0,2026-03-26 11:39:16,20260805_soil_log.txt
2026-03-26,11:44:16,soil culture 2,-127.87500000000001,2026-03-26 11:44:16,20260805_soil_log.txt
2026-03-26,11:49:16,soil culture 2,-127.75,2026-03-26 11:49:16,20260805_soil_log.txt
2026-03-26,11:54:16,soil culture 2,-127.75,2026-03-26 11:54:16,20260805_soil_log.txt
2026-03-26,11:59:17,soil culture 2,-127.62500000000001,2026-03-26 11:59:17,20260805_soil_log.txt
2026-03-26,12:04:17,soil culture 2,-127.5,2026-03-26 12:04:17,20260805_soil_log.txt
2026-03-26,12:09:17,soil culture 2,-127.62500000000001,2026-03-26 12:09:17,20260805_soil_log.txt
2026-03-26,12:14:17,soil culture 2,-127.5,2026-03-26 12:14:17,20260805_soil_log.txt
2026-03-26,12:19:17,soil culture 2,-127.5,2026-03-26 12:19:17,20260805_soil_log.txt
2026-03-26,12:24:18,soil culture 2,-127.37500000000001,2026-03-26 12:24:18,20260805_soil_log.txt
2026-03-26,12:29:18,soil culture 2,-127.25,2026-03-26 12:29:18,20260805_soil_log.txt
2026-03-26,12:34:18,soil culture 2,-127.37500000000001,2026-03-26 12:34:18,20260805_soil_log.txt
2026-03-26,12:39:18,soil culture 2,-127.37500000000001,2026-03-26 12:39:18,20260805_soil_log.txt
2026-03-26,12:44:19,soil culture 2,-127.37500000000001,2026-03-26 12:44:19,20260805_soil_log.txt
2026-03-26,12:49:19,soil culture 2,-127.25,2026-03-26 12:49:19,20260805_soil_log.txt
2026-03-26,12:54:19,soil culture 2,-127.12500000000001,2026-03-26 12:54:19,20260805_soil_log.txt
2026-03-26,12:59:19,soil culture 2,-127.25,2026-03-26 12:59:19,20260805_soil_log.txt
2026-03-26,13:04:20,soil culture 2,-127.12500000000001,2026-03-26 13:04:20,20260805_soil_log.txt
2026-03-26,13:09:20,soil culture 2,-127.12500000000001,2026-03-26 13:09:20,20260805_soil_log.txt
2026-03-26,13:14:20,soil culture 2,-127.0,2026-03-26 13:14:20,20260805_soil_log.txt
2026-03-26,13:19:20,soil culture 2,-126.87500000000001,2026-03-26 13:19:20,20260805_soil_log.txt
2026-03-26,13:24:20,soil culture 2,-126.87500000000001,2026-03-26 13:24:20,20260805_soil_log.txt
2026-03-26,13:29:21,soil culture 2,-126.75,2026-03-26 13:29:21,20260805_soil_log.txt
2026-03-26,13:34:21,soil culture 2,-126.62500000000001,2026-03-26 13:34:21,20260805_soil_log.txt
2026-03-26,13:39:21,soil culture 2,-126.62500000000001,2026-03-26 13:39:21,20260805_soil_log.txt
2026-03-26,13:44:21,soil culture 2,-126.5,2026-03-26 13:44:21,20260805_soil_log.txt
2026-03-26,13:49:21,soil culture 2,-126.5,2026-03-26 13:49:21,20260805_soil_log.txt
2026-03-26,13:54:22,soil culture 2,-126.62500000000001,2026-03-26 13:54:22,20260805_soil_log.txt
2026-03-26,13:59:22,soil culture 2,-126.5,2026-03-26 13:59:22,20260805_soil_log.txt
2026-03-26,14:04:22,soil culture 2,-126.25,2026-03-26 14:04:22,20260805_soil_log.txt
2026-03-26,14:09:22,soil culture 2,-126.25,2026-03-26 14:09:22,20260805_soil_log.txt
2026-03-26,14:14:23,soil culture 2,-126.25,2026-03-26 14:14:23,20260805_soil_log.txt
2026-03-26,14:19:23,soil culture 2,-126.12500000000001,2026-03-26 14:19:23,20260805_soil_log.txt
2026-03-26,14:24:23,soil culture 2,-126.0,2026-03-26 14:24:23,20260805_soil_log.txt
2026-03-26,14:29:23,soil culture 2,-125.87500000000001,2026-03-26 14:29:23,20260805_soil_log.txt
2026-03-26,14:34:23,soil culture 2,-125.87500000000001,2026-03-26 14:34:23,20260805_soil_log.txt
2026-03-26,14:39:24,soil culture 2,-125.87500000000001,2026-03-26 14:39:24,20260805_soil_log.txt
2026-03-26,14:44:24,soil culture 2,-125.75,2026-03-26 14:44:24,20260805_soil_log.txt
2026-03-26,14:49:24,soil culture 2,-125.75,2026-03-26 14:49:24,20260805_soil_log.txt
2026-03-26,14:54:24,soil culture 2,-125.62500000000001,2026-03-26 14:54:24,20260805_soil_log.txt
2026-03-26,14:59:24,soil culture 2,-125.62500000000001,2026-03-26 14:59:24,20260805_soil_log.txt
2026-03-26,15:04:25,soil culture 2,-125.62500000000001,2026-03-26 15:04:25,20260805_soil_log.txt
2026-03-26,15:09:25,soil culture 2,-125.62500000000001,2026-03-26 15:09:25,20260805_soil_log.txt
2026-03-26,15:14:25,soil culture 2,-125.5,2026-03-26 15:14:25,20260805_soil_log.txt
2026-03-26,15:19:25,soil culture 2,-125.37500000000001,2026-03-26 15:19:25,20260805_soil_log.txt
2026-03-26,15:24:26,soil culture 2,-125.25,2026-03-26 15:24:26,20260805_soil_log.txt
2026-03-26,15:29:26,soil culture 2,-125.25,2026-03-26 15:29:26,20260805_soil_log.txt
2026-03-26,15:34:26,soil culture 2,-125.12500000000001,2026-03-26 15:34:26,20260805_soil_log.txt
2026-03-26,15:39:26,soil culture 2,-125.0,2026-03-26 15:39:26,20260805_soil_log.txt
2026-03-26,15:44:26,soil culture 2,-125.0,2026-03-26 15:44:26,20260805_soil_log.txt
2026-03-26,15:49:27,soil culture 2,-124.875,2026-03-26 15:49:27,20260805_soil_log.txt
2026-03-26,15:54:27,soil culture 2,-124.875,2026-03-26 15:54:27,20260805_soil_log.txt
2026-03-26,15:59:27,soil culture 2,-124.75,2026-03-26 15:59:27,20260805_soil_log.txt
2026-03-26,16:04:27,soil culture 2,-124.75,2026-03-26 16:04:27,20260805_soil_log.txt
2026-03-26,16:09:28,soil culture 2,-124.625,2026-03-26 16:09:28,20260805_soil_log.txt
2026-03-26,16:14:28,soil culture 2,-124.5,2026-03-26 16:14:28,20260805_soil_log.txt
2026-03-26,16:19:28,soil culture 2,-124.375,2026-03-26 16:19:28,20260805_soil_log.txt
2026-03-26,16:24:28,soil culture 2,-124.375,2026-03-26 16:24:28,20260805_soil_log.txt
2026-03-26,16:29:29,soil culture 2,-124.25,2026-03-26 16:29:29,20260805_soil_log.txt
2026-03-26,16:34:29,soil culture 2,-124.25,2026-03-26 16:34:29,20260805_soil_log.txt
2026-03-26,16:39:29,soil culture 2,-124.125,2026-03-26 16:39:29,20260805_soil_log.txt
2026-03-26,16:44:29,soil culture 2,-124.125,2026-03-26 16:44:29,20260805_soil_log.txt
2026-03-26,16:49:29,soil culture 2,-124.125,2026-03-26 16:49:29,20260805_soil_log.txt
2026-03-26,16:54:30,soil culture 2,-124.125,2026-03-26 16:54:30,20260805_soil_log.txt
2026-03-26,16:59:30,soil culture 2,-124.0,2026-03-26 16:59:30,20260805_soil_log.txt
2026-03-26,17:04:30,soil culture 2,-123.875,2026-03-26 17:04:30,20260805_soil_log.txt
2026-03-26,17:09:30,soil culture 2,-123.875,2026-03-26 17:09:30,20260805_soil_log.txt
2026-03-26,17:14:31,soil culture 2,-123.75,2026-03-26 17:14:31,20260805_soil_log.txt
2026-03-26,17:19:31,soil culture 2,-123.75,2026-03-26 17:19:31,20260805_soil_log.txt
2026-03-26,17:24:31,soil culture 2,-123.625,2026-03-26 17:24:31,20260805_soil_log.txt
2026-03-26,17:29:31,soil culture 2,-123.5,2026-03-26 17:29:31,20260805_soil_log.txt
2026-03-26,17:34:32,soil culture 2,-123.625,2026-03-26 17:34:32,20260805_soil_log.txt
2026-03-26,17:39:32,soil culture 2,-123.375,2026-03-26 17:39:32,20260805_soil_log.txt
2026-03-26,17:44:32,soil culture 2,-123.25,2026-03-26 17:44:32,20260805_soil_log.txt
2026-03-26,17:49:32,soil culture 2,-123.125,2026-03-26 17:49:32,20260805_soil_log.txt
2026-03-26,17:54:32,soil culture 2,-123.125,2026-03-26 17:54:32,20260805_soil_log.txt
2026-03-26,17:59:33,soil culture 2,-123.0,2026-03-26 17:59:33,20260805_soil_log.txt
2026-03-26,18:04:33,soil culture 2,-122.875,2026-03-26 18:04:33,20260805_soil_log.txt
2026-03-26,18:09:33,soil culture 2,-122.75,2026-03-26 18:09:33,20260805_soil_log.txt
2026-03-26,18:14:33,soil culture 2,-122.625,2026-03-26 18:14:33,20260805_soil_log.txt
2026-03-26,18:19:34,soil culture 2,-122.625,2026-03-26 18:19:34,20260805_soil_log.txt
2026-03-26,18:24:34,soil culture 2,-122.5,2026-03-26 18:24:34,20260805_soil_log.txt
2026-03-26,18:29:34,soil culture 2,-122.375,2026-03-26 18:29:34,20260805_soil_log.txt
2026-03-26,18:34:34,soil culture 2,-122.25,2026-03-26 18:34:34,20260805_soil_log.txt
2026-03-26,18:39:35,soil culture 2,-122.125,2026-03-26 18:39:35,20260805_soil_log.txt
2026-03-26,18:44:35,soil culture 2,-122.125,2026-03-26 18:44:35,20260805_soil_log.txt
2026-03-26,18:49:35,soil culture 2,-122.0,2026-03-26 18:49:35,20260805_soil_log.txt
2026-03-26,18:54:35,soil culture 2,-121.875,2026-03-26 18:54:35,20260805_soil_log.txt
2026-03-26,18:59:35,soil culture 2,-121.75,2026-03-26 18:59:35,20260805_soil_log.txt
2026-03-26,19:04:36,soil culture 2,-121.625,2026-03-26 19:04:36,20260805_soil_log.txt
2026-03-26,19:09:36,soil culture 2,-121.5,2026-03-26 19:09:36,20260805_soil_log.txt
2026-03-26,19:14:36,soil culture 2,-121.5,2026-03-26 19:14:36,20260805_soil_log.txt
2026-03-26,19:19:36,soil culture 2,-121.375,2026-03-26 19:19:36,20260805_soil_log.txt
2026-03-26,19:24:37,soil culture 2,-121.125,2026-03-26 19:24:37,20260805_soil_log.txt
2026-03-26,19:29:37,soil culture 2,-121.125,2026-03-26 19:29:37,20260805_soil_log.txt
2026-03-26,19:34:37,soil culture 2,-121.0,2026-03-26 19:34:37,20260805_soil_log.txt
2026-03-26,19:39:37,soil culture 2,-121.0,2026-03-26 19:39:37,20260805_soil_log.txt
2026-03-26,19:44:37,soil culture 2,-120.875,2026-03-26 19:44:37,20260805_soil_log.txt
2026-03-26,19:49:38,soil culture 2,-120.75,2026-03-26 19:49:38,20260805_soil_log.txt
2026-03-26,19:54:38,soil culture 2,-120.75,2026-03-26 19:54:38,20260805_soil_log.txt
2026-03-26,19:59:38,soil culture 2,-120.5,2026-03-26 19:59:38,20260805_soil_log.txt
2026-03-26,20:04:38,soil culture 2,-120.25,2026-03-26 20:04:38,20260805_soil_log.txt
2026-03-26,20:09:39,soil culture 2,-120.125,2026-03-26 20:09:39,20260805_soil_log.txt
2026-03-26,20:14:39,soil culture 2,-120.125,2026-03-26 20:14:39,20260805_soil_log.txt
2026-03-26,20:19:39,soil culture 2,-120.0,2026-03-26 20:19:39,20260805_soil_log.txt
2026-03-26,20:24:39,soil culture 2,-119.87500000000001,2026-03-26 20:24:39,20260805_soil_log.txt
2026-03-26,20:29:39,soil culture 2,-119.62500000000001,2026-03-26 20:29:39,20260805_soil_log.txt
2026-03-26,20:34:40,soil culture 2,-119.62500000000001,2026-03-26 20:34:40,20260805_soil_log.txt
2026-03-26,20:39:40,soil culture 2,-119.50000000000001,2026-03-26 20:39:40,20260805_soil_log.txt
2026-03-26,20:44:40,soil culture 2,-119.37500000000001,2026-03-26 20:44:40,20260805_soil_log.txt
2026-03-26,20:49:40,soil culture 2,-119.12500000000001,2026-03-26 20:49:40,20260805_soil_log.txt
2026-03-26,20:54:41,soil culture 2,-119.12500000000001,2026-03-26 20:54:41,20260805_soil_log.txt
2026-03-26,20:59:41,soil culture 2,-119.00000000000001,2026-03-26 20:59:41,20260805_soil_log.txt
2026-03-26,21:04:41,soil culture 2,-119.00000000000001,2026-03-26 21:04:41,20260805_soil_log.txt
2026-03-26,21:09:41,soil culture 2,-118.87500000000001,2026-03-26 21:09:41,20260805_soil_log.txt
2026-03-26,21:14:42,soil culture 2,-118.75000000000001,2026-03-26 21:14:42,20260805_soil_log.txt
2026-03-26,21:19:42,soil culture 2,-118.62500000000001,2026-03-26 21:19:42,20260805_soil_log.txt
2026-03-26,21:24:42,soil culture 2,-118.50000000000001,2026-03-26 21:24:42,20260805_soil_log.txt
2026-03-26,21:29:42,soil culture 2,-118.37500000000001,2026-03-26 21:29:42,20260805_soil_log.txt
2026-03-26,21:34:42,soil culture 2,-118.25000000000001,2026-03-26 21:34:42,20260805_soil_log.txt
2026-03-26,21:39:42,soil culture 2,-118.25000000000001,2026-03-26 21:39:42,20260805_soil_log.txt
2026-03-26,21:44:43,soil culture 2,-118.12500000000001,2026-03-26 21:44:43,20260805_soil_log.txt
2026-03-26,21:49:43,soil culture 2,-118.00000000000001,2026-03-26 21:49:43,20260805_soil_log.txt
2026-03-26,21:54:43,soil culture 2,-117.87500000000001,2026-03-26 21:54:43,20260805_soil_log.txt
2026-03-26,21:59:43,soil culture 2,-117.75000000000001,2026-03-26 21:59:43,20260805_soil_log.txt
2026-03-26,22:04:44,soil culture 2,-117.62500000000001,2026-03-26 22:04:44,20260805_soil_log.txt
2026-03-26,22:09:44,soil culture 2,-117.62500000000001,2026-03-26 22:09:44,20260805_soil_log.txt
2026-03-26,22:14:44,soil culture 2,-117.50000000000001,2026-03-26 22:14:44,20260805_soil_log.txt
2026-03-26,22:19:44,soil culture 2,-117.375,2026-03-26 22:19:44,20260805_soil_log.txt
2026-03-26,22:24:44,soil culture 2,-117.375,2026-03-26 22:24:44,20260805_soil_log.txt
2026-03-26,22:29:45,soil culture 2,-117.25,2026-03-26 22:29:45,20260805_soil_log.txt
2026-03-26,22:34:45,soil culture 2,-117.25,2026-03-26 22:34:45,20260805_soil_log.txt
2026-03-26,22:39:45,soil culture 2,-117.125,2026-03-26 22:39:45,20260805_soil_log.txt
2026-03-26,22:44:45,soil culture 2,-117.25,2026-03-26 22:44:45,20260805_soil_log.txt
2026-03-26,22:49:46,soil culture 2,-117.0,2026-03-26 22:49:46,20260805_soil_log.txt
2026-03-26,22:54:46,soil culture 2,-117.125,2026-03-26 22:54:46,20260805_soil_log.txt
2026-03-26,22:59:46,soil culture 2,-117.0,2026-03-26 22:59:46,20260805_soil_log.txt
2026-03-26,23:04:46,soil culture 2,-117.0,2026-03-26 23:04:46,20260805_soil_log.txt
2026-03-26,23:09:46,soil culture 2,-117.0,2026-03-26 23:09:46,20260805_soil_log.txt
2026-03-26,23:14:47,soil culture 2,-116.875,2026-03-26 23:14:47,20260805_soil_log.txt
2026-03-26,23:19:47,soil culture 2,-116.875,2026-03-26 23:19:47,20260805_soil_log.txt
2026-03-26,23:24:47,soil culture 2,-116.875,2026-03-26 23:24:47,20260805_soil_log.txt
2026-03-26,23:29:47,soil culture 2,-116.75,2026-03-26 23:29:47,20260805_soil_log.txt
2026-03-26,23:34:48,soil culture 2,-116.75,2026-03-26 23:34:48,20260805_soil_log.txt
2026-03-26,23:39:48,soil culture 2,-116.75,2026-03-26 23:39:48,20260805_soil_log.txt
2026-03-26,23:44:48,soil culture 2,-116.75,2026-03-26 23:44:48,20260805_soil_log.txt
2026-03-26,23:49:48,soil culture 2,-116.75,2026-03-26 23:49:48,20260805_soil_log.txt
2026-03-26,23:54:48,soil culture 2,-116.75,2026-03-26 23:54:48,20260805_soil_log.txt
2026-03-26,23:59:49,soil culture 2,-116.75,2026-03-26 23:59:49,20260805_soil_log.txt
2026-03-27,00:04:49,soil culture 2,-116.75,2026-03-27 00:04:49,20260805_soil_log.txt
2026-03-27,00:09:49,soil culture 2,-116.75,2026-03-27 00:09:49,20260805_soil_log.txt
2026-03-27,00:14:49,soil culture 2,-116.625,2026-03-27 00:14:49,20260805_soil_log.txt
2026-03-27,00:19:49,soil culture 2,-116.75,2026-03-27 00:19:49,20260805_soil_log.txt
2026-03-27,00:24:50,soil culture 2,-116.625,2026-03-27 00:24:50,20260805_soil_log.txt
2026-03-27,00:29:50,soil culture 2,-116.625,2026-03-27 00:29:50,20260805_soil_log.txt
2026-03-27,00:34:50,soil culture 2,-116.5,2026-03-27 00:34:50,20260805_soil_log.txt
2026-03-27,00:39:50,soil culture 2,-116.5,2026-03-27 00:39:50,20260805_soil_log.txt
2026-03-27,00:44:51,soil culture 2,-116.625,2026-03-27 00:44:51,20260805_soil_log.txt
2026-03-27,00:49:51,soil culture 2,-116.5,2026-03-27 00:49:51,20260805_soil_log.txt
2026-03-27,00:54:51,soil culture 2,-116.5,2026-03-27 00:54:51,20260805_soil_log.txt
2026-03-27,00:59:51,soil culture 2,-116.5,2026-03-27 00:59:51,20260805_soil_log.txt
2026-03-27,01:04:52,soil culture 2,-116.5,2026-03-27 01:04:52,20260805_soil_log.txt
2026-03-27,01:09:52,soil culture 2,-116.5,2026-03-27 01:09:52,20260805_soil_log.txt
2026-03-27,01:14:52,soil culture 2,-116.5,2026-03-27 01:14:52,20260805_soil_log.txt
2026-03-27,01:19:52,soil culture 2,-116.5,2026-03-27 01:19:52,20260805_soil_log.txt
2026-03-27,01:24:52,soil culture 2,-116.5,2026-03-27 01:24:52,20260805_soil_log.txt
2026-03-27,01:29:53,soil culture 2,-116.5,2026-03-27 01:29:53,20260805_soil_log.txt
2026-03-27,01:34:53,soil culture 2,-116.5,2026-03-27 01:34:53,20260805_soil_log.txt
2026-03-27,01:39:53,soil culture 2,-116.5,2026-03-27 01:39:53,20260805_soil_log.txt
2026-03-27,01:44:53,soil culture 2,-116.625,2026-03-27 01:44:53,20260805_soil_log.txt
2026-03-27,01:49:54,soil culture 2,-116.625,2026-03-27 01:49:54,20260805_soil_log.txt
2026-03-27,01:54:54,soil culture 2,-116.625,2026-03-27 01:54:54,20260805_soil_log.txt
2026-03-27,01:59:54,soil culture 2,-116.625,2026-03-27 01:59:54,20260805_soil_log.txt
2026-03-27,02:04:54,soil culture 2,-116.5,2026-03-27 02:04:54,20260805_soil_log.txt
2026-03-27,02:09:54,soil culture 2,-116.5,2026-03-27 02:09:54,20260805_soil_log.txt
2026-03-27,02:14:55,soil culture 2,-116.375,2026-03-27 02:14:55,20260805_soil_log.txt
2026-03-27,02:19:55,soil culture 2,-116.5,2026-03-27 02:19:55,20260805_soil_log.txt
2026-03-27,02:24:55,soil culture 2,-116.375,2026-03-27 02:24:55,20260805_soil_log.txt
2026-03-27,02:29:55,soil culture 2,-116.375,2026-03-27 02:29:55,20260805_soil_log.txt
2026-03-27,02:34:56,soil culture 2,-116.375,2026-03-27 02:34:56,20260805_soil_log.txt
2026-03-27,02:39:56,soil culture 2,-116.375,2026-03-27 02:39:56,20260805_soil_log.txt
2026-03-27,02:44:56,soil culture 2,-116.25,2026-03-27 02:44:56,20260805_soil_log.txt
2026-03-27,02:49:56,soil culture 2,-116.25,2026-03-27 02:49:56,20260805_soil_log.txt
2026-03-27,02:54:56,soil culture 2,-116.25,2026-03-27 02:54:56,20260805_soil_log.txt
2026-03-27,02:59:57,soil culture 2,-116.25,2026-03-27 02:59:57,20260805_soil_log.txt
2026-03-27,03:04:57,soil culture 2,-116.25,2026-03-27 03:04:57,20260805_soil_log.txt
2026-03-27,03:09:57,soil culture 2,-116.125,2026-03-27 03:09:57,20260805_soil_log.txt
2026-03-27,03:14:57,soil culture 2,-116.0,2026-03-27 03:14:57,20260805_soil_log.txt
2026-03-27,03:19:58,soil culture 2,-116.0,2026-03-27 03:19:58,20260805_soil_log.txt
2026-03-27,03:24:58,soil culture 2,-116.0,2026-03-27 03:24:58,20260805_soil_log.txt
2026-03-27,03:29:58,soil culture 2,-116.0,2026-03-27 03:29:58,20260805_soil_log.txt
2026-03-27,03:34:58,soil culture 2,-116.0,2026-03-27 03:34:58,20260805_soil_log.txt
2026-03-27,03:39:58,soil culture 2,-116.0,2026-03-27 03:39:58,20260805_soil_log.txt
2026-03-27,03:44:59,soil culture 2,-116.0,2026-03-27 03:44:59,20260805_soil_log.txt
2026-03-27,03:49:59,soil culture 2,-115.875,2026-03-27 03:49:59,20260805_soil_log.txt
2026-03-27,03:54:59,soil culture 2,-115.875,2026-03-27 03:54:59,20260805_soil_log.txt
2026-03-27,03:59:59,soil culture 2,-116.0,2026-03-27 03:59:59,20260805_soil_log.txt
2026-03-27,04:05:00,soil culture 2,-115.875,2026-03-27 04:05:00,20260805_soil_log.txt
2026-03-27,04:10:00,soil culture 2,-115.75,2026-03-27 04:10:00,20260805_soil_log.txt
2026-03-27,04:15:00,soil culture 2,-115.75,2026-03-27 04:15:00,20260805_soil_log.txt
2026-03-27,04:20:00,soil culture 2,-115.875,2026-03-27 04:20:00,20260805_soil_log.txt
2026-03-27,04:25:01,soil culture 2,-115.75,2026-03-27 04:25:01,20260805_soil_log.txt
2026-03-27,04:30:01,soil culture 2,-115.75,2026-03-27 04:30:01,20260805_soil_log.txt
2026-03-27,04:35:01,soil culture 2,-115.75,2026-03-27 04:35:01,20260805_soil_log.txt
2026-03-27,04:40:01,soil culture 2,-115.75,2026-03-27 04:40:01,20260805_soil_log.txt
2026-03-27,04:45:01,soil culture 2,-115.625,2026-03-27 04:45:01,20260805_soil_log.txt
2026-03-27,04:50:02,soil culture 2,-115.5,2026-03-27 04:50:02,20260805_soil_log.txt
2026-03-27,04:55:02,soil culture 2,-115.625,2026-03-27 04:55:02,20260805_soil_log.txt
2026-03-27,05:00:02,soil culture 2,-115.5,2026-03-27 05:00:02,20260805_soil_log.txt
2026-03-27,05:05:02,soil culture 2,-115.375,2026-03-27 05:05:02,20260805_soil_log.txt
2026-03-27,05:10:03,soil culture 2,-115.5,2026-03-27 05:10:03,20260805_soil_log.txt
2026-03-27,05:15:03,soil culture 2,-115.375,2026-03-27 05:15:03,20260805_soil_log.txt
2026-03-27,05:20:03,soil culture 2,-115.375,2026-03-27 05:20:03,20260805_soil_log.txt
2026-03-27,05:25:03,soil culture 2,-115.375,2026-03-27 05:25:03,20260805_soil_log.txt
2026-03-27,05:30:03,soil culture 2,-115.25,2026-03-27 05:30:03,20260805_soil_log.txt
2026-03-27,05:35:04,soil culture 2,-115.375,2026-03-27 05:35:04,20260805_soil_log.txt
2026-03-27,05:40:04,soil culture 2,-115.375,2026-03-27 05:40:04,20260805_soil_log.txt
2026-03-27,05:45:04,soil culture 2,-115.375,2026-03-27 05:45:04,20260805_soil_log.txt
2026-03-27,05:50:04,soil culture 2,-115.25,2026-03-27 05:50:04,20260805_soil_log.txt
2026-03-27,05:55:04,soil culture 2,-115.375,2026-03-27 05:55:04,20260805_soil_log.txt
2026-03-27,06:00:05,soil culture 2,-115.25,2026-03-27 06:00:05,20260805_soil_log.txt
2026-03-27,06:05:05,soil culture 2,-115.25,2026-03-27 06:05:05,20260805_soil_log.txt
2026-03-27,06:10:05,soil culture 2,-115.25,2026-03-27 06:10:05,20260805_soil_log.txt
2026-03-27,06:15:05,soil culture 2,-115.25,2026-03-27 06:15:05,20260805_soil_log.txt
2026-03-27,06:20:06,soil culture 2,-115.375,2026-03-27 06:20:06,20260805_soil_log.txt
2026-03-27,06:25:06,soil culture 2,-115.25,2026-03-27 06:25:06,20260805_soil_log.txt
2026-03-27,06:30:06,soil culture 2,-115.25,2026-03-27 06:30:06,20260805_soil_log.txt
2026-03-27,06:35:06,soil culture 2,-115.375,2026-03-27 06:35:06,20260805_soil_log.txt
2026-03-27,06:40:06,soil culture 2,-115.25,2026-03-27 06:40:06,20260805_soil_log.txt
2026-03-27,06:45:07,soil culture 2,-115.125,2026-03-27 06:45:07,20260805_soil_log.txt
2026-03-27,06:50:07,soil culture 2,-115.125,2026-03-27 06:50:07,20260805_soil_log.txt
2026-03-27,06:55:07,soil culture 2,-115.0,2026-03-27 06:55:07,20260805_soil_log.txt
2026-03-27,07:00:07,soil culture 2,-115.0,2026-03-27 07:00:07,20260805_soil_log.txt
2026-03-27,07:05:08,soil culture 2,-115.0,2026-03-27 07:05:08,20260805_soil_log.txt
2026-03-27,07:10:08,soil culture 2,-115.0,2026-03-27 07:10:08,20260805_soil_log.txt
2026-03-27,07:15:08,soil culture 2,-115.0,2026-03-27 07:15:08,20260805_soil_log.txt
2026-03-27,07:20:08,soil culture 2,-115.0,2026-03-27 07:20:08,20260805_soil_log.txt
2026-03-27,07:25:08,soil culture 2,-115.0,2026-03-27 07:25:08,20260805_soil_log.txt
2026-03-27,07:30:09,soil culture 2,-115.0,2026-03-27 07:30:09,20260805_soil_log.txt
2026-03-27,07:35:09,soil culture 2,-115.0,2026-03-27 07:35:09,20260805_soil_log.txt
2026-03-27,07:40:09,soil culture 2,-114.875,2026-03-27 07:40:09,20260805_soil_log.txt
2026-03-27,07:45:09,soil culture 2,-114.875,2026-03-27 07:45:09,20260805_soil_log.txt
2026-03-27,07:50:10,soil culture 2,-114.875,2026-03-27 07:50:10,20260805_soil_log.txt
2026-03-27,07:55:10,soil culture 2,-114.875,2026-03-27 07:55:10,20260805_soil_log.txt
2026-03-27,08:00:10,soil culture 2,-114.875,2026-03-27 08:00:10,20260805_soil_log.txt
2026-03-27,08:05:10,soil culture 2,-114.75,2026-03-27 08:05:10,20260805_soil_log.txt
2026-03-27,08:10:10,soil culture 2,-114.75,2026-03-27 08:10:10,20260805_soil_log.txt
2026-03-27,08:15:11,soil culture 2,-114.75,2026-03-27 08:15:11,20260805_soil_log.txt
2026-03-27,08:20:11,soil culture 2,-114.625,2026-03-27 08:20:11,20260805_soil_log.txt
2026-03-27,08:25:11,soil culture 2,-114.625,2026-03-27 08:25:11,20260805_soil_log.txt
2026-03-27,08:30:11,soil culture 2,-114.625,2026-03-27 08:30:11,20260805_soil_log.txt
2026-03-27,08:35:12,soil culture 2,-114.625,2026-03-27 08:35:12,20260805_soil_log.txt
2026-03-27,08:40:12,soil culture 2,-114.5,2026-03-27 08:40:12,20260805_soil_log.txt
2026-03-27,08:45:12,soil culture 2,-114.5,2026-03-27 08:45:12,20260805_soil_log.txt
2026-03-27,08:50:12,soil culture 2,-114.375,2026-03-27 08:50:12,20260805_soil_log.txt
2026-03-27,08:55:12,soil culture 2,-114.375,2026-03-27 08:55:12,20260805_soil_log.txt
2026-03-27,09:00:13,soil culture 2,-114.375,2026-03-27 09:00:13,20260805_soil_log.txt
2026-03-27,09:05:13,soil culture 2,-114.375,2026-03-27 09:05:13,20260805_soil_log.txt
2026-03-27,09:10:13,soil culture 2,-114.25,2026-03-27 09:10:13,20260805_soil_log.txt
2026-03-27,09:15:13,soil culture 2,-114.25,2026-03-27 09:15:13,20260805_soil_log.txt
2026-03-27,09:20:14,soil culture 2,-114.125,2026-03-27 09:20:14,20260805_soil_log.txt
2026-03-27,09:25:14,soil culture 2,-114.25,2026-03-27 09:25:14,20260805_soil_log.txt
2026-03-27,09:30:14,soil culture 2,-114.25,2026-03-27 09:30:14,20260805_soil_log.txt
2026-03-27,09:35:14,soil culture 2,-114.125,2026-03-27 09:35:14,20260805_soil_log.txt
2026-03-27,09:40:14,soil culture 2,-114.125,2026-03-27 09:40:14,20260805_soil_log.txt
2026-03-27,09:45:15,soil culture 2,-114.125,2026-03-27 09:45:15,20260805_soil_log.txt
2026-03-27,09:50:15,soil culture 2,-114.0,2026-03-27 09:50:15,20260805_soil_log.txt
2026-03-27,09:55:15,soil culture 2,-113.875,2026-03-27 09:55:15,20260805_soil_log.txt
2026-03-27,10:00:15,soil culture 2,-113.75,2026-03-27 10:00:15,20260805_soil_log.txt
2026-03-27,10:05:16,soil culture 2,-113.75,2026-03-27 10:05:16,20260805_soil_log.txt
2026-03-27,10:10:16,soil culture 2,-113.625,2026-03-27 10:10:16,20260805_soil_log.txt
2026-03-27,10:15:16,soil culture 2,-113.625,2026-03-27 10:15:16,20260805_soil_log.txt
2026-03-27,10:20:16,soil culture 2,-113.625,2026-03-27 10:20:16,20260805_soil_log.txt
2026-03-27,10:25:16,soil culture 2,-113.625,2026-03-27 10:25:16,20260805_soil_log.txt
2026-03-27,10:30:17,soil culture 2,-113.625,2026-03-27 10:30:17,20260805_soil_log.txt
2026-03-27,10:35:17,soil culture 2,-113.5,2026-03-27 10:35:17,20260805_soil_log.txt
2026-03-27,10:40:17,soil culture 2,-113.5,2026-03-27 10:40:17,20260805_soil_log.txt
2026-03-27,10:45:17,soil culture 2,-113.5,2026-03-27 10:45:17,20260805_soil_log.txt
2026-03-27,10:50:18,soil culture 2,-113.375,2026-03-27 10:50:18,20260805_soil_log.txt
2026-03-27,10:55:18,soil culture 2,-113.375,2026-03-27 10:55:18,20260805_soil_log.txt
2026-03-27,11:00:18,soil culture 2,-113.25,2026-03-27 11:00:18,20260805_soil_log.txt
2026-03-27,11:05:18,soil culture 2,-113.125,2026-03-27 11:05:18,20260805_soil_log.txt
2026-03-27,11:10:18,soil culture 2,-113.125,2026-03-27 11:10:18,20260805_soil_log.txt
2026-03-27,11:15:19,soil culture 2,-113.0,2026-03-27 11:15:19,20260805_soil_log.txt
2026-03-27,11:20:19,soil culture 2,-113.0,2026-03-27 11:20:19,20260805_soil_log.txt
2026-03-27,11:25:19,soil culture 2,-112.875,2026-03-27 11:25:19,20260805_soil_log.txt
2026-03-27,11:30:19,soil culture 2,-112.75,2026-03-27 11:30:19,20260805_soil_log.txt
2026-03-27,11:35:20,soil culture 2,-112.75,2026-03-27 11:35:20,20260805_soil_log.txt
2026-03-27,11:40:20,soil culture 2,-112.5,2026-03-27 11:40:20,20260805_soil_log.txt
2026-03-27,11:45:20,soil culture 2,-112.5,2026-03-27 11:45:20,20260805_soil_log.txt
2026-03-27,11:50:20,soil culture 2,-112.5,2026-03-27 11:50:20,20260805_soil_log.txt
2026-03-27,11:55:20,soil culture 2,-112.375,2026-03-27 11:55:20,20260805_soil_log.txt
2026-03-27,12:00:21,soil culture 2,-112.375,2026-03-27 12:00:21,20260805_soil_log.txt
2026-03-27,12:05:21,soil culture 2,-112.25,2026-03-27 12:05:21,20260805_soil_log.txt
2026-03-27,12:10:21,soil culture 2,-112.125,2026-03-27 12:10:21,20260805_soil_log.txt
2026-03-27,12:15:21,soil culture 2,-112.0,2026-03-27 12:15:21,20260805_soil_log.txt
2026-03-27,12:20:21,soil culture 2,-112.0,2026-03-27 12:20:21,20260805_soil_log.txt
2026-03-27,12:25:22,soil culture 2,-111.875,2026-03-27 12:25:22,20260805_soil_log.txt
2026-03-27,12:30:22,soil culture 2,-111.875,2026-03-27 12:30:22,20260805_soil_log.txt
2026-03-27,12:35:22,soil culture 2,-111.75,2026-03-27 12:35:22,20260805_soil_log.txt
2026-03-27,12:40:22,soil culture 2,-111.625,2026-03-27 12:40:22,20260805_soil_log.txt
2026-03-27,12:45:22,soil culture 2,-111.625,2026-03-27 12:45:22,20260805_soil_log.txt
2026-03-27,12:50:23,soil culture 2,-111.625,2026-03-27 12:50:23,20260805_soil_log.txt
2026-03-27,12:55:23,soil culture 2,-111.5,2026-03-27 12:55:23,20260805_soil_log.txt
2026-03-27,13:00:23,soil culture 2,-111.375,2026-03-27 13:00:23,20260805_soil_log.txt
2026-03-27,13:05:23,soil culture 2,-111.375,2026-03-27 13:05:23,20260805_soil_log.txt
2026-03-27,13:10:24,soil culture 2,-111.125,2026-03-27 13:10:24,20260805_soil_log.txt
2026-03-27,13:15:24,soil culture 2,-111.125,2026-03-27 13:15:24,20260805_soil_log.txt
2026-03-27,13:20:24,soil culture 2,-111.0,2026-03-27 13:20:24,20260805_soil_log.txt
2026-03-27,13:25:24,soil culture 2,-110.875,2026-03-27 13:25:24,20260805_soil_log.txt
2026-03-27,13:30:24,soil culture 2,-110.875,2026-03-27 13:30:24,20260805_soil_log.txt
2026-03-27,13:35:25,soil culture 2,-110.75,2026-03-27 13:35:25,20260805_soil_log.txt
2026-03-27,13:40:25,soil culture 2,-110.75,2026-03-27 13:40:25,20260805_soil_log.txt
2026-03-27,13:45:25,soil culture 2,-110.75,2026-03-27 13:45:25,20260805_soil_log.txt
2026-03-27,13:50:25,soil culture 2,-110.5,2026-03-27 13:50:25,20260805_soil_log.txt
2026-03-27,13:55:25,soil culture 2,-110.625,2026-03-27 13:55:25,20260805_soil_log.txt
2026-03-27,14:00:26,soil culture 2,-110.5,2026-03-27 14:00:26,20260805_soil_log.txt
2026-03-27,14:05:26,soil culture 2,-110.375,2026-03-27 14:05:26,20260805_soil_log.txt
2026-03-27,14:10:26,soil culture 2,-110.25,2026-03-27 14:10:26,20260805_soil_log.txt
2026-03-27,14:15:26,soil culture 2,-110.25,2026-03-27 14:15:26,20260805_soil_log.txt
2026-03-27,14:20:27,soil culture 2,-110.125,2026-03-27 14:20:27,20260805_soil_log.txt
2026-03-27,14:25:27,soil culture 2,-110.0,2026-03-27 14:25:27,20260805_soil_log.txt
2026-03-27,14:30:27,soil culture 2,-110.0,2026-03-27 14:30:27,20260805_soil_log.txt
2026-03-27,14:35:27,soil culture 2,-109.875,2026-03-27 14:35:27,20260805_soil_log.txt
2026-03-27,14:40:27,soil culture 2,-109.75,2026-03-27 14:40:27,20260805_soil_log.txt
2026-03-27,14:45:28,soil culture 2,-109.625,2026-03-27 14:45:28,20260805_soil_log.txt
2026-03-27,14:50:28,soil culture 2,-109.625,2026-03-27 14:50:28,20260805_soil_log.txt
2026-03-27,14:55:28,soil culture 2,-109.5,2026-03-27 14:55:28,20260805_soil_log.txt
2026-03-27,15:00:28,soil culture 2,-109.625,2026-03-27 15:00:28,20260805_soil_log.txt
2026-03-27,15:05:28,soil culture 2,-109.5,2026-03-27 15:05:28,20260805_soil_log.txt
2026-03-27,15:10:29,soil culture 2,-109.5,2026-03-27 15:10:29,20260805_soil_log.txt
2026-03-27,15:15:29,soil culture 2,-109.375,2026-03-27 15:15:29,20260805_soil_log.txt
2026-03-27,15:20:29,soil culture 2,-109.375,2026-03-27 15:20:29,20260805_soil_log.txt
2026-03-27,15:25:29,soil culture 2,-109.25,2026-03-27 15:25:29,20260805_soil_log.txt
2026-03-27,15:30:29,soil culture 2,-109.25,2026-03-27 15:30:29,20260805_soil_log.txt
2026-03-27,15:35:30,soil culture 2,-109.125,2026-03-27 15:35:30,20260805_soil_log.txt
2026-03-27,15:40:30,soil culture 2,-109.125,2026-03-27 15:40:30,20260805_soil_log.txt
2026-03-27,15:45:30,soil culture 2,-109.125,2026-03-27 15:45:30,20260805_soil_log.txt
2026-03-27,15:50:30,soil culture 2,-109.0,2026-03-27 15:50:30,20260805_soil_log.txt
2026-03-27,15:55:31,soil culture 2,-109.0,2026-03-27 15:55:31,20260805_soil_log.txt
2026-03-27,16:00:31,soil culture 2,-109.0,2026-03-27 16:00:31,20260805_soil_log.txt
2026-03-27,16:05:31,soil culture 2,-108.875,2026-03-27 16:05:31,20260805_soil_log.txt
2026-03-27,16:10:31,soil culture 2,-109.0,2026-03-27 16:10:31,20260805_soil_log.txt
2026-03-27,16:15:32,soil culture 2,-108.875,2026-03-27 16:15:32,20260805_soil_log.txt
2026-03-27,16:20:32,soil culture 2,-108.625,2026-03-27 16:20:32,20260805_soil_log.txt
2026-03-27,16:25:32,soil culture 2,-108.75,2026-03-27 16:25:32,20260805_soil_log.txt
2026-03-27,16:30:32,soil culture 2,-108.75,2026-03-27 16:30:32,20260805_soil_log.txt
2026-03-27,16:35:33,soil culture 2,-108.625,2026-03-27 16:35:33,20260805_soil_log.txt
2026-03-27,16:40:33,soil culture 2,-108.5,2026-03-27 16:40:33,20260805_soil_log.txt
2026-03-27,16:45:33,soil culture 2,-108.5,2026-03-27 16:45:33,20260805_soil_log.txt
2026-03-27,16:50:33,soil culture 2,-108.375,2026-03-27 16:50:33,20260805_soil_log.txt
2026-03-27,16:55:33,soil culture 2,-108.375,2026-03-27 16:55:33,20260805_soil_log.txt
2026-03-27,17:00:34,soil culture 2,-108.375,2026-03-27 17:00:34,20260805_soil_log.txt
2026-03-27,17:05:34,soil culture 2,-108.25,2026-03-27 17:05:34,20260805_soil_log.txt
2026-03-27,17:10:34,soil culture 2,-108.25,2026-03-27 17:10:34,20260805_soil_log.txt
2026-03-27,17:15:34,soil culture 2,-108.125,2026-03-27 17:15:34,20260805_soil_log.txt
2026-03-27,17:20:35,soil culture 2,-108.0,2026-03-27 17:20:35,20260805_soil_log.txt
2026-03-27,17:25:35,soil culture 2,-107.875,2026-03-27 17:25:35,20260805_soil_log.txt
2026-03-27,17:30:35,soil culture 2,-107.875,2026-03-27 17:30:35,20260805_soil_log.txt
2026-03-27,17:35:35,soil culture 2,-107.875,2026-03-27 17:35:35,20260805_soil_log.txt
2026-03-27,17:40:35,soil culture 2,-107.75,2026-03-27 17:40:35,20260805_soil_log.txt
2026-03-27,17:45:36,soil culture 2,-107.625,2026-03-27 17:45:36,20260805_soil_log.txt
2026-03-27,17:50:36,soil culture 2,-107.5,2026-03-27 17:50:36,20260805_soil_log.txt
2026-03-27,17:55:36,soil culture 2,-107.375,2026-03-27 17:55:36,20260805_soil_log.txt
2026-03-27,18:00:36,soil culture 2,-107.375,2026-03-27 18:00:36,20260805_soil_log.txt
2026-03-27,18:05:37,soil culture 2,-107.375,2026-03-27 18:05:37,20260805_soil_log.txt
2026-03-27,18:10:37,soil culture 2,-107.375,2026-03-27 18:10:37,20260805_soil_log.txt
2026-03-27,18:15:37,soil culture 2,-107.375,2026-03-27 18:15:37,20260805_soil_log.txt
2026-03-27,18:20:37,soil culture 2,-107.25,2026-03-27 18:20:37,20260805_soil_log.txt
2026-03-27,18:25:37,soil culture 2,-107.25,2026-03-27 18:25:37,20260805_soil_log.txt
2026-03-27,18:30:38,soil culture 2,-107.125,2026-03-27 18:30:38,20260805_soil_log.txt
2026-03-27,18:35:38,soil culture 2,-107.125,2026-03-27 18:35:38,20260805_soil_log.txt
2026-03-27,18:40:38,soil culture 2,-107.0,2026-03-27 18:40:38,20260805_soil_log.txt
2026-03-27,18:45:38,soil culture 2,-107.0,2026-03-27 18:45:38,20260805_soil_log.txt
2026-03-27,18:50:38,soil culture 2,-106.875,2026-03-27 18:50:38,20260805_soil_log.txt
2026-03-27,18:55:39,soil culture 2,-107.0,2026-03-27 18:55:39,20260805_soil_log.txt
2026-03-27,19:00:39,soil culture 2,-106.875,2026-03-27 19:00:39,20260805_soil_log.txt
2026-03-27,19:05:39,soil culture 2,-106.875,2026-03-27 19:05:39,20260805_soil_log.txt
2026-03-27,19:10:39,soil culture 2,-106.875,2026-03-27 19:10:39,20260805_soil_log.txt
2026-03-27,19:15:40,soil culture 2,-106.75,2026-03-27 19:15:40,20260805_soil_log.txt
2026-03-27,19:20:40,soil culture 2,-106.75,2026-03-27 19:20:40,20260805_soil_log.txt
2026-03-27,19:25:40,soil culture 2,-106.75,2026-03-27 19:25:40,20260805_soil_log.txt
2026-03-27,19:30:40,soil culture 2,-106.625,2026-03-27 19:30:40,20260805_soil_log.txt
2026-03-27,19:35:40,soil culture 2,-106.625,2026-03-27 19:35:40,20260805_soil_log.txt
2026-03-27,19:40:41,soil culture 2,-106.5,2026-03-27 19:40:41,20260805_soil_log.txt
2026-03-27,19:45:41,soil culture 2,-106.5,2026-03-27 19:45:41,20260805_soil_log.txt
2026-03-27,19:50:41,soil culture 2,-106.5,2026-03-27 19:50:41,20260805_soil_log.txt
2026-03-27,19:55:41,soil culture 2,-106.5,2026-03-27 19:55:41,20260805_soil_log.txt
2026-03-27,20:00:42,soil culture 2,-106.5,2026-03-27 20:00:42,20260805_soil_log.txt
2026-03-27,20:05:42,soil culture 2,-106.625,2026-03-27 20:05:42,20260805_soil_log.txt
2026-03-27,20:10:42,soil culture 2,-106.5,2026-03-27 20:10:42,20260805_soil_log.txt
2026-03-27,20:15:42,soil culture 2,-106.625,2026-03-27 20:15:42,20260805_soil_log.txt
2026-03-27,20:20:42,soil culture 2,-106.625,2026-03-27 20:20:42,20260805_soil_log.txt
2026-03-27,20:25:43,soil culture 2,-106.625,2026-03-27 20:25:43,20260805_soil_log.txt
2026-03-27,20:30:43,soil culture 2,-106.625,2026-03-27 20:30:43,20260805_soil_log.txt
2026-03-27,20:35:43,soil culture 2,-106.625,2026-03-27 20:35:43,20260805_soil_log.txt
2026-03-27,20:40:43,soil culture 2,-106.5,2026-03-27 20:40:43,20260805_soil_log.txt
2026-03-27,20:45:43,soil culture 2,-106.625,2026-03-27 20:45:43,20260805_soil_log.txt
2026-03-27,20:50:44,soil culture 2,-106.5,2026-03-27 20:50:44,20260805_soil_log.txt
2026-03-27,20:55:44,soil culture 2,-106.625,2026-03-27 20:55:44,20260805_soil_log.txt
2026-03-27,21:00:44,soil culture 2,-106.75,2026-03-27 21:00:44,20260805_soil_log.txt
2026-03-27,21:05:44,soil culture 2,-106.75,2026-03-27 21:05:44,20260805_soil_log.txt
2026-03-27,21:10:45,soil culture 2,-106.875,2026-03-27 21:10:45,20260805_soil_log.txt
2026-03-27,21:15:45,soil culture 2,-106.875,2026-03-27 21:15:45,20260805_soil_log.txt
2026-03-27,21:20:45,soil culture 2,-106.875,2026-03-27 21:20:45,20260805_soil_log.txt
2026-03-27,21:25:45,soil culture 2,-107.0,2026-03-27 21:25:45,20260805_soil_log.txt
2026-03-27,21:30:45,soil culture 2,-107.125,2026-03-27 21:30:45,20260805_soil_log.txt
2026-03-27,21:35:46,soil culture 2,-107.125,2026-03-27 21:35:46,20260805_soil_log.txt
2026-03-27,21:40:46,soil culture 2,-107.125,2026-03-27 21:40:46,20260805_soil_log.txt
2026-03-27,21:45:46,soil culture 2,-107.125,2026-03-27 21:45:46,20260805_soil_log.txt
2026-03-27,21:50:46,soil culture 2,-107.125,2026-03-27 21:50:46,20260805_soil_log.txt
2026-03-27,21:55:46,soil culture 2,-107.125,2026-03-27 21:55:46,20260805_soil_log.txt
2026-03-27,22:00:47,soil culture 2,-107.125,2026-03-27 22:00:47,20260805_soil_log.txt
2026-03-27,22:05:47,soil culture 2,-107.125,2026-03-27 22:05:47,20260805_soil_log.txt
2026-03-27,22:10:47,soil culture 2,-107.25,2026-03-27 22:10:47,20260805_soil_log.txt
2026-03-27,22:15:47,soil culture 2,-107.375,2026-03-27 22:15:47,20260805_soil_log.txt
2026-03-27,22:20:48,soil culture 2,-107.375,2026-03-27 22:20:48,20260805_soil_log.txt
2026-03-27,22:25:48,soil culture 2,-107.5,2026-03-27 22:25:48,20260805_soil_log.txt
2026-03-27,22:30:48,soil culture 2,-107.625,2026-03-27 22:30:48,20260805_soil_log.txt
2026-03-27,22:35:48,soil culture 2,-107.625,2026-03-27 22:35:48,20260805_soil_log.txt
2026-03-27,22:40:48,soil culture 2,-107.5,2026-03-27 22:40:48,20260805_soil_log.txt
2026-03-27,22:45:49,soil culture 2,-107.625,2026-03-27 22:45:49,20260805_soil_log.txt
2026-03-27,22:50:49,soil culture 2,-107.75,2026-03-27 22:50:49,20260805_soil_log.txt
2026-03-27,22:55:49,soil culture 2,-107.75,2026-03-27 22:55:49,20260805_soil_log.txt
2026-03-27,23:00:49,soil culture 2,-107.75,2026-03-27 23:00:49,20260805_soil_log.txt
2026-03-27,23:05:50,soil culture 2,-107.875,2026-03-27 23:05:50,20260805_soil_log.txt
2026-03-27,23:10:50,soil culture 2,-107.875,2026-03-27 23:10:50,20260805_soil_log.txt
2026-03-27,23:15:50,soil culture 2,-107.875,2026-03-27 23:15:50,20260805_soil_log.txt
2026-03-27,23:20:50,soil culture 2,-107.875,2026-03-27 23:20:50,20260805_soil_log.txt
2026-03-27,23:25:51,soil culture 2,-107.875,2026-03-27 23:25:51,20260805_soil_log.txt
2026-03-27,23:30:51,soil culture 2,-107.75,2026-03-27 23:30:51,20260805_soil_log.txt
2026-03-27,23:35:51,soil culture 2,-107.75,2026-03-27 23:35:51,20260805_soil_log.txt
2026-03-27,23:40:51,soil culture 2,-107.875,2026-03-27 23:40:51,20260805_soil_log.txt
2026-03-27,23:45:51,soil culture 2,-107.875,2026-03-27 23:45:51,20260805_soil_log.txt
2026-03-27,23:50:52,soil culture 2,-107.875,2026-03-27 23:50:52,20260805_soil_log.txt
2026-03-27,23:55:52,soil culture 2,-108.0,2026-03-27 23:55:52,20260805_soil_log.txt
2026-03-28,00:00:52,soil culture 2,-108.0,2026-03-28 00:00:52,20260805_soil_log.txt
2026-03-28,00:05:52,soil culture 2,-108.125,2026-03-28 00:05:52,20260805_soil_log.txt
2026-03-28,00:10:53,soil culture 2,-108.125,2026-03-28 00:10:53,20260805_soil_log.txt
2026-03-28,00:15:53,soil culture 2,-108.125,2026-03-28 00:15:53,20260805_soil_log.txt
2026-03-28,00:20:53,soil culture 2,-108.25,2026-03-28 00:20:53,20260805_soil_log.txt
2026-03-28,00:25:53,soil culture 2,-108.25,2026-03-28 00:25:53,20260805_soil_log.txt
2026-03-28,00:30:54,soil culture 2,-108.375,2026-03-28 00:30:54,20260805_soil_log.txt
2026-03-28,00:35:54,soil culture 2,-108.25,2026-03-28 00:35:54,20260805_soil_log.txt
2026-03-28,00:40:54,soil culture 2,-108.25,2026-03-28 00:40:54,20260805_soil_log.txt
2026-03-28,00:45:54,soil culture 2,-108.375,2026-03-28 00:45:54,20260805_soil_log.txt
2026-03-28,00:50:54,soil culture 2,-108.375,2026-03-28 00:50:54,20260805_soil_log.txt
2026-03-28,00:55:54,soil culture 2,-108.5,2026-03-28 00:55:54,20260805_soil_log.txt
2026-03-28,01:00:55,soil culture 2,-108.5,2026-03-28 01:00:55,20260805_soil_log.txt
2026-03-28,01:05:55,soil culture 2,-108.5,2026-03-28 01:05:55,20260805_soil_log.txt
2026-03-28,01:10:55,soil culture 2,-108.5,2026-03-28 01:10:55,20260805_soil_log.txt
2026-03-28,01:15:55,soil culture 2,-108.625,2026-03-28 01:15:55,20260805_soil_log.txt
2026-03-28,01:20:56,soil culture 2,-108.625,2026-03-28 01:20:56,20260805_soil_log.txt
2026-03-28,01:25:56,soil culture 2,-108.625,2026-03-28 01:25:56,20260805_soil_log.txt
2026-03-28,01:30:56,soil culture 2,-108.625,2026-03-28 01:30:56,20260805_soil_log.txt
2026-03-28,01:35:56,soil culture 2,-108.75,2026-03-28 01:35:56,20260805_soil_log.txt
2026-03-28,01:40:57,soil culture 2,-108.625,2026-03-28 01:40:57,20260805_soil_log.txt
2026-03-28,01:45:57,soil culture 2,-108.75,2026-03-28 01:45:57,20260805_soil_log.txt
2026-03-28,01:50:57,soil culture 2,-108.75,2026-03-28 01:50:57,20260805_soil_log.txt
2026-03-28,01:55:57,soil culture 2,-108.625,2026-03-28 01:55:57,20260805_soil_log.txt
2026-03-28,02:00:57,soil culture 2,-108.625,2026-03-28 02:00:57,20260805_soil_log.txt
2026-03-28,02:05:58,soil culture 2,-108.625,2026-03-28 02:05:58,20260805_soil_log.txt
2026-03-28,02:10:58,soil culture 2,-108.625,2026-03-28 02:10:58,20260805_soil_log.txt
2026-03-28,02:15:58,soil culture 2,-108.625,2026-03-28 02:15:58,20260805_soil_log.txt
2026-03-28,02:20:58,soil culture 2,-108.75,2026-03-28 02:20:58,20260805_soil_log.txt
2026-03-28,02:25:59,soil culture 2,-108.625,2026-03-28 02:25:59,20260805_soil_log.txt
2026-03-28,02:30:59,soil culture 2,-108.625,2026-03-28 02:30:59,20260805_soil_log.txt
2026-03-28,02:35:59,soil culture 2,-108.625,2026-03-28 02:35:59,20260805_soil_log.txt
2026-03-28,02:40:59,soil culture 2,-108.75,2026-03-28 02:40:59,20260805_soil_log.txt
2026-03-28,02:45:59,soil culture 2,-108.75,2026-03-28 02:45:59,20260805_soil_log.txt
2026-03-28,02:51:00,soil culture 2,-108.75,2026-03-28 02:51:00,20260805_soil_log.txt
2026-03-28,02:56:00,soil culture 2,-108.75,2026-03-28 02:56:00,20260805_soil_log.txt
2026-03-28,03:01:00,soil culture 2,-108.75,2026-03-28 03:01:00,20260805_soil_log.txt
2026-03-28,03:06:00,soil culture 2,-108.75,2026-03-28 03:06:00,20260805_soil_log.txt
2026-03-28,03:11:01,soil culture 2,-108.75,2026-03-28 03:11:01,20260805_soil_log.txt
2026-03-28,03:16:01,soil culture 2,-108.75,2026-03-28 03:16:01,20260805_soil_log.txt
2026-03-28,03:21:01,soil culture 2,-108.875,2026-03-28 03:21:01,20260805_soil_log.txt
2026-03-28,03:26:01,soil culture 2,-108.75,2026-03-28 03:26:01,20260805_soil_log.txt
2026-03-28,03:31:01,soil culture 2,-108.75,2026-03-28 03:31:01,20260805_soil_log.txt
2026-03-28,03:36:02,soil culture 2,-108.75,2026-03-28 03:36:02,20260805_soil_log.txt
2026-03-28,03:41:02,soil culture 2,-108.75,2026-03-28 03:41:02,20260805_soil_log.txt
2026-03-28,03:46:02,soil culture 2,-108.75,2026-03-28 03:46:02,20260805_soil_log.txt
2026-03-28,03:51:02,soil culture 2,-108.75,2026-03-28 03:51:02,20260805_soil_log.txt
2026-03-28,03:56:03,soil culture 2,-108.875,2026-03-28 03:56:03,20260805_soil_log.txt
2026-03-28,04:01:03,soil culture 2,-108.875,2026-03-28 04:01:03,20260805_soil_log.txt
2026-03-28,04:06:03,soil culture 2,-108.75,2026-03-28 04:06:03,20260805_soil_log.txt
2026-03-28,04:11:03,soil culture 2,-108.875,2026-03-28 04:11:03,20260805_soil_log.txt
2026-03-28,04:16:03,soil culture 2,-108.875,2026-03-28 04:16:03,20260805_soil_log.txt
2026-03-28,04:21:04,soil culture 2,-108.875,2026-03-28 04:21:04,20260805_soil_log.txt
2026-03-28,04:26:04,soil culture 2,-108.875,2026-03-28 04:26:04,20260805_soil_log.txt
2026-03-28,04:31:04,soil culture 2,-108.75,2026-03-28 04:31:04,20260805_soil_log.txt
2026-03-28,04:36:04,soil culture 2,-108.75,2026-03-28 04:36:04,20260805_soil_log.txt
2026-03-28,04:41:05,soil culture 2,-108.875,2026-03-28 04:41:05,20260805_soil_log.txt
2026-03-28,04:46:05,soil culture 2,-108.75,2026-03-28 04:46:05,20260805_soil_log.txt
2026-03-28,04:51:05,soil culture 2,-108.75,2026-03-28 04:51:05,20260805_soil_log.txt
2026-03-28,04:56:05,soil culture 2,-108.75,2026-03-28 04:56:05,20260805_soil_log.txt
2026-03-28,05:01:05,soil culture 2,-108.875,2026-03-28 05:01:05,20260805_soil_log.txt
2026-03-28,05:06:06,soil culture 2,-108.75,2026-03-28 05:06:06,20260805_soil_log.txt
2026-03-28,05:11:06,soil culture 2,-108.75,2026-03-28 05:11:06,20260805_soil_log.txt
2026-03-28,05:16:06,soil culture 2,-108.875,2026-03-28 05:16:06,20260805_soil_log.txt
2026-03-28,05:21:06,soil culture 2,-108.75,2026-03-28 05:21:06,20260805_soil_log.txt
2026-03-28,05:26:07,soil culture 2,-108.75,2026-03-28 05:26:07,20260805_soil_log.txt
2026-03-28,05:31:07,soil culture 2,-108.625,2026-03-28 05:31:07,20260805_soil_log.txt
2026-03-28,05:36:07,soil culture 2,-108.75,2026-03-28 05:36:07,20260805_soil_log.txt
2026-03-28,05:41:07,soil culture 2,-108.75,2026-03-28 05:41:07,20260805_soil_log.txt
2026-03-28,05:46:07,soil culture 2,-108.75,2026-03-28 05:46:07,20260805_soil_log.txt
2026-03-28,05:51:08,soil culture 2,-108.75,2026-03-28 05:51:08,20260805_soil_log.txt
2026-03-28,05:56:08,soil culture 2,-108.75,2026-03-28 05:56:08,20260805_soil_log.txt
2026-03-28,06:01:08,soil culture 2,-108.75,2026-03-28 06:01:08,20260805_soil_log.txt
2026-03-28,06:06:08,soil culture 2,-108.75,2026-03-28 06:06:08,20260805_soil_log.txt
2026-03-28,06:11:08,soil culture 2,-108.75,2026-03-28 06:11:08,20260805_soil_log.txt
2026-03-28,06:16:09,soil culture 2,-108.75,2026-03-28 06:16:09,20260805_soil_log.txt
2026-03-28,06:21:09,soil culture 2,-108.875,2026-03-28 06:21:09,20260805_soil_log.txt
2026-03-28,06:26:09,soil culture 2,-108.875,2026-03-28 06:26:09,20260805_soil_log.txt
2026-03-28,06:31:09,soil culture 2,-108.875,2026-03-28 06:31:09,20260805_soil_log.txt
2026-03-28,06:36:10,soil culture 2,-108.875,2026-03-28 06:36:10,20260805_soil_log.txt
2026-03-28,06:41:10,soil culture 2,-108.875,2026-03-28 06:41:10,20260805_soil_log.txt
2026-03-28,06:46:10,soil culture 2,-108.875,2026-03-28 06:46:10,20260805_soil_log.txt
2026-03-28,06:51:10,soil culture 2,-108.875,2026-03-28 06:51:10,20260805_soil_log.txt
2026-03-28,06:56:10,soil culture 2,-108.75,2026-03-28 06:56:10,20260805_soil_log.txt
2026-03-28,07:01:11,soil culture 2,-108.75,2026-03-28 07:01:11,20260805_soil_log.txt
2026-03-28,07:06:11,soil culture 2,-108.75,2026-03-28 07:06:11,20260805_soil_log.txt
2026-03-28,07:11:11,soil culture 2,-108.75,2026-03-28 07:11:11,20260805_soil_log.txt
2026-03-28,07:16:11,soil culture 2,-108.625,2026-03-28 07:16:11,20260805_soil_log.txt
2026-03-28,07:21:11,soil culture 2,-108.75,2026-03-28 07:21:11,20260805_soil_log.txt
2026-03-28,07:26:12,soil culture 2,-108.625,2026-03-28 07:26:12,20260805_soil_log.txt
2026-03-28,07:31:12,soil culture 2,-108.625,2026-03-28 07:31:12,20260805_soil_log.txt
2026-03-28,07:36:12,soil culture 2,-108.625,2026-03-28 07:36:12,20260805_soil_log.txt
2026-03-28,07:41:12,soil culture 2,-108.625,2026-03-28 07:41:12,20260805_soil_log.txt
2026-03-28,07:46:12,soil culture 2,-108.625,2026-03-28 07:46:12,20260805_soil_log.txt
2026-03-28,07:51:13,soil culture 2,-108.625,2026-03-28 07:51:13,20260805_soil_log.txt
2026-03-28,07:56:13,soil culture 2,-108.5,2026-03-28 07:56:13,20260805_soil_log.txt
2026-03-28,08:01:13,soil culture 2,-108.5,2026-03-28 08:01:13,20260805_soil_log.txt
2026-03-28,08:06:13,soil culture 2,-108.5,2026-03-28 08:06:13,20260805_soil_log.txt
2026-03-28,08:11:14,soil culture 2,-108.5,2026-03-28 08:11:14,20260805_soil_log.txt
2026-03-28,08:16:14,soil culture 2,-108.5,2026-03-28 08:16:14,20260805_soil_log.txt
2026-03-28,08:21:14,soil culture 2,-108.5,2026-03-28 08:21:14,20260805_soil_log.txt
2026-03-28,08:26:14,soil culture 2,-108.5,2026-03-28 08:26:14,20260805_soil_log.txt
2026-03-28,08:31:14,soil culture 2,-108.625,2026-03-28 08:31:14,20260805_soil_log.txt
2026-03-28,08:36:15,soil culture 2,-108.625,2026-03-28 08:36:15,20260805_soil_log.txt
2026-03-28,08:41:15,soil culture 2,-108.5,2026-03-28 08:41:15,20260805_soil_log.txt
2026-03-28,08:46:15,soil culture 2,-108.5,2026-03-28 08:46:15,20260805_soil_log.txt
2026-03-28,08:51:15,soil culture 2,-108.375,2026-03-28 08:51:15,20260805_soil_log.txt
2026-03-28,08:56:15,soil culture 2,-108.25,2026-03-28 08:56:15,20260805_soil_log.txt
2026-03-28,09:01:16,soil culture 2,-108.375,2026-03-28 09:01:16,20260805_soil_log.txt
2026-03-28,09:06:16,soil culture 2,-108.375,2026-03-28 09:06:16,20260805_soil_log.txt
2026-03-28,09:11:16,soil culture 2,-108.375,2026-03-28 09:11:16,20260805_soil_log.txt
2026-03-28,09:16:16,soil culture 2,-108.375,2026-03-28 09:16:16,20260805_soil_log.txt
2026-03-28,09:21:16,soil culture 2,-108.375,2026-03-28 09:21:16,20260805_soil_log.txt
2026-03-28,09:26:17,soil culture 2,-108.5,2026-03-28 09:26:17,20260805_soil_log.txt
2026-03-28,09:31:17,soil culture 2,-108.375,2026-03-28 09:31:17,20260805_soil_log.txt
2026-03-28,09:36:17,soil culture 2,-108.375,2026-03-28 09:36:17,20260805_soil_log.txt
2026-03-28,09:41:17,soil culture 2,-108.375,2026-03-28 09:41:17,20260805_soil_log.txt
2026-03-28,09:46:18,soil culture 2,-108.375,2026-03-28 09:46:18,20260805_soil_log.txt
2026-03-28,09:51:18,soil culture 2,-108.375,2026-03-28 09:51:18,20260805_soil_log.txt
2026-03-28,09:56:18,soil culture 2,-108.375,2026-03-28 09:56:18,20260805_soil_log.txt
2026-03-28,10:01:18,soil culture 2,-108.375,2026-03-28 10:01:18,20260805_soil_log.txt
2026-03-28,10:06:18,soil culture 2,-108.375,2026-03-28 10:06:18,20260805_soil_log.txt
2026-03-28,10:11:19,soil culture 2,-108.375,2026-03-28 10:11:19,20260805_soil_log.txt
2026-03-28,10:16:19,soil culture 2,-108.375,2026-03-28 10:16:19,20260805_soil_log.txt
2026-03-28,10:21:19,soil culture 2,-108.375,2026-03-28 10:21:19,20260805_soil_log.txt
2026-03-28,10:26:19,soil culture 2,-108.375,2026-03-28 10:26:19,20260805_soil_log.txt
2026-03-28,10:31:20,soil culture 2,-108.375,2026-03-28 10:31:20,20260805_soil_log.txt
2026-03-28,10:36:20,soil culture 2,-108.375,2026-03-28 10:36:20,20260805_soil_log.txt
2026-03-28,10:41:20,soil culture 2,-108.375,2026-03-28 10:41:20,20260805_soil_log.txt
2026-03-28,10:46:20,soil culture 2,-108.375,2026-03-28 10:46:20,20260805_soil_log.txt
2026-03-28,10:51:20,soil culture 2,-108.375,2026-03-28 10:51:20,20260805_soil_log.txt
2026-03-28,10:56:21,soil culture 2,-108.375,2026-03-28 10:56:21,20260805_soil_log.txt
2026-03-28,11:01:21,soil culture 2,-108.25,2026-03-28 11:01:21,20260805_soil_log.txt
2026-03-28,11:06:21,soil culture 2,-108.375,2026-03-28 11:06:21,20260805_soil_log.txt
2026-03-28,11:11:21,soil culture 2,-108.25,2026-03-28 11:11:21,20260805_soil_log.txt
2026-03-28,11:16:22,soil culture 2,-108.125,2026-03-28 11:16:22,20260805_soil_log.txt
2026-03-28,11:21:22,soil culture 2,-108.125,2026-03-28 11:21:22,20260805_soil_log.txt
2026-03-28,11:26:22,soil culture 2,-108.125,2026-03-28 11:26:22,20260805_soil_log.txt
2026-03-28,11:31:22,soil culture 2,-108.125,2026-03-28 11:31:22,20260805_soil_log.txt
2026-03-28,11:36:22,soil culture 2,-108.25,2026-03-28 11:36:22,20260805_soil_log.txt
2026-03-28,11:41:23,soil culture 2,-108.25,2026-03-28 11:41:23,20260805_soil_log.txt
2026-03-28,11:46:23,soil culture 2,-108.25,2026-03-28 11:46:23,20260805_soil_log.txt
2026-03-28,11:51:23,soil culture 2,-108.25,2026-03-28 11:51:23,20260805_soil_log.txt
2026-03-28,11:56:23,soil culture 2,-108.375,2026-03-28 11:56:23,20260805_soil_log.txt
2026-03-28,12:01:24,soil culture 2,-108.25,2026-03-28 12:01:24,20260805_soil_log.txt
2026-03-28,12:06:24,soil culture 2,-108.25,2026-03-28 12:06:24,20260805_soil_log.txt
2026-03-28,12:11:24,soil culture 2,-108.375,2026-03-28 12:11:24,20260805_soil_log.txt
2026-03-28,12:16:24,soil culture 2,-108.375,2026-03-28 12:16:24,20260805_soil_log.txt
2026-03-28,12:21:24,soil culture 2,-108.375,2026-03-28 12:21:24,20260805_soil_log.txt
2026-03-28,12:26:25,soil culture 2,-108.375,2026-03-28 12:26:25,20260805_soil_log.txt
2026-03-28,12:31:25,soil culture 2,-108.25,2026-03-28 12:31:25,20260805_soil_log.txt
2026-03-28,12:36:25,soil culture 2,-108.25,2026-03-28 12:36:25,20260805_soil_log.txt
2026-03-28,12:41:25,soil culture 2,-108.25,2026-03-28 12:41:25,20260805_soil_log.txt
2026-03-28,12:46:25,soil culture 2,-108.125,2026-03-28 12:46:25,20260805_soil_log.txt
2026-03-28,12:51:26,soil culture 2,-108.125,2026-03-28 12:51:26,20260805_soil_log.txt
2026-03-28,12:56:26,soil culture 2,-108.125,2026-03-28 12:56:26,20260805_soil_log.txt
2026-03-28,13:01:26,soil culture 2,-108.125,2026-03-28 13:01:26,20260805_soil_log.txt
2026-03-28,13:06:26,soil culture 2,-108.125,2026-03-28 13:06:26,20260805_soil_log.txt
2026-03-28,13:11:26,soil culture 2,-108.125,2026-03-28 13:11:26,20260805_soil_log.txt
2026-03-28,13:16:27,soil culture 2,-108.125,2026-03-28 13:16:27,20260805_soil_log.txt
2026-03-28,13:21:27,soil culture 2,-108.125,2026-03-28 13:21:27,20260805_soil_log.txt
2026-03-28,13:26:27,soil culture 2,-108.125,2026-03-28 13:26:27,20260805_soil_log.txt
2026-03-28,13:31:27,soil culture 2,-108.125,2026-03-28 13:31:27,20260805_soil_log.txt
2026-03-28,13:36:28,soil culture 2,-108.125,2026-03-28 13:36:28,20260805_soil_log.txt
2026-03-28,13:41:28,soil culture 2,-108.125,2026-03-28 13:41:28,20260805_soil_log.txt
2026-03-28,13:46:28,soil culture 2,-108.125,2026-03-28 13:46:28,20260805_soil_log.txt
2026-03-28,13:51:28,soil culture 2,-108.125,2026-03-28 13:51:28,20260805_soil_log.txt
2026-03-28,13:56:29,soil culture 2,-108.125,2026-03-28 13:56:29,20260805_soil_log.txt
2026-03-28,14:01:29,soil culture 2,-108.125,2026-03-28 14:01:29,20260805_soil_log.txt
2026-03-28,14:06:29,soil culture 2,-108.25,2026-03-28 14:06:29,20260805_soil_log.txt
2026-03-28,14:11:29,soil culture 2,-108.25,2026-03-28 14:11:29,20260805_soil_log.txt
2026-03-28,14:16:29,soil culture 2,-108.25,2026-03-28 14:16:29,20260805_soil_log.txt
2026-03-28,14:21:30,soil culture 2,-108.125,2026-03-28 14:21:30,20260805_soil_log.txt
2026-03-28,14:26:30,soil culture 2,-108.125,2026-03-28 14:26:30,20260805_soil_log.txt
2026-03-28,14:31:30,soil culture 2,-108.125,2026-03-28 14:31:30,20260805_soil_log.txt
2026-03-28,14:36:30,soil culture 2,-108.25,2026-03-28 14:36:30,20260805_soil_log.txt
2026-03-28,14:41:31,soil culture 2,-108.25,2026-03-28 14:41:31,20260805_soil_log.txt
2026-03-28,14:46:31,soil culture 2,-108.25,2026-03-28 14:46:31,20260805_soil_log.txt
2026-03-28,14:51:31,soil culture 2,-108.25,2026-03-28 14:51:31,20260805_soil_log.txt
2026-03-28,14:56:31,soil culture 2,-108.25,2026-03-28 14:56:31,20260805_soil_log.txt
2026-03-28,15:01:31,soil culture 2,-108.125,2026-03-28 15:01:31,20260805_soil_log.txt
2026-03-28,15:06:32,soil culture 2,-108.25,2026-03-28 15:06:32,20260805_soil_log.txt
2026-03-28,15:11:32,soil culture 2,-108.125,2026-03-28 15:11:32,20260805_soil_log.txt
2026-03-28,15:16:32,soil culture 2,-108.125,2026-03-28 15:16:32,20260805_soil_log.txt
2026-03-28,15:21:32,soil culture 2,-108.125,2026-03-28 15:21:32,20260805_soil_log.txt
2026-03-28,15:26:33,soil culture 2,-108.0,2026-03-28 15:26:33,20260805_soil_log.txt
2026-03-28,15:31:33,soil culture 2,-108.0,2026-03-28 15:31:33,20260805_soil_log.txt
2026-03-28,15:36:33,soil culture 2,-108.0,2026-03-28 15:36:33,20260805_soil_log.txt
2026-03-28,15:41:33,soil culture 2,-108.0,2026-03-28 15:41:33,20260805_soil_log.txt
2026-03-28,15:46:33,soil culture 2,-108.0,2026-03-28 15:46:33,20260805_soil_log.txt
2026-03-28,15:51:34,soil culture 2,-107.875,2026-03-28 15:51:34,20260805_soil_log.txt
2026-03-28,15:56:34,soil culture 2,-107.875,2026-03-28 15:56:34,20260805_soil_log.txt
2026-03-28,16:01:34,soil culture 2,-108.0,2026-03-28 16:01:34,20260805_soil_log.txt
2026-03-28,16:06:34,soil culture 2,-108.0,2026-03-28 16:06:34,20260805_soil_log.txt
2026-03-28,16:11:35,soil culture 2,-107.875,2026-03-28 16:11:35,20260805_soil_log.txt
2026-03-28,16:16:35,soil culture 2,-107.875,2026-03-28 16:16:35,20260805_soil_log.txt
2026-03-28,16:21:35,soil culture 2,-107.875,2026-03-28 16:21:35,20260805_soil_log.txt
2026-03-28,16:26:35,soil culture 2,-107.875,2026-03-28 16:26:35,20260805_soil_log.txt
2026-03-28,16:31:36,soil culture 2,-107.75,2026-03-28 16:31:36,20260805_soil_log.txt
2026-03-28,16:36:36,soil culture 2,-107.75,2026-03-28 16:36:36,20260805_soil_log.txt
2026-03-28,16:41:36,soil culture 2,-107.875,2026-03-28 16:41:36,20260805_soil_log.txt
2026-03-28,16:46:36,soil culture 2,-107.75,2026-03-28 16:46:36,20260805_soil_log.txt
2026-03-28,16:51:36,soil culture 2,-107.75,2026-03-28 16:51:36,20260805_soil_log.txt
2026-03-28,16:56:37,soil culture 2,-107.625,2026-03-28 16:56:37,20260805_soil_log.txt
2026-03-28,17:01:37,soil culture 2,-107.625,2026-03-28 17:01:37,20260805_soil_log.txt
2026-03-28,17:06:37,soil culture 2,-107.75,2026-03-28 17:06:37,20260805_soil_log.txt
2026-03-28,17:11:37,soil culture 2,-107.625,2026-03-28 17:11:37,20260805_soil_log.txt
2026-03-28,17:16:38,soil culture 2,-107.625,2026-03-28 17:16:38,20260805_soil_log.txt
2026-03-28,17:21:38,soil culture 2,-107.5,2026-03-28 17:21:38,20260805_soil_log.txt
2026-03-28,17:26:38,soil culture 2,-107.625,2026-03-28 17:26:38,20260805_soil_log.txt
2026-03-28,17:31:38,soil culture 2,-107.625,2026-03-28 17:31:38,20260805_soil_log.txt
2026-03-28,17:36:38,soil culture 2,-107.5,2026-03-28 17:36:38,20260805_soil_log.txt
2026-03-28,17:41:39,soil culture 2,-107.5,2026-03-28 17:41:39,20260805_soil_log.txt
2026-03-28,17:46:39,soil culture 2,-107.5,2026-03-28 17:46:39,20260805_soil_log.txt
2026-03-28,17:51:39,soil culture 2,-107.5,2026-03-28 17:51:39,20260805_soil_log.txt
2026-03-28,17:56:39,soil culture 2,-107.375,2026-03-28 17:56:39,20260805_soil_log.txt
2026-03-28,18:01:39,soil culture 2,-107.5,2026-03-28 18:01:39,20260805_soil_log.txt
2026-03-28,18:06:40,soil culture 2,-107.5,2026-03-28 18:06:40,20260805_soil_log.txt
2026-03-28,18:11:40,soil culture 2,-107.5,2026-03-28 18:11:40,20260805_soil_log.txt
2026-03-28,18:16:40,soil culture 2,-107.5,2026-03-28 18:16:40,20260805_soil_log.txt
2026-03-28,18:21:40,soil culture 2,-107.5,2026-03-28 18:21:40,20260805_soil_log.txt
2026-03-28,18:26:40,soil culture 2,-106.25,2026-03-28 18:26:40,20260805_soil_log.txt
2026-03-28,18:31:41,soil culture 2,-104.875,2026-03-28 18:31:41,20260805_soil_log.txt
2026-03-28,18:36:41,soil culture 2,-106.625,2026-03-28 18:36:41,20260805_soil_log.txt
2026-03-28,18:41:41,soil culture 2,-106.875,2026-03-28 18:41:41,20260805_soil_log.txt
2026-03-28,18:46:41,soil culture 2,-107.125,2026-03-28 18:46:41,20260805_soil_log.txt
2026-03-28,18:51:42,soil culture 2,-107.25,2026-03-28 18:51:42,20260805_soil_log.txt
2026-03-28,18:56:42,soil culture 2,-107.25,2026-03-28 18:56:42,20260805_soil_log.txt
2026-03-28,19:01:42,soil culture 2,-107.25,2026-03-28 19:01:42,20260805_soil_log.txt
2026-03-28,19:06:42,soil culture 2,-107.25,2026-03-28 19:06:42,20260805_soil_log.txt
2026-03-28,19:11:42,soil culture 2,-107.125,2026-03-28 19:11:42,20260805_soil_log.txt
2026-03-28,19:16:43,soil culture 2,-107.125,2026-03-28 19:16:43,20260805_soil_log.txt
2026-03-28,19:21:43,soil culture 2,-107.125,2026-03-28 19:21:43,20260805_soil_log.txt
2026-03-28,19:26:43,soil culture 2,-107.125,2026-03-28 19:26:43,20260805_soil_log.txt
2026-03-28,19:31:43,soil culture 2,-107.125,2026-03-28 19:31:43,20260805_soil_log.txt
2026-03-28,19:36:43,soil culture 2,-107.125,2026-03-28 19:36:43,20260805_soil_log.txt
2026-03-28,19:41:44,soil culture 2,-107.25,2026-03-28 19:41:44,20260805_soil_log.txt
2026-03-28,19:46:44,soil culture 2,-107.25,2026-03-28 19:46:44,20260805_soil_log.txt
2026-03-28,19:51:44,soil culture 2,-107.25,2026-03-28 19:51:44,20260805_soil_log.txt
2026-03-28,19:56:44,soil culture 2,-107.25,2026-03-28 19:56:44,20260805_soil_log.txt
2026-03-28,20:01:45,soil culture 2,-107.25,2026-03-28 20:01:45,20260805_soil_log.txt
2026-03-28,20:06:45,soil culture 2,-107.125,2026-03-28 20:06:45,20260805_soil_log.txt
2026-03-28,20:11:45,soil culture 2,-107.125,2026-03-28 20:11:45,20260805_soil_log.txt
2026-03-28,20:16:45,soil culture 2,-107.125,2026-03-28 20:16:45,20260805_soil_log.txt
2026-03-28,20:21:45,soil culture 2,-107.125,2026-03-28 20:21:45,20260805_soil_log.txt
2026-03-28,20:26:46,soil culture 2,-107.0,2026-03-28 20:26:46,20260805_soil_log.txt
2026-03-28,20:31:46,soil culture 2,-107.125,2026-03-28 20:31:46,20260805_soil_log.txt
2026-03-28,20:36:46,soil culture 2,-107.125,2026-03-28 20:36:46,20260805_soil_log.txt
2026-03-28,20:41:46,soil culture 2,-107.125,2026-03-28 20:41:46,20260805_soil_log.txt
2026-03-28,20:46:47,soil culture 2,-107.0,2026-03-28 20:46:47,20260805_soil_log.txt
2026-03-28,20:51:47,soil culture 2,-107.0,2026-03-28 20:51:47,20260805_soil_log.txt
2026-03-28,20:56:47,soil culture 2,-107.0,2026-03-28 20:56:47,20260805_soil_log.txt
2026-03-28,21:01:47,soil culture 2,-106.875,2026-03-28 21:01:47,20260805_soil_log.txt
2026-03-28,21:06:47,soil culture 2,-106.875,2026-03-28 21:06:47,20260805_soil_log.txt
2026-03-28,21:11:48,soil culture 2,-106.875,2026-03-28 21:11:48,20260805_soil_log.txt
2026-03-28,21:16:48,soil culture 2,-106.875,2026-03-28 21:16:48,20260805_soil_log.txt
2026-03-28,21:21:48,soil culture 2,-106.75,2026-03-28 21:21:48,20260805_soil_log.txt
2026-03-28,21:26:48,soil culture 2,-106.75,2026-03-28 21:26:48,20260805_soil_log.txt
2026-03-28,21:31:48,soil culture 2,-106.75,2026-03-28 21:31:48,20260805_soil_log.txt
2026-03-28,21:36:49,soil culture 2,-106.75,2026-03-28 21:36:49,20260805_soil_log.txt
2026-03-28,21:41:49,soil culture 2,-106.625,2026-03-28 21:41:49,20260805_soil_log.txt
2026-03-28,21:46:49,soil culture 2,-106.625,2026-03-28 21:46:49,20260805_soil_log.txt
2026-03-28,21:51:49,soil culture 2,-106.625,2026-03-28 21:51:49,20260805_soil_log.txt
2026-03-28,21:56:49,soil culture 2,-106.625,2026-03-28 21:56:49,20260805_soil_log.txt
2026-03-28,22:01:50,soil culture 2,-106.625,2026-03-28 22:01:50,20260805_soil_log.txt
2026-03-28,22:06:50,soil culture 2,-106.625,2026-03-28 22:06:50,20260805_soil_log.txt
2026-03-28,22:11:50,soil culture 2,-106.5,2026-03-28 22:11:50,20260805_soil_log.txt
2026-03-28,22:16:50,soil culture 2,-106.5,2026-03-28 22:16:50,20260805_soil_log.txt
2026-03-28,22:21:51,soil culture 2,-106.375,2026-03-28 22:21:51,20260805_soil_log.txt
2026-03-28,22:26:51,soil culture 2,-106.375,2026-03-28 22:26:51,20260805_soil_log.txt
2026-03-28,22:31:51,soil culture 2,-106.375,2026-03-28 22:31:51,20260805_soil_log.txt
2026-03-28,22:36:51,soil culture 2,-106.375,2026-03-28 22:36:51,20260805_soil_log.txt
2026-03-28,22:41:52,soil culture 2,-106.375,2026-03-28 22:41:52,20260805_soil_log.txt
2026-03-28,22:46:52,soil culture 2,-106.375,2026-03-28 22:46:52,20260805_soil_log.txt
2026-03-28,22:51:52,soil culture 2,-106.5,2026-03-28 22:51:52,20260805_soil_log.txt
2026-03-28,22:56:52,soil culture 2,-106.375,2026-03-28 22:56:52,20260805_soil_log.txt
2026-03-28,23:01:52,soil culture 2,-106.375,2026-03-28 23:01:52,20260805_soil_log.txt
2026-03-28,23:06:53,soil culture 2,-106.25,2026-03-28 23:06:53,20260805_soil_log.txt
2026-03-28,23:11:53,soil culture 2,-106.25,2026-03-28 23:11:53,20260805_soil_log.txt
2026-03-28,23:16:53,soil culture 2,-106.25,2026-03-28 23:16:53,20260805_soil_log.txt
2026-03-28,23:21:53,soil culture 2,-106.25,2026-03-28 23:21:53,20260805_soil_log.txt
2026-03-28,23:26:53,soil culture 2,-106.25,2026-03-28 23:26:53,20260805_soil_log.txt
2026-03-28,23:31:54,soil culture 2,-106.25,2026-03-28 23:31:54,20260805_soil_log.txt
2026-03-28,23:36:54,soil culture 2,-106.25,2026-03-28 23:36:54,20260805_soil_log.txt
2026-03-28,23:41:54,soil culture 2,-106.25,2026-03-28 23:41:54,20260805_soil_log.txt
2026-03-28,23:46:54,soil culture 2,-106.25,2026-03-28 23:46:54,20260805_soil_log.txt
2026-03-28,23:51:55,soil culture 2,-106.25,2026-03-28 23:51:55,20260805_soil_log.txt
2026-03-28,23:56:55,soil culture 2,-106.25,2026-03-28 23:56:55,20260805_soil_log.txt
2026-03-29,00:01:55,soil culture 2,-106.125,2026-03-29 00:01:55,20260805_soil_log.txt
2026-03-29,00:06:55,soil culture 2,-106.125,2026-03-29 00:06:55,20260805_soil_log.txt
2026-03-29,00:11:56,soil culture 2,-106.0,2026-03-29 00:11:56,20260805_soil_log.txt
2026-03-29,00:16:56,soil culture 2,-106.0,2026-03-29 00:16:56,20260805_soil_log.txt
2026-03-29,00:21:56,soil culture 2,-106.0,2026-03-29 00:21:56,20260805_soil_log.txt
2026-03-29,00:26:56,soil culture 2,-105.875,2026-03-29 00:26:56,20260805_soil_log.txt
2026-03-29,00:31:56,soil culture 2,-105.875,2026-03-29 00:31:56,20260805_soil_log.txt
2026-03-29,00:36:57,soil culture 2,-105.75,2026-03-29 00:36:57,20260805_soil_log.txt
2026-03-29,00:41:57,soil culture 2,-105.75,2026-03-29 00:41:57,20260805_soil_log.txt
2026-03-29,00:46:57,soil culture 2,-105.75,2026-03-29 00:46:57,20260805_soil_log.txt
2026-03-29,00:51:57,soil culture 2,-105.625,2026-03-29 00:51:57,20260805_soil_log.txt
2026-03-29,00:56:58,soil culture 2,-105.75,2026-03-29 00:56:58,20260805_soil_log.txt
2026-03-29,02:01:58,soil culture 2,-105.75,2026-03-29 02:01:58,20260805_soil_log.txt
2026-03-29,02:06:58,soil culture 2,-105.75,2026-03-29 02:06:58,20260805_soil_log.txt
2026-03-29,02:11:58,soil culture 2,-105.625,2026-03-29 02:11:58,20260805_soil_log.txt
2026-03-29,02:16:58,soil culture 2,-105.625,2026-03-29 02:16:58,20260805_soil_log.txt
2026-03-29,02:21:59,soil culture 2,-105.625,2026-03-29 02:21:59,20260805_soil_log.txt
2026-03-29,02:26:59,soil culture 2,-105.625,2026-03-29 02:26:59,20260805_soil_log.txt
2026-03-29,02:31:59,soil culture 2,-105.5,2026-03-29 02:31:59,20260805_soil_log.txt
2026-03-29,02:36:59,soil culture 2,-105.625,2026-03-29 02:36:59,20260805_soil_log.txt
2026-03-29,02:42:00,soil culture 2,-105.625,2026-03-29 02:42:00,20260805_soil_log.txt
2026-03-29,02:47:00,soil culture 2,-105.5,2026-03-29 02:47:00,20260805_soil_log.txt
2026-03-29,02:52:00,soil culture 2,-105.5,2026-03-29 02:52:00,20260805_soil_log.txt
2026-03-29,02:57:00,soil culture 2,-105.375,2026-03-29 02:57:00,20260805_soil_log.txt
2026-03-29,03:02:01,soil culture 2,-105.375,2026-03-29 03:02:01,20260805_soil_log.txt
2026-03-29,03:07:01,soil culture 2,-105.5,2026-03-29 03:07:01,20260805_soil_log.txt
2026-03-29,03:12:01,soil culture 2,-105.5,2026-03-29 03:12:01,20260805_soil_log.txt
2026-03-29,03:17:01,soil culture 2,-105.5,2026-03-29 03:17:01,20260805_soil_log.txt
2026-03-29,03:22:01,soil culture 2,-105.375,2026-03-29 03:22:01,20260805_soil_log.txt
2026-03-29,03:27:02,soil culture 2,-105.375,2026-03-29 03:27:02,20260805_soil_log.txt
2026-03-29,03:32:02,soil culture 2,-105.25,2026-03-29 03:32:02,20260805_soil_log.txt
2026-03-29,03:37:02,soil culture 2,-105.25,2026-03-29 03:37:02,20260805_soil_log.txt
2026-03-29,03:42:02,soil culture 2,-105.25,2026-03-29 03:42:02,20260805_soil_log.txt
2026-03-29,03:47:02,soil culture 2,-105.25,2026-03-29 03:47:02,20260805_soil_log.txt
2026-03-29,03:52:02,soil culture 2,-105.125,2026-03-29 03:52:02,20260805_soil_log.txt
2026-03-29,03:57:03,soil culture 2,-105.0,2026-03-29 03:57:03,20260805_soil_log.txt
2026-03-29,04:02:03,soil culture 2,-105.125,2026-03-29 04:02:03,20260805_soil_log.txt
2026-03-29,04:07:03,soil culture 2,-105.125,2026-03-29 04:07:03,20260805_soil_log.txt
2026-03-29,04:12:03,soil culture 2,-105.125,2026-03-29 04:12:03,20260805_soil_log.txt
2026-03-29,04:17:04,soil culture 2,-105.0,2026-03-29 04:17:04,20260805_soil_log.txt
2026-03-29,04:22:04,soil culture 2,-105.0,2026-03-29 04:22:04,20260805_soil_log.txt
2026-03-29,04:27:04,soil culture 2,-105.0,2026-03-29 04:27:04,20260805_soil_log.txt
2026-03-29,04:32:04,soil culture 2,-105.0,2026-03-29 04:32:04,20260805_soil_log.txt
2026-03-29,04:37:04,soil culture 2,-105.0,2026-03-29 04:37:04,20260805_soil_log.txt
2026-03-29,04:42:05,soil culture 2,-104.875,2026-03-29 04:42:05,20260805_soil_log.txt
2026-03-29,04:47:05,soil culture 2,-104.875,2026-03-29 04:47:05,20260805_soil_log.txt
2026-03-29,04:52:05,soil culture 2,-104.75,2026-03-29 04:52:05,20260805_soil_log.txt
2026-03-29,04:57:05,soil culture 2,-104.875,2026-03-29 04:57:05,20260805_soil_log.txt
2026-03-29,05:02:06,soil culture 2,-104.75,2026-03-29 05:02:06,20260805_soil_log.txt
2026-03-29,05:07:06,soil culture 2,-104.75,2026-03-29 05:07:06,20260805_soil_log.txt
2026-03-29,05:12:06,soil culture 2,-104.625,2026-03-29 05:12:06,20260805_soil_log.txt
2026-03-29,05:17:06,soil culture 2,-104.625,2026-03-29 05:17:06,20260805_soil_log.txt
2026-03-29,05:22:07,soil culture 2,-104.5,2026-03-29 05:22:07,20260805_soil_log.txt
2026-03-29,05:27:07,soil culture 2,-104.625,2026-03-29 05:27:07,20260805_soil_log.txt
2026-03-29,05:32:07,soil culture 2,-104.5,2026-03-29 05:32:07,20260805_soil_log.txt
2026-03-29,05:37:07,soil culture 2,-104.5,2026-03-29 05:37:07,20260805_soil_log.txt
2026-03-29,05:42:07,soil culture 2,-104.5,2026-03-29 05:42:07,20260805_soil_log.txt
2026-03-29,05:47:08,soil culture 2,-104.5,2026-03-29 05:47:08,20260805_soil_log.txt
2026-03-29,05:52:08,soil culture 2,-104.5,2026-03-29 05:52:08,20260805_soil_log.txt
2026-03-29,05:57:08,soil culture 2,-104.5,2026-03-29 05:57:08,20260805_soil_log.txt
2026-03-29,06:02:08,soil culture 2,-104.5,2026-03-29 06:02:08,20260805_soil_log.txt
2026-03-29,06:07:09,soil culture 2,-104.375,2026-03-29 06:07:09,20260805_soil_log.txt
2026-03-29,06:12:09,soil culture 2,-104.375,2026-03-29 06:12:09,20260805_soil_log.txt
2026-03-29,06:17:09,soil culture 2,-104.375,2026-03-29 06:17:09,20260805_soil_log.txt
2026-03-29,06:22:09,soil culture 2,-104.375,2026-03-29 06:22:09,20260805_soil_log.txt
2026-03-29,06:27:10,soil culture 2,-104.375,2026-03-29 06:27:10,20260805_soil_log.txt
2026-03-29,06:32:10,soil culture 2,-104.375,2026-03-29 06:32:10,20260805_soil_log.txt
2026-03-29,06:37:10,soil culture 2,-104.25,2026-03-29 06:37:10,20260805_soil_log.txt
2026-03-29,06:42:10,soil culture 2,-104.375,2026-03-29 06:42:10,20260805_soil_log.txt
2026-03-29,06:47:10,soil culture 2,-104.25,2026-03-29 06:47:10,20260805_soil_log.txt
2026-03-29,06:52:11,soil culture 2,-104.25,2026-03-29 06:52:11,20260805_soil_log.txt
2026-03-29,06:57:11,soil culture 2,-104.25,2026-03-29 06:57:11,20260805_soil_log.txt
2026-03-29,07:02:11,soil culture 2,-104.375,2026-03-29 07:02:11,20260805_soil_log.txt
2026-03-29,07:07:11,soil culture 2,-104.25,2026-03-29 07:07:11,20260805_soil_log.txt
2026-03-29,07:12:12,soil culture 2,-104.25,2026-03-29 07:12:12,20260805_soil_log.txt
2026-03-29,07:17:12,soil culture 2,-104.25,2026-03-29 07:17:12,20260805_soil_log.txt
2026-03-29,07:22:12,soil culture 2,-104.25,2026-03-29 07:22:12,20260805_soil_log.txt
2026-03-29,07:27:12,soil culture 2,-104.125,2026-03-29 07:27:12,20260805_soil_log.txt
2026-03-29,07:32:13,soil culture 2,-104.00000000000001,2026-03-29 07:32:13,20260805_soil_log.txt
2026-03-29,07:37:13,soil culture 2,-104.125,2026-03-29 07:37:13,20260805_soil_log.txt
2026-03-29,07:42:13,soil culture 2,-104.00000000000001,2026-03-29 07:42:13,20260805_soil_log.txt
2026-03-29,07:47:13,soil culture 2,-104.00000000000001,2026-03-29 07:47:13,20260805_soil_log.txt
2026-03-29,07:52:13,soil culture 2,-104.00000000000001,2026-03-29 07:52:13,20260805_soil_log.txt
2026-03-29,07:57:14,soil culture 2,-103.87500000000001,2026-03-29 07:57:14,20260805_soil_log.txt
2026-03-29,08:02:14,soil culture 2,-103.87500000000001,2026-03-29 08:02:14,20260805_soil_log.txt
2026-03-29,08:07:14,soil culture 2,-103.87500000000001,2026-03-29 08:07:14,20260805_soil_log.txt
2026-03-29,08:12:14,soil culture 2,-103.87500000000001,2026-03-29 08:12:14,20260805_soil_log.txt
2026-03-29,08:17:15,soil culture 2,-104.00000000000001,2026-03-29 08:17:15,20260805_soil_log.txt
2026-03-29,08:22:15,soil culture 2,-103.87500000000001,2026-03-29 08:22:15,20260805_soil_log.txt
2026-03-29,08:27:15,soil culture 2,-103.87500000000001,2026-03-29 08:27:15,20260805_soil_log.txt
2026-03-29,08:32:15,soil culture 2,-103.87500000000001,2026-03-29 08:32:15,20260805_soil_log.txt
2026-03-29,08:37:16,soil culture 2,-103.87500000000001,2026-03-29 08:37:16,20260805_soil_log.txt
2026-03-29,08:42:16,soil culture 2,-103.87500000000001,2026-03-29 08:42:16,20260805_soil_log.txt
2026-03-29,08:47:16,soil culture 2,-103.87500000000001,2026-03-29 08:47:16,20260805_soil_log.txt
2026-03-29,08:52:16,soil culture 2,-103.87500000000001,2026-03-29 08:52:16,20260805_soil_log.txt
2026-03-29,08:57:16,soil culture 2,-104.00000000000001,2026-03-29 08:57:16,20260805_soil_log.txt
2026-03-29,09:02:17,soil culture 2,-103.87500000000001,2026-03-29 09:02:17,20260805_soil_log.txt
2026-03-29,09:07:17,soil culture 2,-103.87500000000001,2026-03-29 09:07:17,20260805_soil_log.txt
2026-03-29,09:12:17,soil culture 2,-103.87500000000001,2026-03-29 09:12:17,20260805_soil_log.txt
2026-03-29,09:17:17,soil culture 2,-103.87500000000001,2026-03-29 09:17:17,20260805_soil_log.txt
2026-03-29,09:22:17,soil culture 2,-103.75000000000001,2026-03-29 09:22:17,20260805_soil_log.txt
2026-03-29,09:27:18,soil culture 2,-103.75000000000001,2026-03-29 09:27:18,20260805_soil_log.txt
2026-03-29,09:32:18,soil culture 2,-103.87500000000001,2026-03-29 09:32:18,20260805_soil_log.txt
2026-03-29,09:37:18,soil culture 2,-103.75000000000001,2026-03-29 09:37:18,20260805_soil_log.txt
2026-03-29,09:42:18,soil culture 2,-103.62500000000001,2026-03-29 09:42:18,20260805_soil_log.txt
2026-03-29,09:47:19,soil culture 2,-103.62500000000001,2026-03-29 09:47:19,20260805_soil_log.txt
2026-03-29,09:52:19,soil culture 2,-103.62500000000001,2026-03-29 09:52:19,20260805_soil_log.txt
2026-03-29,09:57:19,soil culture 2,-103.62500000000001,2026-03-29 09:57:19,20260805_soil_log.txt
2026-03-29,10:02:19,soil culture 2,-103.75000000000001,2026-03-29 10:02:19,20260805_soil_log.txt
2026-03-29,10:07:19,soil culture 2,-103.62500000000001,2026-03-29 10:07:19,20260805_soil_log.txt
2026-03-29,10:12:20,soil culture 2,-103.62500000000001,2026-03-29 10:12:20,20260805_soil_log.txt
2026-03-29,10:17:20,soil culture 2,-103.75000000000001,2026-03-29 10:17:20,20260805_soil_log.txt
2026-03-29,10:22:20,soil culture 2,-103.62500000000001,2026-03-29 10:22:20,20260805_soil_log.txt
2026-03-29,10:27:20,soil culture 2,-103.62500000000001,2026-03-29 10:27:20,20260805_soil_log.txt
2026-03-29,10:32:20,soil culture 2,-103.62500000000001,2026-03-29 10:32:20,20260805_soil_log.txt
2026-03-29,10:37:21,soil culture 2,-103.50000000000001,2026-03-29 10:37:21,20260805_soil_log.txt
2026-03-29,10:42:21,soil culture 2,-103.50000000000001,2026-03-29 10:42:21,20260805_soil_log.txt
2026-03-29,10:47:21,soil culture 2,-103.50000000000001,2026-03-29 10:47:21,20260805_soil_log.txt
2026-03-29,10:52:21,soil culture 2,-103.50000000000001,2026-03-29 10:52:21,20260805_soil_log.txt
2026-03-29,10:57:22,soil culture 2,-103.50000000000001,2026-03-29 10:57:22,20260805_soil_log.txt
2026-03-29,11:02:22,soil culture 2,-103.50000000000001,2026-03-29 11:02:22,20260805_soil_log.txt
2026-03-29,11:07:22,soil culture 2,-103.50000000000001,2026-03-29 11:07:22,20260805_soil_log.txt
2026-03-29,11:12:22,soil culture 2,-103.50000000000001,2026-03-29 11:12:22,20260805_soil_log.txt
2026-03-29,11:17:22,soil culture 2,-103.50000000000001,2026-03-29 11:17:22,20260805_soil_log.txt
2026-03-29,11:22:23,soil culture 2,-103.37500000000001,2026-03-29 11:22:23,20260805_soil_log.txt
2026-03-29,11:27:23,soil culture 2,-103.37500000000001,2026-03-29 11:27:23,20260805_soil_log.txt
2026-03-29,11:32:23,soil culture 2,-103.50000000000001,2026-03-29 11:32:23,20260805_soil_log.txt
2026-03-29,11:37:23,soil culture 2,-103.50000000000001,2026-03-29 11:37:23,20260805_soil_log.txt
2026-03-29,11:42:23,soil culture 2,-103.50000000000001,2026-03-29 11:42:23,20260805_soil_log.txt
2026-03-29,11:47:24,soil culture 2,-103.50000000000001,2026-03-29 11:47:24,20260805_soil_log.txt
2026-03-29,11:52:24,soil culture 2,-103.37500000000001,2026-03-29 11:52:24,20260805_soil_log.txt
2026-03-29,11:57:24,soil culture 2,-103.37500000000001,2026-03-29 11:57:24,20260805_soil_log.txt
2026-03-29,12:02:24,soil culture 2,-103.37500000000001,2026-03-29 12:02:24,20260805_soil_log.txt
2026-03-29,12:07:25,soil culture 2,-103.25000000000001,2026-03-29 12:07:25,20260805_soil_log.txt
2026-03-29,12:12:25,soil culture 2,-103.25000000000001,2026-03-29 12:12:25,20260805_soil_log.txt
2026-03-29,12:17:25,soil culture 2,-103.25000000000001,2026-03-29 12:17:25,20260805_soil_log.txt
2026-03-29,12:22:25,soil culture 2,-103.25000000000001,2026-03-29 12:22:25,20260805_soil_log.txt
2026-03-29,12:27:25,soil culture 2,-103.12500000000001,2026-03-29 12:27:25,20260805_soil_log.txt
2026-03-29,12:32:26,soil culture 2,-103.12500000000001,2026-03-29 12:32:26,20260805_soil_log.txt
2026-03-29,12:37:26,soil culture 2,-103.12500000000001,2026-03-29 12:37:26,20260805_soil_log.txt
2026-03-29,12:42:26,soil culture 2,-103.12500000000001,2026-03-29 12:42:26,20260805_soil_log.txt
2026-03-29,12:47:26,soil culture 2,-103.00000000000001,2026-03-29 12:47:26,20260805_soil_log.txt
2026-03-29,12:52:27,soil culture 2,-103.00000000000001,2026-03-29 12:52:27,20260805_soil_log.txt
2026-03-29,12:57:27,soil culture 2,-102.87500000000001,2026-03-29 12:57:27,20260805_soil_log.txt
2026-03-29,13:02:27,soil culture 2,-102.87500000000001,2026-03-29 13:02:27,20260805_soil_log.txt
2026-03-29,13:07:27,soil culture 2,-102.87500000000001,2026-03-29 13:07:27,20260805_soil_log.txt
2026-03-29,13:12:27,soil culture 2,-103.00000000000001,2026-03-29 13:12:27,20260805_soil_log.txt
2026-03-29,13:17:28,soil culture 2,-103.00000000000001,2026-03-29 13:17:28,20260805_soil_log.txt
2026-03-29,13:22:28,soil culture 2,-102.87500000000001,2026-03-29 13:22:28,20260805_soil_log.txt
2026-03-29,13:27:28,soil culture 2,-102.87500000000001,2026-03-29 13:27:28,20260805_soil_log.txt
2026-03-29,13:32:28,soil culture 2,-102.75000000000001,2026-03-29 13:32:28,20260805_soil_log.txt
2026-03-29,13:37:29,soil culture 2,-102.75000000000001,2026-03-29 13:37:29,20260805_soil_log.txt
2026-03-29,13:42:29,soil culture 2,-102.75000000000001,2026-03-29 13:42:29,20260805_soil_log.txt
2026-03-29,13:47:29,soil culture 2,-102.75000000000001,2026-03-29 13:47:29,20260805_soil_log.txt
2026-03-29,13:52:29,soil culture 2,-102.75000000000001,2026-03-29 13:52:29,20260805_soil_log.txt
2026-03-29,13:57:30,soil culture 2,-102.75000000000001,2026-03-29 13:57:30,20260805_soil_log.txt
2026-03-29,14:02:30,soil culture 2,-102.75000000000001,2026-03-29 14:02:30,20260805_soil_log.txt
2026-03-29,14:07:30,soil culture 2,-102.75000000000001,2026-03-29 14:07:30,20260805_soil_log.txt
2026-03-29,14:12:30,soil culture 2,-102.75000000000001,2026-03-29 14:12:30,20260805_soil_log.txt
2026-03-29,14:17:30,soil culture 2,-102.75000000000001,2026-03-29 14:17:30,20260805_soil_log.txt
2026-03-29,14:22:31,soil culture 2,-102.75000000000001,2026-03-29 14:22:31,20260805_soil_log.txt
2026-03-29,14:27:31,soil culture 2,-102.62500000000001,2026-03-29 14:27:31,20260805_soil_log.txt
2026-03-29,14:32:31,soil culture 2,-102.62500000000001,2026-03-29 14:32:31,20260805_soil_log.txt
2026-03-29,14:37:31,soil culture 2,-102.62500000000001,2026-03-29 14:37:31,20260805_soil_log.txt
2026-03-29,14:42:32,soil culture 2,-102.62500000000001,2026-03-29 14:42:32,20260805_soil_log.txt
2026-03-29,14:47:32,soil culture 2,-102.50000000000001,2026-03-29 14:47:32,20260805_soil_log.txt
2026-03-29,14:52:32,soil culture 2,-102.50000000000001,2026-03-29 14:52:32,20260805_soil_log.txt
2026-03-29,14:57:32,soil culture 2,-102.50000000000001,2026-03-29 14:57:32,20260805_soil_log.txt
2026-03-29,15:02:33,soil culture 2,-102.50000000000001,2026-03-29 15:02:33,20260805_soil_log.txt
2026-03-29,15:07:33,soil culture 2,-102.37500000000001,2026-03-29 15:07:33,20260805_soil_log.txt
2026-03-29,15:12:33,soil culture 2,-102.37500000000001,2026-03-29 15:12:33,20260805_soil_log.txt
2026-03-29,15:17:33,soil culture 2,-102.37500000000001,2026-03-29 15:17:33,20260805_soil_log.txt
2026-03-29,15:22:33,soil culture 2,-102.37500000000001,2026-03-29 15:22:33,20260805_soil_log.txt
2026-03-29,15:27:34,soil culture 2,-102.37500000000001,2026-03-29 15:27:34,20260805_soil_log.txt
2026-03-29,15:32:34,soil culture 2,-102.37500000000001,2026-03-29 15:32:34,20260805_soil_log.txt
2026-03-29,15:37:34,soil culture 2,-102.25000000000001,2026-03-29 15:37:34,20260805_soil_log.txt
2026-03-29,15:42:34,soil culture 2,-102.25000000000001,2026-03-29 15:42:34,20260805_soil_log.txt
2026-03-29,15:47:35,soil culture 2,-102.25000000000001,2026-03-29 15:47:35,20260805_soil_log.txt
2026-03-29,15:52:35,soil culture 2,-102.12500000000001,2026-03-29 15:52:35,20260805_soil_log.txt
2026-03-29,15:57:35,soil culture 2,-102.12500000000001,2026-03-29 15:57:35,20260805_soil_log.txt
2026-03-29,16:02:35,soil culture 2,-102.12500000000001,2026-03-29 16:02:35,20260805_soil_log.txt
2026-03-29,16:07:35,soil culture 2,-102.25000000000001,2026-03-29 16:07:35,20260805_soil_log.txt
2026-03-29,16:12:36,soil culture 2,-102.25000000000001,2026-03-29 16:12:36,20260805_soil_log.txt
2026-03-29,16:17:36,soil culture 2,-102.12500000000001,2026-03-29 16:17:36,20260805_soil_log.txt
2026-03-29,16:22:36,soil culture 2,-102.12500000000001,2026-03-29 16:22:36,20260805_soil_log.txt
2026-03-29,16:27:36,soil culture 2,-102.12500000000001,2026-03-29 16:27:36,20260805_soil_log.txt
2026-03-29,16:32:37,soil culture 2,-102.12500000000001,2026-03-29 16:32:37,20260805_soil_log.txt
2026-03-29,16:37:37,soil culture 2,-102.12500000000001,2026-03-29 16:37:37,20260805_soil_log.txt
2026-03-29,16:42:37,soil culture 2,-102.12500000000001,2026-03-29 16:42:37,20260805_soil_log.txt
2026-03-29,16:47:37,soil culture 2,-102.12500000000001,2026-03-29 16:47:37,20260805_soil_log.txt
2026-03-29,16:52:37,soil culture 2,-102.12500000000001,2026-03-29 16:52:37,20260805_soil_log.txt
2026-03-29,16:57:38,soil culture 2,-102.12500000000001,2026-03-29 16:57:38,20260805_soil_log.txt
2026-03-29,17:02:38,soil culture 2,-102.00000000000001,2026-03-29 17:02:38,20260805_soil_log.txt
2026-03-29,17:07:38,soil culture 2,-102.00000000000001,2026-03-29 17:07:38,20260805_soil_log.txt
2026-03-29,17:12:38,soil culture 2,-102.00000000000001,2026-03-29 17:12:38,20260805_soil_log.txt
2026-03-29,17:17:38,soil culture 2,-102.00000000000001,2026-03-29 17:17:38,20260805_soil_log.txt
2026-03-29,17:22:39,soil culture 2,-102.00000000000001,2026-03-29 17:22:39,20260805_soil_log.txt
2026-03-29,17:27:39,soil culture 2,-102.00000000000001,2026-03-29 17:27:39,20260805_soil_log.txt
2026-03-29,17:32:39,soil culture 2,-101.87500000000001,2026-03-29 17:32:39,20260805_soil_log.txt
2026-03-29,17:37:39,soil culture 2,-101.87500000000001,2026-03-29 17:37:39,20260805_soil_log.txt
2026-03-29,17:42:40,soil culture 2,-101.87500000000001,2026-03-29 17:42:40,20260805_soil_log.txt
2026-03-29,17:47:40,soil culture 2,-101.87500000000001,2026-03-29 17:47:40,20260805_soil_log.txt
2026-03-29,17:52:40,soil culture 2,-101.87500000000001,2026-03-29 17:52:40,20260805_soil_log.txt
2026-03-29,17:57:40,soil culture 2,-101.87500000000001,2026-03-29 17:57:40,20260805_soil_log.txt
2026-03-29,18:02:40,soil culture 2,-101.87500000000001,2026-03-29 18:02:40,20260805_soil_log.txt
2026-03-29,18:07:41,soil culture 2,-101.87500000000001,2026-03-29 18:07:41,20260805_soil_log.txt
2026-03-29,18:12:41,soil culture 2,-101.87500000000001,2026-03-29 18:12:41,20260805_soil_log.txt
2026-03-29,18:17:41,soil culture 2,-101.75,2026-03-29 18:17:41,20260805_soil_log.txt
2026-03-29,18:22:41,soil culture 2,-101.75,2026-03-29 18:22:41,20260805_soil_log.txt
2026-03-29,18:27:42,soil culture 2,-101.75,2026-03-29 18:27:42,20260805_soil_log.txt
2026-03-29,18:32:42,soil culture 2,-101.75,2026-03-29 18:32:42,20260805_soil_log.txt
2026-03-29,18:37:42,soil culture 2,-101.75,2026-03-29 18:37:42,20260805_soil_log.txt
2026-03-29,18:42:42,soil culture 2,-101.75,2026-03-29 18:42:42,20260805_soil_log.txt
2026-03-29,18:47:43,soil culture 2,-101.625,2026-03-29 18:47:43,20260805_soil_log.txt
2026-03-29,18:52:43,soil culture 2,-101.75,2026-03-29 18:52:43,20260805_soil_log.txt
2026-03-29,18:57:43,soil culture 2,-101.625,2026-03-29 18:57:43,20260805_soil_log.txt
2026-03-29,19:02:43,soil culture 2,-101.625,2026-03-29 19:02:43,20260805_soil_log.txt
2026-03-29,19:07:43,soil culture 2,-101.625,2026-03-29 19:07:43,20260805_soil_log.txt
2026-03-29,19:12:44,soil culture 2,-101.625,2026-03-29 19:12:44,20260805_soil_log.txt
2026-03-29,19:17:44,soil culture 2,-101.625,2026-03-29 19:17:44,20260805_soil_log.txt
2026-03-29,19:22:44,soil culture 2,-101.5,2026-03-29 19:22:44,20260805_soil_log.txt
2026-03-29,19:27:44,soil culture 2,-101.625,2026-03-29 19:27:44,20260805_soil_log.txt
2026-03-29,19:32:44,soil culture 2,-101.5,2026-03-29 19:32:44,20260805_soil_log.txt
2026-03-29,19:37:45,soil culture 2,-101.5,2026-03-29 19:37:45,20260805_soil_log.txt
2026-03-29,19:42:45,soil culture 2,-101.375,2026-03-29 19:42:45,20260805_soil_log.txt
2026-03-29,19:47:45,soil culture 2,-101.25,2026-03-29 19:47:45,20260805_soil_log.txt
2026-03-29,19:52:45,soil culture 2,-101.375,2026-03-29 19:52:45,20260805_soil_log.txt
2026-03-29,19:57:45,soil culture 2,-101.375,2026-03-29 19:57:45,20260805_soil_log.txt
2026-03-29,20:02:46,soil culture 2,-101.375,2026-03-29 20:02:46,20260805_soil_log.txt
2026-03-29,20:07:46,soil culture 2,-101.25,2026-03-29 20:07:46,20260805_soil_log.txt
2026-03-29,20:12:46,soil culture 2,-101.25,2026-03-29 20:12:46,20260805_soil_log.txt
2026-03-29,20:17:46,soil culture 2,-101.375,2026-03-29 20:17:46,20260805_soil_log.txt
2026-03-29,20:22:47,soil culture 2,-101.25,2026-03-29 20:22:47,20260805_soil_log.txt
2026-03-29,20:27:47,soil culture 2,-101.25,2026-03-29 20:27:47,20260805_soil_log.txt
2026-03-29,20:32:47,soil culture 2,-101.25,2026-03-29 20:32:47,20260805_soil_log.txt
2026-03-29,20:37:47,soil culture 2,-101.125,2026-03-29 20:37:47,20260805_soil_log.txt
2026-03-29,20:42:47,soil culture 2,-101.125,2026-03-29 20:42:47,20260805_soil_log.txt
2026-03-29,20:47:48,soil culture 2,-101.0,2026-03-29 20:47:48,20260805_soil_log.txt
2026-03-29,20:52:48,soil culture 2,-101.0,2026-03-29 20:52:48,20260805_soil_log.txt
2026-03-29,20:57:48,soil culture 2,-101.0,2026-03-29 20:57:48,20260805_soil_log.txt
2026-03-29,21:02:48,soil culture 2,-101.0,2026-03-29 21:02:48,20260805_soil_log.txt
2026-03-29,21:07:48,soil culture 2,-100.875,2026-03-29 21:07:48,20260805_soil_log.txt
2026-03-29,21:12:49,soil culture 2,-100.875,2026-03-29 21:12:49,20260805_soil_log.txt
2026-03-29,21:17:49,soil culture 2,-101.0,2026-03-29 21:17:49,20260805_soil_log.txt
2026-03-29,21:22:49,soil culture 2,-100.875,2026-03-29 21:22:49,20260805_soil_log.txt
2026-03-29,21:27:49,soil culture 2,-100.75,2026-03-29 21:27:49,20260805_soil_log.txt
2026-03-29,21:32:50,soil culture 2,-100.75,2026-03-29 21:32:50,20260805_soil_log.txt
2026-03-29,21:37:50,soil culture 2,-100.75,2026-03-29 21:37:50,20260805_soil_log.txt
2026-03-29,21:42:50,soil culture 2,-100.75,2026-03-29 21:42:50,20260805_soil_log.txt
2026-03-29,21:47:50,soil culture 2,-100.75,2026-03-29 21:47:50,20260805_soil_log.txt
2026-03-29,21:52:51,soil culture 2,-100.625,2026-03-29 21:52:51,20260805_soil_log.txt
2026-03-29,21:57:51,soil culture 2,-100.625,2026-03-29 21:57:51,20260805_soil_log.txt
2026-03-29,22:02:51,soil culture 2,-100.5,2026-03-29 22:02:51,20260805_soil_log.txt
2026-03-29,22:07:51,soil culture 2,-100.625,2026-03-29 22:07:51,20260805_soil_log.txt
2026-03-29,22:12:51,soil culture 2,-100.625,2026-03-29 22:12:51,20260805_soil_log.txt
2026-03-29,22:17:52,soil culture 2,-100.5,2026-03-29 22:17:52,20260805_soil_log.txt
2026-03-29,22:22:52,soil culture 2,-100.5,2026-03-29 22:22:52,20260805_soil_log.txt
2026-03-29,22:27:52,soil culture 2,-100.5,2026-03-29 22:27:52,20260805_soil_log.txt
2026-03-29,22:32:52,soil culture 2,-100.375,2026-03-29 22:32:52,20260805_soil_log.txt
2026-03-29,22:37:53,soil culture 2,-100.5,2026-03-29 22:37:53,20260805_soil_log.txt
2026-03-29,22:42:53,soil culture 2,-100.375,2026-03-29 22:42:53,20260805_soil_log.txt
2026-03-29,22:47:53,soil culture 2,-100.375,2026-03-29 22:47:53,20260805_soil_log.txt
2026-03-29,22:52:53,soil culture 2,-100.375,2026-03-29 22:52:53,20260805_soil_log.txt
2026-03-29,22:57:53,soil culture 2,-100.25,2026-03-29 22:57:53,20260805_soil_log.txt
2026-03-29,23:02:54,soil culture 2,-100.25,2026-03-29 23:02:54,20260805_soil_log.txt
2026-03-29,23:07:54,soil culture 2,-100.25,2026-03-29 23:07:54,20260805_soil_log.txt
2026-03-29,23:12:54,soil culture 2,-100.25,2026-03-29 23:12:54,20260805_soil_log.txt
2026-03-29,23:17:54,soil culture 2,-100.25,2026-03-29 23:17:54,20260805_soil_log.txt
2026-03-29,23:22:55,soil culture 2,-100.25,2026-03-29 23:22:55,20260805_soil_log.txt
2026-03-29,23:27:55,soil culture 2,-100.125,2026-03-29 23:27:55,20260805_soil_log.txt
2026-03-29,23:32:55,soil culture 2,-100.25,2026-03-29 23:32:55,20260805_soil_log.txt
2026-03-29,23:37:55,soil culture 2,-100.25,2026-03-29 23:37:55,20260805_soil_log.txt
2026-03-29,23:42:56,soil culture 2,-100.125,2026-03-29 23:42:56,20260805_soil_log.txt
2026-03-29,23:47:56,soil culture 2,-100.125,2026-03-29 23:47:56,20260805_soil_log.txt
2026-03-29,23:52:56,soil culture 2,-100.125,2026-03-29 23:52:56,20260805_soil_log.txt
2026-03-29,23:57:56,soil culture 2,-100.125,2026-03-29 23:57:56,20260805_soil_log.txt
2026-03-30,00:02:56,soil culture 2,-100.0,2026-03-30 00:02:56,20260805_soil_log.txt
2026-03-30,00:07:57,soil culture 2,-100.0,2026-03-30 00:07:57,20260805_soil_log.txt
2026-03-30,00:12:57,soil culture 2,-100.0,2026-03-30 00:12:57,20260805_soil_log.txt
2026-03-30,00:17:57,soil culture 2,-100.0,2026-03-30 00:17:57,20260805_soil_log.txt
2026-03-30,00:22:57,soil culture 2,-99.875,2026-03-30 00:22:57,20260805_soil_log.txt
2026-03-30,00:27:58,soil culture 2,-99.875,2026-03-30 00:27:58,20260805_soil_log.txt
2026-03-30,00:32:58,soil culture 2,-99.875,2026-03-30 00:32:58,20260805_soil_log.txt
2026-03-30,00:37:58,soil culture 2,-99.875,2026-03-30 00:37:58,20260805_soil_log.txt
2026-03-30,00:42:58,soil culture 2,-99.75,2026-03-30 00:42:58,20260805_soil_log.txt
2026-03-30,00:47:58,soil culture 2,-99.75,2026-03-30 00:47:58,20260805_soil_log.txt
2026-03-30,00:52:59,soil culture 2,-99.625,2026-03-30 00:52:59,20260805_soil_log.txt
2026-03-30,00:57:59,soil culture 2,-99.75,2026-03-30 00:57:59,20260805_soil_log.txt
2026-03-30,01:02:59,soil culture 2,-99.625,2026-03-30 01:02:59,20260805_soil_log.txt
2026-03-30,01:07:59,soil culture 2,-99.625,2026-03-30 01:07:59,20260805_soil_log.txt
2026-03-30,01:12:59,soil culture 2,-99.625,2026-03-30 01:12:59,20260805_soil_log.txt
2026-03-30,01:18:00,soil culture 2,-99.5,2026-03-30 01:18:00,20260805_soil_log.txt
2026-03-30,01:23:00,soil culture 2,-99.5,2026-03-30 01:23:00,20260805_soil_log.txt
2026-03-30,01:28:00,soil culture 2,-99.5,2026-03-30 01:28:00,20260805_soil_log.txt
2026-03-30,01:33:00,soil culture 2,-99.5,2026-03-30 01:33:00,20260805_soil_log.txt
2026-03-30,01:38:00,soil culture 2,-99.375,2026-03-30 01:38:00,20260805_soil_log.txt
2026-03-30,01:43:01,soil culture 2,-99.375,2026-03-30 01:43:01,20260805_soil_log.txt
2026-03-30,01:48:01,soil culture 2,-99.375,2026-03-30 01:48:01,20260805_soil_log.txt
2026-03-30,01:53:01,soil culture 2,-99.25,2026-03-30 01:53:01,20260805_soil_log.txt
2026-03-30,01:58:01,soil culture 2,-99.375,2026-03-30 01:58:01,20260805_soil_log.txt
2026-03-30,02:03:02,soil culture 2,-99.25,2026-03-30 02:03:02,20260805_soil_log.txt
2026-03-30,02:08:02,soil culture 2,-99.25,2026-03-30 02:08:02,20260805_soil_log.txt
2026-03-30,02:13:02,soil culture 2,-99.25,2026-03-30 02:13:02,20260805_soil_log.txt
2026-03-30,02:18:02,soil culture 2,-99.25,2026-03-30 02:18:02,20260805_soil_log.txt
2026-03-30,02:23:02,soil culture 2,-99.25,2026-03-30 02:23:02,20260805_soil_log.txt
2026-03-30,02:28:03,soil culture 2,-99.125,2026-03-30 02:28:03,20260805_soil_log.txt
2026-03-30,02:33:03,soil culture 2,-99.125,2026-03-30 02:33:03,20260805_soil_log.txt
2026-03-30,02:38:03,soil culture 2,-99.125,2026-03-30 02:38:03,20260805_soil_log.txt
2026-03-30,02:43:03,soil culture 2,-99.125,2026-03-30 02:43:03,20260805_soil_log.txt
2026-03-30,02:48:03,soil culture 2,-99.0,2026-03-30 02:48:03,20260805_soil_log.txt
2026-03-30,02:53:04,soil culture 2,-99.0,2026-03-30 02:53:04,20260805_soil_log.txt
2026-03-30,02:58:04,soil culture 2,-99.0,2026-03-30 02:58:04,20260805_soil_log.txt
2026-03-30,03:03:04,soil culture 2,-99.0,2026-03-30 03:03:04,20260805_soil_log.txt
2026-03-30,03:08:04,soil culture 2,-99.0,2026-03-30 03:08:04,20260805_soil_log.txt
2026-03-30,03:13:04,soil culture 2,-98.875,2026-03-30 03:13:04,20260805_soil_log.txt
2026-03-30,03:18:05,soil culture 2,-98.75,2026-03-30 03:18:05,20260805_soil_log.txt
2026-03-30,03:23:05,soil culture 2,-98.875,2026-03-30 03:23:05,20260805_soil_log.txt
2026-03-30,03:28:05,soil culture 2,-98.75,2026-03-30 03:28:05,20260805_soil_log.txt
2026-03-30,03:33:05,soil culture 2,-98.75,2026-03-30 03:33:05,20260805_soil_log.txt
2026-03-30,03:38:06,soil culture 2,-98.75,2026-03-30 03:38:06,20260805_soil_log.txt
2026-03-30,03:43:06,soil culture 2,-98.75,2026-03-30 03:43:06,20260805_soil_log.txt
2026-03-30,03:48:06,soil culture 2,-98.625,2026-03-30 03:48:06,20260805_soil_log.txt
2026-03-30,03:53:06,soil culture 2,-98.625,2026-03-30 03:53:06,20260805_soil_log.txt
2026-03-30,03:58:06,soil culture 2,-98.625,2026-03-30 03:58:06,20260805_soil_log.txt
2026-03-30,04:03:07,soil culture 2,-98.5,2026-03-30 04:03:07,20260805_soil_log.txt
2026-03-30,04:08:07,soil culture 2,-98.375,2026-03-30 04:08:07,20260805_soil_log.txt
2026-03-30,04:13:07,soil culture 2,-98.375,2026-03-30 04:13:07,20260805_soil_log.txt
2026-03-30,04:18:07,soil culture 2,-98.375,2026-03-30 04:18:07,20260805_soil_log.txt
2026-03-30,04:23:08,soil culture 2,-98.375,2026-03-30 04:23:08,20260805_soil_log.txt
2026-03-30,04:28:08,soil culture 2,-98.375,2026-03-30 04:28:08,20260805_soil_log.txt
2026-03-30,04:33:08,soil culture 2,-98.25,2026-03-30 04:33:08,20260805_soil_log.txt
2026-03-30,04:38:08,soil culture 2,-98.25,2026-03-30 04:38:08,20260805_soil_log.txt
2026-03-30,04:43:08,soil culture 2,-98.25,2026-03-30 04:43:08,20260805_soil_log.txt
2026-03-30,04:48:09,soil culture 2,-98.125,2026-03-30 04:48:09,20260805_soil_log.txt
2026-03-30,04:53:09,soil culture 2,-98.125,2026-03-30 04:53:09,20260805_soil_log.txt
2026-03-30,04:58:09,soil culture 2,-98.125,2026-03-30 04:58:09,20260805_soil_log.txt
2026-03-30,05:03:09,soil culture 2,-98.0,2026-03-30 05:03:09,20260805_soil_log.txt
2026-03-30,05:08:09,soil culture 2,-98.125,2026-03-30 05:08:09,20260805_soil_log.txt
2026-03-30,05:13:10,soil culture 2,-98.0,2026-03-30 05:13:10,20260805_soil_log.txt
2026-03-30,05:18:10,soil culture 2,-98.0,2026-03-30 05:18:10,20260805_soil_log.txt
2026-03-30,05:23:10,soil culture 2,-98.0,2026-03-30 05:23:10,20260805_soil_log.txt
2026-03-30,05:28:10,soil culture 2,-98.0,2026-03-30 05:28:10,20260805_soil_log.txt
2026-03-30,05:33:11,soil culture 2,-98.0,2026-03-30 05:33:11,20260805_soil_log.txt
2026-03-30,05:38:11,soil culture 2,-98.0,2026-03-30 05:38:11,20260805_soil_log.txt
2026-03-30,05:43:11,soil culture 2,-98.0,2026-03-30 05:43:11,20260805_soil_log.txt
2026-03-30,05:48:11,soil culture 2,-98.0,2026-03-30 05:48:11,20260805_soil_log.txt
2026-03-30,05:53:11,soil culture 2,-97.875,2026-03-30 05:53:11,20260805_soil_log.txt
2026-03-30,05:58:12,soil culture 2,-97.875,2026-03-30 05:58:12,20260805_soil_log.txt
2026-03-30,06:03:12,soil culture 2,-97.875,2026-03-30 06:03:12,20260805_soil_log.txt
2026-03-30,06:08:12,soil culture 2,-97.75,2026-03-30 06:08:12,20260805_soil_log.txt
2026-03-30,06:13:12,soil culture 2,-97.75,2026-03-30 06:13:12,20260805_soil_log.txt
2026-03-30,06:18:13,soil culture 2,-97.75,2026-03-30 06:18:13,20260805_soil_log.txt
2026-03-30,06:23:13,soil culture 2,-97.875,2026-03-30 06:23:13,20260805_soil_log.txt
2026-03-30,06:28:13,soil culture 2,-97.875,2026-03-30 06:28:13,20260805_soil_log.txt
2026-03-30,06:33:13,soil culture 2,-97.75,2026-03-30 06:33:13,20260805_soil_log.txt
2026-03-30,06:38:14,soil culture 2,-97.75,2026-03-30 06:38:14,20260805_soil_log.txt
2026-03-30,06:43:14,soil culture 2,-97.75,2026-03-30 06:43:14,20260805_soil_log.txt
2026-03-30,06:48:14,soil culture 2,-97.875,2026-03-30 06:48:14,20260805_soil_log.txt
2026-03-30,06:53:14,soil culture 2,-97.75,2026-03-30 06:53:14,20260805_soil_log.txt
2026-03-30,06:58:14,soil culture 2,-97.75,2026-03-30 06:58:14,20260805_soil_log.txt
2026-03-30,07:03:15,soil culture 2,-97.75,2026-03-30 07:03:15,20260805_soil_log.txt
2026-03-30,07:08:15,soil culture 2,-97.625,2026-03-30 07:08:15,20260805_soil_log.txt
2026-03-30,07:13:15,soil culture 2,-97.75,2026-03-30 07:13:15,20260805_soil_log.txt
2026-03-30,07:18:15,soil culture 2,-97.625,2026-03-30 07:18:15,20260805_soil_log.txt
2026-03-30,07:23:16,soil culture 2,-97.625,2026-03-30 07:23:16,20260805_soil_log.txt
2026-03-30,07:28:16,soil culture 2,-97.625,2026-03-30 07:28:16,20260805_soil_log.txt
2026-03-30,07:33:16,soil culture 2,-97.625,2026-03-30 07:33:16,20260805_soil_log.txt
2026-03-30,07:38:16,soil culture 2,-97.625,2026-03-30 07:38:16,20260805_soil_log.txt
2026-03-30,07:43:16,soil culture 2,-97.625,2026-03-30 07:43:16,20260805_soil_log.txt
2026-03-30,07:48:17,soil culture 2,-97.5,2026-03-30 07:48:17,20260805_soil_log.txt
2026-03-30,07:53:17,soil culture 2,-97.5,2026-03-30 07:53:17,20260805_soil_log.txt
2026-03-30,07:58:17,soil culture 2,-97.625,2026-03-30 07:58:17,20260805_soil_log.txt
2026-03-30,08:03:17,soil culture 2,-97.375,2026-03-30 08:03:17,20260805_soil_log.txt
2026-03-30,08:08:18,soil culture 2,-97.375,2026-03-30 08:08:18,20260805_soil_log.txt
2026-03-30,08:13:18,soil culture 2,-97.375,2026-03-30 08:13:18,20260805_soil_log.txt
2026-03-30,08:18:18,soil culture 2,-97.375,2026-03-30 08:18:18,20260805_soil_log.txt
2026-03-30,08:23:18,soil culture 2,-97.375,2026-03-30 08:23:18,20260805_soil_log.txt
2026-03-30,08:28:18,soil culture 2,-97.25,2026-03-30 08:28:18,20260805_soil_log.txt
2026-03-30,08:33:19,soil culture 2,-97.25,2026-03-30 08:33:19,20260805_soil_log.txt
2026-03-30,08:38:19,soil culture 2,-97.25,2026-03-30 08:38:19,20260805_soil_log.txt
2026-03-30,08:43:19,soil culture 2,-97.25,2026-03-30 08:43:19,20260805_soil_log.txt
2026-03-30,08:48:19,soil culture 2,-97.125,2026-03-30 08:48:19,20260805_soil_log.txt
2026-03-30,08:53:20,soil culture 2,-97.125,2026-03-30 08:53:20,20260805_soil_log.txt
2026-03-30,08:58:20,soil culture 2,-97.125,2026-03-30 08:58:20,20260805_soil_log.txt
2026-03-30,09:03:20,soil culture 2,-97.125,2026-03-30 09:03:20,20260805_soil_log.txt
2026-03-30,09:08:20,soil culture 2,-97.0,2026-03-30 09:08:20,20260805_soil_log.txt
2026-03-30,09:13:20,soil culture 2,-97.0,2026-03-30 09:13:20,20260805_soil_log.txt
2026-03-30,09:18:21,soil culture 2,-97.0,2026-03-30 09:18:21,20260805_soil_log.txt
2026-03-30,09:23:21,soil culture 2,-97.0,2026-03-30 09:23:21,20260805_soil_log.txt
2026-03-30,09:28:21,soil culture 2,-97.0,2026-03-30 09:28:21,20260805_soil_log.txt
2026-03-30,09:33:21,soil culture 2,-97.0,2026-03-30 09:33:21,20260805_soil_log.txt
2026-03-30,09:38:22,soil culture 2,-97.0,2026-03-30 09:38:22,20260805_soil_log.txt
2026-03-30,09:43:22,soil culture 2,-97.0,2026-03-30 09:43:22,20260805_soil_log.txt
2026-03-30,09:48:22,soil culture 2,-97.0,2026-03-30 09:48:22,20260805_soil_log.txt
2026-03-30,09:53:22,soil culture 2,-97.0,2026-03-30 09:53:22,20260805_soil_log.txt
2026-03-30,09:58:22,soil culture 2,-96.875,2026-03-30 09:58:22,20260805_soil_log.txt
2026-03-30,10:03:23,soil culture 2,-96.875,2026-03-30 10:03:23,20260805_soil_log.txt
2026-03-30,10:08:23,soil culture 2,-96.875,2026-03-30 10:08:23,20260805_soil_log.txt
2026-03-30,10:13:23,soil culture 2,-96.875,2026-03-30 10:13:23,20260805_soil_log.txt
2026-03-30,10:18:23,soil culture 2,-96.875,2026-03-30 10:18:23,20260805_soil_log.txt
2026-03-30,10:23:24,soil culture 2,-96.75,2026-03-30 10:23:24,20260805_soil_log.txt
2026-03-30,10:28:24,soil culture 2,-96.75,2026-03-30 10:28:24,20260805_soil_log.txt
2026-03-30,10:33:24,soil culture 2,-96.75,2026-03-30 10:33:24,20260805_soil_log.txt
2026-03-30,10:38:24,soil culture 2,-96.625,2026-03-30 10:38:24,20260805_soil_log.txt
2026-03-30,10:43:24,soil culture 2,-96.75,2026-03-30 10:43:24,20260805_soil_log.txt
2026-03-30,10:48:25,soil culture 2,-96.75,2026-03-30 10:48:25,20260805_soil_log.txt
2026-03-30,10:53:25,soil culture 2,-96.625,2026-03-30 10:53:25,20260805_soil_log.txt
2026-03-30,10:58:25,soil culture 2,-96.625,2026-03-30 10:58:25,20260805_soil_log.txt
2026-03-30,11:03:25,soil culture 2,-96.625,2026-03-30 11:03:25,20260805_soil_log.txt
2026-03-30,11:08:26,soil culture 2,-96.5,2026-03-30 11:08:26,20260805_soil_log.txt
2026-03-30,11:13:26,soil culture 2,-96.5,2026-03-30 11:13:26,20260805_soil_log.txt
2026-03-30,11:18:26,soil culture 2,-96.5,2026-03-30 11:18:26,20260805_soil_log.txt
2026-03-30,11:23:26,soil culture 2,-96.5,2026-03-30 11:23:26,20260805_soil_log.txt
2026-03-30,11:28:26,soil culture 2,-96.5,2026-03-30 11:28:26,20260805_soil_log.txt
2026-03-30,11:33:27,soil culture 2,-96.5,2026-03-30 11:33:27,20260805_soil_log.txt
2026-03-30,11:38:27,soil culture 2,-96.5,2026-03-30 11:38:27,20260805_soil_log.txt
2026-03-30,11:43:27,soil culture 2,-96.375,2026-03-30 11:43:27,20260805_soil_log.txt
2026-03-30,11:48:27,soil culture 2,-96.375,2026-03-30 11:48:27,20260805_soil_log.txt
2026-03-30,11:53:28,soil culture 2,-96.375,2026-03-30 11:53:28,20260805_soil_log.txt
2026-03-30,11:58:28,soil culture 2,-96.25,2026-03-30 11:58:28,20260805_soil_log.txt
2026-03-30,12:03:28,soil culture 2,-96.375,2026-03-30 12:03:28,20260805_soil_log.txt
2026-03-30,12:08:28,soil culture 2,-96.25,2026-03-30 12:08:28,20260805_soil_log.txt
2026-03-30,12:13:28,soil culture 2,-96.25,2026-03-30 12:13:28,20260805_soil_log.txt
2026-03-30,12:18:29,soil culture 2,-96.25,2026-03-30 12:18:29,20260805_soil_log.txt
2026-03-30,12:23:29,soil culture 2,-96.25,2026-03-30 12:23:29,20260805_soil_log.txt
2026-03-30,12:28:29,soil culture 2,-96.25,2026-03-30 12:28:29,20260805_soil_log.txt
2026-03-30,12:33:29,soil culture 2,-96.25,2026-03-30 12:33:29,20260805_soil_log.txt
2026-03-30,12:38:29,soil culture 2,-96.25,2026-03-30 12:38:29,20260805_soil_log.txt
2026-03-30,12:43:30,soil culture 2,-96.25,2026-03-30 12:43:30,20260805_soil_log.txt
2026-03-30,12:48:30,soil culture 2,-96.375,2026-03-30 12:48:30,20260805_soil_log.txt
2026-03-30,12:53:30,soil culture 2,-96.25,2026-03-30 12:53:30,20260805_soil_log.txt
2026-03-30,12:58:30,soil culture 2,-96.25,2026-03-30 12:58:30,20260805_soil_log.txt
2026-03-30,13:03:30,soil culture 2,-96.25,2026-03-30 13:03:30,20260805_soil_log.txt
2026-03-30,13:08:31,soil culture 2,-96.25,2026-03-30 13:08:31,20260805_soil_log.txt
2026-03-30,13:13:31,soil culture 2,-96.25,2026-03-30 13:13:31,20260805_soil_log.txt
2026-03-30,13:18:31,soil culture 2,-96.25,2026-03-30 13:18:31,20260805_soil_log.txt
2026-03-30,13:23:31,soil culture 2,-96.125,2026-03-30 13:23:31,20260805_soil_log.txt
2026-03-30,13:28:31,soil culture 2,-96.125,2026-03-30 13:28:31,20260805_soil_log.txt
2026-03-30,13:33:32,soil culture 2,-96.125,2026-03-30 13:33:32,20260805_soil_log.txt
2026-03-30,13:38:32,soil culture 2,-96.125,2026-03-30 13:38:32,20260805_soil_log.txt
2026-03-30,13:43:32,soil culture 2,-96.125,2026-03-30 13:43:32,20260805_soil_log.txt
2026-03-30,13:48:32,soil culture 2,-96.125,2026-03-30 13:48:32,20260805_soil_log.txt
2026-03-30,13:53:33,soil culture 2,-96.0,2026-03-30 13:53:33,20260805_soil_log.txt
2026-03-30,13:58:33,soil culture 2,-96.0,2026-03-30 13:58:33,20260805_soil_log.txt
2026-03-30,14:03:33,soil culture 2,-96.0,2026-03-30 14:03:33,20260805_soil_log.txt
2026-03-30,14:08:33,soil culture 2,-96.0,2026-03-30 14:08:33,20260805_soil_log.txt
2026-03-30,14:13:33,soil culture 2,-95.875,2026-03-30 14:13:33,20260805_soil_log.txt
2026-03-30,14:18:34,soil culture 2,-95.875,2026-03-30 14:18:34,20260805_soil_log.txt
2026-03-30,14:23:34,soil culture 2,-95.875,2026-03-30 14:23:34,20260805_soil_log.txt
2026-03-30,14:28:34,soil culture 2,-95.75,2026-03-30 14:28:34,20260805_soil_log.txt
2026-03-30,14:33:34,soil culture 2,-95.875,2026-03-30 14:33:34,20260805_soil_log.txt
2026-03-30,14:38:34,soil culture 2,-95.875,2026-03-30 14:38:34,20260805_soil_log.txt
2026-03-30,14:43:35,soil culture 2,-95.75,2026-03-30 14:43:35,20260805_soil_log.txt
2026-03-30,14:48:35,soil culture 2,-95.75,2026-03-30 14:48:35,20260805_soil_log.txt
2026-03-30,14:53:35,soil culture 2,-95.75,2026-03-30 14:53:35,20260805_soil_log.txt
2026-03-30,14:58:35,soil culture 2,-95.625,2026-03-30 14:58:35,20260805_soil_log.txt
2026-03-30,15:03:36,soil culture 2,-95.625,2026-03-30 15:03:36,20260805_soil_log.txt
2026-03-30,15:08:36,soil culture 2,-95.625,2026-03-30 15:08:36,20260805_soil_log.txt
2026-03-30,15:13:36,soil culture 2,-95.625,2026-03-30 15:13:36,20260805_soil_log.txt
2026-03-30,15:18:36,soil culture 2,-95.5,2026-03-30 15:18:36,20260805_soil_log.txt
2026-03-30,15:23:37,soil culture 2,-95.5,2026-03-30 15:23:37,20260805_soil_log.txt
2026-03-30,15:28:37,soil culture 2,-95.5,2026-03-30 15:28:37,20260805_soil_log.txt
2026-03-30,15:33:37,soil culture 2,-95.5,2026-03-30 15:33:37,20260805_soil_log.txt
2026-03-30,15:38:37,soil culture 2,-95.5,2026-03-30 15:38:37,20260805_soil_log.txt
2026-03-30,15:43:37,soil culture 2,-95.5,2026-03-30 15:43:37,20260805_soil_log.txt
2026-03-30,15:48:38,soil culture 2,-95.5,2026-03-30 15:48:38,20260805_soil_log.txt
2026-03-30,15:53:38,soil culture 2,-95.5,2026-03-30 15:53:38,20260805_soil_log.txt
2026-03-30,15:58:38,soil culture 2,-95.375,2026-03-30 15:58:38,20260805_soil_log.txt
2026-03-30,16:03:38,soil culture 2,-95.375,2026-03-30 16:03:38,20260805_soil_log.txt
2026-03-30,16:08:39,soil culture 2,-95.375,2026-03-30 16:08:39,20260805_soil_log.txt
2026-03-30,16:13:39,soil culture 2,-95.375,2026-03-30 16:13:39,20260805_soil_log.txt
2026-03-30,16:18:39,soil culture 2,-95.25,2026-03-30 16:18:39,20260805_soil_log.txt
2026-03-30,16:23:39,soil culture 2,-95.25,2026-03-30 16:23:39,20260805_soil_log.txt
2026-03-30,16:28:40,soil culture 2,-95.25,2026-03-30 16:28:40,20260805_soil_log.txt
2026-03-30,16:33:40,soil culture 2,-95.25,2026-03-30 16:33:40,20260805_soil_log.txt
2026-03-30,16:38:40,soil culture 2,-95.125,2026-03-30 16:38:40,20260805_soil_log.txt
2026-03-30,16:43:40,soil culture 2,-95.125,2026-03-30 16:43:40,20260805_soil_log.txt
2026-03-30,16:48:40,soil culture 2,-95.125,2026-03-30 16:48:40,20260805_soil_log.txt
2026-03-30,16:53:41,soil culture 2,-95.125,2026-03-30 16:53:41,20260805_soil_log.txt
2026-03-30,16:58:41,soil culture 2,-95.125,2026-03-30 16:58:41,20260805_soil_log.txt
2026-03-30,17:03:41,soil culture 2,-95.125,2026-03-30 17:03:41,20260805_soil_log.txt
2026-03-30,17:08:41,soil culture 2,-95.125,2026-03-30 17:08:41,20260805_soil_log.txt
2026-03-30,17:13:42,soil culture 2,-95.125,2026-03-30 17:13:42,20260805_soil_log.txt
2026-03-30,17:18:42,soil culture 2,-95.125,2026-03-30 17:18:42,20260805_soil_log.txt
2026-03-30,17:23:42,soil culture 2,-95.125,2026-03-30 17:23:42,20260805_soil_log.txt
2026-03-30,17:28:42,soil culture 2,-95.125,2026-03-30 17:28:42,20260805_soil_log.txt
2026-03-30,17:33:42,soil culture 2,-95.125,2026-03-30 17:33:42,20260805_soil_log.txt
2026-03-30,17:38:43,soil culture 2,-95.125,2026-03-30 17:38:43,20260805_soil_log.txt
2026-03-30,17:43:43,soil culture 2,-95.0,2026-03-30 17:43:43,20260805_soil_log.txt
2026-03-30,17:48:43,soil culture 2,-95.0,2026-03-30 17:48:43,20260805_soil_log.txt
2026-03-30,17:53:43,soil culture 2,-95.0,2026-03-30 17:53:43,20260805_soil_log.txt
2026-03-30,17:58:44,soil culture 2,-94.875,2026-03-30 17:58:44,20260805_soil_log.txt
2026-03-30,18:03:44,soil culture 2,-94.875,2026-03-30 18:03:44,20260805_soil_log.txt
2026-03-30,18:08:44,soil culture 2,-94.875,2026-03-30 18:08:44,20260805_soil_log.txt
2026-03-30,18:13:44,soil culture 2,-94.875,2026-03-30 18:13:44,20260805_soil_log.txt
2026-03-30,18:18:44,soil culture 2,-94.875,2026-03-30 18:18:44,20260805_soil_log.txt
2026-03-30,18:23:45,soil culture 2,-94.875,2026-03-30 18:23:45,20260805_soil_log.txt
2026-03-30,18:28:45,soil culture 2,-94.75,2026-03-30 18:28:45,20260805_soil_log.txt
2026-03-30,18:33:45,soil culture 2,-94.75,2026-03-30 18:33:45,20260805_soil_log.txt
2026-03-30,18:38:45,soil culture 2,-94.875,2026-03-30 18:38:45,20260805_soil_log.txt
2026-03-30,18:43:46,soil culture 2,-94.75,2026-03-30 18:43:46,20260805_soil_log.txt
2026-03-30,18:48:46,soil culture 2,-94.75,2026-03-30 18:48:46,20260805_soil_log.txt
2026-03-30,18:53:46,soil culture 2,-94.75,2026-03-30 18:53:46,20260805_soil_log.txt
2026-03-30,18:58:46,soil culture 2,-94.875,2026-03-30 18:58:46,20260805_soil_log.txt
2026-03-30,19:03:46,soil culture 2,-94.75,2026-03-30 19:03:46,20260805_soil_log.txt
2026-03-30,19:08:47,soil culture 2,-94.75,2026-03-30 19:08:47,20260805_soil_log.txt
2026-03-30,19:13:47,soil culture 2,-94.75,2026-03-30 19:13:47,20260805_soil_log.txt
2026-03-30,19:18:47,soil culture 2,-94.75,2026-03-30 19:18:47,20260805_soil_log.txt
2026-03-30,19:23:47,soil culture 2,-94.75,2026-03-30 19:23:47,20260805_soil_log.txt
2026-03-30,19:28:48,soil culture 2,-94.75,2026-03-30 19:28:48,20260805_soil_log.txt
2026-03-30,19:33:48,soil culture 2,-94.625,2026-03-30 19:33:48,20260805_soil_log.txt
2026-03-30,19:38:48,soil culture 2,-94.625,2026-03-30 19:38:48,20260805_soil_log.txt
2026-03-30,19:43:48,soil culture 2,-94.625,2026-03-30 19:43:48,20260805_soil_log.txt
2026-03-30,19:48:48,soil culture 2,-94.625,2026-03-30 19:48:48,20260805_soil_log.txt
2026-03-30,19:53:49,soil culture 2,-94.625,2026-03-30 19:53:49,20260805_soil_log.txt
2026-03-30,19:58:49,soil culture 2,-94.5,2026-03-30 19:58:49,20260805_soil_log.txt
2026-03-30,20:03:49,soil culture 2,-94.5,2026-03-30 20:03:49,20260805_soil_log.txt
2026-03-30,20:08:49,soil culture 2,-94.375,2026-03-30 20:08:49,20260805_soil_log.txt
2026-03-30,20:13:49,soil culture 2,-94.375,2026-03-30 20:13:49,20260805_soil_log.txt
2026-03-30,20:18:50,soil culture 2,-94.5,2026-03-30 20:18:50,20260805_soil_log.txt
2026-03-30,20:23:50,soil culture 2,-94.375,2026-03-30 20:23:50,20260805_soil_log.txt
2026-03-30,20:28:50,soil culture 2,-94.375,2026-03-30 20:28:50,20260805_soil_log.txt
2026-03-30,20:33:50,soil culture 2,-94.375,2026-03-30 20:33:50,20260805_soil_log.txt
2026-03-30,20:38:51,soil culture 2,-94.375,2026-03-30 20:38:51,20260805_soil_log.txt
2026-03-30,20:43:51,soil culture 2,-94.375,2026-03-30 20:43:51,20260805_soil_log.txt
2026-03-30,20:48:51,soil culture 2,-94.25,2026-03-30 20:48:51,20260805_soil_log.txt
2026-03-30,20:53:51,soil culture 2,-94.25,2026-03-30 20:53:51,20260805_soil_log.txt
2026-03-30,20:58:51,soil culture 2,-94.25,2026-03-30 20:58:51,20260805_soil_log.txt
2026-03-30,21:03:52,soil culture 2,-94.25,2026-03-30 21:03:52,20260805_soil_log.txt
2026-03-30,21:08:52,soil culture 2,-94.125,2026-03-30 21:08:52,20260805_soil_log.txt
2026-03-30,21:13:52,soil culture 2,-94.125,2026-03-30 21:13:52,20260805_soil_log.txt
2026-03-30,21:18:52,soil culture 2,-94.125,2026-03-30 21:18:52,20260805_soil_log.txt
2026-03-30,21:23:53,soil culture 2,-94.125,2026-03-30 21:23:53,20260805_soil_log.txt
2026-03-30,21:28:53,soil culture 2,-94.125,2026-03-30 21:28:53,20260805_soil_log.txt
2026-03-30,21:33:53,soil culture 2,-94.125,2026-03-30 21:33:53,20260805_soil_log.txt
2026-03-30,21:38:53,soil culture 2,-94.125,2026-03-30 21:38:53,20260805_soil_log.txt
2026-03-30,21:43:53,soil culture 2,-94.0,2026-03-30 21:43:53,20260805_soil_log.txt
2026-03-30,21:48:54,soil culture 2,-94.0,2026-03-30 21:48:54,20260805_soil_log.txt
2026-03-30,21:53:54,soil culture 2,-94.0,2026-03-30 21:53:54,20260805_soil_log.txt
2026-03-30,21:58:54,soil culture 2,-94.0,2026-03-30 21:58:54,20260805_soil_log.txt
2026-03-30,22:03:54,soil culture 2,-94.0,2026-03-30 22:03:54,20260805_soil_log.txt
2026-03-30,22:08:54,soil culture 2,-94.0,2026-03-30 22:08:54,20260805_soil_log.txt
2026-03-30,22:13:55,soil culture 2,-94.0,2026-03-30 22:13:55,20260805_soil_log.txt
2026-03-30,22:18:55,soil culture 2,-94.0,2026-03-30 22:18:55,20260805_soil_log.txt
2026-03-30,22:23:55,soil culture 2,-94.0,2026-03-30 22:23:55,20260805_soil_log.txt
2026-03-30,22:28:55,soil culture 2,-93.875,2026-03-30 22:28:55,20260805_soil_log.txt
2026-03-30,22:33:56,soil culture 2,-93.75,2026-03-30 22:33:56,20260805_soil_log.txt
2026-03-30,22:38:56,soil culture 2,-93.75,2026-03-30 22:38:56,20260805_soil_log.txt
2026-03-30,22:43:56,soil culture 2,-93.75,2026-03-30 22:43:56,20260805_soil_log.txt
2026-03-30,22:48:56,soil culture 2,-93.75,2026-03-30 22:48:56,20260805_soil_log.txt
2026-03-30,22:53:57,soil culture 2,-93.75,2026-03-30 22:53:57,20260805_soil_log.txt
2026-03-30,22:58:57,soil culture 2,-93.625,2026-03-30 22:58:57,20260805_soil_log.txt
2026-03-30,23:03:57,soil culture 2,-93.625,2026-03-30 23:03:57,20260805_soil_log.txt
2026-03-30,23:08:57,soil culture 2,-93.625,2026-03-30 23:08:57,20260805_soil_log.txt
2026-03-30,23:13:57,soil culture 2,-93.5,2026-03-30 23:13:57,20260805_soil_log.txt
2026-03-30,23:18:58,soil culture 2,-93.625,2026-03-30 23:18:58,20260805_soil_log.txt
2026-03-30,23:23:58,soil culture 2,-93.625,2026-03-30 23:23:58,20260805_soil_log.txt
2026-03-30,23:28:58,soil culture 2,-93.5,2026-03-30 23:28:58,20260805_soil_log.txt
2026-03-30,23:33:58,soil culture 2,-93.625,2026-03-30 23:33:58,20260805_soil_log.txt
2026-03-30,23:38:59,soil culture 2,-93.5,2026-03-30 23:38:59,20260805_soil_log.txt
2026-03-30,23:43:59,soil culture 2,-93.5,2026-03-30 23:43:59,20260805_soil_log.txt
2026-03-30,23:48:59,soil culture 2,-93.5,2026-03-30 23:48:59,20260805_soil_log.txt
2026-03-30,23:53:59,soil culture 2,-93.5,2026-03-30 23:53:59,20260805_soil_log.txt
2026-03-30,23:58:59,soil culture 2,-93.375,2026-03-30 23:58:59,20260805_soil_log.txt
2026-03-31,00:04:00,soil culture 2,-93.375,2026-03-31 00:04:00,20260805_soil_log.txt
2026-03-31,00:09:00,soil culture 2,-93.375,2026-03-31 00:09:00,20260805_soil_log.txt
2026-03-31,00:14:00,soil culture 2,-93.375,2026-03-31 00:14:00,20260805_soil_log.txt
2026-03-31,00:19:00,soil culture 2,-93.25,2026-03-31 00:19:00,20260805_soil_log.txt
2026-03-31,00:24:01,soil culture 2,-93.25,2026-03-31 00:24:01,20260805_soil_log.txt
2026-03-31,00:29:01,soil culture 2,-93.25,2026-03-31 00:29:01,20260805_soil_log.txt
2026-03-31,00:34:01,soil culture 2,-93.25,2026-03-31 00:34:01,20260805_soil_log.txt
2026-03-31,00:39:01,soil culture 2,-93.125,2026-03-31 00:39:01,20260805_soil_log.txt
2026-03-31,00:44:01,soil culture 2,-93.25,2026-03-31 00:44:01,20260805_soil_log.txt
2026-03-31,00:49:02,soil culture 2,-93.125,2026-03-31 00:49:02,20260805_soil_log.txt
2026-03-31,00:54:02,soil culture 2,-93.0,2026-03-31 00:54:02,20260805_soil_log.txt
2026-03-31,00:59:02,soil culture 2,-93.0,2026-03-31 00:59:02,20260805_soil_log.txt
2026-03-31,01:04:02,soil culture 2,-93.0,2026-03-31 01:04:02,20260805_soil_log.txt
2026-03-31,01:09:03,soil culture 2,-93.0,2026-03-31 01:09:03,20260805_soil_log.txt
2026-03-31,01:14:03,soil culture 2,-93.0,2026-03-31 01:14:03,20260805_soil_log.txt
2026-03-31,01:19:03,soil culture 2,-93.0,2026-03-31 01:19:03,20260805_soil_log.txt
2026-03-31,01:24:03,soil culture 2,-93.0,2026-03-31 01:24:03,20260805_soil_log.txt
2026-03-31,01:29:03,soil culture 2,-93.0,2026-03-31 01:29:03,20260805_soil_log.txt
2026-03-31,01:34:04,soil culture 2,-92.875,2026-03-31 01:34:04,20260805_soil_log.txt
2026-03-31,01:39:04,soil culture 2,-92.75,2026-03-31 01:39:04,20260805_soil_log.txt
2026-03-31,01:44:04,soil culture 2,-92.75,2026-03-31 01:44:04,20260805_soil_log.txt
2026-03-31,01:49:04,soil culture 2,-92.875,2026-03-31 01:49:04,20260805_soil_log.txt
2026-03-31,01:54:04,soil culture 2,-92.875,2026-03-31 01:54:04,20260805_soil_log.txt
2026-03-31,01:59:05,soil culture 2,-92.75,2026-03-31 01:59:05,20260805_soil_log.txt
2026-03-31,02:04:05,soil culture 2,-92.625,2026-03-31 02:04:05,20260805_soil_log.txt
2026-03-31,02:09:05,soil culture 2,-92.75,2026-03-31 02:09:05,20260805_soil_log.txt
2026-03-31,02:14:05,soil culture 2,-92.625,2026-03-31 02:14:05,20260805_soil_log.txt
2026-03-31,02:19:06,soil culture 2,-92.625,2026-03-31 02:19:06,20260805_soil_log.txt
2026-03-31,02:24:06,soil culture 2,-92.625,2026-03-31 02:24:06,20260805_soil_log.txt
2026-03-31,02:29:06,soil culture 2,-92.625,2026-03-31 02:29:06,20260805_soil_log.txt
2026-03-31,02:34:06,soil culture 2,-92.625,2026-03-31 02:34:06,20260805_soil_log.txt
2026-03-31,02:39:07,soil culture 2,-92.625,2026-03-31 02:39:07,20260805_soil_log.txt
2026-03-31,02:44:07,soil culture 2,-92.5,2026-03-31 02:44:07,20260805_soil_log.txt
2026-03-31,02:49:07,soil culture 2,-92.5,2026-03-31 02:49:07,20260805_soil_log.txt
2026-03-31,02:54:07,soil culture 2,-92.5,2026-03-31 02:54:07,20260805_soil_log.txt
2026-03-31,02:59:07,soil culture 2,-92.5,2026-03-31 02:59:07,20260805_soil_log.txt
2026-03-31,03:04:08,soil culture 2,-92.375,2026-03-31 03:04:08,20260805_soil_log.txt
2026-03-31,03:09:08,soil culture 2,-92.375,2026-03-31 03:09:08,20260805_soil_log.txt
2026-03-31,03:14:08,soil culture 2,-92.375,2026-03-31 03:14:08,20260805_soil_log.txt
2026-03-31,03:19:08,soil culture 2,-92.375,2026-03-31 03:19:08,20260805_soil_log.txt
2026-03-31,03:24:08,soil culture 2,-92.375,2026-03-31 03:24:08,20260805_soil_log.txt
2026-03-31,03:29:09,soil culture 2,-92.25,2026-03-31 03:29:09,20260805_soil_log.txt
2026-03-31,03:34:09,soil culture 2,-92.25,2026-03-31 03:34:09,20260805_soil_log.txt
2026-03-31,03:39:09,soil culture 2,-92.25,2026-03-31 03:39:09,20260805_soil_log.txt
2026-03-31,03:44:09,soil culture 2,-92.25,2026-03-31 03:44:09,20260805_soil_log.txt
2026-03-31,03:49:10,soil culture 2,-92.25,2026-03-31 03:49:10,20260805_soil_log.txt
2026-03-31,03:54:10,soil culture 2,-92.125,2026-03-31 03:54:10,20260805_soil_log.txt
2026-03-31,03:59:10,soil culture 2,-92.125,2026-03-31 03:59:10,20260805_soil_log.txt
2026-03-31,04:04:10,soil culture 2,-92.125,2026-03-31 04:04:10,20260805_soil_log.txt
2026-03-31,04:09:10,soil culture 2,-92.125,2026-03-31 04:09:10,20260805_soil_log.txt
2026-03-31,04:14:11,soil culture 2,-92.0,2026-03-31 04:14:11,20260805_soil_log.txt
2026-03-31,04:19:11,soil culture 2,-92.0,2026-03-31 04:19:11,20260805_soil_log.txt
2026-03-31,04:24:11,soil culture 2,-91.875,2026-03-31 04:24:11,20260805_soil_log.txt
2026-03-31,04:29:11,soil culture 2,-91.875,2026-03-31 04:29:11,20260805_soil_log.txt
2026-03-31,04:34:11,soil culture 2,-91.875,2026-03-31 04:34:11,20260805_soil_log.txt
2026-03-31,04:39:12,soil culture 2,-91.875,2026-03-31 04:39:12,20260805_soil_log.txt
2026-03-31,04:44:12,soil culture 2,-91.75,2026-03-31 04:44:12,20260805_soil_log.txt
2026-03-31,04:49:12,soil culture 2,-91.875,2026-03-31 04:49:12,20260805_soil_log.txt
2026-03-31,04:54:12,soil culture 2,-91.75,2026-03-31 04:54:12,20260805_soil_log.txt
2026-03-31,04:59:13,soil culture 2,-91.75,2026-03-31 04:59:13,20260805_soil_log.txt
2026-03-31,05:04:13,soil culture 2,-91.75,2026-03-31 05:04:13,20260805_soil_log.txt
2026-03-31,05:09:13,soil culture 2,-91.625,2026-03-31 05:09:13,20260805_soil_log.txt
2026-03-31,05:14:13,soil culture 2,-91.5,2026-03-31 05:14:13,20260805_soil_log.txt
2026-03-31,05:19:13,soil culture 2,-91.625,2026-03-31 05:19:13,20260805_soil_log.txt
2026-03-31,05:24:14,soil culture 2,-91.625,2026-03-31 05:24:14,20260805_soil_log.txt
2026-03-31,05:29:14,soil culture 2,-91.5,2026-03-31 05:29:14,20260805_soil_log.txt
2026-03-31,05:34:14,soil culture 2,-91.5,2026-03-31 05:34:14,20260805_soil_log.txt
2026-03-31,05:39:14,soil culture 2,-91.375,2026-03-31 05:39:14,20260805_soil_log.txt
2026-03-31,05:44:15,soil culture 2,-91.375,2026-03-31 05:44:15,20260805_soil_log.txt
2026-03-31,05:49:15,soil culture 2,-91.375,2026-03-31 05:49:15,20260805_soil_log.txt
2026-03-31,05:54:15,soil culture 2,-91.375,2026-03-31 05:54:15,20260805_soil_log.txt
2026-03-31,05:59:15,soil culture 2,-91.375,2026-03-31 05:59:15,20260805_soil_log.txt
2026-03-31,06:04:15,soil culture 2,-91.375,2026-03-31 06:04:15,20260805_soil_log.txt
2026-03-31,06:09:15,soil culture 2,-91.375,2026-03-31 06:09:15,20260805_soil_log.txt
2026-03-31,06:14:16,soil culture 2,-91.25,2026-03-31 06:14:16,20260805_soil_log.txt
2026-03-31,06:19:16,soil culture 2,-91.25,2026-03-31 06:19:16,20260805_soil_log.txt
2026-03-31,06:24:16,soil culture 2,-91.125,2026-03-31 06:24:16,20260805_soil_log.txt
2026-03-31,06:29:16,soil culture 2,-91.25,2026-03-31 06:29:16,20260805_soil_log.txt
2026-03-31,06:34:17,soil culture 2,-91.25,2026-03-31 06:34:17,20260805_soil_log.txt
2026-03-31,06:39:17,soil culture 2,-91.125,2026-03-31 06:39:17,20260805_soil_log.txt
2026-03-31,06:44:17,soil culture 2,-91.125,2026-03-31 06:44:17,20260805_soil_log.txt
2026-03-31,06:49:17,soil culture 2,-91.125,2026-03-31 06:49:17,20260805_soil_log.txt
2026-03-31,06:54:18,soil culture 2,-91.125,2026-03-31 06:54:18,20260805_soil_log.txt
2026-03-31,06:59:18,soil culture 2,-91.125,2026-03-31 06:59:18,20260805_soil_log.txt
2026-03-31,07:04:18,soil culture 2,-91.125,2026-03-31 07:04:18,20260805_soil_log.txt
2026-03-31,07:09:18,soil culture 2,-91.125,2026-03-31 07:09:18,20260805_soil_log.txt
2026-03-31,07:14:18,soil culture 2,-91.0,2026-03-31 07:14:18,20260805_soil_log.txt
2026-03-31,07:19:19,soil culture 2,-91.0,2026-03-31 07:19:19,20260805_soil_log.txt
2026-03-31,07:24:19,soil culture 2,-91.0,2026-03-31 07:24:19,20260805_soil_log.txt
2026-03-31,07:29:19,soil culture 2,-91.0,2026-03-31 07:29:19,20260805_soil_log.txt
2026-03-31,07:34:19,soil culture 2,-91.0,2026-03-31 07:34:19,20260805_soil_log.txt
2026-03-31,07:39:19,soil culture 2,-91.0,2026-03-31 07:39:19,20260805_soil_log.txt
2026-03-31,07:44:20,soil culture 2,-91.0,2026-03-31 07:44:20,20260805_soil_log.txt
2026-03-31,07:49:20,soil culture 2,-91.0,2026-03-31 07:49:20,20260805_soil_log.txt
2026-03-31,07:54:20,soil culture 2,-90.875,2026-03-31 07:54:20,20260805_soil_log.txt
2026-03-31,07:59:20,soil culture 2,-91.0,2026-03-31 07:59:20,20260805_soil_log.txt
2026-03-31,08:04:20,soil culture 2,-90.875,2026-03-31 08:04:20,20260805_soil_log.txt
2026-03-31,08:09:21,soil culture 2,-90.875,2026-03-31 08:09:21,20260805_soil_log.txt
2026-03-31,08:14:21,soil culture 2,-90.875,2026-03-31 08:14:21,20260805_soil_log.txt
2026-03-31,08:19:21,soil culture 2,-90.75,2026-03-31 08:19:21,20260805_soil_log.txt
2026-03-31,08:24:21,soil culture 2,-90.75,2026-03-31 08:24:21,20260805_soil_log.txt
2026-03-31,08:29:22,soil culture 2,-90.75,2026-03-31 08:29:22,20260805_soil_log.txt
2026-03-31,08:34:22,soil culture 2,-90.625,2026-03-31 08:34:22,20260805_soil_log.txt
2026-03-31,08:39:22,soil culture 2,-90.625,2026-03-31 08:39:22,20260805_soil_log.txt
2026-03-31,08:44:22,soil culture 2,-90.625,2026-03-31 08:44:22,20260805_soil_log.txt
2026-03-31,08:49:23,soil culture 2,-90.625,2026-03-31 08:49:23,20260805_soil_log.txt
2026-03-31,08:54:23,soil culture 2,-90.625,2026-03-31 08:54:23,20260805_soil_log.txt
2026-03-31,08:59:23,soil culture 2,-90.5,2026-03-31 08:59:23,20260805_soil_log.txt
2026-03-31,09:04:23,soil culture 2,-90.5,2026-03-31 09:04:23,20260805_soil_log.txt
2026-03-31,09:09:24,soil culture 2,-90.5,2026-03-31 09:09:24,20260805_soil_log.txt
2026-03-31,09:14:24,soil culture 2,-90.5,2026-03-31 09:14:24,20260805_soil_log.txt
2026-03-31,09:19:24,soil culture 2,-90.5,2026-03-31 09:19:24,20260805_soil_log.txt
2026-03-31,09:24:24,soil culture 2,-90.5,2026-03-31 09:24:24,20260805_soil_log.txt
2026-03-31,09:29:24,soil culture 2,-90.5,2026-03-31 09:29:24,20260805_soil_log.txt
2026-03-31,09:34:25,soil culture 2,-90.375,2026-03-31 09:34:25,20260805_soil_log.txt
2026-03-31,09:39:25,soil culture 2,-90.375,2026-03-31 09:39:25,20260805_soil_log.txt
2026-03-31,09:44:25,soil culture 2,-90.5,2026-03-31 09:44:25,20260805_soil_log.txt
2026-03-31,09:49:25,soil culture 2,-90.375,2026-03-31 09:49:25,20260805_soil_log.txt
2026-03-31,09:54:26,soil culture 2,-90.375,2026-03-31 09:54:26,20260805_soil_log.txt
2026-03-31,09:59:26,soil culture 2,-90.375,2026-03-31 09:59:26,20260805_soil_log.txt
2026-03-31,10:04:26,soil culture 2,-90.25,2026-03-31 10:04:26,20260805_soil_log.txt
2026-03-31,10:09:26,soil culture 2,-90.25,2026-03-31 10:09:26,20260805_soil_log.txt
2026-03-31,10:14:26,soil culture 2,-90.125,2026-03-31 10:14:26,20260805_soil_log.txt
2026-03-31,10:19:27,soil culture 2,-90.125,2026-03-31 10:19:27,20260805_soil_log.txt
2026-03-31,10:24:27,soil culture 2,-90.125,2026-03-31 10:24:27,20260805_soil_log.txt
2026-03-31,10:29:27,soil culture 2,-90.125,2026-03-31 10:29:27,20260805_soil_log.txt
2026-03-31,10:34:27,soil culture 2,-90.125,2026-03-31 10:34:27,20260805_soil_log.txt
2026-03-31,10:39:28,soil culture 2,-90.0,2026-03-31 10:39:28,20260805_soil_log.txt
2026-03-31,10:44:28,soil culture 2,-90.125,2026-03-31 10:44:28,20260805_soil_log.txt
2026-03-31,10:49:28,soil culture 2,-90.0,2026-03-31 10:49:28,20260805_soil_log.txt
2026-03-31,10:54:28,soil culture 2,-90.0,2026-03-31 10:54:28,20260805_soil_log.txt
2026-03-31,10:59:28,soil culture 2,-90.0,2026-03-31 10:59:28,20260805_soil_log.txt
2026-03-31,11:04:29,soil culture 2,-90.0,2026-03-31 11:04:29,20260805_soil_log.txt
2026-03-31,11:09:29,soil culture 2,-90.0,2026-03-31 11:09:29,20260805_soil_log.txt
2026-03-31,11:14:29,soil culture 2,-90.0,2026-03-31 11:14:29,20260805_soil_log.txt
2026-03-31,11:19:29,soil culture 2,-90.0,2026-03-31 11:19:29,20260805_soil_log.txt
2026-03-31,11:24:30,soil culture 2,-89.875,2026-03-31 11:24:30,20260805_soil_log.txt
2026-03-31,11:29:30,soil culture 2,-90.0,2026-03-31 11:29:30,20260805_soil_log.txt
2026-03-31,11:34:30,soil culture 2,-89.875,2026-03-31 11:34:30,20260805_soil_log.txt
2026-03-31,11:39:30,soil culture 2,-89.875,2026-03-31 11:39:30,20260805_soil_log.txt
2026-03-31,11:44:30,soil culture 2,-89.875,2026-03-31 11:44:30,20260805_soil_log.txt
2026-03-31,11:49:31,soil culture 2,-89.875,2026-03-31 11:49:31,20260805_soil_log.txt
2026-03-31,11:54:31,soil culture 2,-89.75,2026-03-31 11:54:31,20260805_soil_log.txt
2026-03-31,11:59:31,soil culture 2,-89.875,2026-03-31 11:59:31,20260805_soil_log.txt
2026-03-31,12:04:31,soil culture 2,-89.875,2026-03-31 12:04:31,20260805_soil_log.txt
2026-03-31,12:09:32,soil culture 2,-89.75,2026-03-31 12:09:32,20260805_soil_log.txt
2026-03-31,12:14:32,soil culture 2,-89.75,2026-03-31 12:14:32,20260805_soil_log.txt
2026-03-31,12:19:32,soil culture 2,-89.75,2026-03-31 12:19:32,20260805_soil_log.txt
2026-03-31,12:24:32,soil culture 2,-89.75,2026-03-31 12:24:32,20260805_soil_log.txt
2026-03-31,12:29:32,soil culture 2,-89.625,2026-03-31 12:29:32,20260805_soil_log.txt
2026-03-31,12:34:33,soil culture 2,-89.75,2026-03-31 12:34:33,20260805_soil_log.txt
2026-03-31,12:39:33,soil culture 2,-89.625,2026-03-31 12:39:33,20260805_soil_log.txt
2026-03-31,12:44:33,soil culture 2,-89.625,2026-03-31 12:44:33,20260805_soil_log.txt
2026-03-31,12:49:33,soil culture 2,-89.625,2026-03-31 12:49:33,20260805_soil_log.txt
2026-03-31,12:54:34,soil culture 2,-89.5,2026-03-31 12:54:34,20260805_soil_log.txt
2026-03-31,12:59:34,soil culture 2,-89.5,2026-03-31 12:59:34,20260805_soil_log.txt
2026-03-31,13:04:34,soil culture 2,-89.5,2026-03-31 13:04:34,20260805_soil_log.txt
2026-03-31,13:09:34,soil culture 2,-89.5,2026-03-31 13:09:34,20260805_soil_log.txt
2026-03-31,13:14:34,soil culture 2,-89.5,2026-03-31 13:14:34,20260805_soil_log.txt
2026-03-31,13:19:35,soil culture 2,-89.5,2026-03-31 13:19:35,20260805_soil_log.txt
2026-03-31,13:24:35,soil culture 2,-89.375,2026-03-31 13:24:35,20260805_soil_log.txt
2026-03-31,13:29:35,soil culture 2,-89.375,2026-03-31 13:29:35,20260805_soil_log.txt
2026-03-31,13:34:35,soil culture 2,-89.375,2026-03-31 13:34:35,20260805_soil_log.txt
2026-03-31,13:39:36,soil culture 2,-89.375,2026-03-31 13:39:36,20260805_soil_log.txt
2026-03-31,13:44:36,soil culture 2,-89.375,2026-03-31 13:44:36,20260805_soil_log.txt
2026-03-31,13:49:36,soil culture 2,-89.25,2026-03-31 13:49:36,20260805_soil_log.txt
2026-03-31,13:54:36,soil culture 2,-89.25,2026-03-31 13:54:36,20260805_soil_log.txt
2026-03-31,13:59:37,soil culture 2,-89.25,2026-03-31 13:59:37,20260805_soil_log.txt
2026-03-31,14:04:37,soil culture 2,-89.25,2026-03-31 14:04:37,20260805_soil_log.txt
2026-03-31,14:09:37,soil culture 2,-89.25,2026-03-31 14:09:37,20260805_soil_log.txt
2026-03-31,14:14:37,soil culture 2,-89.125,2026-03-31 14:14:37,20260805_soil_log.txt
2026-03-31,14:19:37,soil culture 2,-89.125,2026-03-31 14:19:37,20260805_soil_log.txt
2026-03-31,14:24:38,soil culture 2,-89.25,2026-03-31 14:24:38,20260805_soil_log.txt
2026-03-31,14:29:38,soil culture 2,-89.25,2026-03-31 14:29:38,20260805_soil_log.txt
2026-03-31,14:34:38,soil culture 2,-89.25,2026-03-31 14:34:38,20260805_soil_log.txt
2026-03-31,14:39:38,soil culture 2,-89.125,2026-03-31 14:39:38,20260805_soil_log.txt
2026-03-31,14:44:38,soil culture 2,-89.125,2026-03-31 14:44:38,20260805_soil_log.txt
2026-03-31,14:49:39,soil culture 2,-89.125,2026-03-31 14:49:39,20260805_soil_log.txt
2026-03-31,14:54:39,soil culture 2,-89.125,2026-03-31 14:54:39,20260805_soil_log.txt
2026-03-31,14:59:39,soil culture 2,-89.125,2026-03-31 14:59:39,20260805_soil_log.txt
2026-03-31,15:04:39,soil culture 2,-89.125,2026-03-31 15:04:39,20260805_soil_log.txt
2026-03-31,15:09:40,soil culture 2,-89.125,2026-03-31 15:09:40,20260805_soil_log.txt
2026-03-31,15:14:40,soil culture 2,-89.125,2026-03-31 15:14:40,20260805_soil_log.txt
2026-03-31,15:19:40,soil culture 2,-89.0,2026-03-31 15:19:40,20260805_soil_log.txt
2026-03-31,15:24:40,soil culture 2,-89.0,2026-03-31 15:24:40,20260805_soil_log.txt
2026-03-31,15:29:40,soil culture 2,-89.0,2026-03-31 15:29:40,20260805_soil_log.txt
2026-03-31,15:34:41,soil culture 2,-89.0,2026-03-31 15:34:41,20260805_soil_log.txt
2026-03-31,15:39:41,soil culture 2,-89.0,2026-03-31 15:39:41,20260805_soil_log.txt
2026-03-31,15:44:41,soil culture 2,-88.875,2026-03-31 15:44:41,20260805_soil_log.txt
2026-03-31,15:49:41,soil culture 2,-88.875,2026-03-31 15:49:41,20260805_soil_log.txt
2026-03-31,15:54:42,soil culture 2,-88.875,2026-03-31 15:54:42,20260805_soil_log.txt
2026-03-31,15:59:42,soil culture 2,-88.875,2026-03-31 15:59:42,20260805_soil_log.txt
2026-03-31,16:04:42,soil culture 2,-88.875,2026-03-31 16:04:42,20260805_soil_log.txt
2026-03-31,16:09:42,soil culture 2,-88.875,2026-03-31 16:09:42,20260805_soil_log.txt
2026-03-31,16:14:43,soil culture 2,-88.875,2026-03-31 16:14:43,20260805_soil_log.txt
2026-03-31,16:19:43,soil culture 2,-88.75,2026-03-31 16:19:43,20260805_soil_log.txt
2026-03-31,16:24:43,soil culture 2,-88.75,2026-03-31 16:24:43,20260805_soil_log.txt
2026-03-31,16:29:43,soil culture 2,-88.75,2026-03-31 16:29:43,20260805_soil_log.txt
2026-03-31,16:34:44,soil culture 2,-88.75,2026-03-31 16:34:44,20260805_soil_log.txt
2026-03-31,16:39:44,soil culture 2,-88.75,2026-03-31 16:39:44,20260805_soil_log.txt
2026-03-31,16:44:44,soil culture 2,-88.75,2026-03-31 16:44:44,20260805_soil_log.txt
2026-03-31,16:49:44,soil culture 2,-88.75,2026-03-31 16:49:44,20260805_soil_log.txt
2026-03-31,16:54:44,soil culture 2,-88.625,2026-03-31 16:54:44,20260805_soil_log.txt
2026-03-31,16:59:45,soil culture 2,-88.625,2026-03-31 16:59:45,20260805_soil_log.txt
2026-03-31,17:04:45,soil culture 2,-88.75,2026-03-31 17:04:45,20260805_soil_log.txt
2026-03-31,17:09:45,soil culture 2,-88.625,2026-03-31 17:09:45,20260805_soil_log.txt
2026-03-31,17:14:45,soil culture 2,-88.625,2026-03-31 17:14:45,20260805_soil_log.txt
2026-03-31,17:19:46,soil culture 2,-88.625,2026-03-31 17:19:46,20260805_soil_log.txt
2026-03-31,17:24:46,soil culture 2,-88.625,2026-03-31 17:24:46,20260805_soil_log.txt
2026-03-31,17:29:46,soil culture 2,-88.625,2026-03-31 17:29:46,20260805_soil_log.txt
2026-03-31,17:34:46,soil culture 2,-88.625,2026-03-31 17:34:46,20260805_soil_log.txt
2026-03-31,17:39:46,soil culture 2,-88.5,2026-03-31 17:39:46,20260805_soil_log.txt
